"file","source_pdf","source_page","xref","pixel_width","pixel_height","aspect","page_rects","sha256"
"D01448673_tang_ceiling_pattern_p041_i01_x751_374x58.png","D01448673_tang_ceiling_pattern.pdf","41","751","374","58","6.4483","Rect(299.5199890136719, 99.12000274658203, 481.0799865722656, 127.68000030517578)","70be0ad0d0cd425ad67567289bc3df8b0c279303a9b490a9d25439ce91c2def5"
"D01448673_tang_ceiling_pattern_p041_i02_x752_411x36.png","D01448673_tang_ceiling_pattern.pdf","41","752","411","36","11.4167","Rect(299.5199890136719, 153.0, 479.5199890136719, 168.83999633789062)","41b110b12c43abdf1eb8d3870f5ca7537fc99f2cd419d42cc7475569f98d8518"
"D01448673_tang_ceiling_pattern_p043_i00_x767_657x118.png","D01448673_tang_ceiling_pattern.pdf","43","767","657","118","5.5678","Rect(120.5999984741211, 174.59999084472656, 280.55999755859375, 203.39999389648438)","f35e97884803408754c3a34d3b5d11c371498530400908571bfd3b6aa47dd64f"
"D01448673_tang_ceiling_pattern_p043_i01_x768_878x99.png","D01448673_tang_ceiling_pattern.pdf","43","768","878","99","8.8687","Rect(120.72000122070312, 228.47999572753906, 279.47998046875, 246.36000061035156)","581fcf4aac08211d3b17166d2d63c4b069352b29136411e4ec505739528cb443"
"D01448673_tang_ceiling_pattern_p043_i02_x769_320x62.png","D01448673_tang_ceiling_pattern.pdf","43","769","320","62","5.1613","Rect(320.1600036621094, 174.60000610351562, 466.67999267578125, 203.27999877929688)","5ef681279ecd7671fb3a541aa5d8f613f15a30b636aefa9eb5a8cd97f367896b"
"D01448673_tang_ceiling_pattern_p043_i03_x770_447x84.png","D01448673_tang_ceiling_pattern.pdf","43","770","447","84","5.3214","Rect(320.1600036621094, 223.1999969482422, 466.44000244140625, 250.67999267578125)","489af8a4a20b4d3ec097cb0c544a1e22118ab37c8fd96786c900bf24f9e2db84"
"D01448673_tang_ceiling_pattern_p043_i04_x772_336x35.png","D01448673_tang_ceiling_pattern.pdf","43","772","336","35","9.6","Rect(196.55999755859375, 561.0, 390.7200012207031, 581.1599731445312)","a785ffdca25518684da9fc77cb5463f082eb8b1d4f18c09d7824b53893fe6a63"
"D01448673_tang_ceiling_pattern_p043_i05_x773_454x38.png","D01448673_tang_ceiling_pattern.pdf","43","773","454","38","11.9474","Rect(197.39999389648438, 595.6799926757812, 389.5199890136719, 611.760009765625)","a37dbaebb91979b5593cdf81c45f1cc50ab7b1c9758eda72f24ecec324c6ad29"
"D01448673_tang_ceiling_pattern_p043_i06_x774_658x52.png","D01448673_tang_ceiling_pattern.pdf","43","774","658","52","12.6538","Rect(196.55999755859375, 628.0800170898438, 390.1199951171875, 643.4400024414062)","db7c6dc4baccc8d28801de370bcebb01bc1cec47b9177af55ddb202358576fa5"
"D01448673_tang_ceiling_pattern_p044_i00_x767_657x118.png","D01448673_tang_ceiling_pattern.pdf","44","767","657","118","5.5678","Rect(191.39999389648438, 612.3599853515625, 396.8399963378906, 649.3200073242188)","f35e97884803408754c3a34d3b5d11c371498530400908571bfd3b6aa47dd64f"
"D01448673_tang_ceiling_pattern_p044_i01_x785_196x38.png","D01448673_tang_ceiling_pattern.pdf","44","785","196","38","5.1579","Rect(195.83999633789062, 90.0, 391.20001220703125, 127.91999816894531)","c7c4d505c5063e06520a3d74e8492f97c9a900ca766209ee185ebbc2cf6c83b3"
"D01448673_tang_ceiling_pattern_p044_i02_x786_270x35.png","D01448673_tang_ceiling_pattern.pdf","44","786","270","35","7.7143","Rect(194.39999389648438, 136.32000732421875, 392.3999938964844, 162.0)","95e070909bc64780485fc1fa2bcbe05bfb3acc9eb981c14d41b5f14763899296"
"D01448673_tang_ceiling_pattern_p044_i03_x787_574x70.png","D01448673_tang_ceiling_pattern.pdf","44","787","574","70","8.2","Rect(195.83999633789062, 170.27999877929688, 391.44000244140625, 194.0399932861328)","a6a04a137e810b635f805a0582825a9f9643a1dbd97e7123de79099fb42ad639"
"D01448673_tang_ceiling_pattern_p044_i04_x788_533x59.png","D01448673_tang_ceiling_pattern.pdf","44","788","533","59","9.0339","Rect(195.1199951171875, 203.40000915527344, 392.2799987792969, 225.24000549316406)","28268b42b116ee67f4eeb4a060d0c97f4bc60ff964901d6b804add0f60bc160c"
"D01448673_tang_ceiling_pattern_p044_i06_x790_594x80.png","D01448673_tang_ceiling_pattern.pdf","44","790","594","80","7.425","Rect(196.55999755859375, 265.91998291015625, 390.3599853515625, 292.0799865722656)","4d6b03ddd037a1b4e27aab22c37e0a9bae438c84c6a7ab56e82a43b78b84487d"
"D01448673_tang_ceiling_pattern_p044_i07_x791_594x68.png","D01448673_tang_ceiling_pattern.pdf","44","791","594","68","8.7353","Rect(196.55999755859375, 300.5999755859375, 391.08001708984375, 322.79998779296875)","f65728c6849f4880b2424e4bc947536fe9f8296c7dc692e852e80ca1dc327cf4"
"D01448673_tang_ceiling_pattern_p044_i08_x792_424x39.png","D01448673_tang_ceiling_pattern.pdf","44","792","424","39","10.8718","Rect(195.1199951171875, 334.55999755859375, 391.91998291015625, 352.55999755859375)","4981bf16e88e292de56ca3fce22b4b8470a1eb262540472743c0578851741126"
"D01448673_tang_ceiling_pattern_p044_i09_x793_598x41.png","D01448673_tang_ceiling_pattern.pdf","44","793","598","41","14.5854","Rect(195.83999633789062, 363.6000061035156, 391.55999755859375, 377.1600036621094)","700afd1ce2281ebd0f86ca610fe819ca0f10bd3fe63817a1aca1ad3d2320d8e4"
"D01448673_tang_ceiling_pattern_p044_i10_x794_556x86.png","D01448673_tang_ceiling_pattern.pdf","44","794","556","86","6.4651","Rect(196.55999755859375, 384.0, 390.8399963378906, 414.0)","6afc5334198d0d29f18d36d687d6736e9245f41097a14e8ecba18d63f5024723"
"D01448673_tang_ceiling_pattern_p044_i11_x795_591x52.png","D01448673_tang_ceiling_pattern.pdf","44","795","591","52","11.3654","Rect(197.39999389648438, 424.91998291015625, 390.8399963378906, 441.9599914550781)","0927cac2f37d5776ec1cb89f1c901591c6a4ebe2634a8b264bbcbb65989d6d5f"
"D01448673_tang_ceiling_pattern_p044_i12_x796_391x63.png","D01448673_tang_ceiling_pattern.pdf","44","796","391","63","6.2063","Rect(196.55999755859375, 453.0, 391.20001220703125, 484.32000732421875)","b0f3a7e6373e24f97581e43afae8fc3b08063e7ef23006952aeab0e9730a5e89"
"D01448673_tang_ceiling_pattern_p044_i13_x797_602x44.png","D01448673_tang_ceiling_pattern.pdf","44","797","602","44","13.6818","Rect(198.1199951171875, 491.03997802734375, 390.1199951171875, 505.0799865722656)","bb88e767eb327da10e5eb2af5af12932096785e9aa14417fbd6100bd445ca915"
"D01448673_tang_ceiling_pattern_p044_i14_x798_599x76.png","D01448673_tang_ceiling_pattern.pdf","44","798","599","76","7.8816","Rect(195.83999633789062, 513.2400512695312, 391.79998779296875, 537.9600219726562)","fd29cfcb26c11a1207c798cb3ba78cd91dc0e86668d0fd21390305103c40f4c4"
"D01448673_tang_ceiling_pattern_p044_i15_x799_581x72.png","D01448673_tang_ceiling_pattern.pdf","44","799","581","72","8.0694","Rect(195.83999633789062, 545.6400146484375, 391.44000244140625, 569.8800048828125)","2295bfd5173dd6f6bc70ccbbb9b14622fcb66e7432bc0b685bc46455c9ff909e"
"D01448673_tang_ceiling_pattern_p044_i16_x800_604x78.png","D01448673_tang_ceiling_pattern.pdf","44","800","604","78","7.7436","Rect(195.1199951171875, 578.0399780273438, 392.8800048828125, 603.5999755859375)","859cb1981c45295bb833d1619a1ffbf863df447792259ec4fa0e78eb32d5b8fc"
"D01448673_tang_ceiling_pattern_p052_i07_x878_434x53.png","D01448673_tang_ceiling_pattern.pdf","52","878","434","53","8.1887","Rect(198.83999633789062, 539.760009765625, 416.03997802734375, 566.280029296875)","2b3180b5d8e15c82e9f694442866a293143f3993ed4b012d5e1a76011f17b4c2"
"D01448673_tang_ceiling_pattern_p052_i08_x879_414x56.png","D01448673_tang_ceiling_pattern.pdf","52","879","414","56","7.3929","Rect(198.83999633789062, 573.8399658203125, 415.91998291015625, 603.239990234375)","f9667a630fb983c52378044f2c13fbfad783196d121477c611f8fe7f9636c206"
"D01448673_tang_ceiling_pattern_p052_i09_x880_346x42.png","D01448673_tang_ceiling_pattern.pdf","52","880","346","42","8.2381","Rect(197.27999877929688, 610.9199829101562, 417.47998046875, 637.6799926757812)","98b6e2a00e8bdb640780e75307dc5f6f3f8ca0c9598b016743ae41f1fc3dfba6"
"D01448673_tang_ceiling_pattern_p052_i10_x881_311x33.png","D01448673_tang_ceiling_pattern.pdf","52","881","311","33","9.4242","Rect(197.27999877929688, 648.0, 416.6400146484375, 671.280029296875)","387e96a485f08950aef704df421a76bc4e1de22bb62a527afa620a3721be545e"
"D01448673_tang_ceiling_pattern_p052_i11_x882_677x86.png","D01448673_tang_ceiling_pattern.pdf","52","882","677","86","7.8721","Rect(196.55999755859375, 681.3599853515625, 417.9599914550781, 709.3200073242188)","274030da48f24b6c1343d07aea5dfe3d4628f83e1ffa5d7ad85ef4ddd71d99e2"
"D01448673_tang_ceiling_pattern_p053_i00_x887_397x46.png","D01448673_tang_ceiling_pattern.pdf","53","887","397","46","8.6304","Rect(196.55999755859375, 89.63999938964844, 417.1199951171875, 115.19999694824219)","7dc9dac063c537bb6d16e037315a4ecf6537477106c49131d7b48792b72c435a"
"D01448673_tang_ceiling_pattern_p053_i01_x888_364x49.png","D01448673_tang_ceiling_pattern.pdf","53","888","364","49","7.4286","Rect(195.83999633789062, 123.72000122070312, 418.79998779296875, 153.72000122070312)","69400157aee7a9e47ba2be2a1b8b6e5a9e5bed936da22d99c2c81b65f9271d3b"
"D01448673_tang_ceiling_pattern_p053_i02_x889_668x70.png","D01448673_tang_ceiling_pattern.pdf","53","889","668","70","9.5429","Rect(198.0, 162.36000061035156, 416.52001953125, 185.27999877929688)","fd7502a6f1339b84196ebbee4a669d96b9fb01093db81cb2aa8b7b5f01cbff99"
"D01448673_tang_ceiling_pattern_p053_i04_x891_492x72.png","D01448673_tang_ceiling_pattern.pdf","53","891","492","72","6.8333","Rect(200.27999877929688, 229.8000030517578, 413.6400146484375, 261.0)","09ea6d9b7ddd0173f94afdcbbf39d052a93a834db14ea2a92dfb0c257d238f2b"
"D01448673_tang_ceiling_pattern_p053_i05_x892_406x89.png","D01448673_tang_ceiling_pattern.pdf","53","892","406","89","4.5618","Rect(201.0, 273.239990234375, 413.760009765625, 319.79998779296875)","89ee86e2c1769384e3bff9df86bee86fe3c0c35ea0d1062d34117dd04473b08e"
"D01448673_tang_ceiling_pattern_p053_i06_x893_650x72.png","D01448673_tang_ceiling_pattern.pdf","53","893","650","72","9.0278","Rect(199.55999755859375, 336.8399963378906, 415.55999755859375, 360.7200012207031)","adafe37d1fd1e4e70457d6cb28e126f685dc1705778aa158086ddda092a769ae"
"D01448673_tang_ceiling_pattern_p053_i07_x894_414x46.png","D01448673_tang_ceiling_pattern.pdf","53","894","414","46","9.0","Rect(198.0, 371.6400146484375, 416.03997802734375, 395.8800048828125)","dde5563f122d585a1d03d0ff07bd8d08fdc5c1135dae5e7b23c543e052b35d1a"
"D01448673_tang_ceiling_pattern_p053_i08_x895_473x49.png","D01448673_tang_ceiling_pattern.pdf","53","895","473","49","9.6531","Rect(199.55999755859375, 408.7200012207031, 414.5999755859375, 430.9200134277344)","31e980fdd1c894c441932af2b4c38d4a0d74c0d8b1b2103d41260aeece3671a8"
"D01448673_tang_ceiling_pattern_p053_i09_x896_658x66.png","D01448673_tang_ceiling_pattern.pdf","53","896","658","66","9.9697","Rect(199.55999755859375, 444.3599853515625, 414.7200012207031, 466.0799865722656)","af2c7a311c43587a06e614dfcddfcc3bcb220f2d8bf8aa13d44e07cbe3616ec8"
"D01448673_tang_ceiling_pattern_p053_i10_x897_334x33.png","D01448673_tang_ceiling_pattern.pdf","53","897","334","33","10.1212","Rect(200.27999877929688, 480.0, 414.47998046875, 501.239990234375)","e31545e2b2bfc4e750dc0d77abe4efd8a89ab58d1f3bae8d68bd718748f917e7"
"D01448673_tang_ceiling_pattern_p053_i11_x898_615x53.png","D01448673_tang_ceiling_pattern.pdf","53","898","615","53","11.6038","Rect(200.27999877929688, 517.0799560546875, 414.7200012207031, 536.0399780273438)","21c41fbd6bff27ead67867fb1c230ab58227da6d675b61f55876270229e24203"
"D01448673_tang_ceiling_pattern_p053_i12_x899_719x82.png","D01448673_tang_ceiling_pattern.pdf","53","899","719","82","8.7683","Rect(200.27999877929688, 549.6000366210938, 414.0, 573.9600219726562)","945bd89cf0e3db6fe3c02b521e2382020beb3c31c7e091d41a0a69d641c30e6a"
"D01448673_tang_ceiling_pattern_p053_i13_x900_436x69.png","D01448673_tang_ceiling_pattern.pdf","53","900","436","69","6.3188","Rect(200.27999877929688, 588.719970703125, 413.8800048828125, 622.43994140625)","afc6768eeabeedd5387eb2d71867ab41f8e9499220aefa6700c514670a715c77"
"D01448673_tang_ceiling_pattern_p053_i14_x901_669x87.png","D01448673_tang_ceiling_pattern.pdf","53","901","669","87","7.6897","Rect(195.83999633789062, 635.6400146484375, 417.9599914550781, 664.5599975585938)","094397ea70d099a54bdb4a31e89be1cb05ca8289f6d7f51bfc13d6fdd87a1c61"
"D01448673_tang_ceiling_pattern_p053_i15_x902_734x101.png","D01448673_tang_ceiling_pattern.pdf","53","902","734","101","7.2673","Rect(198.0, 675.3599853515625, 416.1600036621094, 705.3599853515625)","0bfa3ca65eb96507961feb272c825aeb6c4b636fe5168689e4fe79635a80b87c"
"D01448673_tang_ceiling_pattern_p053_i16_x903_764x114.png","D01448673_tang_ceiling_pattern.pdf","53","903","764","114","6.7018","Rect(199.55999755859375, 720.3600463867188, 414.1199951171875, 752.4000244140625)","885cf025610737b30bb7c2186336d13a03a386edde8e79daac0c413dbc0020c2"
"D01448673_tang_ceiling_pattern_p054_i00_x906_486x77.png","D01448673_tang_ceiling_pattern.pdf","54","906","486","77","6.3117","Rect(198.0, 93.83999633789062, 415.79998779296875, 128.39999389648438)","690bbaa927407c370fc2192f592126a82ecaf6de5a0212bbf02f62c706e40765"
"D01448673_tang_ceiling_pattern_p054_i01_x907_769x87.png","D01448673_tang_ceiling_pattern.pdf","54","907","769","87","8.8391","Rect(198.0, 141.95999145507812, 416.760009765625, 166.67999267578125)","7059d252965d78fff67564d98f58d41b1989a1baad2c456766e75d228af7dd52"
"D01448673_tang_ceiling_pattern_p054_i02_x908_744x131.png","D01448673_tang_ceiling_pattern.pdf","54","908","744","131","5.6794","Rect(196.55999755859375, 178.67999267578125, 418.32000732421875, 217.67999267578125)","68f10f2347a533bdf98d3b0c9e155f4012624e1e1a65f62c67afd00106385455"
"D01448673_tang_ceiling_pattern_p054_i03_x909_731x97.png","D01448673_tang_ceiling_pattern.pdf","54","909","731","97","7.5361","Rect(197.27999877929688, 226.79998779296875, 416.760009765625, 255.83999633789062)","08792b2e3c5d2fcca37c93233908f6bdfa81b7f9e01fbfb7b59277ffd90165c9"
"D01448673_tang_ceiling_pattern_p065_i01_x1012_517x39.png","D01448673_tang_ceiling_pattern.pdf","65","1012","517","39","13.2564","Rect(225.72000122070312, 146.52000427246094, 394.79998779296875, 159.36000061035156)","ce3dceb3da2dbdd0f77fc12dc8ad173cb0a6900198ba49002a1ae4c6c5920086"
"D01448673_tang_ceiling_pattern_p065_i02_x1013_343x27.png","D01448673_tang_ceiling_pattern.pdf","65","1013","343","27","12.7037","Rect(224.27999877929688, 167.52000427246094, 396.239990234375, 181.0800018310547)","b8b85db619ce88a5d4980c45f6e136702eeea7d3707dbe36b781ab58fb5e224e"
"D01448673_tang_ceiling_pattern_p065_i03_x1014_512x55.png","D01448673_tang_ceiling_pattern.pdf","65","1014","512","55","9.3091","Rect(225.0, 192.60000610351562, 394.67999267578125, 210.9600067138672)","b5a28a5dc7e605429627e2fdaf865f30f82d90389710238231df4f7630d7dea1"
"D01448673_tang_ceiling_pattern_p065_i04_x1015_356x34.png","D01448673_tang_ceiling_pattern.pdf","65","1015","356","34","10.4706","Rect(225.0, 226.44000244140625, 395.8800048828125, 242.760009765625)","5936d22a36e2b0750a0919fd9235f7d0491b4c03433f7140895840c9add92e1f"
"D01448673_tang_ceiling_pattern_p065_i05_x1016_527x66.png","D01448673_tang_ceiling_pattern.pdf","65","1016","527","66","7.9848","Rect(225.72000122070312, 255.83999633789062, 394.79998779296875, 276.9599914550781)","b7f728278735eab0bfe0dc7a6f1951db09adae73e9ea1d3d63b7ed7b7bae0c4d"
"D01448673_tang_ceiling_pattern_p065_i06_x1017_457x45.png","D01448673_tang_ceiling_pattern.pdf","65","1017","457","45","10.1556","Rect(223.55999755859375, 290.5199890136719, 397.08001708984375, 307.67999267578125)","0e808e27b264895c7020cd2764084ff2d0d007f8c21d926a5ee9fac07388cc49"
"D01448673_tang_ceiling_pattern_p065_i07_x1018_529x46.png","D01448673_tang_ceiling_pattern.pdf","65","1018","529","46","11.5","Rect(223.55999755859375, 323.6400146484375, 396.7200012207031, 338.760009765625)","2592016e246660f6bd5f8d728c574bfd0e1d268e8f7c3d7c2ad7f9d73924098e"
"D01448673_tang_ceiling_pattern_p065_i08_x1019_492x52.png","D01448673_tang_ceiling_pattern.pdf","65","1019","492","52","9.4615","Rect(224.27999877929688, 354.6000061035156, 395.3999938964844, 372.6000061035156)","7bd3764aaa53d8166714a4df99838600e7cf6e1a23b721f0cf4ba3ed35c6574b"
"D01448673_tang_ceiling_pattern_p065_i09_x1020_396x33.png","D01448673_tang_ceiling_pattern.pdf","65","1020","396","33","12.0","Rect(222.0, 384.47998046875, 398.1600036621094, 399.1199951171875)","2333ce00dc9e407b2a45b0126a9c26cb075df25c70c62612fe953d53be6d1d3c"
"D01448673_tang_ceiling_pattern_p065_i11_x1022_530x81.png","D01448673_tang_ceiling_pattern.pdf","65","1022","530","81","6.5432","Rect(223.55999755859375, 438.6000061035156, 396.9599914550781, 465.0)","4cb5415b4c47be32f8bc29ff33f671cbe69f32cb5f5458d777d354b6f3f633c4"
"D01448673_tang_ceiling_pattern_p065_i12_x1023_446x44.png","D01448673_tang_ceiling_pattern.pdf","65","1023","446","44","10.1364","Rect(225.0, 475.55999755859375, 395.8800048828125, 492.3599853515625)","e4b17f9bb314662566de7722d07e45f69a7ed8085af50e6eab76d3502b29b18f"
"D01448673_tang_ceiling_pattern_p065_i13_x1024_225x26.png","D01448673_tang_ceiling_pattern.pdf","65","1024","225","26","8.6538","Rect(224.27999877929688, 506.4000244140625, 395.3999938964844, 526.2000122070312)","23dbf80c2d8b6c54da6f0b617a8b52c32fc4fa666f17a9a47bed4cb263eb34dc"
"D01448673_tang_ceiling_pattern_p065_i15_x1026_568x56.png","D01448673_tang_ceiling_pattern.pdf","65","1026","568","56","10.1429","Rect(223.55999755859375, 572.75, 397.32000732421875, 589.9099731445312)","2eaa1226af9c7a76e0256990ae2551b65a61e6f88b12d8a03d22ecd87113e218"
"D01448673_tang_ceiling_pattern_p065_i16_x1027_392x33.png","D01448673_tang_ceiling_pattern.pdf","65","1027","392","33","11.8788","Rect(223.55999755859375, 603.47998046875, 396.1199951171875, 618.0)","fc0057a8064511195fd573f9a04f5ad51c68429c302db7b2bb7a8cd11e3db5be"
"D01448673_tang_ceiling_pattern_p065_i17_x1028_304x28.png","D01448673_tang_ceiling_pattern.pdf","65","1028","304","28","10.8571","Rect(222.72000122070312, 632.0399780273438, 398.1600036621094, 648.239990234375)","2b141e3d703aec0c8a18d894d1e47f3cef788fb7d43c58326a64da32f9613e29"
"D01448673_tang_ceiling_pattern_p065_i18_x963_475x51.png","D01448673_tang_ceiling_pattern.pdf","65","963","475","51","9.3137","Rect(223.55999755859375, 663.0, 397.20001220703125, 681.5999755859375)","8e54f00f9e2a092020fbacb12dff86ae3b0ea1400f099317f71e7159634b72a6"
"D01448673_tang_ceiling_pattern_p065_i19_x964_472x46.png","D01448673_tang_ceiling_pattern.pdf","65","964","472","46","10.2609","Rect(222.72000122070312, 696.1199951171875, 396.7200012207031, 713.0399780273438)","2a026419e047aa79c7281e0c86fa4b4f47947dc293604b9b219c8bfec49eb707"
"D01448673_tang_ceiling_pattern_p066_i00_x1033_347x30.png","D01448673_tang_ceiling_pattern.pdf","66","1033","347","30","11.5667","Rect(221.27999877929688, 93.23999786376953, 398.6400146484375, 108.5999984741211)","2694b15debcc03b90aa7295b7e99094d31ea7789df0d79812e6588ebf1f2fae3"
"D01448673_tang_ceiling_pattern_p066_i01_x1034_408x48.png","D01448673_tang_ceiling_pattern.pdf","66","1034","408","48","8.5","Rect(218.27999877929688, 122.64000701904297, 401.6400146484375, 144.24000549316406)","5c5e70717ff7453bde6a13ced99342517b845b50cc9c9e15585f75902a41927b"
"D01448673_tang_ceiling_pattern_p066_i02_x1035_406x34.png","D01448673_tang_ceiling_pattern.pdf","66","1035","406","34","11.9412","Rect(217.55999755859375, 158.04000854492188, 402.1199951171875, 173.52000427246094)","59bd77dbeb3611def9d4827861fb3eed0dbf6d93f883f87514e165bfca3b3811"
"D01448673_tang_ceiling_pattern_p066_i03_x1036_322x32.png","D01448673_tang_ceiling_pattern.pdf","66","1036","322","32","10.0625","Rect(217.55999755859375, 189.0, 402.7200012207031, 207.36000061035156)","7ec62a3e3d11969539f0136b12aae8b8037dd5e12a926a7b7748c5b735fd607c"
"D01448673_tang_ceiling_pattern_p066_i04_x1037_424x45.png","D01448673_tang_ceiling_pattern.pdf","66","1037","424","45","9.4222","Rect(218.27999877929688, 220.55999755859375, 402.3599853515625, 240.1199951171875)","9cad0b44ae5f7b5fdcb5f755ba9546a27f759165735e4fabbaf9ed899b1bc2cc"
"D01448673_tang_ceiling_pattern_p066_i05_x1038_561x73.png","D01448673_tang_ceiling_pattern.pdf","66","1038","561","73","7.6849","Rect(218.27999877929688, 251.51998901367188, 401.8800048828125, 275.3999938964844)","8b8f6cf4400c266828fc0774e7a7f553cbbe2642ac95fa72bf98b73cf49525c2"
"D01448673_tang_ceiling_pattern_p066_i06_x1039_381x55.png","D01448673_tang_ceiling_pattern.pdf","66","1039","381","55","6.9273","Rect(218.27999877929688, 282.3599853515625, 402.7200012207031, 309.0)","8f2e6c296023360e1d750c3d27fa921569cccf5a35d4cff206985abafb5bd2ef"
"D01448673_tang_ceiling_pattern_p066_i07_x1040_563x61.png","D01448673_tang_ceiling_pattern.pdf","66","1040","563","61","9.2295","Rect(217.55999755859375, 317.760009765625, 402.9599914550781, 337.9200134277344)","3e8b094ccfd482b82b5d0753060d71486e02cc59767551de4aad8a501743aa91"
"D01448673_tang_ceiling_pattern_p066_i08_x1041_508x81.png","D01448673_tang_ceiling_pattern.pdf","66","1041","508","81","6.2716","Rect(216.72000122070312, 348.239990234375, 403.20001220703125, 378.0)","1f7ef51fc99c7bf3897f0c232d701e15aa517c8ee29dbb8b5f1950cce50cfad1"
"D01448673_tang_ceiling_pattern_p066_i09_x1042_497x51.png","D01448673_tang_ceiling_pattern.pdf","66","1042","497","51","9.7451","Rect(217.55999755859375, 388.32000732421875, 403.20001220703125, 407.3999938964844)","c245221020642555c0111bfb7bb4fddd696d8bb55d9cb1e5431f2d93d767a239"
"D01448673_tang_ceiling_pattern_p066_i10_x1043_508x57.png","D01448673_tang_ceiling_pattern.pdf","66","1043","508","57","8.9123","Rect(218.27999877929688, 420.010009765625, 402.3599853515625, 440.6500244140625)","9e2b5211075598ff4b7bf9b6abfcc542853fdf04ed68b751353730c5c594c171"
"D01448673_tang_ceiling_pattern_p066_i11_x1044_510x58.png","D01448673_tang_ceiling_pattern.pdf","66","1044","510","58","8.7931","Rect(219.0, 452.3999938964844, 402.0, 473.1600036621094)","aeb49f5a0be45163afa600000428f3290419a06bef908e307582107ca7a6ff2c"
"D01448673_tang_ceiling_pattern_p066_i12_x1045_457x42.png","D01448673_tang_ceiling_pattern.pdf","66","1045","457","42","10.881","Rect(219.0, 486.3600158691406, 401.52001953125, 503.1600036621094)","3261031f44c34f93dc9f56417e52d3a1305fcc48fcd81a2fe135d0842a1a26c1"
"D01448673_tang_ceiling_pattern_p066_i13_x1046_515x37.png","D01448673_tang_ceiling_pattern.pdf","66","1046","515","37","13.9189","Rect(218.27999877929688, 514.6799926757812, 402.239990234375, 527.8800048828125)","8cdabd4568abd122d6a286b0bdf48c8b0bfc054ea71d8e0d2825f9a256d03da3"
"D01448673_tang_ceiling_pattern_p066_i14_x1047_401x56.png","D01448673_tang_ceiling_pattern.pdf","66","1047","401","56","7.1607","Rect(219.0, 534.8400268554688, 400.91998291015625, 560.280029296875)","e2be21e0fabb51d4cd60cfec03bff378343f133ce07370a76250afa6f0f7e646"
"D01448673_tang_ceiling_pattern_p066_i15_x1048_409x73.png","D01448673_tang_ceiling_pattern.pdf","66","1048","409","73","5.6027","Rect(219.0, 571.4400024414062, 402.0, 604.0800170898438)","c955450ecc22bae33fb1ee769c3d6184626ca48cd0d5fae83e1733e153260594"
"D01448673_tang_ceiling_pattern_p066_i16_x1049_551x58.png","D01448673_tang_ceiling_pattern.pdf","66","1049","551","58","9.5","Rect(219.0, 618.5999755859375, 401.760009765625, 637.7999877929688)","30d6554ad9cf8fc7c3bd3d76c85f5b0691bd9a4b2e5516ade19986fe6cec54a8"
"D01448673_tang_ceiling_pattern_p066_i17_x1050_419x38.png","D01448673_tang_ceiling_pattern.pdf","66","1050","419","38","11.0263","Rect(219.0, 651.7200317382812, 401.3999938964844, 668.280029296875)","d8beb04bc2d69c78f53cb8734b2b4ac54055078b88c4df61c02c96c3f0746126"
"D01448673_tang_ceiling_pattern_p066_i18_x1051_353x32.png","D01448673_tang_ceiling_pattern.pdf","66","1051","353","32","11.0312","Rect(216.72000122070312, 684.1199951171875, 403.08001708984375, 700.9199829101562)","06b2c6c3ca84a72a57bfe11691e8e1ca7a6cc378f121a4bd994d6e0a5b2f60c6"
"D01448673_tang_ceiling_pattern_p066_i19_x1052_298x34.png","D01448673_tang_ceiling_pattern.pdf","66","1052","298","34","8.7647","Rect(217.55999755859375, 714.239990234375, 403.32000732421875, 735.47998046875)","127fb0be1e0288c6bf94261a6d0aa8e6cbeb788b0b44a066b4a3dd84c7b2da79"
"D01448673_tang_ceiling_pattern_p067_i00_x1055_231x25.png","D01448673_tang_ceiling_pattern.pdf","67","1055","231","25","9.24","Rect(219.72000122070312, 90.95999908447266, 400.32000732421875, 110.5199966430664)","0b82d14c7c6064781fe622f5479236536062c549af9f7f22e7fee27bfddece23"
"D01448673_tang_ceiling_pattern_p067_i01_x1056_438x37.png","D01448673_tang_ceiling_pattern.pdf","67","1056","438","37","11.8378","Rect(219.72000122070312, 125.63999938964844, 401.0400085449219, 141.0)","b3a14f3162dc99b73d977961bb7e25352f448c3ddc45db4f0cdc0ef2ce2c852b"
"D01448673_tang_ceiling_pattern_p067_i02_x1057_336x49.png","D01448673_tang_ceiling_pattern.pdf","67","1057","336","49","6.8571","Rect(218.27999877929688, 152.760009765625, 402.1199951171875, 179.52000427246094)","d529830216933d27ddd638aec923ae558f4c8b54c5fc0bb0ca802a68f20e4c03"
"D01448673_tang_ceiling_pattern_p067_i03_x1058_343x32.png","D01448673_tang_ceiling_pattern.pdf","67","1058","343","32","10.7188","Rect(216.72000122070312, 254.52001953125, 403.32000732421875, 271.9200134277344)","acafc66e8ab035ce122b34895861b43775072db1b14683e3fa49fe8fd51d28ca"
"D01448673_tang_ceiling_pattern_p067_i04_x1059_347x54.png","D01448673_tang_ceiling_pattern.pdf","67","1059","347","54","6.4259","Rect(216.72000122070312, 283.3199768066406, 402.96002197265625, 312.239990234375)","77d2d322c5b750dc21978d60a46915429bada9827e0a92434c7a947042dc761c"
"D01448673_tang_ceiling_pattern_p067_i05_x1060_571x61.png","D01448673_tang_ceiling_pattern.pdf","67","1060","571","61","9.3607","Rect(216.72000122070312, 322.8000183105469, 403.67999267578125, 342.6000061035156)","bbfefa02b53a123c3e9e0da5a3b10c1227b238843558647caef1a3f37affc756"
"D01448673_tang_ceiling_pattern_p067_i06_x1061_559x81.png","D01448673_tang_ceiling_pattern.pdf","67","1061","559","81","6.9012","Rect(218.27999877929688, 352.20001220703125, 401.2799987792969, 378.6000061035156)","74c5f50e4f9bb9ae9a8851ba59f56d2752af866ea726505b3d2670bc9e2cca46"
"D01448673_tang_ceiling_pattern_p067_i07_x1062_594x89.png","D01448673_tang_ceiling_pattern.pdf","67","1062","594","89","6.6742","Rect(213.0, 383.0400085449219, 407.2799987792969, 412.20001220703125)","c35931870baafcc2f4d8628fcc1faaea56aec9bee883d2d47a47756cdd323b55"
"D01448673_tang_ceiling_pattern_p067_i08_x1063_563x52.png","D01448673_tang_ceiling_pattern.pdf","67","1063","563","52","10.8269","Rect(218.27999877929688, 421.44000244140625, 402.3599853515625, 438.4800109863281)","eb939dc189cb1c1716ac658ab66671a16ca26388df41fea419eb8fd4dbf924c2"
"D01448673_tang_ceiling_pattern_p067_i09_x1064_732x129.png","D01448673_tang_ceiling_pattern.pdf","67","1064","732","129","5.6744","Rect(220.55999755859375, 454.32000732421875, 400.44000244140625, 486.1199951171875)","0b7cc8f9ceb43b0d04a6e373371aea992ee0a53b8629e623461d3fab6d14dd17"
"D01448673_tang_ceiling_pattern_p067_i10_x1065_573x68.png","D01448673_tang_ceiling_pattern.pdf","67","1065","573","68","8.4265","Rect(216.0, 499.91998291015625, 403.55999755859375, 522.1199951171875)","fff378f040e99c4ef35d38af9a08c40ad599793bb9bc175a9dc5ebaf4540e804"
"D01448673_tang_ceiling_pattern_p067_i11_x1066_573x71.png","D01448673_tang_ceiling_pattern.pdf","67","1066","573","71","8.0704","Rect(216.72000122070312, 531.6000366210938, 404.1600036621094, 554.760009765625)","ed80788a5a1978daf86d2331a3df573665462f99bafd2f26e0845f554e6aa87b"
"D01448673_tang_ceiling_pattern_p067_i12_x1067_571x75.png","D01448673_tang_ceiling_pattern.pdf","67","1067","571","75","7.6133","Rect(216.72000122070312, 563.280029296875, 403.55999755859375, 587.8800048828125)","9ee1eb7136b051bcc5ffc39b65d62847f41bf38db4bddd13b7d7f40e32b6df9d"
"D01448673_tang_ceiling_pattern_p067_i13_x1068_568x118.png","D01448673_tang_ceiling_pattern.pdf","67","1068","568","118","4.8136","Rect(217.55999755859375, 596.8800048828125, 402.9599914550781, 635.4000244140625)","cd52cad5cb94b8e778351c46ea00a42b8bf16bbfb68a89b63c1a609a55bcd092"
"D01448673_tang_ceiling_pattern_p067_i14_x1069_602x95.png","D01448673_tang_ceiling_pattern.pdf","67","1069","602","95","6.3368","Rect(219.72000122070312, 645.0, 399.7200012207031, 673.4400024414062)","085a65b6a02847592b44af1082a4fd42f2470619ea36ced21137f4581bdcc01d"
"D01448673_tang_ceiling_pattern_p067_i15_x1070_700x97.png","D01448673_tang_ceiling_pattern.pdf","67","1070","700","97","7.2165","Rect(217.55999755859375, 680.6400146484375, 403.08001708984375, 706.3200073242188)","e7c9fab4f0dde6b5463a3e60107a93b6db3c89837804e992600e35209c1f27a0"
"D01448673_tang_ceiling_pattern_p067_i16_x1071_554x54.png","D01448673_tang_ceiling_pattern.pdf","67","1071","554","54","10.2593","Rect(219.72000122070312, 717.5999755859375, 401.0400085449219, 735.1199951171875)","eb994c718bb2b5916913e01fa449c28e36cd5311cec11f40bfea22fb26076e52"
"D01448673_tang_ceiling_pattern_p067_i18_x962_327x34.png","D01448673_tang_ceiling_pattern.pdf","67","962","327","34","9.6176","Rect(216.0, 220.55999755859375, 403.91998291015625, 240.1199951171875)","b0f91680ca047fb0fb51feb819bc8b6a7f11ac98cedc4e743a2877e57de6f86f"
"D01448673_tang_ceiling_pattern_p068_i00_x1074_560x87.png","D01448673_tang_ceiling_pattern.pdf","68","1074","560","87","6.4368","Rect(218.27999877929688, 89.39999389648438, 401.3999938964844, 117.83999633789062)","7947358ba572df8c0377e60e8e87408ae1c56905c7dc1b24f5241a19acb332a2"
"D01448673_tang_ceiling_pattern_p080_i01_x1185_242x56.png","D01448673_tang_ceiling_pattern.pdf","80","1185","242","56","4.3214","Rect(152.75999450683594, 149.27999877929688, 286.55999755859375, 180.239990234375)","e1c963849b7872dfa0a421fdfa164c050ce124cc15982de9724375201d896cf3"
"D01448673_tang_ceiling_pattern_p080_i02_x1186_445x142.png","D01448673_tang_ceiling_pattern.pdf","80","1186","445","142","3.1338","Rect(154.1999969482422, 213.47999572753906, 285.8399963378906, 255.47999572753906)","6dddca3cbf0b1592285b99470ef35269f30e6112b89e450d4e93607ced419bbf"
"D01448673_tang_ceiling_pattern_p080_i03_x1187_465x242.png","D01448673_tang_ceiling_pattern.pdf","80","1187","465","242","1.9215","Rect(95.76000213623047, 310.79998779296875, 282.7200012207031, 408.3599853515625)","60f28af16b1d61675ea3a242a40e05ad93ef1c515941c456209cbd9df9d20785"
"D01448673_tang_ceiling_pattern_p080_i04_x1188_472x252.png","D01448673_tang_ceiling_pattern.pdf","80","1188","472","252","1.873","Rect(312.0, 311.6399841308594, 493.08001708984375, 408.239990234375)","9361d5847cb24420781d74e59502475b0cb1157ff0dd3117f1e3d38715edf623"
"D01448673_tang_ceiling_pattern_p082_i00_x1217_354x179.png","D01448673_tang_ceiling_pattern.pdf","82","1217","354","179","1.9777","Rect(91.08000183105469, 131.8800048828125, 219.47999572753906, 196.92001342773438)","f17f1a12f810ca9ed722a7473ac5d53e7ee79409e0896c88bb0b7f99390eeaf6"
"D01448673_tang_ceiling_pattern_p082_i01_x1218_427x202.png","D01448673_tang_ceiling_pattern.pdf","82","1218","427","202","2.1139","Rect(232.0800018310547, 131.16000366210938, 372.1199951171875, 197.52000427246094)","d8d816c43302b3cec5669e82ef38424ad64b48635aee6831a503f211d14389aa"
"D01448673_tang_ceiling_pattern_p082_i02_x1219_397x206.png","D01448673_tang_ceiling_pattern.pdf","82","1219","397","206","1.9272","Rect(374.760009765625, 131.16000366210938, 504.72003173828125, 198.48001098632812)","8cdaf3ba9423846b2275e33e3d4ba521099862e069bb61379e28006c00ed983c"
"D01448673_tang_ceiling_pattern_p082_i03_x1220_347x191.png","D01448673_tang_ceiling_pattern.pdf","82","1220","347","191","1.8168","Rect(98.5199966430664, 263.0400085449219, 212.27999877929688, 325.44000244140625)","513684fde4737c1f17892abfe56d722d5e01d3be30a0a17c4f50ef951bd7943d"
"D01448673_tang_ceiling_pattern_p082_i04_x1221_355x197.png","D01448673_tang_ceiling_pattern.pdf","82","1221","355","197","1.802","Rect(239.27999877929688, 261.6000061035156, 355.55999755859375, 326.1600036621094)","b7692ee9cf94f3d2d7d56cc04de80e1844c1601a2575f6e3f50d3f433b43b012"
"D01448673_tang_ceiling_pattern_p082_i06_x1223_405x204.png","D01448673_tang_ceiling_pattern.pdf","82","1223","405","204","1.9853","Rect(101.27999877929688, 389.760009765625, 236.16000366210938, 457.67999267578125)","62a20f51a00a3c825435632468f44eee4b83e3e07db65f5b5bb11bbf754debe2"
"D01448673_tang_ceiling_pattern_p082_i07_x1224_593x176.png","D01448673_tang_ceiling_pattern.pdf","82","1224","593","176","3.3693","Rect(263.6400146484375, 388.9200134277344, 499.67999267578125, 458.8800048828125)","06e1ff4ae56d22add15cb3f187f3e8cdf2405c3a2c06488435f6befb42791a15"
"D01448673_tang_ceiling_pattern_p083_i00_x1233_472x311.png","D01448673_tang_ceiling_pattern.pdf","83","1233","472","311","1.5177","Rect(132.1199951171875, 328.9200134277344, 239.16000366210938, 399.4800109863281)","069ec498b2d24e0f299d5ce47aae10e3fa43d35b13daeda412edfb53e0abeca2"
"D01448673_tang_ceiling_pattern_p083_i01_x1234_282x94.png","D01448673_tang_ceiling_pattern.pdf","83","1234","282","94","3.0","Rect(293.2799987792969, 328.9079895019531, 509.760009765625, 400.67999267578125)","035ffc0cb55f2ac6853add4af2545118c7ce6873602b2510f2c1b40b12310cb5"
"D01448673_tang_ceiling_pattern_p084_i00_x1246_548x291.png","D01448673_tang_ceiling_pattern.pdf","84","1246","548","291","1.8832","Rect(107.04000091552734, 92.8800048828125, 286.20001220703125, 188.16000366210938)","0b18017550f8c8dc20202972762768e80b4c1228ba6224a29f4a7fb2e21f5d78"
"D01448673_tang_ceiling_pattern_p085_i01_x1258_378x227.png","D01448673_tang_ceiling_pattern.pdf","85","1258","378","227","1.6652","Rect(211.8000030517578, 87.35999298095703, 335.3999938964844, 161.75999450683594)","99a81b6fef6ab961954c8b153f90fcf32a7be8cef79ae772e2dd1d4adc663717"
"D01448673_tang_ceiling_pattern_p085_i02_x1259_401x187.png","D01448673_tang_ceiling_pattern.pdf","85","1259","401","187","2.1444","Rect(353.2799987792969, 88.91999816894531, 504.7200012207031, 159.72000122070312)","b0de9d9369eb15f1ad662368b859558073367cdb5038a8ebe6aa6b489a0842f4"
"D01448673_tang_ceiling_pattern_p085_i05_x1262_328x205.png","D01448673_tang_ceiling_pattern.pdf","85","1262","328","205","1.6","Rect(385.79998779296875, 204.8400115966797, 493.1999816894531, 272.0400085449219)","efdbcf5df02609eac85ac0bbe6ce4e3d6f538f3455552a8ae266ca90ae070178"
"D01448673_tang_ceiling_pattern_p086_i00_x1269_400x145.png","D01448673_tang_ceiling_pattern.pdf","86","1269","400","145","2.7586","Rect(92.4000015258789, 148.92001342773438, 223.44000244140625, 196.32000732421875)","8ad0923f0fd3a4e1abd48020b2f07b243da8b566e1ef92897322ee99982324d8"
"D01448673_tang_ceiling_pattern_p086_i01_x1270_350x187.png","D01448673_tang_ceiling_pattern.pdf","86","1270","350","187","1.8717","Rect(252.1199951171875, 142.1999969482422, 366.6000061035156, 203.39999389648438)","171b8449b301237dc2581a1b25adcf3eee47855914b9a583bd4d8bb0d836dbd5"
"D01448673_tang_ceiling_pattern_p086_i02_x1271_380x206.png","D01448673_tang_ceiling_pattern.pdf","86","1271","380","206","1.8447","Rect(95.76000213623047, 276.7200012207031, 220.32000732421875, 344.0400085449219)","cfe7f1a12b6daa902716e5338792e227bde7668fddadd0145fd7cfce93382664"
"D01448673_tang_ceiling_pattern_p086_i03_x1272_401x177.png","D01448673_tang_ceiling_pattern.pdf","86","1272","401","177","2.2655","Rect(237.1199951171875, 278.280029296875, 382.44000244140625, 342.48004150390625)","0fed243dba3c36c1a47c4f64a9716acd4337b7a5d1c5c03c1e273354ae53a4e4"
"D01448673_tang_ceiling_pattern_p094_i00_x1355_1052x215.png","D01448673_tang_ceiling_pattern.pdf","94","1355","1052","215","4.893","Rect(110.87999725341797, 86.63999938964844, 484.67999267578125, 163.0800018310547)","099cd21e31b1817870845c5dbd74248ecea81940cdc84d12256cb9cdc2f6733d"
"D01448673_tang_ceiling_pattern_p095_i00_x1362_410x256.png","D01448673_tang_ceiling_pattern.pdf","95","1362","410","256","1.6016","Rect(94.91999816894531, 90.12001037597656, 230.8800048828125, 174.9600067138672)","b5af5184cd7e55a538893b5c591716d804c2019a249c6b80a5b8b4f5f3f7c1f0"
"D01448673_tang_ceiling_pattern_p095_i01_x1363_576x362.png","D01448673_tang_ceiling_pattern.pdf","95","1363","576","362","1.5912","Rect(246.24000549316406, 93.83999633789062, 369.0, 171.0)","c8d6e8852f8b93b5707d05439c62a17c0057b39048b5a678b0f896f505b8b1a6"
"D01448673_tang_ceiling_pattern_p096_i00_x1378_268x165.png","D01448673_tang_ceiling_pattern.pdf","96","1378","268","165","1.6242","Rect(136.67999267578125, 137.16000366210938, 224.27999877929688, 191.27999877929688)","3a25c5190785428886b850aae254d6a63cd71f94477117f749823be6c61a8779"
"D01448673_tang_ceiling_pattern_p096_i01_x1379_306x152.png","D01448673_tang_ceiling_pattern.pdf","96","1379","306","152","2.0132","Rect(243.0, 139.3199920654297, 342.9599914550781, 189.1199951171875)","7d566f4dd624486222d2a078c22017a5fe92fe853415806ebe443193b1943874"
"D01448673_tang_ceiling_pattern_p096_i02_x1380_306x119.png","D01448673_tang_ceiling_pattern.pdf","96","1380","306","119","2.5714","Rect(130.1999969482422, 202.67999267578125, 230.16000366210938, 241.67999267578125)","da1ca7787daf736f59fbba5edaa85b63de79b454718827774135206a88679748"
"D01448673_tang_ceiling_pattern_p096_i03_x1381_306x122.png","D01448673_tang_ceiling_pattern.pdf","96","1381","306","122","2.5082","Rect(243.0, 202.67999267578125, 342.9599914550781, 242.63998413085938)","70130831f560995bb305a1c5bc3ce90cd42309b80ac01aece59551c312bce655"
"D01448673_tang_ceiling_pattern_p096_i04_x1382_309x160.png","D01448673_tang_ceiling_pattern.pdf","96","1382","309","160","1.9312","Rect(130.1999969482422, 253.0800018310547, 231.36000061035156, 305.2799987792969)","7101624e5709754efc23b3e44432c8e39551b860764747d1dd7d1a0fb6ea750f"
"D01448673_tang_ceiling_pattern_p096_i05_x1383_309x160.png","D01448673_tang_ceiling_pattern.pdf","96","1383","309","160","1.9312","Rect(242.52000427246094, 253.0800018310547, 343.67999267578125, 305.2799987792969)","79bbe78a36664c627faee2a0750d88e165ae398c004eb51929ef29bc87e0c0a0"
"D01448673_tang_ceiling_pattern_p096_i06_x1384_309x160.png","D01448673_tang_ceiling_pattern.pdf","96","1384","309","160","1.9312","Rect(130.1999969482422, 317.3999938964844, 231.36000061035156, 369.6000061035156)","af7a93fa094f9c8301bdbc435da7277d47a871535a0635e7edc72314ad73c907"
"D01448673_tang_ceiling_pattern_p096_i07_x1385_309x160.png","D01448673_tang_ceiling_pattern.pdf","96","1385","309","160","1.9312","Rect(242.52000427246094, 317.3999938964844, 343.67999267578125, 369.6000061035156)","f2221cfa6433a804367a973001b22278e217bcdd57bec7eb4f2745b2e09c74c6"
"D01448673_tang_ceiling_pattern_p096_i09_x1387_306x154.png","D01448673_tang_ceiling_pattern.pdf","96","1387","306","154","1.987","Rect(130.17999267578125, 446.760009765625, 230.5, 497.1600036621094)","52740c2a46f2101f91319bbfb833b3727ad070724036fcf5e4c09bd00ce331ce"
"D01448673_tang_ceiling_pattern_p096_i10_x1388_306x154.png","D01448673_tang_ceiling_pattern.pdf","96","1388","306","154","1.987","Rect(242.52000427246094, 446.760009765625, 342.7200012207031, 497.1600036621094)","ae95c5b1685bafe55716c421843c18c78417777811f14be7e901705c0fea6b29"
"D01448673_tang_ceiling_pattern_p096_i11_x1389_306x154.png","D01448673_tang_ceiling_pattern.pdf","96","1389","306","154","1.987","Rect(130.67999267578125, 510.9599914550781, 230.63998413085938, 561.239990234375)","d8f1128e94c380ea663ff39debdced64ca34de3370c445d077e0de31ae3d06cd"
"D01448673_tang_ceiling_pattern_p096_i12_x1390_306x154.png","D01448673_tang_ceiling_pattern.pdf","96","1390","306","154","1.987","Rect(243.0, 510.9599914550781, 342.9599914550781, 561.239990234375)","fdeed40d3f1575b7788aa82e6fd4d217d0196a60b7a09abd72f62b7a3c66a974"
"D01448673_tang_ceiling_pattern_p133_i00_x1880_606x46.png","D01448673_tang_ceiling_pattern.pdf","133","1880","606","46","13.1739","Rect(204.1199951171875, 147.59999084472656, 413.5199890136719, 163.55999755859375)","9b06930d947f1cb49cef29bc7d2b5485585a6f5d4a3ed381a55ef01dd4dde04f"
"D01448673_tang_ceiling_pattern_p133_i01_x1881_617x56.png","D01448673_tang_ceiling_pattern.pdf","133","1881","617","56","11.0179","Rect(204.1199951171875, 184.92001342773438, 412.79998779296875, 203.8800048828125)","67656c84f6a5698b2c871a18dc3308c1152fca01fdb33115d461b96a18032db7"
"D01448673_tang_ceiling_pattern_p133_i02_x1882_264x27.png","D01448673_tang_ceiling_pattern.pdf","133","1882","264","27","9.7778","Rect(204.1199951171875, 222.24000549316406, 414.0, 243.72000122070312)","8e473fcb358bcd8290c9ee2ce7dde6c8d319ea6be4d9132a65e0654a827ff044"
"D01448673_tang_ceiling_pattern_p133_i03_x1883_504x77.png","D01448673_tang_ceiling_pattern.pdf","133","1883","504","77","6.5455","Rect(204.1199951171875, 263.7599792480469, 413.3999938964844, 295.67999267578125)","c30af8f974e71723d0cd63712a47e935b42ec5b9a2a39e1f227421cc3e835b3b"
"D01448673_tang_ceiling_pattern_p133_i04_x1884_276x44.png","D01448673_tang_ceiling_pattern.pdf","133","1884","276","44","6.2727","Rect(203.39999389648438, 317.7599792480469, 413.5199890136719, 351.239990234375)","2e0858af47dfe9f9bc4c1faca4430ed9857043bf10cb9e643266969ed2119226"
"D01448673_tang_ceiling_pattern_p133_i05_x1885_287x31.png","D01448673_tang_ceiling_pattern.pdf","133","1885","287","31","9.2581","Rect(201.1199951171875, 369.8399963378906, 415.67999267578125, 393.0)","01cf8a7fd10ef4478961d4f184e2df83f92f8f66426e5c8e62dd5ab9fee4c740"
"D01448673_tang_ceiling_pattern_p133_i06_x1886_347x35.png","D01448673_tang_ceiling_pattern.pdf","133","1886","347","35","9.9143","Rect(201.9600067138672, 409.3199768066406, 415.08001708984375, 430.79998779296875)","43fdf87eecd961983cbed333169e5b76bc0106b1b704765947e55d6d01d89ffd"
"D01448673_tang_ceiling_pattern_p133_i07_x1887_298x29.png","D01448673_tang_ceiling_pattern.pdf","133","1887","298","29","10.2759","Rect(202.67999267578125, 448.91998291015625, 415.67999267578125, 469.67999267578125)","ca66a8d954fbca6c8715a41222a38ebec7feb89a466c18c277adeca6c4d6c00d"
"D01448673_tang_ceiling_pattern_p133_i11_x1891_324x52.png","D01448673_tang_ceiling_pattern.pdf","133","1891","324","52","6.2308","Rect(201.1199951171875, 589.3200073242188, 415.67999267578125, 623.760009765625)","4b0634e1c29ee1651eb046e8fd3549b0b3fba1656dcdabf69739474cf3a733bc"
"D01448673_tang_ceiling_pattern_p133_i12_x1892_235x29.png","D01448673_tang_ceiling_pattern.pdf","133","1892","235","29","8.1034","Rect(201.1199951171875, 639.9599609375, 416.760009765625, 666.5999755859375)","6230372d8127d56f1f91119da14d953df1ec10f6959c5468fa819050a93ddc44"
"D01448673_tang_ceiling_pattern_p133_i13_x1893_395x41.png","D01448673_tang_ceiling_pattern.pdf","133","1893","395","41","9.6341","Rect(201.1199951171875, 681.0, 416.760009765625, 703.4400024414062)","bebd42df22d621e7863aa86e717a04c9d1e662407591ca410eaf6ec080c735ce"
"D01448673_tang_ceiling_pattern_p134_i00_x1898_399x41.png","D01448673_tang_ceiling_pattern.pdf","134","1898","399","41","9.7317","Rect(200.39999389648438, 93.4800033569336, 417.7200012207031, 115.80000305175781)","720e8b8e7c96b49cbd39a66cbf06b290427256697546612d1b73245f2f78f81e"
"D01448673_tang_ceiling_pattern_p134_i01_x1899_416x53.png","D01448673_tang_ceiling_pattern.pdf","134","1899","416","53","7.8491","Rect(201.9600067138672, 129.24000549316406, 416.0400085449219, 156.60000610351562)","187a027cd8123dec2bf5b8c692bfc009ec28b52473c61759f1912139de2ec96c"
"D01448673_tang_ceiling_pattern_p134_i02_x1900_293x29.png","D01448673_tang_ceiling_pattern.pdf","134","1900","293","29","10.1034","Rect(200.39999389648438, 171.0, 416.760009765625, 192.36000061035156)","1ef6d487d61f6e9a46403c0e5fb74dcee748d7655705cb1f726d160d90b07220"
"D01448673_tang_ceiling_pattern_p134_i03_x1901_401x42.png","D01448673_tang_ceiling_pattern.pdf","134","1901","401","42","9.5476","Rect(200.39999389648438, 209.16000366210938, 416.8800048828125, 231.83999633789062)","0c6c6c98010217f714a716c8a0b03c3ef3c08c788f2ae52e3e737d5008188858"
"D01448673_tang_ceiling_pattern_p134_i04_x1902_238x26.png","D01448673_tang_ceiling_pattern.pdf","134","1902","238","26","9.1538","Rect(201.1199951171875, 247.9199981689453, 417.1199951171875, 271.55999755859375)","a3bc8c131aa5dc124406fa135196904b18e2c4b316b3b6ada2295ef55f32b981"
"D01448673_tang_ceiling_pattern_p134_i05_x1903_352x54.png","D01448673_tang_ceiling_pattern.pdf","134","1903","352","54","6.5185","Rect(200.39999389648438, 289.44000244140625, 417.5999755859375, 322.79998779296875)","3eac1777766befb2b04818ee0742e5e1b73c711dec31dfe6224a63bcd3bdabfa"
"D01448673_tang_ceiling_pattern_p134_i06_x1904_412x57.png","D01448673_tang_ceiling_pattern.pdf","134","1904","412","57","7.2281","Rect(199.67999267578125, 337.67999267578125, 417.47998046875, 367.79998779296875)","f2783b6f4bc6a8f82ed8006de6ecbe677fec4a365eaf5e2f61d5918f70d3f5e3"
"D01448673_tang_ceiling_pattern_p134_i07_x1905_263x30.png","D01448673_tang_ceiling_pattern.pdf","134","1905","263","30","8.7667","Rect(201.1199951171875, 379.55999755859375, 415.91998291015625, 404.0400085449219)","640f1a5e55d14facc4b2deea302d647046232ef0c59438c4a9f095268ce8684a"
"D01448673_tang_ceiling_pattern_p134_i08_x1906_362x48.png","D01448673_tang_ceiling_pattern.pdf","134","1906","362","48","7.5417","Rect(199.67999267578125, 416.0400085449219, 417.239990234375, 444.8399963378906)","96a1cf7e1787e3fbb0359c74db951ff2a4a7a6bf8dc9f4d49b9a646e172915ad"
"D01448673_tang_ceiling_pattern_p134_i09_x1907_476x61.png","D01448673_tang_ceiling_pattern.pdf","134","1907","476","61","7.8033","Rect(200.39999389648438, 455.6400146484375, 417.3599853515625, 483.4800109863281)","5b922442eb16f002bc403e8cf1700b513151807ef7a0c23d012baf52aa2a04b3"
"D01448673_tang_ceiling_pattern_p134_i10_x1908_585x55.png","D01448673_tang_ceiling_pattern.pdf","134","1908","585","55","10.6364","Rect(199.67999267578125, 498.1200256347656, 417.9599914550781, 518.6400146484375)","efab87271606a1d8cbfdde4223de6c00cbc3af0b9e23df2cf16a4898a10d8644"
"D01448673_tang_ceiling_pattern_p134_i11_x1909_382x45.png","D01448673_tang_ceiling_pattern.pdf","134","1909","382","45","8.4889","Rect(199.67999267578125, 534.0, 418.0799865722656, 559.6799926757812)","84262fd6364c3ce8129113c5058a5693fe07fbb3f60104ad8d1ad5d9218bfdba"
"D01448673_tang_ceiling_pattern_p134_i12_x1910_421x37.png","D01448673_tang_ceiling_pattern.pdf","134","1910","421","37","11.3784","Rect(199.67999267578125, 576.47998046875, 418.44000244140625, 595.6799926757812)","a57b3891e47964931d3ca3104797f2cdfdf82ccb516570f9adf62c341d64bc3a"
"D01448673_tang_ceiling_pattern_p134_i13_x1911_387x40.png","D01448673_tang_ceiling_pattern.pdf","134","1911","387","40","9.675","Rect(199.67999267578125, 613.0800170898438, 417.8399963378906, 635.6400146484375)","105a8c33377ec4e62d06cdf95bfbc4d44290ae881d50bba04c7443bb60902ec2"
"D01448673_tang_ceiling_pattern_p134_i14_x1912_385x45.png","D01448673_tang_ceiling_pattern.pdf","134","1912","385","45","8.5556","Rect(198.9600067138672, 650.4000244140625, 418.20001220703125, 675.9600219726562)","3ac43881120a167ff365bc95994d10d2950d5a2b3499df0c4aa53c5f0c6f54dc"
"D01448673_tang_ceiling_pattern_p134_i15_x1913_642x89.png","D01448673_tang_ceiling_pattern.pdf","134","1913","642","89","7.2135","Rect(198.9600067138672, 686.8800048828125, 418.20001220703125, 717.239990234375)","322beaad588200bee1e589c1462662f506c07a23c3f2420da1eef24ebe902b90"
"D01448673_tang_ceiling_pattern_p134_i16_x1914_275x35.png","D01448673_tang_ceiling_pattern.pdf","134","1914","275","35","7.8571","Rect(199.67999267578125, 727.199951171875, 418.0799865722656, 755.0399780273438)","0fe1169e46e34935065027e855e2e6c64105ae7ea719e763d04178e7a1e58ac6"
"D01448673_tang_ceiling_pattern_p135_i00_x1917_406x56.png","D01448673_tang_ceiling_pattern.pdf","135","1917","406","56","7.25","Rect(199.67999267578125, 88.91999816894531, 417.719970703125, 118.91999816894531)","1bde25404f449774c714f15815c43bce81d54f20c574757a14bb71539175edc9"
"D01448673_tang_ceiling_pattern_p135_i01_x1918_295x40.png","D01448673_tang_ceiling_pattern.pdf","135","1918","295","40","7.375","Rect(200.39999389648438, 128.52000427246094, 417.239990234375, 157.9199981689453)","131a84dc3c41c1ec67c850c03c748efcbe1a124f43715eb5a3d8cf013b1a087c"
"D01448673_tang_ceiling_pattern_p135_i02_x1919_332x36.png","D01448673_tang_ceiling_pattern.pdf","135","1919","332","36","9.2222","Rect(199.67999267578125, 170.27999877929688, 418.55999755859375, 194.0399932861328)","afac9234b80283f61a42ef8678020ebb384522885f31a7df0abd949f2e4ba374"
"D01448673_tang_ceiling_pattern_p135_i03_x1920_405x39.png","D01448673_tang_ceiling_pattern.pdf","135","1920","405","39","10.3846","Rect(200.39999389648438, 210.60000610351562, 417.5999755859375, 231.60000610351562)","635b1c4ff68e513ce320f4b112219fecfdc11ea1d5a3b4f5689c58aa2587ed1b"
"D01448673_tang_ceiling_pattern_p135_i04_x1921_259x27.png","D01448673_tang_ceiling_pattern.pdf","135","1921","259","27","9.5926","Rect(199.67999267578125, 247.9199981689453, 418.20001220703125, 270.7200012207031)","cd69942322345977a582b48fdcaa22706ec44bc6f3564936ff533931aad3ace4"
"D01448673_tang_ceiling_pattern_p135_i05_x1922_534x60.png","D01448673_tang_ceiling_pattern.pdf","135","1922","534","60","8.9","Rect(200.39999389648438, 285.96002197265625, 417.7200012207031, 310.32000732421875)","55439f9960c55b408624e90e8f0fec26d0acfa6da660bd99d6250621916f9aea"
"D01448673_tang_ceiling_pattern_p135_i06_x1923_731x104.png","D01448673_tang_ceiling_pattern.pdf","135","1923","731","104","7.0288","Rect(201.9600067138672, 321.7200012207031, 415.9200134277344, 352.20001220703125)","1ed0f101e8343e330ece60a09cfb35720c3732da4904800acc21ae422e5eed4a"
"D01448673_tang_ceiling_pattern_p135_i07_x1924_553x85.png","D01448673_tang_ceiling_pattern.pdf","135","1924","553","85","6.5059","Rect(201.1199951171875, 366.9599914550781, 416.8800048828125, 400.0799865722656)","7f6fc03b7888029c225b574dd8b3aef65683b752e526886418f9aa916b975b85"
"D01448673_tang_ceiling_pattern_p135_i08_x1925_657x110.png","D01448673_tang_ceiling_pattern.pdf","135","1925","657","110","5.9727","Rect(199.67999267578125, 420.239990234375, 418.32000732421875, 456.8399963378906)","d9759bcf8592a45127664e1b83ed86b840f3ad506b369e2428a31f9ce224251b"
"D01448673_tang_ceiling_pattern_p135_i09_x1926_741x118.png","D01448673_tang_ceiling_pattern.pdf","135","1926","741","118","6.2797","Rect(198.9600067138672, 475.79998779296875, 418.55999755859375, 510.8399963378906)","f4ec4563e6662b4c5e8d17c409aabfd885545aece6d027fb667d06cd14cf5e61"
"D01448673_tang_ceiling_pattern_p135_i10_x1927_661x97.png","D01448673_tang_ceiling_pattern.pdf","135","1927","661","97","6.8144","Rect(200.39999389648438, 531.9600219726562, 416.8800048828125, 563.760009765625)","d69a6841b51b7587f01fa2016e4ae9922b110a9206c6d69e1f18d2c677cd0544"
"D01448673_tang_ceiling_pattern_p135_i11_x1928_672x110.png","D01448673_tang_ceiling_pattern.pdf","135","1928","672","110","6.1091","Rect(200.39999389648438, 585.239990234375, 417.1199951171875, 620.760009765625)","df607376c745280ec96b1acc8e70f23871f02135b5d06131f17e8cf831448477"
"D01448673_tang_ceiling_pattern_p135_i12_x1929_311x43.png","D01448673_tang_ceiling_pattern.pdf","135","1929","311","43","7.2326","Rect(200.39999389648438, 634.3200073242188, 417.5999755859375, 664.3200073242188)","18340ed2ac531c364814e56e4dafcb329887f1d4d007f928eebb39394babb129"
"D01448673_tang_ceiling_pattern_p135_i13_x1930_711x101.png","D01448673_tang_ceiling_pattern.pdf","135","1930","711","101","7.0396","Rect(200.39999389648438, 673.0799560546875, 417.47998046875, 703.9199829101562)","2375d6981237c9030e40c605c74037e39a0b785f64a3789661683ded561d34bd"
"D01448673_tang_ceiling_pattern_p135_i14_x1931_618x97.png","D01448673_tang_ceiling_pattern.pdf","135","1931","618","97","6.3711","Rect(201.1199951171875, 718.3199462890625, 416.8800048828125, 752.1599731445312)","ed4605c716c92fa7a45353dda46e60b56d46f19dde87cfe6079922cef0dba052"
"D01448673_tang_ceiling_pattern_p136_i00_x1934_636x91.png","D01448673_tang_ceiling_pattern.pdf","136","1934","636","91","6.989","Rect(199.67999267578125, 88.91999816894531, 417.239990234375, 119.87999725341797)","ed3aed2f679497944b0725a2db1cef4efdbca518bb03821cade0edacddc3bc5a"
"D01448673_tang_ceiling_pattern_p136_i01_x1935_716x66.png","D01448673_tang_ceiling_pattern.pdf","136","1935","716","66","10.8485","Rect(203.39999389648438, 133.8000030517578, 414.8399963378906, 153.36000061035156)","9b12f91b947c37e476e1c0824c3f46220fc7c3260d5d2725a69bba59bff19e38"
"D01448673_tang_ceiling_pattern_p136_i02_x1936_644x74.png","D01448673_tang_ceiling_pattern.pdf","136","1936","644","74","8.7027","Rect(203.39999389648438, 169.55999755859375, 414.1199951171875, 193.9199981689453)","f0e3de5f3f2d7560970d7125ca802fa5a5722364d1468209c59fa7df77610cb4"
"D01448673_tang_ceiling_pattern_p144_i00_x2015_348x207.png","D01448673_tang_ceiling_pattern.pdf","144","2015","348","207","1.6812","Rect(117.72000122070312, 146.39999389648438, 191.8800048828125, 190.55999755859375)","565c0cce34825288d280626b681e308949093f4de845c3a906e2d3a6ccd9be78"
"D01448673_tang_ceiling_pattern_p144_i01_x2016_448x108.png","D01448673_tang_ceiling_pattern.pdf","144","2016","448","108","4.1481","Rect(228.24000549316406, 147.24000549316406, 390.4800109863281, 189.60000610351562)","636e1e1c2e6f3118dbdb93d29ffe859bf3f07b62ccb015bb09a50ff4061d8897"
"D01448673_tang_ceiling_pattern_p144_i02_x2017_259x108.png","D01448673_tang_ceiling_pattern.pdf","144","2017","259","108","2.3981","Rect(401.1600036621094, 147.239990234375, 504.1199951171875, 190.19998168945312)","5c79a444614825f43100507eab00ed77f89847d91a775257740fc06bfc384a52"
"D01448673_tang_ceiling_pattern_p144_i04_x2019_271x175.png","D01448673_tang_ceiling_pattern.pdf","144","2019","271","175","1.5486","Rect(244.44000244140625, 249.36000061035156, 328.67999267578125, 303.7200012207031)","d79bcc17b80b0d973834153e3a12c6b6e61556d6bc5232edec2c9f1e3ccf3085"
"D01448673_tang_ceiling_pattern_p144_i07_x2022_369x193.png","D01448673_tang_ceiling_pattern.pdf","144","2022","369","193","1.9119","Rect(97.08000183105469, 577.3200073242188, 218.04000854492188, 640.3200073242188)","298b250e1cae9e7025de338d484abe716fd66556957bbcfbb24a724bfbfb6d41"
"D01448673_tang_ceiling_pattern_p144_i08_x2023_305x146.png","D01448673_tang_ceiling_pattern.pdf","144","2023","305","146","2.089","Rect(239.8800048828125, 577.3200073242188, 370.79998779296875, 639.9600219726562)","a2aa7b5d32b573ba353690b1aabc430c511e976b465248d9da279fa553fdbac4"
"D01448673_tang_ceiling_pattern_p145_i01_x2032_343x163.png","D01448673_tang_ceiling_pattern.pdf","145","2032","343","163","2.1043","Rect(236.0399932861328, 90.3600082397461, 381.1199951171875, 159.24000549316406)","28d296f806d9069d4203c47b66749722ded78491af38ad0581daa262a93ec0a1"
"D01448673_tang_ceiling_pattern_p145_i03_x2034_426x143.png","D01448673_tang_ceiling_pattern.pdf","145","2034","426","143","2.979","Rect(90.36000061035156, 232.5600128173828, 267.96002197265625, 292.20001220703125)","78b8752b1f08a7398c0cd6b921d5156793957d9d35ec0531760841e2dd2c74c8"
"D01448673_tang_ceiling_pattern_p146_i00_x2049_257x158.png","D01448673_tang_ceiling_pattern.pdf","146","2049","257","158","1.6266","Rect(100.68000030517578, 89.63999938964844, 214.67999267578125, 159.83999633789062)","4b1904f2b8477044053a716a58607be594aa181e71ebfbb8b33e0de2162c28c6"
"D01448673_tang_ceiling_pattern_p146_i01_x2050_400x157.png","D01448673_tang_ceiling_pattern.pdf","146","2050","400","157","2.5478","Rect(227.75999450683594, 97.91999816894531, 362.5199890136719, 150.83999633789062)","2af834838640ff81e25db09104d18f5c7ad8d77ea1105e7e38db32e9b6e27c98"
"D01448673_tang_ceiling_pattern_p146_i03_x2052_227x116.png","D01448673_tang_ceiling_pattern.pdf","146","2052","227","116","1.9569","Rect(170.39999389648438, 537.9600219726562, 258.7200012207031, 583.0800170898438)","3acd1d0125d326c55477f9058211ca51192138bfafd3f888a10fe305161fe57a"
"D01448673_tang_ceiling_pattern_p146_i04_x2053_388x162.png","D01448673_tang_ceiling_pattern.pdf","146","2053","388","162","2.3951","Rect(336.8399963378906, 537.9600219726562, 447.6000061035156, 584.280029296875)","7fe459944240a801087c2c2f442a1dc566772020d19d05af3432101919566693"
"D01448673_tang_ceiling_pattern_p146_i06_x2055_307x175.png","D01448673_tang_ceiling_pattern.pdf","146","2055","307","175","1.7543","Rect(338.2799987792969, 592.0799560546875, 445.44000244140625, 653.1599731445312)","23a1d2e02527720485ef0c95b8f68e8c82c1e449b68a88dc646d96f3f6fb7d9d"
"D01448673_tang_ceiling_pattern_p147_i04_x2070_574x201.png","D01448673_tang_ceiling_pattern.pdf","147","2070","574","201","2.8557","Rect(114.72000122070312, 433.44000244140625, 333.47998046875, 510.1199951171875)","7f5da013c9b50837f2830ccf120f740092cc1bb40c1f69b521868efbc96628e4"
"D01448673_tang_ceiling_pattern_p148_i02_x2079_421x192.png","D01448673_tang_ceiling_pattern.pdf","148","2079","421","192","2.1927","Rect(347.0400085449219, 345.4800109863281, 483.3600158691406, 407.760009765625)","262bc0909f632c342e7b9238c16ac5a558b857f9e407a6ff7efc287e8b2b9b60"
"D01448673_tang_ceiling_pattern_p148_i03_x2080_568x132.png","D01448673_tang_ceiling_pattern.pdf","148","2080","568","132","4.303","Rect(331.20001220703125, 469.1999816894531, 497.8800048828125, 507.9599914550781)","af34711939f4dc915c97d3ec1a52b0d72635bcd0a2949154226228979bed0c65"
"D01448673_tang_ceiling_pattern_p149_i02_x2083_207x110.png","D01448673_tang_ceiling_pattern.pdf","149","2083","207","110","1.8818","Rect(147.60000610351562, 132.24000549316406, 239.40000915527344, 181.0800018310547)","24739a1c6f28767574e0788b0492d64f5ea57c956579c1522c41010cbfdd312d"
"D01448673_tang_ceiling_pattern_p149_i21_x2102_283x82.png","D01448673_tang_ceiling_pattern.pdf","149","2102","283","82","3.4512","Rect(346.20001220703125, 675.1199951171875, 425.1600036621094, 697.9199829101562)","12ebd9a0270fef5907d6237130d2a70e3c7c69877661ccd44d7773525c900eb5"
"D01448673_tang_ceiling_pattern_p161_i02_x2202_636x87.png","D01448673_tang_ceiling_pattern.pdf","161","2202","636","87","7.3103","Rect(204.60000610351562, 271.55999755859375, 412.9200134277344, 300.1199951171875)","7dc4b9b7a29985a465d513bba5486ef30b1be00a5404cc36c005c959ae1cd1df"
"D01448673_tang_ceiling_pattern_p161_i03_x2203_517x95.png","D01448673_tang_ceiling_pattern.pdf","161","2203","517","95","5.4421","Rect(204.60000610351562, 319.44000244140625, 412.79998779296875, 357.7200012207031)","feda3cc134a4725bda387ed21eab76fd244ad628239c7c6982f71a6832ac78eb"
"D01448673_tang_ceiling_pattern_p161_i04_x2204_528x80.png","D01448673_tang_ceiling_pattern.pdf","161","2204","528","80","6.6","Rect(204.60000610351562, 383.6400146484375, 413.0400085449219, 415.20001220703125)","5d8071d1ce50a252db1cac448dbe523a43447684a5b8d354f770ab0e030f457d"
"D01448673_tang_ceiling_pattern_p161_i05_x2205_338x50.png","D01448673_tang_ceiling_pattern.pdf","161","2205","338","50","6.76","Rect(203.8800048828125, 437.52001953125, 412.91998291015625, 468.4800109863281)","43d41027e824d5442dc22b10acc4e5889fff4a478037912e23bd4469106bd767"
"D01448673_tang_ceiling_pattern_p161_i06_x2206_542x105.png","D01448673_tang_ceiling_pattern.pdf","161","2206","542","105","5.1619","Rect(203.8800048828125, 486.239990234375, 412.79998779296875, 526.7999877929688)","d2d16de870d19dc9ec23dfdece7b22856fd057bf7c3f71f691b656559229a2d2"
"D01448673_tang_ceiling_pattern_p161_i07_x2207_561x86.png","D01448673_tang_ceiling_pattern.pdf","161","2207","561","86","6.5233","Rect(204.60000610351562, 551.1600341796875, 412.79998779296875, 583.0800170898438)","bcf60a11fa812f340eef3e0f9852558ebe5bf0b8a3d80e8ec438b09fbf7a8e02"
"D01448673_tang_ceiling_pattern_p161_i08_x2208_474x61.png","D01448673_tang_ceiling_pattern.pdf","161","2208","474","61","7.7705","Rect(203.8800048828125, 607.3200073242188, 412.55999755859375, 634.2000122070312)","5ddadf4444e66bea485b45f1687c114e653554683a73306d3e4f84b42e6ab972"
"D01448673_tang_ceiling_pattern_p161_i09_x2209_475x53.png","D01448673_tang_ceiling_pattern.pdf","161","2209","475","53","8.9623","Rect(204.60000610351562, 654.0, 413.0400085449219, 677.280029296875)","4ed44353c3e8f48011017ced5fac24a0e7ff1f0fd5048dfd48ffaf8c54dca4a5"
"D01448673_tang_ceiling_pattern_p161_i10_x2210_640x75.png","D01448673_tang_ceiling_pattern.pdf","161","2210","640","75","8.5333","Rect(203.8800048828125, 698.4000244140625, 413.1600036621094, 722.8800048828125)","62ce2ca70089ad1d892799f839027f19ef08a7443c34c7374576d34121ba4565"
"D01448673_tang_ceiling_pattern_p162_i00_x2215_592x94.png","D01448673_tang_ceiling_pattern.pdf","162","2215","592","94","6.2979","Rect(203.8800048828125, 98.63999938964844, 413.4000244140625, 132.0)","d614816879e4d5a0055bd0206709e795945997e35f9d294dff7d0f5f358c66c0"
"D01448673_tang_ceiling_pattern_p162_i01_x2216_570x60.png","D01448673_tang_ceiling_pattern.pdf","162","2216","570","60","9.5","Rect(203.8800048828125, 157.79998779296875, 412.44000244140625, 179.75997924804688)","7b6f2682d6f5723485768ace22dc1e93e110b50343d707da828fd4f701148544"
"D01448673_tang_ceiling_pattern_p162_i02_x2217_445x91.png","D01448673_tang_ceiling_pattern.pdf","162","2217","445","91","4.8901","Rect(204.60000610351562, 200.40000915527344, 412.08001708984375, 242.8800048828125)","00661da2e213e8562cd76fc840140cad7fce010cd6862b97df050059a0fc9661"
"D01448673_tang_ceiling_pattern_p162_i03_x2218_594x89.png","D01448673_tang_ceiling_pattern.pdf","162","2218","594","89","6.6742","Rect(204.60000610351562, 259.67999267578125, 412.79998779296875, 290.8800048828125)","08b999976d398e91cd0ab3195665aef43fde80ae9b6928c5fd9553da184673e8"
"D01448673_tang_ceiling_pattern_p162_i04_x2219_595x88.png","D01448673_tang_ceiling_pattern.pdf","162","2219","595","88","6.7614","Rect(204.60000610351562, 304.79998779296875, 412.20001220703125, 335.5199890136719)","ac9b8da616c02f851365405ac903a9ef73b974fea04238d70f600db5f6c9c039"
"D01448673_tang_ceiling_pattern_p162_i05_x2220_590x78.png","D01448673_tang_ceiling_pattern.pdf","162","2220","590","78","7.5641","Rect(204.60000610351562, 351.6000061035156, 412.9200134277344, 379.20001220703125)","34d8fbcb6a3085fb7bc4a2e2f5ea16744812a57528b11b8c57813d0c490d797a"
"D01448673_tang_ceiling_pattern_p162_i06_x2221_631x77.png","D01448673_tang_ceiling_pattern.pdf","162","2221","631","77","8.1948","Rect(203.8800048828125, 398.2799987792969, 412.67999267578125, 423.7200012207031)","4ea166fdd67f12403730594ed4eef32084a96cd8e39d21a6d02a21f0ade3af50"
"D01448673_tang_ceiling_pattern_p162_i07_x2222_438x66.png","D01448673_tang_ceiling_pattern.pdf","162","2222","438","66","6.6364","Rect(203.8800048828125, 440.3999938964844, 413.0400085449219, 471.9599914550781)","045e67786afdba6dffe0fd99fee62521b542c9c691bc04e875249a352c583139"
"D01448673_tang_ceiling_pattern_p162_i08_x2223_552x72.png","D01448673_tang_ceiling_pattern.pdf","162","2223","552","72","7.6667","Rect(203.8800048828125, 487.20001220703125, 413.1600036621094, 514.4400024414062)","2862ecfc485b783c2ce6c34112dec6f393fe8e18cab8af33029631e11ed0e006"
"D01448673_tang_ceiling_pattern_p162_i09_x2224_613x100.png","D01448673_tang_ceiling_pattern.pdf","162","2224","613","100","6.13","Rect(203.8800048828125, 537.3599853515625, 413.2799987792969, 571.5599975585938)","d3b5816a9658f2815eda862acf42a5451ded736e5ad2ea30b51b5b407ba737ae"
"D01448673_tang_ceiling_pattern_p162_i10_x2225_268x32.png","D01448673_tang_ceiling_pattern.pdf","162","2225","268","32","8.375","Rect(203.8800048828125, 594.9599609375, 412.44000244140625, 619.9199829101562) | Rect(203.8800048828125, 640.199951171875, 412.67999267578125, 665.1599731445312)","b396f48f97691cb8b6d5c586d5bce0fdc069a96cd5c2ad74a1b46f2e669fa29e"
"D01448673_tang_ceiling_pattern_p162_i11_x2226_246x26.png","D01448673_tang_ceiling_pattern.pdf","162","2226","246","26","9.4615","Rect(204.60000610351562, 686.8800048828125, 412.20001220703125, 708.8400268554688)","1580e1027ad8596f6284ccbb3f5c2c5454fce20ab82317c1ead6dbf20e208409"
"D01448673_tang_ceiling_pattern_p162_i12_x2227_288x36.png","D01448673_tang_ceiling_pattern.pdf","162","2227","288","36","8.0","Rect(204.60000610351562, 729.8400268554688, 412.79998779296875, 756.0)","a4777fca8a1044fb8b5c7640a3668b13c9743b4a05317ffcac829b7bc5c925c7"
"D01448673_tang_ceiling_pattern_p163_i00_x2230_252x33.png","D01448673_tang_ceiling_pattern.pdf","163","2230","252","33","7.6364","Rect(203.16000366210938, 93.5999984741211, 413.6400146484375, 121.19999694824219) | Rect(203.8800048828125, 138.83999633789062, 413.1600036621094, 166.1999969482422)","a0e5122ab785bc5c818089d13e70bc258bc6dc75cb495206e5e0659f45f78ee0"
"D01448673_tang_ceiling_pattern_p163_i01_x2231_360x61.png","D01448673_tang_ceiling_pattern.pdf","163","2231","360","61","5.9016","Rect(204.60000610351562, 188.27999877929688, 412.55999755859375, 223.55999755859375)","092d431bf86d119cd4fafec3a49dda4cbaf31139e912278c3254dfe3fb25add6"
"D01448673_tang_ceiling_pattern_p163_i02_x2232_275x31.png","D01448673_tang_ceiling_pattern.pdf","163","2232","275","31","8.871","Rect(203.8800048828125, 247.4399871826172, 412.79998779296875, 271.0799865722656)","c3e01045baa1f37d94bb134079093039b16fcca6d35880edde8f697ca686cde3"
"D01448673_tang_ceiling_pattern_p163_i03_x2233_337x55.png","D01448673_tang_ceiling_pattern.pdf","163","2233","337","55","6.1273","Rect(204.60000610351562, 295.32000732421875, 412.9200134277344, 329.2799987792969)","063a86aa8cfa2db545f86f20b22f3ad00e7ef0caf70f3954770b6f35eec6b0c9"
"D01448673_tang_ceiling_pattern_p163_i04_x2234_324x34.png","D01448673_tang_ceiling_pattern.pdf","163","2234","324","34","9.5294","Rect(203.8800048828125, 354.6000061035156, 412.44000244140625, 376.55999755859375)","164e9815882ffadc9fb63911aa4bb58db7d7277ed61aad17de4cf43d562bdfda"
"D01448673_tang_ceiling_pattern_p163_i05_x2235_235x25.png","D01448673_tang_ceiling_pattern.pdf","163","2235","235","25","9.4","Rect(204.60000610351562, 399.7200012207031, 412.32000732421875, 421.79998779296875)","8a4ed1ef1680722746f8b7852aeec6656b84aaed74204b179dadfecfb8acafad"
"D01448673_tang_ceiling_pattern_p163_i06_x2236_420x53.png","D01448673_tang_ceiling_pattern.pdf","163","2236","420","53","7.9245","Rect(204.60000610351562, 442.67999267578125, 412.9200134277344, 469.0799865722656)","60e8bc3ef960cc3c34ea74260ce10bac248a69fa395756c9bfa7e8c078298e28"
"D01448673_tang_ceiling_pattern_p163_i07_x2237_339x67.png","D01448673_tang_ceiling_pattern.pdf","163","2237","339","67","5.0597","Rect(204.60000610351562, 488.3999938964844, 412.9200134277344, 529.5599975585938)","5fc3d3838ca2b22e0741b74681f6a2a3874c3ec0c640df38690cb88c756b2401"
"D01448673_tang_ceiling_pattern_p163_i08_x2238_594x119.png","D01448673_tang_ceiling_pattern.pdf","163","2238","594","119","4.9916","Rect(204.60000610351562, 549.47998046875, 412.67999267578125, 591.1199951171875)","863e25f02277dd42cc618a4499cbea10e2a7c65cab873f03614adfa6b29bd027"
"D01448673_tang_ceiling_pattern_p163_i09_x2239_342x60.png","D01448673_tang_ceiling_pattern.pdf","163","2239","342","60","5.7","Rect(203.16000366210938, 612.9599609375, 414.6000061035156, 650.1599731445312)","72856a8dc666be77330d7d520ac16ec851f92922a478ed170779935cf28f22d2"
"D01448673_tang_ceiling_pattern_p163_i10_x2240_425x112.png","D01448673_tang_ceiling_pattern.pdf","163","2240","425","112","3.7946","Rect(204.60000610351562, 673.0799560546875, 412.67999267578125, 727.9199829101562)","9f2aa61327ed7826706db55455568fc819ab15d93287956a94180cadc4e38c8f"
"D01448673_tang_ceiling_pattern_p164_i00_x2243_278x54.png","D01448673_tang_ceiling_pattern.pdf","164","2243","278","54","5.1481","Rect(204.60000610351562, 95.63999938964844, 412.79998779296875, 136.0800018310547)","f9d8ee101ed16b9a2333451d7993ea985ae38579e576a31dd1269b4157b8e0fd"
"D01448673_tang_ceiling_pattern_p164_i01_x2244_424x77.png","D01448673_tang_ceiling_pattern.pdf","164","2244","424","77","5.5065","Rect(204.60000610351562, 157.55999755859375, 412.44000244140625, 195.36000061035156)","faa0bb3653390d005641ebe4ec60c9b2a17137a114994ebff5d351b780112d6c"
"D01448673_tang_ceiling_pattern_p164_i02_x2245_413x97.png","D01448673_tang_ceiling_pattern.pdf","164","2245","413","97","4.2577","Rect(204.60000610351562, 221.39999389648438, 412.67999267578125, 270.3599853515625)","0beafab7e13ea32ffef8f0683ec41f701558dfb9414346da5f5f529ccef029f0"
"D01448673_tang_ceiling_pattern_p164_i03_x2246_603x70.png","D01448673_tang_ceiling_pattern.pdf","164","2246","603","70","8.6143","Rect(203.8800048828125, 294.6000061035156, 412.67999267578125, 318.8399963378906)","2fa1209f226d87a34236b74080469fa81b37b5b88a94d77cba98b7c711745a5b"
"D01448673_tang_ceiling_pattern_p164_i04_x2247_688x137.png","D01448673_tang_ceiling_pattern.pdf","164","2247","688","137","5.0219","Rect(203.8800048828125, 339.47998046875, 412.55999755859375, 381.1199951171875)","184534ccb8a73cc4615548a0d1c25f8e9378fe7ab086981094cf3a3aab942782"
"D01448673_tang_ceiling_pattern_p164_i05_x2248_305x75.png","D01448673_tang_ceiling_pattern.pdf","164","2248","305","75","4.0667","Rect(204.60000610351562, 403.32000732421875, 412.67999267578125, 454.55999755859375)","aed48f21b124a09cad51529ac441d777bc93ffecf3aaaf54b24f943301904acf"
"D01448673_tang_ceiling_pattern_p164_i06_x2249_536x91.png","D01448673_tang_ceiling_pattern.pdf","164","2249","536","91","5.8901","Rect(204.60000610351562, 480.7200012207031, 411.7200012207031, 515.8800048828125)","b38c28f72b0ce6a3eb60a06a2801ac42eb99a295d43e2ed311a663b2284d92c9"
"D01448673_tang_ceiling_pattern_p164_i07_x2250_685x126.png","D01448673_tang_ceiling_pattern.pdf","164","2250","685","126","5.4365","Rect(203.8800048828125, 540.3599853515625, 412.91998291015625, 578.760009765625)","5491202e9ea0ec9f8738c636cefb8818945bfb2f42e6ef6633739cb6131b2c9d"
"D01448673_tang_ceiling_pattern_p164_i08_x2251_341x59.png","D01448673_tang_ceiling_pattern.pdf","164","2251","341","59","5.7797","Rect(203.8800048828125, 602.280029296875, 413.0400085449219, 638.4000244140625)","83709f197d67153cba4b3843713c15846f5fe26b5ee55c2422c5c55cbde91ec9"
"D01448673_tang_ceiling_pattern_p164_i09_x2252_607x95.png","D01448673_tang_ceiling_pattern.pdf","164","2252","607","95","6.3895","Rect(205.44000244140625, 665.6400146484375, 411.8399963378906, 697.9200439453125)","d5475343c9a4ae10d8cd601bbf91b00e0b320cd30eeb1540b15e75c8fd414e20"
"D01448673_tang_ceiling_pattern_p164_i10_x2253_409x59.png","D01448673_tang_ceiling_pattern.pdf","164","2253","409","59","6.9322","Rect(203.8800048828125, 719.6400146484375, 412.44000244140625, 749.6400146484375)","4db87f2f0ba0bad4807e2315987e3bc3cd8e91c8160e4bb036b6bae7edbc7fca"
"D01448673_tang_ceiling_pattern_p165_i00_x2256_599x97.png","D01448673_tang_ceiling_pattern.pdf","165","2256","599","97","6.1753","Rect(203.8800048828125, 98.63999938964844, 412.44000244140625, 132.36000061035156)","85fca7a175129bc13db70eb8ada8e5b93d397e0d4ff13bdb434595da5c270318"
"D01448673_tang_ceiling_pattern_p165_i01_x2257_692x138.png","D01448673_tang_ceiling_pattern.pdf","165","2257","692","138","5.0145","Rect(204.60000610351562, 156.0, 412.9200134277344, 197.52000427246094)","e32ce55b58bd9b2eb0d0bb7c632aa6814ab10dca5e2445c1f9b2bbb06b2c884c"
"D01448673_tang_ceiling_pattern_p165_i02_x2258_638x59.png","D01448673_tang_ceiling_pattern.pdf","165","2258","638","59","10.8136","Rect(203.8800048828125, 220.44000244140625, 412.79998779296875, 239.760009765625)","67940cbca1b14d8c980b0fec3b9d24e8f8053cec0e8c7236542a37c1cd982d1d"
"D01448673_tang_ceiling_pattern_p165_i03_x2259_547x75.png","D01448673_tang_ceiling_pattern.pdf","165","2259","547","75","7.2933","Rect(203.8800048828125, 260.3999938964844, 412.79998779296875, 288.9599914550781)","f61f53391bda807ca9f986866d1dd5d6f2d7928fec346a7a27f7dcac8231bb79"
"D01448673_tang_ceiling_pattern_p165_i04_x2260_516x62.png","D01448673_tang_ceiling_pattern.pdf","165","2260","516","62","8.3226","Rect(204.60000610351562, 307.8000183105469, 413.0400085449219, 332.8800048828125)","11b6b479cb8af9b76d466433ffe9b8cd0163e8d0707006cf4458bd1e5d6567f8"
"D01448673_tang_ceiling_pattern_p165_i05_x2261_636x110.png","D01448673_tang_ceiling_pattern.pdf","165","2261","636","110","5.7818","Rect(204.60000610351562, 354.9599914550781, 412.55999755859375, 391.0799865722656)","328ccd698e552f4ed5475e33129c02605bdc929213821704f2f19aaf64a10b0b"
"D01448673_tang_ceiling_pattern_p165_i06_x2262_522x80.png","D01448673_tang_ceiling_pattern.pdf","165","2262","522","80","6.525","Rect(204.60000610351562, 418.4399719238281, 412.9200134277344, 450.3599853515625)","06df89da4d6d0d669010f3f2ddb0017b0902e7e1ee9d2596ae32a69634a42069"
"D01448673_tang_ceiling_pattern_p165_i07_x2263_359x59.png","D01448673_tang_ceiling_pattern.pdf","165","2263","359","59","6.0847","Rect(204.60000610351562, 478.79998779296875, 412.79998779296875, 513.0)","09b4fb8dc8e57a316c609e5281d852484e65dc4037b88a97c82d772d86ab6d22"
"D01448673_tang_ceiling_pattern_p165_i08_x2264_485x73.png","D01448673_tang_ceiling_pattern.pdf","165","2264","485","73","6.6438","Rect(204.60000610351562, 533.5199584960938, 412.20001220703125, 564.719970703125)","c433c45f8d61ba863fa3495ffe84f7f80234919eee646ce1400a7a0bbe125f62"
"D01448673_tang_ceiling_pattern_p165_i09_x2265_394x57.png","D01448673_tang_ceiling_pattern.pdf","165","2265","394","57","6.9123","Rect(204.60000610351562, 579.47998046875, 411.96002197265625, 609.47998046875)","cfcd69b650c1e3161da305f8d12afd314072e626321eb19cd73be63d5c0ab7c5"
"D01448673_tang_ceiling_pattern_p165_i10_x2266_633x57.png","D01448673_tang_ceiling_pattern.pdf","165","2266","633","57","11.1053","Rect(204.60000610351562, 629.8800048828125, 411.96002197265625, 648.47998046875)","d727f5e3584c06c9d1c3756ae9c13abfddafa20d170016d8858e90d722fe7657"
"D01448673_tang_ceiling_pattern_p165_i11_x2267_557x52.png","D01448673_tang_ceiling_pattern.pdf","165","2267","557","52","10.7115","Rect(204.60000610351562, 675.1199951171875, 412.08001708984375, 694.4400024414062) | Rect(204.60000610351562, 720.3599853515625, 412.32000732421875, 739.6799926757812)","91584df4b02d4761dc61dcfca4193321d8ad2a4efaaa44d8f38c944c4a84a9d8"
"D01448673_tang_ceiling_pattern_p166_i00_x2270_489x67.png","D01448673_tang_ceiling_pattern.pdf","166","2270","489","67","7.2985","Rect(203.8800048828125, 92.87999725341797, 412.91998291015625, 121.55999755859375)","98d8aac92bd12aa5a25734801694407fff796508d6bb3bc6adc15a97261d1980"
"D01448673_tang_ceiling_pattern_p166_i01_x2271_370x38.png","D01448673_tang_ceiling_pattern.pdf","166","2271","370","38","9.7368","Rect(204.60000610351562, 141.83999633789062, 413.1600036621094, 163.1999969482422)","378be984a77eb0dd1942cfb966d40a38986b210bc4760a2919793167e73511c5"
"D01448673_tang_ceiling_pattern_p166_i02_x2272_473x69.png","D01448673_tang_ceiling_pattern.pdf","166","2272","473","69","6.8551","Rect(203.8800048828125, 182.52000427246094, 412.67999267578125, 213.0)","6dd0b8dc44d0a163eb1ca53bd2687930ccb7568057a08534bb9c40e1b2370e07"
"D01448673_tang_ceiling_pattern_p166_i03_x2273_339x44.png","D01448673_tang_ceiling_pattern.pdf","166","2273","339","44","7.7045","Rect(205.44000244140625, 230.04000854492188, 412.44000244140625, 256.9200134277344)","47871841e5def7eec5e715a2fe320985b630ae6b1b6ef1408cfbe2b75be399a3"
"D01448673_tang_ceiling_pattern_p166_i04_x2274_438x59.png","D01448673_tang_ceiling_pattern.pdf","166","2274","438","59","7.4237","Rect(204.60000610351562, 274.44000244140625, 412.20001220703125, 302.3999938964844)","a5afd35dbd4ad6cd5902c78681711240026a0573778d60fa20c078794e27d56b"
"D01448673_tang_ceiling_pattern_p166_i05_x2275_303x42.png","D01448673_tang_ceiling_pattern.pdf","166","2275","303","42","7.2143","Rect(204.60000610351562, 318.9599914550781, 412.9200134277344, 347.8800048828125)","3d7f5f4a810ca36b68d67ca084adf508ccfcbceedd855ea35682fc1dd8023b98"
"D01448673_tang_ceiling_pattern_p166_i06_x2276_477x68.png","D01448673_tang_ceiling_pattern.pdf","166","2276","477","68","7.0147","Rect(203.8800048828125, 364.0799865722656, 412.67999267578125, 393.8399963378906)","78305cf77969128268fc7dd16fec2b79d53dfa2dd1145452c46caee152cfdeca"
"D01448673_tang_ceiling_pattern_p166_i07_x2277_354x44.png","D01448673_tang_ceiling_pattern.pdf","166","2277","354","44","8.0455","Rect(204.60000610351562, 410.760009765625, 412.67999267578125, 436.55999755859375)","4b5aaf25d2552339946d9f7da0269fcdbf716762f87fd11543e6a3ba7d3de8a9"
"D01448673_tang_ceiling_pattern_p166_i08_x2278_616x66.png","D01448673_tang_ceiling_pattern.pdf","166","2278","616","66","9.3333","Rect(205.44000244140625, 458.2799987792969, 411.96002197265625, 480.4800109863281)","610123ab7c590437b746cd039526b7e3867fa58555336b92ce2f4d4c7aa3a1da"
"D01448673_tang_ceiling_pattern_p166_i09_x2279_652x112.png","D01448673_tang_ceiling_pattern.pdf","166","2279","652","112","5.8214","Rect(204.60000610351562, 504.5999755859375, 412.08001708984375, 540.239990234375)","27dd02cbef0763795136e7cd91b144bf763d473bed0fbfffc814a8e6d5be25f1"
"D01448673_tang_ceiling_pattern_p166_i10_x2280_355x46.png","D01448673_tang_ceiling_pattern.pdf","166","2280","355","46","7.7174","Rect(203.8800048828125, 561.5999755859375, 412.67999267578125, 588.5999755859375)","9c1f715900922628ef9c8b53793a637039eaca9734b2af5776ec9f2172f69027"
"D01448673_tang_ceiling_pattern_p166_i11_x2281_444x47.png","D01448673_tang_ceiling_pattern.pdf","166","2281","444","47","9.4468","Rect(204.60000610351562, 609.8399658203125, 412.79998779296875, 631.9199829101562)","2d281cab28f8cecfa83f312b1d0502351e0ac07b1214d95ccba36e558bea644f"
"D01448673_tang_ceiling_pattern_p166_i12_x2282_467x78.png","D01448673_tang_ceiling_pattern.pdf","166","2282","467","78","5.9872","Rect(203.8800048828125, 656.1600341796875, 412.79998779296875, 691.0800170898438)","3c43a682393fe63373da2eb30162a23812096bda089f3a7abf7d64cef99ee0be"
"D01448673_tang_ceiling_pattern_p166_i13_x2283_294x32.png","D01448673_tang_ceiling_pattern.pdf","166","2283","294","32","9.1875","Rect(203.8800048828125, 715.4400024414062, 413.8800048828125, 738.239990234375)","ec386d4c45e2e1db152109adba337bb9d5baefacf9117534bd64c7709afa782d"
"D01448673_tang_ceiling_pattern_p167_i00_x2286_305x35.png","D01448673_tang_ceiling_pattern.pdf","167","2286","305","35","8.7143","Rect(204.60000610351562, 95.8800048828125, 412.55999755859375, 119.76000213623047)","dcf9b78f13161305b0aec4801cea91e4e21e425cbafd0d1e207b572f2e135277"
"D01448673_tang_ceiling_pattern_p167_i01_x2287_439x58.png","D01448673_tang_ceiling_pattern.pdf","167","2287","439","58","7.569","Rect(205.44000244140625, 138.83999633789062, 412.20001220703125, 166.1999969482422)","86da0073e4a3cdef3b7b1357b97f06f841ffd478e6f37a7ba97bceab22895995"
"D01448673_tang_ceiling_pattern_p167_i02_x2288_298x28.png","D01448673_tang_ceiling_pattern.pdf","167","2288","298","28","10.6429","Rect(203.8800048828125, 187.79998779296875, 413.0400085449219, 207.47998046875)","00449862d93096af1cdd540ca30bbd18c097282cfdc17fbbe2fe050b583b31f0"
"D01448673_tang_ceiling_pattern_p167_i03_x2289_402x62.png","D01448673_tang_ceiling_pattern.pdf","167","2289","402","62","6.4839","Rect(204.60000610351562, 234.95999145507812, 412.44000244140625, 267.0)","87321c54438ea3a3adb64a4581cd6cf59f38ad04511118e64087021bf3f4502e"
"D01448673_tang_ceiling_pattern_p167_i04_x2290_493x85.png","D01448673_tang_ceiling_pattern.pdf","167","2290","493","85","5.8","Rect(205.44000244140625, 294.5999755859375, 412.20001220703125, 330.239990234375)","a036bcaf374fd2e1f6f97595f12130539471abf7754f1e6457d423da9e4f49ce"
"D01448673_tang_ceiling_pattern_p167_i05_x2291_397x83.png","D01448673_tang_ceiling_pattern.pdf","167","2291","397","83","4.7831","Rect(204.60000610351562, 351.9599914550781, 412.44000244140625, 395.5199890136719)","d91370ff31a89fa3a249e11e8ff356ad52dd5fd799d6fd75bb4448e250c98280"
"D01448673_tang_ceiling_pattern_p167_i06_x2292_364x49.png","D01448673_tang_ceiling_pattern.pdf","167","2292","364","49","7.4286","Rect(203.8800048828125, 412.67999267578125, 412.91998291015625, 440.8800048828125)","3f7cd19a90845eeb29c0dc78a674e245e2afe6919ff4793e6b5627603edbdf5e"
"D01448673_tang_ceiling_pattern_p167_i07_x2293_516x69.png","D01448673_tang_ceiling_pattern.pdf","167","2293","516","69","7.4783","Rect(204.60000610351562, 457.9200134277344, 411.6000061035156, 485.6400146484375)","6563404cac549d84b0c8d58907663a27d9add0d4248fde5a00b951b075b87fc4"
"D01448673_tang_ceiling_pattern_p167_i08_x2294_443x66.png","D01448673_tang_ceiling_pattern.pdf","167","2294","443","66","6.7121","Rect(204.60000610351562, 501.6000061035156, 413.0400085449219, 532.6799926757812)","25f1c24c93e4ee0e15c7da30506a0998a1f04ea6f2a3c777dea23c170842bba3"
"D01448673_tang_ceiling_pattern_p167_i09_x2295_347x47.png","D01448673_tang_ceiling_pattern.pdf","167","2295","347","47","7.383","Rect(205.44000244140625, 548.2799682617188, 412.20001220703125, 576.239990234375)","06d186e6623d9d97d55ac5f64a0ad11c240918a9b196e3735b39c80ef7b92074"
"D01448673_tang_ceiling_pattern_p167_i10_x2296_455x80.png","D01448673_tang_ceiling_pattern.pdf","167","2296","455","80","5.6875","Rect(204.60000610351562, 597.0, 411.84002685546875, 633.3599853515625)","3f4042ebeb71c1dc8f65c0c1478c1296658602035c100a7a6a1adf2441dfecbd"
"D01448673_tang_ceiling_pattern_p167_i11_x2297_418x50.png","D01448673_tang_ceiling_pattern.pdf","167","2297","418","50","8.36","Rect(205.44000244140625, 656.1600341796875, 411.7200012207031, 680.8800048828125)","f82794225b3e5ea5c7b5943fe5d4dad17fc6ed40a508e35cb7807ebe432585f7"
"D01448673_tang_ceiling_pattern_p167_i12_x2298_353x49.png","D01448673_tang_ceiling_pattern.pdf","167","2298","353","49","7.2041","Rect(204.60000610351562, 699.1199951171875, 413.0400085449219, 728.1599731445312)","940fe949097960da1ab94c0fdbfa1cc5322ce1011e224cc44141a3f802be474a"
"D01448673_tang_ceiling_pattern_p168_i00_x2301_342x63.png","D01448673_tang_ceiling_pattern.pdf","168","2301","342","63","5.4286","Rect(204.60000610351562, 96.35999298095703, 413.0400085449219, 134.75999450683594)","78545aaae7b386cebce0603136410a0c41dc814ffaa8058632972abd7063b916"
"D01448673_tang_ceiling_pattern_p168_i01_x2302_595x96.png","D01448673_tang_ceiling_pattern.pdf","168","2302","595","96","6.1979","Rect(204.60000610351562, 159.72000122070312, 412.32000732421875, 193.1999969482422)","a468b126210aac53128d0d8c6fed467641eaf1e0199cd91a7bb7f7a2d2ea9a53"
"D01448673_tang_ceiling_pattern_p168_i02_x2303_463x89.png","D01448673_tang_ceiling_pattern.pdf","168","2303","463","89","5.2022","Rect(204.60000610351562, 217.92001342773438, 412.44000244140625, 257.8800048828125)","66f9ad1c4ba9ac98cf7fbcf3c3d17639a85c5983841365358c0c319a737beb34"
"D01448673_tang_ceiling_pattern_p168_i03_x2304_619x67.png","D01448673_tang_ceiling_pattern.pdf","168","2304","619","67","9.2388","Rect(206.8800048828125, 280.08001708984375, 409.44000244140625, 302.0400085449219)","189bf245f20c80065273f5759a884f709af1d706a8e3bba58bd92f56c85cee6a"
"D01448673_tang_ceiling_pattern_p168_i04_x2305_633x55.png","D01448673_tang_ceiling_pattern.pdf","168","2305","633","55","11.5091","Rect(207.60000610351562, 327.5999755859375, 409.9200134277344, 345.239990234375)","ac9159471b1f050d18e09be0587f017306281d82738bd8e3d803759a41ec782d"
"D01448673_tang_ceiling_pattern_p168_i05_x2306_632x65.png","D01448673_tang_ceiling_pattern.pdf","168","2306","632","65","9.7231","Rect(205.44000244140625, 370.55999755859375, 412.20001220703125, 391.91998291015625)","f2234b8cd660aec1dbd70cca3910e814eb2daa69b7e6b7f32faefb17bde3d0a4"
"D01448673_tang_ceiling_pattern_p168_i06_x2307_636x70.png","D01448673_tang_ceiling_pattern.pdf","168","2307","636","70","9.0857","Rect(204.60000610351562, 414.9599914550781, 412.79998779296875, 437.8800048828125)","af1858116d02f745dca6a9a4055814dfc421aa871c2bb27c668432d55d7f5b58"
"D01448673_tang_ceiling_pattern_p168_i07_x2308_633x90.png","D01448673_tang_ceiling_pattern.pdf","168","2308","633","90","7.0333","Rect(204.60000610351562, 457.20001220703125, 411.7200012207031, 486.6000061035156)","7f658ee5150130b82eda4c0dcbc8769f75c0daebd5e76ad4ebdca21e3ddb8169"
"D01448673_tang_ceiling_pattern_p168_i08_x2309_634x97.png","D01448673_tang_ceiling_pattern.pdf","168","2309","634","97","6.5361","Rect(204.60000610351562, 508.79998779296875, 412.08001708984375, 540.5999755859375)","7e0a97d971acafb010b2ed131810887c4c4ed3fd05c40c98f33889683816263c"
"D01448673_tang_ceiling_pattern_p168_i09_x2310_633x169.png","D01448673_tang_ceiling_pattern.pdf","168","2310","633","169","3.7456","Rect(204.60000610351562, 566.760009765625, 411.84002685546875, 622.2000122070312)","c5545ea6a90b14442e10f0a7ed56837f64bac3a26a7aba311e89412a92f0bded"
"D01448673_tang_ceiling_pattern_p168_i10_x2311_634x90.png","D01448673_tang_ceiling_pattern.pdf","168","2311","634","90","7.0444","Rect(204.60000610351562, 640.5599975585938, 412.20001220703125, 669.9600219726562)","37c4d09dd942ae81da43f5a48cc13796237dcf2c7ad84820079054e2ecc2d3b8"
"D01448673_tang_ceiling_pattern_p168_i11_x2312_634x66.png","D01448673_tang_ceiling_pattern.pdf","168","2312","634","66","9.6061","Rect(204.60000610351562, 689.52001953125, 412.20001220703125, 711.1199951171875)","6bf3dac3bc84888a17f6c62eb1f204dc55a9a47615878917f5444c15b949d4bb"
"D01448673_tang_ceiling_pattern_p168_i12_x2313_793x109.png","D01448673_tang_ceiling_pattern.pdf","168","2313","793","109","7.2752","Rect(204.60000610351562, 731.760009765625, 412.08001708984375, 760.3200073242188)","cb02f7b2f3d58770247dfe95ccee2e72b4716c3cfb8b1d2347953c300c464a4f"
"D01448673_tang_ceiling_pattern_p169_i00_x2316_619x64.png","D01448673_tang_ceiling_pattern.pdf","169","2316","619","64","9.6719","Rect(203.8800048828125, 96.5999984741211, 412.55999755859375, 118.19999694824219)","335566c71a563cd751a63c5584967e24f79581cbed0b06abf376b65c41214e9a"
"D01448673_tang_ceiling_pattern_p169_i01_x2317_615x86.png","D01448673_tang_ceiling_pattern.pdf","169","2317","615","86","7.1512","Rect(203.8800048828125, 138.1199951171875, 412.67999267578125, 167.27999877929688)","30f0a69b2022d1cf048bc6925316b3e59c58f7d3709617d6a18fdbb90e843472"
"D01448673_tang_ceiling_pattern_p169_i02_x2318_659x66.png","D01448673_tang_ceiling_pattern.pdf","169","2318","659","66","9.9848","Rect(201.60000610351562, 187.0800018310547, 415.32000732421875, 208.44000244140625)","9cd92ef74e76db0491407cb11bded8dd51c6ca966bda33d8f71c0d6cde9958fe"
"D01448673_tang_ceiling_pattern_p169_i03_x2319_744x93.png","D01448673_tang_ceiling_pattern.pdf","169","2319","744","93","8.0","Rect(205.44000244140625, 230.0399932861328, 412.20001220703125, 255.83999633789062)","d1c254822148c567a8f7eaf47eadd91037f0baef84e93cfb5e70a3bace90ee5f"
"D01448673_tang_ceiling_pattern_p169_i04_x2320_635x112.png","D01448673_tang_ceiling_pattern.pdf","169","2320","635","112","5.6696","Rect(204.60000610351562, 277.9200134277344, 412.44000244140625, 314.6400146484375)","0cc00bc6c0e7bd587a6281a334537678f00c3afa6a02afce7e0a10679d65cc3a"
"D01448673_tang_ceiling_pattern_p169_i05_x2321_765x118.png","D01448673_tang_ceiling_pattern.pdf","169","2321","765","118","6.4831","Rect(203.8800048828125, 341.2799987792969, 413.6400146484375, 373.67999267578125)","6a27a7b5b56b66b6204f8afadbdd47454e974186cbf4a0b4b6ae42a56ba2d477"
"D01448673_tang_ceiling_pattern_p169_i06_x2322_639x77.png","D01448673_tang_ceiling_pattern.pdf","169","2322","639","77","8.2987","Rect(203.8800048828125, 398.2799987792969, 413.0400085449219, 423.6000061035156)","37e43755b957e0563c50b0cfe2d7ff51cd0df724603b66c902a5bd73c1e963fc"
"D01448673_tang_ceiling_pattern_p169_i07_x2323_638x74.png","D01448673_tang_ceiling_pattern.pdf","169","2323","638","74","8.6216","Rect(203.8800048828125, 443.4000244140625, 412.79998779296875, 467.760009765625)","ea55a7b68649361fa8888160f8b2be8087507810da5746ed1e6641178548ae7c"
"D01448673_tang_ceiling_pattern_p190_i03_x2493_211x32.png","D01448673_tang_ceiling_pattern.pdf","190","2493","211","32","6.5938","Rect(205.55999755859375, 284.1600036621094, 423.8399963378906, 317.2799987792969)","6bb2c56b7fb7937b74fb8f6195ae8830c19e7c9db81b5589deb00e576f845828"
"D01448673_tang_ceiling_pattern_p190_i04_x2494_532x99.png","D01448673_tang_ceiling_pattern.pdf","190","2494","532","99","5.3737","Rect(204.83999633789062, 331.9200134277344, 423.9599914550781, 372.7200012207031)","cc9f3463b870d0816b546adcbc194c96c6b11bd58a937fd3e73bd308dd87503d"
"D01448673_tang_ceiling_pattern_p190_i07_x2497_655x115.png","D01448673_tang_ceiling_pattern.pdf","190","2497","655","115","5.6957","Rect(206.27999877929688, 456.1199951171875, 422.6400146484375, 494.1600036621094)","68b2d1110c459259e4836c394b211dac016546799514ecb0bb99ddd3f34d7829"
"D01448673_tang_ceiling_pattern_p190_i08_x2498_539x116.png","D01448673_tang_ceiling_pattern.pdf","190","2498","539","116","4.6466","Rect(204.0, 511.20001220703125, 425.3999938964844, 558.8400268554688)","d642a0045d644b4e6b17f8991b963ac6dfef616aa949bda0e7c259fd5936a143"
"D01448673_tang_ceiling_pattern_p190_i09_x2499_529x100.png","D01448673_tang_ceiling_pattern.pdf","190","2499","529","100","5.29","Rect(204.83999633789062, 573.719970703125, 424.67999267578125, 615.3599853515625)","bf9b6fe798e8940532c0085a4c8ef090469e2a924fe1eb7055c228c4ede5d4bf"
"D01448673_tang_ceiling_pattern_p190_i10_x2500_318x61.png","D01448673_tang_ceiling_pattern.pdf","190","2500","318","61","5.2131","Rect(204.83999633789062, 624.47998046875, 424.20001220703125, 666.5999755859375)","cf0f649e205efdd9b4f067dbcf3453f1de198fedb1bd34a8cfacdf1d938aeba6"
"D01448673_tang_ceiling_pattern_p190_i11_x2501_637x143.png","D01448673_tang_ceiling_pattern.pdf","190","2501","637","143","4.4545","Rect(204.0, 680.280029296875, 424.67999267578125, 729.8400268554688)","2ec72f114a37e425bcb254f9ff04435662b4c505416f0a931f69852ed1615ca5"
"D01448673_tang_ceiling_pattern_p191_i00_x2506_445x74.png","D01448673_tang_ceiling_pattern.pdf","191","2506","445","74","6.0135","Rect(204.0, 92.27999877929688, 424.79998779296875, 129.0)","399624eb0cca52d9f3137e04f775277b0b0b6b0ad44dd8108517726393d5b768"
"D01448673_tang_ceiling_pattern_p191_i01_x2507_624x49.png","D01448673_tang_ceiling_pattern.pdf","191","2507","624","49","12.7347","Rect(204.83999633789062, 145.67999267578125, 424.32000732421875, 162.83999633789062)","cbeeb04e8cef6527775592ad97a1ea94ffdcfe1f09150261379ed9c3423a6697"
"D01448673_tang_ceiling_pattern_p191_i02_x2508_587x87.png","D01448673_tang_ceiling_pattern.pdf","191","2508","587","87","6.7471","Rect(204.0, 181.6800079345703, 424.79998779296875, 214.44000244140625)","b03848b3ff1e5c2778d49c93c30ff1e0b9f2c703565285f685b1cd6bbafd880c"
"D01448673_tang_ceiling_pattern_p191_i03_x2509_507x32.png","D01448673_tang_ceiling_pattern.pdf","191","2509","507","32","15.8438","Rect(205.55999755859375, 228.59999084472656, 423.9599914550781, 242.39999389648438)","03a149a65081412c96eb18e0dbf2f1a56d0a37b6b9b26a918d1e65c05410d12d"
"D01448673_tang_ceiling_pattern_p191_i04_x2510_640x49.png","D01448673_tang_ceiling_pattern.pdf","191","2510","640","49","13.0612","Rect(204.83999633789062, 257.0400085449219, 424.44000244140625, 273.8399963378906)","ae3f8a10fef076abf2e71e9042720c9d111115f9a60b5f63e303f41507512f48"
"D01448673_tang_ceiling_pattern_p191_i05_x2511_382x62.png","D01448673_tang_ceiling_pattern.pdf","191","2511","382","62","6.1613","Rect(205.55999755859375, 291.6000061035156, 424.20001220703125, 327.0)","7635d45ec5cc6e0be0b93332db0c286dd35584e776d322dc28d6dbee9dfc5cdc"
"D01448673_tang_ceiling_pattern_p191_i06_x2512_598x79.png","D01448673_tang_ceiling_pattern.pdf","191","2512","598","79","7.5696","Rect(204.0, 338.1600036621094, 425.3999938964844, 367.44000244140625)","899f3ff2a63af6c9c4a544c03d12a7662b56e69fcca279fb6fa5f5de78a05fc1"
"D01448673_tang_ceiling_pattern_p191_i07_x2513_610x126.png","D01448673_tang_ceiling_pattern.pdf","191","2513","610","126","4.8413","Rect(204.83999633789062, 373.55999755859375, 424.91998291015625, 419.0400085449219)","d6a53b345732caadc97032411759f247518d8c94147e44509256efd36867b697"
"D01448673_tang_ceiling_pattern_p191_i08_x2514_847x105.png","D01448673_tang_ceiling_pattern.pdf","191","2514","847","105","8.0667","Rect(205.55999755859375, 426.1199951171875, 423.9599914550781, 453.239990234375)","c8dc578c804e90a2785a61188aac317dc804901de6bc3ede065bd1744a54125d"
"D01448673_tang_ceiling_pattern_p191_i09_x2515_510x46.png","D01448673_tang_ceiling_pattern.pdf","191","2515","510","46","11.087","Rect(204.83999633789062, 465.4800109863281, 423.8399963378906, 485.1600036621094)","03f3ba4c28c530977a11e5c9d0e7b19ce19b8399f4fd3c4e2be3f6cf6f252988"
"D01448673_tang_ceiling_pattern_p191_i10_x2516_567x64.png","D01448673_tang_ceiling_pattern.pdf","191","2516","567","64","8.8594","Rect(205.55999755859375, 498.8399963378906, 424.44000244140625, 523.5599975585938)","50a1a4a473f02de036391803bf9f71fb1af1055e9674183c39008725c529d665"
"D01448673_tang_ceiling_pattern_p191_i11_x2517_674x71.png","D01448673_tang_ceiling_pattern.pdf","191","2517","674","71","9.493","Rect(204.0, 535.2000122070312, 424.55999755859375, 558.3599853515625)","c0cc6385ca3ab0855aa30858073989f60dd9098270ba4a02acba702de7d4cb03"
"D01448673_tang_ceiling_pattern_p191_i12_x2518_452x66.png","D01448673_tang_ceiling_pattern.pdf","191","2518","452","66","6.8485","Rect(204.83999633789062, 574.2000122070312, 423.9599914550781, 606.239990234375)","93c0c01a2bde16aa218a607151320dcfcf4afe4f09224c2c2204341db8269cf0"
"D01448673_tang_ceiling_pattern_p191_i13_x2519_495x102.png","D01448673_tang_ceiling_pattern.pdf","191","2519","495","102","4.8529","Rect(204.0, 619.56005859375, 426.0, 665.280029296875)","63f10c1aa239950ac95573545bfb5a0175f80f2544cf3bcfcd7b0074c7903fa5"
"D01448673_tang_ceiling_pattern_p191_i14_x2520_762x93.png","D01448673_tang_ceiling_pattern.pdf","191","2520","762","93","8.1935","Rect(204.83999633789062, 673.5599975585938, 424.91998291015625, 700.4400024414062)","ea3507cd101baf920e18ffbc9b9903dbfc95785043a7a81eaddc9d9d408097e9"
"D01448673_tang_ceiling_pattern_p191_i15_x2521_667x87.png","D01448673_tang_ceiling_pattern.pdf","191","2521","667","87","7.6667","Rect(204.83999633789062, 707.6400146484375, 424.79998779296875, 736.3200073242188)","a6aad092effa48ce246e0926a318309583820492f5bba759469072f86eb66546"
"D01448673_tang_ceiling_pattern_p192_i00_x2524_559x68.png","D01448673_tang_ceiling_pattern.pdf","192","2524","559","68","8.2206","Rect(205.55999755859375, 89.76000213623047, 424.55999755859375, 116.4000015258789)","5427611a20c7cbbb9e8526da95b3306dfe8d1477433b4f78d69ee140e3446cd9"
"D01448673_tang_ceiling_pattern_p192_i01_x2525_462x50.png","D01448673_tang_ceiling_pattern.pdf","192","2525","462","50","9.24","Rect(204.0, 126.96000671386719, 424.91998291015625, 150.9600067138672)","adf40b1f2b7a0d1ca1f77a636b4eecf13df5cdd8ee48ca1c2a405b18383b4dfc"
"D01448673_tang_ceiling_pattern_p192_i02_x2526_304x34.png","D01448673_tang_ceiling_pattern.pdf","192","2526","304","34","8.9412","Rect(204.83999633789062, 161.75999450683594, 424.91998291015625, 186.36000061035156)","a02d398e4d5a9efeeff1e81119e7638028b648916f53eb59ed1b126092bbd4a2"
"D01448673_tang_ceiling_pattern_p192_i03_x2527_377x41.png","D01448673_tang_ceiling_pattern.pdf","192","2527","377","41","9.1951","Rect(205.55999755859375, 198.12001037597656, 424.20001220703125, 221.8800048828125)","c946943e0fcb1a5bb798aefcd1605b565de7452d40b801e861916a22eb475e60"
"D01448673_tang_ceiling_pattern_p192_i05_x2529_332x26.png","D01448673_tang_ceiling_pattern.pdf","192","2529","332","26","12.7692","Rect(204.0, 343.55999755859375, 425.8800048828125, 360.9599914550781)","0f1d92e3f259ad4c9ecab684d4e517cdf359faba278d532454ed209f72e03eb8"
"D01448673_tang_ceiling_pattern_p192_i06_x2530_298x25.png","D01448673_tang_ceiling_pattern.pdf","192","2530","298","25","11.92","Rect(205.55999755859375, 378.3600158691406, 423.239990234375, 396.6000061035156)","6e28d3474b6bd2b5f6d87734d3b8a7b5c47ebd6baefe5db5964f0f9a1bfc6e99"
"D01448673_tang_ceiling_pattern_p192_i07_x2531_413x35.png","D01448673_tang_ceiling_pattern.pdf","192","2531","413","35","11.8","Rect(203.27999877929688, 414.0, 426.239990234375, 432.9599914550781)","d8be4dae3603051923283d1fe346463f2aeed5bb20fa240b724e3ebad514db9f"
"D01448673_tang_ceiling_pattern_p192_i08_x2532_674x78.png","D01448673_tang_ceiling_pattern.pdf","192","2532","674","78","8.641","Rect(204.0, 445.79998779296875, 424.55999755859375, 471.3599853515625)","2d003f6d0336a612fccc3924befe66fdbb63c2a47498dd97b20b4f7cead38775"
"D01448673_tang_ceiling_pattern_p192_i09_x2533_503x46.png","D01448673_tang_ceiling_pattern.pdf","192","2533","503","46","10.9348","Rect(204.83999633789062, 484.44000244140625, 424.44000244140625, 504.4800109863281)","d9843602ee331de7c58eb03a98a732c9afdc161c72f4643fcb84ed53b6e54c2e"
"D01448673_tang_ceiling_pattern_p192_i10_x2534_401x47.png","D01448673_tang_ceiling_pattern.pdf","192","2534","401","47","8.5319","Rect(203.27999877929688, 517.0800170898438, 425.2799987792969, 543.1199951171875)","1ca3ab6d695f5e00fbcaa33091bc527a890645eea318cbbe65fc0de1488e10ef"
"D01448673_tang_ceiling_pattern_p192_i11_x2535_524x64.png","D01448673_tang_ceiling_pattern.pdf","192","2535","524","64","8.1875","Rect(204.83999633789062, 552.5999755859375, 424.55999755859375, 579.47998046875)","c388c340d1ed8ab6dc6ae8c392a644cce36b7cbd663df90826c848ffd41894ac"
"D01448673_tang_ceiling_pattern_p192_i12_x2536_342x35.png","D01448673_tang_ceiling_pattern.pdf","192","2536","342","35","9.7714","Rect(205.55999755859375, 590.52001953125, 423.47998046875, 612.8400268554688)","7384e17eb9a829ea152c32045cbafae34a53ab53026367d8313f31150020df0b"
"D01448673_tang_ceiling_pattern_p192_i13_x2537_432x68.png","D01448673_tang_ceiling_pattern.pdf","192","2537","432","68","6.3529","Rect(204.83999633789062, 627.3599853515625, 425.03997802734375, 662.0399780273438)","bf4797dd0b0f6200fb882a44c84d12995ecf02e9de0a1244f3b52fe94bdc8d31"
"D01448673_tang_ceiling_pattern_p192_i14_x2538_302x40.png","D01448673_tang_ceiling_pattern.pdf","192","2538","302","40","7.55","Rect(204.83999633789062, 675.0, 424.44000244140625, 704.0399780273438)","eb8ff36dc06cf1dc63eef9874fb46d73e069464e180f6f85ae24683c606fb297"
"D01448673_tang_ceiling_pattern_p192_i15_x2539_630x123.png","D01448673_tang_ceiling_pattern.pdf","192","2539","630","123","5.122","Rect(204.83999633789062, 712.7999877929688, 424.20001220703125, 755.6400146484375)","c05a495cbb489319f104eb18e391caa4a3e042f35b199a26298dbab00302ae29"
"D01448673_tang_ceiling_pattern_p193_i00_x2542_677x123.png","D01448673_tang_ceiling_pattern.pdf","193","2542","677","123","5.5041","Rect(204.83999633789062, 90.83999633789062, 423.8399963378906, 130.67999267578125)","7e6996a448e0fe4f8ab04966ef1812e7af31206b0e53a818c17eb59ba6d351e0"
"D01448673_tang_ceiling_pattern_p193_i01_x2543_313x57.png","D01448673_tang_ceiling_pattern.pdf","193","2543","313","57","5.4912","Rect(204.0, 142.32000732421875, 424.79998779296875, 182.52000427246094)","3e1359354f69a4ee9831d4f2c45c2aeba179b12a1e7fd2d9ccef03cbfb78f4ed"
"D01448673_tang_ceiling_pattern_p193_i02_x2544_411x47.png","D01448673_tang_ceiling_pattern.pdf","193","2544","411","47","8.7447","Rect(205.55999755859375, 193.44000244140625, 424.55999755859375, 218.52000427246094)","866b6df9ae0539c529025b7689a5690456e5ccf75d3cf2a9eda5a837f7c8a674"
"D01448673_tang_ceiling_pattern_p193_i03_x2545_457x38.png","D01448673_tang_ceiling_pattern.pdf","193","2545","457","38","12.0263","Rect(205.55999755859375, 232.0800018310547, 424.32000732421875, 250.32000732421875)","c4e880841fb37f9fe74efe5405263daccc9fc1b9302735bc10a2f78f0a317381"
"D01448673_tang_ceiling_pattern_p193_i04_x2546_499x55.png","D01448673_tang_ceiling_pattern.pdf","193","2546","499","55","9.0727","Rect(205.55999755859375, 265.44000244140625, 423.47998046875, 289.44000244140625)","8bfa3c96956f02cc0d8de509b4c29e9ecfd341df7c8ac64dc42dd5b27ffd9b8b"
"D01448673_tang_ceiling_pattern_p193_i05_x2547_307x42.png","D01448673_tang_ceiling_pattern.pdf","193","2547","307","42","7.3095","Rect(205.55999755859375, 298.79998779296875, 423.9599914550781, 328.67999267578125)","2ac40b5f0e0e1397bd4d929aee1622ac1e617631f9f876a4193bd72dd31c5e53"
"D01448673_tang_ceiling_pattern_p193_i07_x2549_674x75.png","D01448673_tang_ceiling_pattern.pdf","193","2549","674","75","8.9867","Rect(204.0, 373.0799865722656, 424.67999267578125, 397.67999267578125)","b517576a6475de0009d6cecb86ded9c8f25ab127fbbdabe442bd1b8fa875fa31"
"D01448673_tang_ceiling_pattern_p193_i08_x2550_565x71.png","D01448673_tang_ceiling_pattern.pdf","193","2550","565","71","7.9577","Rect(204.83999633789062, 407.3999938964844, 425.2799987792969, 435.1199951171875)","fa4bfbdf607aaccf61749cffc03dbc2c0e8016326cb3ed021e7e389961675803"
"D01448673_tang_ceiling_pattern_p193_i09_x2551_599x118.png","D01448673_tang_ceiling_pattern.pdf","193","2551","599","118","5.0763","Rect(205.55999755859375, 443.8800048828125, 423.7200012207031, 486.8399963378906)","7dcba48f60a74e555a412c3ac2af45f5f0cde3625644641f4f35509bbc930720"
"D01448673_tang_ceiling_pattern_p193_i10_x2552_416x85.png","D01448673_tang_ceiling_pattern.pdf","193","2552","416","85","4.8941","Rect(206.27999877929688, 495.2400207519531, 423.8399963378906, 539.6400146484375)","347f226737476a326d95e1662802306fd1349ff926505e07fe51d2a7eeb846a2"
"D01448673_tang_ceiling_pattern_p193_i11_x2553_425x41.png","D01448673_tang_ceiling_pattern.pdf","193","2553","425","41","10.3659","Rect(205.55999755859375, 550.7999877929688, 424.44000244140625, 571.9199829101562)","e67fcf48cdd38a50fb943ce3b7e501a9facaed3e42035a5f6ec2014ecbee6bd4"
"D01448673_tang_ceiling_pattern_p193_i12_x2554_465x62.png","D01448673_tang_ceiling_pattern.pdf","193","2554","465","62","7.5","Rect(205.55999755859375, 584.760009765625, 423.239990234375, 613.7999877929688)","82d9183b280de9869ed24de5a5641d0902070a91febd357b5a065711f4ec0ae9"
"D01448673_tang_ceiling_pattern_p193_i13_x2555_423x42.png","D01448673_tang_ceiling_pattern.pdf","193","2555","423","42","10.0714","Rect(205.55999755859375, 626.280029296875, 424.32000732421875, 648.0)","5ec2cba3594f3a32c0ff05ed49ee03c8eceed4739ea0593c01176f840fd7dd0f"
"D01448673_tang_ceiling_pattern_p193_i14_x2556_382x60.png","D01448673_tang_ceiling_pattern.pdf","193","2556","382","60","6.3667","Rect(204.83999633789062, 663.8400268554688, 424.20001220703125, 698.280029296875)","a85565b0d2ea204fe86b40e7316bdf5a2e091cb1b19963dd770b0741c8758e73"
"D01448673_tang_ceiling_pattern_p193_i15_x2557_355x36.png","D01448673_tang_ceiling_pattern.pdf","193","2557","355","36","9.8611","Rect(204.83999633789062, 713.3999633789062, 423.9599914550781, 735.5999755859375)","1fdfde250987b10a3c1eab41624874e15dae7cd3c528f90f87403ba3e19ea184"
"D01448673_tang_ceiling_pattern_p194_i00_x2560_397x51.png","D01448673_tang_ceiling_pattern.pdf","194","2560","397","51","7.7843","Rect(204.83999633789062, 88.80000305175781, 424.32000732421875, 117.0)","d80b8a01eb181ddc3d72dc339f01b5b5d5aef250f77f7d7da1dc4f85561af675"
"D01448673_tang_ceiling_pattern_p194_i01_x2561_410x43.png","D01448673_tang_ceiling_pattern.pdf","194","2561","410","43","9.5349","Rect(204.83999633789062, 126.72000122070312, 425.2799987792969, 149.8800048828125)","bcb55ea6d5a5d346dd3a1d54f48745c96041578012e516c8e6beb9199db9828d"
"D01448673_tang_ceiling_pattern_p194_i02_x2562_306x53.png","D01448673_tang_ceiling_pattern.pdf","194","2562","306","53","5.7736","Rect(204.83999633789062, 162.72000122070312, 424.79998779296875, 200.8800048828125)","4f24b77b9edc7b5ef47f34b7fab439a4126df38e625f4c8a4add931d2a670d3a"
"D01448673_tang_ceiling_pattern_p194_i03_x2563_548x75.png","D01448673_tang_ceiling_pattern.pdf","194","2563","548","75","7.3067","Rect(204.83999633789062, 211.0800018310547, 423.9599914550781, 241.0800018310547)","b409b2d68817140019e7773d50eed2280a53451da44875f6eed22ca082662ce4"
"D01448673_tang_ceiling_pattern_p194_i04_x2564_474x89.png","D01448673_tang_ceiling_pattern.pdf","194","2564","474","89","5.3258","Rect(204.83999633789062, 249.0, 424.44000244140625, 290.2799987792969)","7f8cb74d8653b1ebf47c091a14af9f0fd516a3acba17dd79e0688e97bd265642"
"D01448673_tang_ceiling_pattern_p194_i05_x2565_395x63.png","D01448673_tang_ceiling_pattern.pdf","194","2565","395","63","6.2698","Rect(204.83999633789062, 303.4800109863281, 425.1600036621094, 338.6400146484375)","7ce1d03c4ba90814ecdbffb74c81333f6f1c9762f7344db5a8bbcf86668998fa"
"D01448673_tang_ceiling_pattern_p194_i06_x2566_329x36.png","D01448673_tang_ceiling_pattern.pdf","194","2566","329","36","9.1389","Rect(204.83999633789062, 353.1600036621094, 423.9599914550781, 377.1600036621094)","551c862349757b953ff4fe8cd10d7e7f757842ad9aa904a6bfd331d48355c1d4"
"D01448673_tang_ceiling_pattern_p194_i07_x2567_523x85.png","D01448673_tang_ceiling_pattern.pdf","194","2567","523","85","6.1529","Rect(205.55999755859375, 390.5999755859375, 424.44000244140625, 426.239990234375)","0b89cc287da51346a9c1f8a8210b1aedd9c2306a8c1925e7671ad0c5ee3dad37"
"D01448673_tang_ceiling_pattern_p194_i08_x2568_297x47.png","D01448673_tang_ceiling_pattern.pdf","194","2568","297","47","6.3191","Rect(204.83999633789062, 442.20001220703125, 425.3999938964844, 477.1199951171875)","cadaf6435b8ec161d6e3720e509ad61edeb4571a8ff1afc31b06c7b16cc58e43"
"D01448673_tang_ceiling_pattern_p194_i09_x2569_324x34.png","D01448673_tang_ceiling_pattern.pdf","194","2569","324","34","9.5294","Rect(204.0, 491.7599792480469, 424.67999267578125, 514.9199829101562)","04fa19354f93ed0788be3b6da4c8dfb0aeecce714121c1c471e880712955293a"
"D01448673_tang_ceiling_pattern_p194_i10_x2570_310x85.png","D01448673_tang_ceiling_pattern.pdf","194","2570","310","85","3.6471","Rect(203.27999877929688, 524.6399536132812, 425.52001953125, 585.5999755859375)","c4329063d494991d6c7cebd84472a627df2c54998d5e90a2c30b38808503435b"
"D01448673_tang_ceiling_pattern_p194_i11_x2571_556x58.png","D01448673_tang_ceiling_pattern.pdf","194","2571","556","58","9.5862","Rect(205.55999755859375, 594.9600219726562, 424.08001708984375, 617.760009765625)","00b62190dba8741724a349b49b15171d1bceb2c3a1ed60dea463fa9f7218717a"
"D01448673_tang_ceiling_pattern_p194_i12_x2572_352x91.png","D01448673_tang_ceiling_pattern.pdf","194","2572","352","91","3.8681","Rect(203.27999877929688, 629.1600341796875, 426.239990234375, 686.760009765625)","77383b67c89a24b128b3cb6963839cfffccd52c12623310cd6c7f9dc6decafcd"
"D01448673_tang_ceiling_pattern_p194_i13_x2573_673x119.png","D01448673_tang_ceiling_pattern.pdf","194","2573","673","119","5.6555","Rect(204.83999633789062, 698.4000244140625, 425.03997802734375, 737.4000244140625)","fbc41103a75d91c0407bc9064bf8d9417340a7a2b6ca61f5d8e733b57d36b173"
"D01448673_tang_ceiling_pattern_p195_i00_x2576_413x151.png","D01448673_tang_ceiling_pattern.pdf","195","2576","413","151","2.7351","Rect(204.0, 93.7199935913086, 425.8800048828125, 174.83999633789062)","0f57ec0e179dbc106f44f0cb9fb7e9a9cafc647e8789da1d506586cf3f04d445"
"D01448673_tang_ceiling_pattern_p195_i01_x2577_413x166.png","D01448673_tang_ceiling_pattern.pdf","195","2577","413","166","2.488","Rect(203.27999877929688, 189.36000061035156, 426.3599853515625, 279.0)","3bf4bfe90104f3d1fb500ee1607417bc59731a8a9adf41437588da90382bd0c2"
"D01448673_tang_ceiling_pattern_p195_i02_x2578_423x55.png","D01448673_tang_ceiling_pattern.pdf","195","2578","423","55","7.6909","Rect(204.0, 289.32000732421875, 424.67999267578125, 318.1199951171875)","b4daddc398f02da05ca15390a49ad56de7fe6f19edc43094e53f353e25cc90fe"
"D01448673_tang_ceiling_pattern_p195_i03_x2579_668x86.png","D01448673_tang_ceiling_pattern.pdf","195","2579","668","86","7.7674","Rect(205.55999755859375, 328.0799865722656, 424.32000732421875, 356.2799987792969)","45bf70a92739e7ce14b22e72ca7dad15347fc8e48c76933c229d926ed6a5b88f"
"D01448673_tang_ceiling_pattern_p195_i04_x2580_673x129.png","D01448673_tang_ceiling_pattern.pdf","195","2580","673","129","5.2171","Rect(204.83999633789062, 364.20001220703125, 424.91998291015625, 406.55999755859375)","74d7b273cfe9cfce53f53260a59c76fd21d1e5929f119b5b57129181615622c4"
"D01448673_tang_ceiling_pattern_p195_i05_x2581_671x112.png","D01448673_tang_ceiling_pattern.pdf","195","2581","671","112","5.9911","Rect(204.83999633789062, 418.79998779296875, 424.44000244140625, 455.3999938964844)","0da19e69a09f3ab43807c4214bbd8c67f789b7b7045588b338f615a53b5d80bb"
"D01448673_tang_ceiling_pattern_p195_i06_x2582_601x113.png","D01448673_tang_ceiling_pattern.pdf","195","2582","601","113","5.3186","Rect(204.83999633789062, 468.0, 423.9599914550781, 509.1600036621094)","9fdaca7d844b40597d6207e2c5ee5cd7ddc462f6ab842c47392a784db042f518"
"D01448673_tang_ceiling_pattern_p195_i07_x2583_670x89.png","D01448673_tang_ceiling_pattern.pdf","195","2583","670","89","7.5281","Rect(204.83999633789062, 519.6000366210938, 424.08001708984375, 548.760009765625)","364008f7770570b4621b3d55220a6ec894fda27cd7d8a910a0d8b62b4aa747e8"
"D01448673_tang_ceiling_pattern_p195_i08_x2584_651x84.png","D01448673_tang_ceiling_pattern.pdf","195","2584","651","84","7.75","Rect(204.0, 557.8800048828125, 425.2799987792969, 586.4400024414062)","e3a932c3c62eea0ceaff50ded17911144dbb0cc94a192336aa20e9304570401f"
"D01448673_tang_ceiling_pattern_p195_i09_x2585_745x94.png","D01448673_tang_ceiling_pattern.pdf","195","2585","745","94","7.9255","Rect(204.0, 595.0799560546875, 425.3999938964844, 623.0399780273438)","3b00549feb3465f718d23648b90ba65a65660996b0adac50d9fd298e63bbcafa"
"D01448673_tang_ceiling_pattern_p195_i10_x2586_678x103.png","D01448673_tang_ceiling_pattern.pdf","195","2586","678","103","6.5825","Rect(204.0, 635.6400146484375, 425.760009765625, 669.239990234375)","f95827057b54f785513692ae4554804d8d4cd4fb989c72de5eb5470ad5669c06"
"D01448673_tang_ceiling_pattern_p197_i00_x2591_662x406.png","D01448673_tang_ceiling_pattern.pdf","197","2591","662","406","1.6305","Rect(185.16000366210938, 127.80000305175781, 409.32000732421875, 265.44000244140625)","554b8a4283c16dbe3598bf950c3358ae17e12d7f2ccdea4f741cf1185fb73fec"
"D01448673_tang_ceiling_pattern_p198_i02_x2604_339x47.png","D01448673_tang_ceiling_pattern.pdf","198","2604","339","47","7.2128","Rect(93.5999984741211, 247.55999755859375, 283.55999755859375, 273.9599914550781)","0472706a686b53c06fdd23a6d62ab8e6aaf49c777b54148dbc7ce99afd5ba798"
"D01448673_tang_ceiling_pattern_p198_i03_x2605_484x66.png","D01448673_tang_ceiling_pattern.pdf","198","2605","484","66","7.3333","Rect(93.5999984741211, 295.44000244140625, 282.9599914550781, 321.239990234375)","642b380f9b5c5cdf28dd2c83f7614308dce1337bebb2c19afce8dce835e4a72f"
"D01448673_tang_ceiling_pattern_p199_i00_x2609_912x572.png","D01448673_tang_ceiling_pattern.pdf","199","2609","912","572","1.5944","Rect(148.44000244140625, 186.9600067138672, 446.8800048828125, 374.1600036621094)","f87fea70a36b79d6baea914c7471af3264d17cea7f9a65d0c8fc0959ada72967"
"D01448673_tang_ceiling_pattern_p199_i01_x2610_912x587.png","D01448673_tang_ceiling_pattern.pdf","199","2610","912","587","1.5537","Rect(147.60000610351562, 417.3599853515625, 446.1600036621094, 609.3599853515625)","ee3cff4a15d5589eb29906003f70b9ff7b2cc907ee5077381df91c237edcbf8b"
"D01448673_tang_ceiling_pattern_p200_i00_x2571_556x58.png","D01448673_tang_ceiling_pattern.pdf","200","2571","556","58","9.5862","Rect(207.36000061035156, 497.280029296875, 425.8800048828125, 520.0800170898438)","00b62190dba8741724a349b49b15171d1bceb2c3a1ed60dea463fa9f7218717a"
"D01448673_tang_ceiling_pattern_p200_i01_x2573_673x119.png","D01448673_tang_ceiling_pattern.pdf","200","2573","673","119","5.6555","Rect(206.63999938964844, 530.1599731445312, 426.8399963378906, 569.1599731445312)","fbc41103a75d91c0407bc9064bf8d9417340a7a2b6ca61f5d8e733b57d36b173"
"D01448673_tang_ceiling_pattern_p200_i02_x2578_423x55.png","D01448673_tang_ceiling_pattern.pdf","200","2578","423","55","7.6909","Rect(205.8000030517578, 705.6000366210938, 426.47998046875, 734.4000244140625)","b4daddc398f02da05ca15390a49ad56de7fe6f19edc43094e53f353e25cc90fe"
"D01448673_tang_ceiling_pattern_p200_i03_x2613_601x162.png","D01448673_tang_ceiling_pattern.pdf","200","2613","601","162","3.7099","Rect(90.95999908447266, 137.16000366210938, 294.3599853515625, 192.0)","6664bfb346eb384aa5c26b18e8cfd8751f6a18185ef66aa63d98dbd00079a9f4"
"D01448673_tang_ceiling_pattern_p200_i04_x2614_547x213.png","D01448673_tang_ceiling_pattern.pdf","200","2614","547","213","2.5681","Rect(302.3999938964844, 125.87998962402344, 500.3999938964844, 203.0399932861328)","8db20ee73c9985c53aa87ffc32b4b52f02f5fe31f92bc7e7daa934a2eacd2494"
"D01448673_tang_ceiling_pattern_p200_i05_x2615_526x185.png","D01448673_tang_ceiling_pattern.pdf","200","2615","526","185","2.8432","Rect(93.36000061035156, 244.79998779296875, 285.1199951171875, 312.239990234375)","c61cc58cf85c892b55310d40e460cc65ae29feacef002cb0cefe863b4dff00fd"
"D01448673_tang_ceiling_pattern_p200_i06_x2616_566x185.png","D01448673_tang_ceiling_pattern.pdf","200","2616","566","185","3.0595","Rect(300.239990234375, 245.6400146484375, 502.20001220703125, 311.6400146484375)","1ae5185b64f35c41029ff0cae2b60e37faa5186baf7bf3a5dad6b69288ea5d97"
"D01448673_tang_ceiling_pattern_p200_i07_x2617_670x77.png","D01448673_tang_ceiling_pattern.pdf","200","2617","670","77","8.7013","Rect(206.63999938964844, 464.1600036621094, 425.760009765625, 489.239990234375)","edec8cd08bc6fec9f687147e8f6af06aa73331a5d46425f5219b68c5acecdce8"
"D01448673_tang_ceiling_pattern_p200_i08_x2618_674x99.png","D01448673_tang_ceiling_pattern.pdf","200","2618","674","99","6.8081","Rect(205.8000030517578, 581.3999633789062, 426.3599853515625, 613.9199829101562)","74646e095be1a8c07ba5f4a6b2e8ed8aa57e45332cb7d0b073686855ccd84c96"
"D01448673_tang_ceiling_pattern_p200_i09_x2619_662x71.png","D01448673_tang_ceiling_pattern.pdf","200","2619","662","71","9.3239","Rect(208.0800018310547, 626.4000244140625, 424.79998779296875, 649.5599975585938)","9195e39c6342b80b1f07447e8675fda8e46fd181eeda4c3c756020330742c83a"
"D01448673_tang_ceiling_pattern_p200_i10_x2620_447x91.png","D01448673_tang_ceiling_pattern.pdf","200","2620","447","91","4.9121","Rect(208.0800018310547, 656.1600341796875, 425.2799987792969, 700.3200073242188)","77755293a14bbe119382a5095154e24434ff19378199acd93408dc929f4ec7ea"
"D01448673_tang_ceiling_pattern_p201_i00_x2580_673x129.png","D01448673_tang_ceiling_pattern.pdf","201","2580","673","129","5.2171","Rect(206.63999938964844, 206.39999389648438, 426.7200012207031, 248.75999450683594)","74d7b273cfe9cfce53f53260a59c76fd21d1e5929f119b5b57129181615622c4"
"D01448673_tang_ceiling_pattern_p201_i01_x2581_671x112.png","D01448673_tang_ceiling_pattern.pdf","201","2581","671","112","5.9911","Rect(206.63999938964844, 455.7599792480469, 426.239990234375, 492.3599853515625)","0da19e69a09f3ab43807c4214bbd8c67f789b7b7045588b338f615a53b5d80bb"
"D01448673_tang_ceiling_pattern_p201_i02_x2582_601x113.png","D01448673_tang_ceiling_pattern.pdf","201","2582","601","113","5.3186","Rect(206.63999938964844, 501.8399963378906, 425.760009765625, 543.0)","9fdaca7d844b40597d6207e2c5ee5cd7ddc462f6ab842c47392a784db042f518"
"D01448673_tang_ceiling_pattern_p201_i03_x2583_670x89.png","D01448673_tang_ceiling_pattern.pdf","201","2583","670","89","7.5281","Rect(206.63999938964844, 551.0400390625, 425.8800048828125, 580.2000122070312)","364008f7770570b4621b3d55220a6ec894fda27cd7d8a910a0d8b62b4aa747e8"
"D01448673_tang_ceiling_pattern_p201_i04_x2584_651x84.png","D01448673_tang_ceiling_pattern.pdf","201","2584","651","84","7.75","Rect(205.8000030517578, 591.0, 427.08001708984375, 619.5599975585938)","e3a932c3c62eea0ceaff50ded17911144dbb0cc94a192336aa20e9304570401f"
"D01448673_tang_ceiling_pattern_p201_i05_x2585_745x94.png","D01448673_tang_ceiling_pattern.pdf","201","2585","745","94","7.9255","Rect(205.8000030517578, 629.7599487304688, 427.20001220703125, 657.719970703125)","3b00549feb3465f718d23648b90ba65a65660996b0adac50d9fd298e63bbcafa"
"D01448673_tang_ceiling_pattern_p201_i06_x2586_678x103.png","D01448673_tang_ceiling_pattern.pdf","201","2586","678","103","6.5825","Rect(205.8000030517578, 668.0400390625, 427.55999755859375, 701.6400146484375)","f95827057b54f785513692ae4554804d8d4cd4fb989c72de5eb5470ad5669c06"
"D01448673_tang_ceiling_pattern_p201_i07_x2625_670x108.png","D01448673_tang_ceiling_pattern.pdf","201","2625","670","108","6.2037","Rect(206.63999938964844, 113.39999389648438, 426.1199951171875, 148.9199981689453)","cbdeef834c09ee6964df89a13139efe6f6eecd9af594adc677cacdd8da60e5da"
"D01448673_tang_ceiling_pattern_p201_i08_x2626_677x131.png","D01448673_tang_ceiling_pattern.pdf","201","2626","677","131","5.1679","Rect(205.8000030517578, 158.04000854492188, 427.32000732421875, 201.0)","d8dc32f1db8a4d281eb4a3a39e16e30d80957858c8e202065ad1f3df558359c6"
"D01448673_tang_ceiling_pattern_p201_i09_x2627_670x142.png","D01448673_tang_ceiling_pattern.pdf","201","2627","670","142","4.7183","Rect(206.63999938964844, 255.72000122070312, 426.0, 302.0400085449219)","fc92c034be25eaf5382ab42fcae9ef77a28aed290c14ef76c8f919f033297b29"
"D01448673_tang_ceiling_pattern_p201_i10_x2628_628x224.png","D01448673_tang_ceiling_pattern.pdf","201","2628","628","224","2.8036","Rect(204.36000061035156, 313.32000732421875, 428.52001953125, 393.239990234375)","553dc46287f528b90d6c6b6b61f6b0c31b0c98034cbf15607f70d2351dee0046"
"D01448673_tang_ceiling_pattern_p201_i11_x2629_681x131.png","D01448673_tang_ceiling_pattern.pdf","201","2629","681","131","5.1985","Rect(205.0800018310547, 404.3999938964844, 428.0400085449219, 447.239990234375)","b1947389f6de8ca3ac6fef844cd8846a9f5571ccd2524a6da9d08299c4e836cb"
"D01448673_tang_ceiling_pattern_p202_i02_x2636_386x44.png","D01448673_tang_ceiling_pattern.pdf","202","2636","386","44","8.7727","Rect(130.44000244140625, 515.0400390625, 463.79998779296875, 552.9600219726562)","cee3d736d7a1d2abf2060966487231e28d1773171fc07d54f677e57787cc1c1a"
"D01448673_tang_ceiling_pattern_p203_i00_x2639_455x102.png","D01448673_tang_ceiling_pattern.pdf","203","2639","455","102","4.4608","Rect(113.4000015258789, 210.9600067138672, 271.0799865722656, 246.60000610351562)","b48b12ba115e2c77502c7449019681fcbe13ae30183b456f42de913125e34db8"
"D01448673_tang_ceiling_pattern_p203_i01_x2640_667x130.png","D01448673_tang_ceiling_pattern.pdf","203","2640","667","130","5.1308","Rect(314.2799987792969, 211.67999267578125, 490.55999755859375, 246.0)","a811e5cfd2e75fafd5f9a1581d180fc6cd8f7a9fd347e0d8b40d5dec258988ca"
"D01448673_tang_ceiling_pattern_p203_i02_x2641_320x82.png","D01448673_tang_ceiling_pattern.pdf","203","2641","320","82","3.9024","Rect(114.83999633789062, 322.44000244140625, 270.7200012207031, 362.6400146484375)","4bd8133ff3c7c024ab62a515a5eb895466361277b0247b00e999b370733be786"
"D01448673_tang_ceiling_pattern_p228_i00_x2941_630x212.png","D01448673_tang_ceiling_pattern.pdf","228","2941","630","212","2.9717","Rect(87.36000061035156, 86.63999938964844, 310.79998779296875, 162.0)","8b666e0819d11892ba3e53074583f27edb56f9798bb15a5eb864eb1e18989420"
"D01448673_tang_ceiling_pattern_p228_i01_x2942_420x225.png","D01448673_tang_ceiling_pattern.pdf","228","2942","420","225","1.8667","Rect(343.9200134277344, 85.91999816894531, 488.4000244140625, 163.1999969482422)","330b44719143a5c61f302f8c7220acdde4f2e41058d526f47c7a92ab2ecde880"
"D01448673_tang_ceiling_pattern_p228_i02_x2943_395x102.png","D01448673_tang_ceiling_pattern.pdf","228","2943","395","102","3.8725","Rect(115.08000183105469, 423.1199951171875, 264.7200012207031, 461.760009765625)","a3e0a02cfcdd22d36854e7f3d25e6f50f727e8c73754c758799e6d829ebc83f3"
"D01448673_tang_ceiling_pattern_p228_i03_x2944_399x80.png","D01448673_tang_ceiling_pattern.pdf","228","2944","399","80","4.9875","Rect(311.2799987792969, 424.67999267578125, 490.08001708984375, 460.55999755859375)","7a16c111f2f16196c979ee6051e33e208bd561be17d51075d1e029bdf51997c2"
"D01448673_tang_ceiling_pattern_p228_i04_x2945_394x101.png","D01448673_tang_ceiling_pattern.pdf","228","2945","394","101","3.901","Rect(100.91999816894531, 588.0, 229.8000030517578, 621.0)","22e0b01ee4f36b6847ef4cb7e2f01ff9a6044fa01e98b332a1ae2e1d8c5b9865"
"D01448673_tang_ceiling_pattern_p228_i05_x2946_262x117.png","D01448673_tang_ceiling_pattern.pdf","228","2946","262","117","2.2393","Rect(263.5199890136719, 588.0, 334.79998779296875, 619.7999877929688)","c81fd5778e43a888d2397f65de30f7170ecc01554a40f4a9d93ee8e51c16274a"
"D01448673_tang_ceiling_pattern_p228_i06_x2947_391x91.png","D01448673_tang_ceiling_pattern.pdf","228","2947","391","91","4.2967","Rect(364.9200134277344, 588.719970703125, 497.52001953125, 619.7999877929688)","5aca2a6db5d54ac95a22672747ba0dfbbbffab8478930f8c43f07750c448a49d"
"D01448673_tang_ceiling_pattern_p229_i00_x2952_503x172.png","D01448673_tang_ceiling_pattern.pdf","229","2952","503","172","2.9244","Rect(101.27999877929688, 442.44000244140625, 266.03997802734375, 498.7200012207031)","8ca1b7eb8a306d975a87a2fee35472fa0d4978d38c58bdd6bb7da483b23fc6d4"
"D01448673_tang_ceiling_pattern_p229_i01_x2953_391x166.png","D01448673_tang_ceiling_pattern.pdf","229","2953","391","166","2.3554","Rect(334.55999755859375, 442.44000244140625, 467.6400146484375, 498.9599914550781)","da03396e1f0744888842908b23396c10b88abfe0ed4536305b72b84a5c02cc90"
"D01448673_tang_ceiling_pattern_p230_i02_x2960_491x181.png","D01448673_tang_ceiling_pattern.pdf","230","2960","491","181","2.7127","Rect(89.04000091552734, 339.239990234375, 211.44000244140625, 384.3599853515625)","06d2ae9d2e005cd40631e4d81b095594b8170024fcfd39e6828829bfe5ed9b87"
"D01448673_tang_ceiling_pattern_p230_i03_x2961_176x60.png","D01448673_tang_ceiling_pattern.pdf","230","2961","176","60","2.9333","Rect(224.52000427246094, 337.79998779296875, 366.3599853515625, 386.15997314453125)","837b74863d658f390ec66970214260632950dceb6c17e9b51d3d60f0cfeec21a"
"D01448673_tang_ceiling_pattern_p230_i04_x2963_196x60.png","D01448673_tang_ceiling_pattern.pdf","230","2963","196","60","3.2667","Rect(378.0, 342.239990234375, 510.6000061035156, 382.79998779296875)","e895c795de5c0a28bf0ee174e6b024d9de1308f03f2e4d927995f4c272f923e2"
"D01448673_tang_ceiling_pattern_p230_i05_x772_336x35.png","D01448673_tang_ceiling_pattern.pdf","230","772","336","35","9.6","Rect(166.1999969482422, 662.760009765625, 349.20001220703125, 681.47998046875)","a785ffdca25518684da9fc77cb5463f082eb8b1d4f18c09d7824b53893fe6a63"
"D01448673_tang_ceiling_pattern_p230_i06_x773_454x38.png","D01448673_tang_ceiling_pattern.pdf","230","773","454","38","11.9474","Rect(166.1999969482422, 693.0, 349.91998291015625, 708.0)","a37dbaebb91979b5593cdf81c45f1cc50ab7b1c9758eda72f24ecec324c6ad29"
"D01448673_tang_ceiling_pattern_p230_i07_x774_658x52.png","D01448673_tang_ceiling_pattern.pdf","230","774","658","52","12.6538","Rect(166.1999969482422, 716.6399536132812, 350.760009765625, 730.9199829101562)","db7c6dc4baccc8d28801de370bcebb01bc1cec47b9177af55ddb202358576fa5"
"D01448673_tang_ceiling_pattern_p231_i00_x2967_196x38.png","D01448673_tang_ceiling_pattern.pdf","231","2967","196","38","5.1579","Rect(166.9199981689453, 91.44000244140625, 347.2799987792969, 126.4800033569336)","ff6ab20ce196ca22baa878cef7bbc81f7e71127bba9d8fb7672bce01fc003fb7"
"D01448673_tang_ceiling_pattern_p231_i01_x2968_331x55.png","D01448673_tang_ceiling_pattern.pdf","231","2968","331","55","6.0182","Rect(166.9199981689453, 134.8800048828125, 347.6400146484375, 164.8800048828125)","aba8c99821c25419b62092596a00857523e62e84d612b05483b678a36e3fbc8f"
"D01448673_tang_ceiling_pattern_p231_i02_x2969_556x131.png","D01448673_tang_ceiling_pattern.pdf","231","2969","556","131","4.2443","Rect(166.1999969482422, 200.8800048828125, 348.0, 243.60000610351562)","042b4b1dd8785d8f61efd60f82fe3d394d5130605e334fde5c8abf11d13154ac"
"D01448673_tang_ceiling_pattern_p231_i03_x2970_558x130.png","D01448673_tang_ceiling_pattern.pdf","231","2970","558","130","4.2923","Rect(166.1999969482422, 249.239990234375, 349.08001708984375, 291.8399963378906)","3f6db33fe08c29e44415986e56db5b126b7b5f221ec29bacb5a9e37151c29bad"
"D01448673_tang_ceiling_pattern_p231_i04_x2971_548x105.png","D01448673_tang_ceiling_pattern.pdf","231","2971","548","105","5.219","Rect(166.1999969482422, 301.3199768066406, 348.7200012207031, 336.3599853515625)","babcc102d0f7a8a53c02edeec278cc8c2d1de626e10704005c603059ea7ac505"
"D01448673_tang_ceiling_pattern_p231_i05_x2972_558x99.png","D01448673_tang_ceiling_pattern.pdf","231","2972","558","99","5.6364","Rect(166.1999969482422, 351.1199951171875, 348.8399963378906, 383.3999938964844)","563b5f4fb2999212f55aa017637b97d3f6a20972651eac80b30590c38eccf813"
"D01448673_tang_ceiling_pattern_p231_i10_x2977_558x85.png","D01448673_tang_ceiling_pattern.pdf","231","2977","558","85","6.5647","Rect(166.1999969482422, 579.2400512695312, 348.9599914550781, 606.9600219726562)","f56e5ebece7ef82b675949ad46d5c9519b2391f623351be592904fafd10e9e0e"
"D01448673_tang_ceiling_pattern_p231_i11_x2978_451x122.png","D01448673_tang_ceiling_pattern.pdf","231","2978","451","122","3.6967","Rect(166.9199981689453, 633.0, 348.1199951171875, 682.0800170898438)","ceca5f5caea69000a7848fa00c43baab10a1f8bfa45fbfa72d169c6d601f196f"
"D01448673_tang_ceiling_pattern_p231_i12_x2979_464x114.png","D01448673_tang_ceiling_pattern.pdf","231","2979","464","114","4.0702","Rect(166.1999969482422, 691.5599975585938, 348.0, 736.2000122070312)","0430357d3b12910698b53b6cd55daa429bf6c7510982f0f44582181a4d7c30bb"
"D01448673_tang_ceiling_pattern_p231_i13_x751_374x58.png","D01448673_tang_ceiling_pattern.pdf","231","751","374","58","6.4483","Rect(166.9199981689453, 168.0, 348.47998046875, 196.55999755859375)","70be0ad0d0cd425ad67567289bc3df8b0c279303a9b490a9d25439ce91c2def5"
"D01448673_tang_ceiling_pattern_p232_i00_x1035_406x34.png","D01448673_tang_ceiling_pattern.pdf","232","1035","406","34","11.9412","Rect(166.1999969482422, 536.1600341796875, 350.760009765625, 551.8800048828125)","59bd77dbeb3611def9d4827861fb3eed0dbf6d93f883f87514e165bfca3b3811"
"D01448673_tang_ceiling_pattern_p232_i01_x1036_322x32.png","D01448673_tang_ceiling_pattern.pdf","232","1036","322","32","10.0625","Rect(166.1999969482422, 567.8400268554688, 349.20001220703125, 585.8400268554688)","7ec62a3e3d11969539f0136b12aae8b8037dd5e12a926a7b7748c5b735fd607c"
"D01448673_tang_ceiling_pattern_p232_i02_x1037_424x45.png","D01448673_tang_ceiling_pattern.pdf","232","1037","424","45","9.4222","Rect(166.1999969482422, 599.4000244140625, 350.760009765625, 618.9600219726562)","9cad0b44ae5f7b5fdcb5f755ba9546a27f759165735e4fabbaf9ed899b1bc2cc"
"D01448673_tang_ceiling_pattern_p232_i03_x1038_561x73.png","D01448673_tang_ceiling_pattern.pdf","232","1038","561","73","7.6849","Rect(166.1999969482422, 629.6400146484375, 349.91998291015625, 653.6400146484375)","8b8f6cf4400c266828fc0774e7a7f553cbbe2642ac95fa72bf98b73cf49525c2"
"D01448673_tang_ceiling_pattern_p232_i04_x1039_381x55.png","D01448673_tang_ceiling_pattern.pdf","232","1039","381","55","6.9273","Rect(166.1999969482422, 660.47998046875, 350.760009765625, 686.760009765625)","8f2e6c296023360e1d750c3d27fa921569cccf5a35d4cff206985abafb5bd2ef"
"D01448673_tang_ceiling_pattern_p232_i05_x1040_563x61.png","D01448673_tang_ceiling_pattern.pdf","232","1040","563","61","9.2295","Rect(166.1999969482422, 695.8799438476562, 349.91998291015625, 716.1599731445312)","3e8b094ccfd482b82b5d0753060d71486e02cc59767551de4aad8a501743aa91"
"D01448673_tang_ceiling_pattern_p232_i06_x1041_508x81.png","D01448673_tang_ceiling_pattern.pdf","232","1041","508","81","6.2716","Rect(166.1999969482422, 723.8399658203125, 349.91998291015625, 753.1199951171875)","1f7ef51fc99c7bf3897f0c232d701e15aa517c8ee29dbb8b5f1950cce50cfad1"
"D01448673_tang_ceiling_pattern_p232_i07_x2982_554x114.png","D01448673_tang_ceiling_pattern.pdf","232","2982","554","114","4.8596","Rect(166.9199981689453, 162.72000122070312, 348.47998046875, 200.27999877929688)","97e84457fb0209d1750134bf500ec569ea1e635a8c324514042cda2a078e8690"
"D01448673_tang_ceiling_pattern_p232_i08_x2983_904x250.png","D01448673_tang_ceiling_pattern.pdf","232","2983","904","250","3.616","Rect(166.1999969482422, 228.36001586914062, 348.5999755859375, 278.760009765625)","7c48772fd63e01c018b40c994a017c15654ab4cb38b30b598b0302d72d5eb736"
"D01448673_tang_ceiling_pattern_p232_i09_x2984_367x53.png","D01448673_tang_ceiling_pattern.pdf","232","2984","367","53","6.9245","Rect(166.9199981689453, 288.6000061035156, 348.47998046875, 314.8800048828125)","6982413453ae7e39eca28fea0b77b483702cf2cdaf0562ffe15180ef19717b77"
"D01448673_tang_ceiling_pattern_p232_i10_x2985_266x52.png","D01448673_tang_ceiling_pattern.pdf","232","2985","266","52","5.1154","Rect(166.9199981689453, 324.4800109863281, 348.47998046875, 359.760009765625)","d7a46d6d82a664fc8974b88b3b0a2dca059e1d35a8425122bdcbc1c4ac283cd4"
"D01448673_tang_ceiling_pattern_p232_i11_x2986_559x73.png","D01448673_tang_ceiling_pattern.pdf","232","2986","559","73","7.6575","Rect(166.1999969482422, 403.3199768066406, 348.239990234375, 427.0799865722656)","7d031b36e948b09112b14f142c4a980aa9d9645825f5f2f182935c83cd6e9de2"
"D01448673_tang_ceiling_pattern_p232_i12_x2987_553x163.png","D01448673_tang_ceiling_pattern.pdf","232","2987","553","163","3.3926","Rect(166.9199981689453, 469.0799865722656, 348.0, 522.239990234375)","efb76f5a3e1a685070361b930d0aea10bb1ae8e443d8ca897564870004e9eca2"
"D01448673_tang_ceiling_pattern_p232_i13_x788_533x59.png","D01448673_tang_ceiling_pattern.pdf","232","788","533","59","9.0339","Rect(166.1999969482422, 90.95999908447266, 349.91998291015625, 111.23999786376953)","28268b42b116ee67f4eeb4a060d0c97f4bc60ff964901d6b804add0f60bc160c"
"D01448673_tang_ceiling_pattern_p232_i15_x880_346x42.png","D01448673_tang_ceiling_pattern.pdf","232","880","346","42","8.2381","Rect(166.1999969482422, 371.6400146484375, 349.20001220703125, 394.20001220703125)","98b6e2a00e8bdb640780e75307dc5f6f3f8ca0c9598b016743ae41f1fc3dfba6"
"D01448673_tang_ceiling_pattern_p232_i16_x881_311x33.png","D01448673_tang_ceiling_pattern.pdf","232","881","311","33","9.4242","Rect(166.1999969482422, 438.0, 348.47998046875, 457.55999755859375)","387e96a485f08950aef704df421a76bc4e1de22bb62a527afa620a3721be545e"
"D01448673_tang_ceiling_pattern_p233_i00_x1042_497x51.png","D01448673_tang_ceiling_pattern.pdf","233","1042","497","51","9.7451","Rect(166.1999969482422, 91.79999542236328, 350.760009765625, 110.5199966430664)","c245221020642555c0111bfb7bb4fddd696d8bb55d9cb1e5431f2d93d767a239"
"D01448673_tang_ceiling_pattern_p233_i01_x2990_244x27.png","D01448673_tang_ceiling_pattern.pdf","233","2990","244","27","9.037","Rect(166.1999969482422, 126.36000061035156, 348.9599914550781, 146.52000427246094)","37e867df5bc82520171ac361fdd2043d63120d14b8b74458182ed5252557c05f"
"D01448673_tang_ceiling_pattern_p233_i02_x2991_510x58.png","D01448673_tang_ceiling_pattern.pdf","233","2991","510","58","8.7931","Rect(166.1999969482422, 160.8000030517578, 351.7200012207031, 181.9199981689453)","c696bb3b86e06149b6b00088afe22b3940d7d571f26750865f57390620053a9e"
"D01448673_tang_ceiling_pattern_p233_i03_x2992_398x114.png","D01448673_tang_ceiling_pattern.pdf","233","2992","398","114","3.4912","Rect(89.4000015258789, 506.1600341796875, 225.95999145507812, 545.280029296875)","80e8d8e3a66ac0a103a48bb662f7d611ce4b69a33cc789a97103b1994f6529fd"
"D01448673_tang_ceiling_pattern_p233_i04_x2993_241x92.png","D01448673_tang_ceiling_pattern.pdf","233","2993","241","92","2.6196","Rect(89.4000015258789, 571.9199829101562, 225.36001586914062, 623.760009765625)","cecbf980d2f1e141168f14983ae5f6eea426fe90331b9181c5db448b2cec1ef5"
"D01448673_tang_ceiling_pattern_p233_i05_x2995_275x71.png","D01448673_tang_ceiling_pattern.pdf","233","2995","275","71","3.8732","Rect(237.0, 509.8800048828125, 363.7200012207031, 542.6400146484375)","8259ce5a5164991a094b39494b664f7e7f3d20d7f31dd9785dec0536e0870ac5"
"D01448673_tang_ceiling_pattern_p233_i06_x2997_177x73.png","D01448673_tang_ceiling_pattern.pdf","233","2997","177","73","2.4247","Rect(237.24000549316406, 571.9200439453125, 362.4000244140625, 623.52001953125)","b874239ed8ccc3eabd30c7fff8702098aa7810a6c5a3fcd41880faf962e99b2c"
"D01448673_tang_ceiling_pattern_p233_i07_x2999_492x173.png","D01448673_tang_ceiling_pattern.pdf","233","2999","492","173","2.8439","Rect(374.2799987792969, 550.2000122070312, 507.6000061035156, 597.1199951171875)","754c742f2aded1e0ad29e761c21a4a0b453e56f844501b3cbfe0e4a3a5ac9cfc"
"D01448673_tang_ceiling_pattern_p234_i00_x1907_476x61.png","D01448673_tang_ceiling_pattern.pdf","234","1907","476","61","7.8033","Rect(296.2799987792969, 574.6799926757812, 507.0, 601.6799926757812)","5b922442eb16f002bc403e8cf1700b513151807ef7a0c23d012baf52aa2a04b3"
"D01448673_tang_ceiling_pattern_p234_i01_x3004_594x295.png","D01448673_tang_ceiling_pattern.pdf","234","3004","594","295","2.0136","Rect(114.12000274658203, 92.15999603271484, 308.6400146484375, 188.75999450683594)","c4d00132458bd6692176546f5167dfc64d4c770d27699768934b9ac868a3152f"
"D01448673_tang_ceiling_pattern_p234_i02_x3005_516x86.png","D01448673_tang_ceiling_pattern.pdf","234","3005","516","86","6.0","Rect(353.3999938964844, 88.20000457763672, 496.0799865722656, 111.94000244140625)","c49656e7a4fad2cb9787440491931fd2d72fa88dffad6891b347f3dcb0f914d7"
"D01448673_tang_ceiling_pattern_p234_i03_x3006_356x79.png","D01448673_tang_ceiling_pattern.pdf","234","3006","356","79","4.5063","Rect(354.9599914550781, 133.0800018310547, 494.760009765625, 164.27999877929688)","7b6731cf0718bc05f30c37915a6c7fb1db0f0d9895bf1d13567f917fe2999605"
"D01448673_tang_ceiling_pattern_p234_i04_x3007_420x200.png","D01448673_tang_ceiling_pattern.pdf","234","3007","420","200","2.1","Rect(113.4000015258789, 429.0400085449219, 262.79998779296875, 502.6000061035156)","a5e8d8898ad63c300599efe382ca91c89f4e6ed9b40d9b2e5f1f5325668e7946"
"D01448673_tang_ceiling_pattern_p234_i05_x3008_501x171.png","D01448673_tang_ceiling_pattern.pdf","234","3008","501","171","2.9298","Rect(296.2799987792969, 430.44000244140625, 506.6400146484375, 502.44000244140625)","b6af9aa73ef724c4a11e38acd6d457e6f6fe61c6287472ba7148b19cfd4ee1de"
"D01448673_tang_ceiling_pattern_p234_i07_x3010_552x55.png","D01448673_tang_ceiling_pattern.pdf","234","3010","552","55","10.0364","Rect(296.2799987792969, 609.5999755859375, 506.03997802734375, 630.47998046875)","657f3a4be14803cc023cf88da8d10be0ee96355b6f6bc50ffd796279b298725a"
"D01448673_tang_ceiling_pattern_p236_i00_x3024_282x93.png","D01448673_tang_ceiling_pattern.pdf","236","3024","282","93","3.0323","Rect(98.16000366210938, 544.199951171875, 208.8000030517578, 581.0399780273438)","743fe34dfe6047dc2732a1a9dc3030ab7e376409ec263110235e9e24bd2bc4d2"
"D01448673_tang_ceiling_pattern_p236_i01_x3025_412x152.png","D01448673_tang_ceiling_pattern.pdf","236","3025","412","152","2.7105","Rect(248.0399932861328, 544.2000122070312, 345.8399963378906, 580.3200073242188)","a0a8cf0226289fc348867e132c1af3b15f235e19dae7c3b36037a37c6d1b3518"
"D01448673_tang_ceiling_pattern_p236_i02_x3026_333x96.png","D01448673_tang_ceiling_pattern.pdf","236","3026","333","96","3.4688","Rect(382.20001220703125, 545.6399536132812, 499.6800231933594, 579.47998046875)","fd027d394d77fa2de2a586ada777bd04decf4927b0316e903686fe1cbf753e2f"
"D01448673_tang_ceiling_pattern_p236_i03_x3027_375x86.png","D01448673_tang_ceiling_pattern.pdf","236","3027","375","86","4.3605","Rect(92.16000366210938, 638.4229736328125, 213.9600067138672, 666.3599853515625)","a601b3fe70716648eb4eac0a7f3369aa6b14034fe29b0b1cd411ba2e98afa526"
"D01448673_tang_ceiling_pattern_p236_i04_x3028_172x50.png","D01448673_tang_ceiling_pattern.pdf","236","3028","172","50","3.44","Rect(248.75999450683594, 637.6539916992188, 345.7200012207031, 665.6859741210938)","8fa8ad9adcd535561fb27514228821b080cdccce5cd57499fc2e89125df74eb0"
"D01448673_tang_ceiling_pattern_p236_i05_x3029_360x97.png","D01448673_tang_ceiling_pattern.pdf","236","3029","360","97","3.7113","Rect(385.9200134277344, 637.6799926757812, 496.32000732421875, 667.4400024414062)","bd0bbeda4639be2f534808af0508e741f1d3fc55520af2d758ae679a8866ce67"
"D01448673_tang_ceiling_pattern_p237_i00_x3038_666x105.png","D01448673_tang_ceiling_pattern.pdf","237","3038","666","105","6.3429","Rect(218.16000366210938, 129.1199951171875, 448.44000244140625, 165.47999572753906)","0c3ecb770d228b7e1c939a17ac608529b1e52aebad5f93d93e6bb3956c8fd595"
"D01448673_tang_ceiling_pattern_p237_i01_x3039_704x127.png","D01448673_tang_ceiling_pattern.pdf","237","3039","704","127","5.5433","Rect(218.16000366210938, 175.20001220703125, 448.67999267578125, 216.60000610351562)","94948db35a759198826dbec984e1caa8166e916bb10180a631617409adc7045c"
"D01448673_tang_ceiling_pattern_p237_i02_x3040_705x102.png","D01448673_tang_ceiling_pattern.pdf","237","3040","705","102","6.9118","Rect(218.16000366210938, 227.28001403808594, 448.79998779296875, 260.6400146484375)","612da6204bd85513e81eef59a1ea95c02d633c40ef5a1b435d075ae4aac1837e"
"D01448673_tang_ceiling_pattern_p237_i03_x3041_704x187.png","D01448673_tang_ceiling_pattern.pdf","237","3041","704","187","3.7647","Rect(218.16000366210938, 270.1199951171875, 448.67999267578125, 331.44000244140625)","dc8e9a5f075e73f79210ba9daabb05e017ac9bcedc56c8127762c417c424d2ab"
"D01448673_tang_ceiling_pattern_p237_i04_x3042_704x111.png","D01448673_tang_ceiling_pattern.pdf","237","3042","704","111","6.3423","Rect(218.16000366210938, 338.4000244140625, 448.44000244140625, 374.6400146484375)","30884fe3898b8ea414658484af0dbab460008d6a2dfb3384c9d7238dbc74535c"
"D01448673_tang_ceiling_pattern_p237_i05_x3043_704x128.png","D01448673_tang_ceiling_pattern.pdf","237","3043","704","128","5.5","Rect(218.16000366210938, 384.6000061035156, 448.55999755859375, 426.6000061035156)","8e24c842caff11d09b18e1538145a0b0446394f634f6b8c41169fd024ee0c6a0"
"D01448673_tang_ceiling_pattern_p237_i06_x3044_703x173.png","D01448673_tang_ceiling_pattern.pdf","237","3044","703","173","4.0636","Rect(218.16000366210938, 433.44000244140625, 448.20001220703125, 490.20001220703125)","b63e80c5caec1fc19d1f6ab4696b1edb561c157d7c6fd7980be73da8947c0702"
"D01448673_tang_ceiling_pattern_p238_i00_x3049_286x113.png","D01448673_tang_ceiling_pattern.pdf","238","3049","286","113","2.531","Rect(90.12000274658203, 90.72000122070312, 220.32000732421875, 142.1999969482422)","1ce0ea310e28f8fd6851e55dae236792d274791428630818098c05907e35c778"
"D01448673_tang_ceiling_pattern_p238_i01_x3050_325x114.png","D01448673_tang_ceiling_pattern.pdf","238","3050","325","114","2.8509","Rect(236.39999389648438, 94.44000244140625, 364.32000732421875, 139.32000732421875)","40f75dd907aa0850f435361386cd5799394109345ce3fb97259eca417e9d9f03"
"D01448673_tang_ceiling_pattern_p238_i02_x3051_262x122.png","D01448673_tang_ceiling_pattern.pdf","238","3051","262","122","2.1475","Rect(387.6000061035156, 90.72000122070312, 498.6000061035156, 142.44000244140625)","478d935f4eaae8ec9d3a18c2f12ecde9dfd1abc24fb2866a1a9e6bc967b87b99"
"D01448673_tang_ceiling_pattern_p238_i03_x3052_431x174.png","D01448673_tang_ceiling_pattern.pdf","238","3052","431","174","2.477","Rect(125.4000015258789, 641.4000244140625, 274.20001220703125, 701.52001953125)","8893bc4cdc2fa44fd21a3e9c8704438c48097c24a799be8214032d56c4124ba6"
"D01448673_tang_ceiling_pattern_p238_i06_x3055_250x75.png","D01448673_tang_ceiling_pattern.pdf","238","3055","250","75","3.3333","Rect(92.76000213623047, 211.20001220703125, 280.32000732421875, 267.4800109863281)","241ee6d60ec23f39a32da47651f2af2eee9b10ea62a080fccd6da8fa628f39bf"
"D01448673_tang_ceiling_pattern_p238_i07_x3056_284x87.png","D01448673_tang_ceiling_pattern.pdf","238","3056","284","87","3.2644","Rect(343.20001220703125, 204.12001037597656, 462.2400207519531, 240.60000610351562)","a5d1dfdbbaf460f268645560146b393db5389aa7f75d0b6a631e51b762efecc5"
"D01448673_tang_ceiling_pattern_p238_i08_x3057_165x85.png","D01448673_tang_ceiling_pattern.pdf","238","3057","165","85","1.9412","Rect(344.760009765625, 264.5999755859375, 460.44000244140625, 324.239990234375)","f3281c6772eea2992b563596fba40ec32bf672d0a436f6c91fbff7c9b1e16a1a"
"D01448673_tang_ceiling_pattern_p238_i09_x3058_460x150.png","D01448673_tang_ceiling_pattern.pdf","238","3058","460","150","3.0667","Rect(343.9200134277344, 346.9200134277344, 461.0400085449219, 385.20001220703125)","529faf5c16d15166b69ad619115aefc982ec3f70df34caa7bdcd772ed050cb76"
"D01448673_tang_ceiling_pattern_p238_i10_x3059_390x129.png","D01448673_tang_ceiling_pattern.pdf","238","3059","390","129","3.0233","Rect(92.76000213623047, 328.8000183105469, 280.55999755859375, 391.20001220703125)","9c9c01c013a0920a79342438f8f79e62ab5e04140574f11d9e0ddbbe85c1d839"
"D01448673_tang_ceiling_pattern_p239_i04_x3065_323x116.png","D01448673_tang_ceiling_pattern.pdf","239","3065","323","116","2.7845","Rect(102.0, 387.3599853515625, 230.8800048828125, 433.67999267578125)","9c351fbd487c697bf299db1eb410ef9ca169fd882d529069630b0088d2b28dcc"
"D01448673_tang_ceiling_pattern_p239_i06_x3067_459x131.png","D01448673_tang_ceiling_pattern.pdf","239","3067","459","131","3.5038","Rect(329.5199890136719, 383.6400146484375, 479.27996826171875, 436.32000732421875)","d64b40f3bf13e3e90a17cdbe455c1bd72ed403262c083474c460e48bde32c33c"
"D01448673_tang_ceiling_pattern_p240_i00_x3079_244x61.png","D01448673_tang_ceiling_pattern.pdf","240","3079","244","61","4.0","Rect(95.87999725341797, 310.84698486328125, 296.3999938964844, 364.79998779296875)","3062b541b6d33b02f55514f291ab3d5b1b09f97139c379078ae1cf33d1662369"
"D01448673_tang_ceiling_pattern_p240_i01_x3080_356x120.png","D01448673_tang_ceiling_pattern.pdf","240","3080","356","120","2.9667","Rect(320.8800048828125, 308.4000244140625, 487.32000732421875, 364.9200134277344)","988979bfd09d41ef5dd6eedcc3fe799d0ee1c234315b3d424594f6a0176316d5"
"D01448673_tang_ceiling_pattern_p240_i02_x3081_255x85.png","D01448673_tang_ceiling_pattern.pdf","240","3081","255","85","3.0","Rect(129.1199951171875, 525.719970703125, 254.51998901367188, 567.47998046875)","9f37bee880a4491264f60abb2f26e0cc91c3529b2e6349d5b6d41b5e6cdf3a77"
"D01448673_tang_ceiling_pattern_p240_i03_x3083_191x42.png","D01448673_tang_ceiling_pattern.pdf","240","3083","191","42","4.5476","Rect(321.6000061035156, 528.0, 485.4000244140625, 564.47998046875)","698907d08aa555510aacc4d573c823d76c77872dcb5ab878b12ee91a6091a27a"
"D01448673_tang_ceiling_pattern_p242_i00_x3098_302x71.png","D01448673_tang_ceiling_pattern.pdf","242","3098","302","71","4.2535","Rect(97.80000305175781, 173.63999938964844, 291.7200012207031, 219.47999572753906)","ef389ee70e36e46be655e323727d9fddf32df4de8107c1584d968fb9afa0a927"
"D01448673_tang_ceiling_pattern_p242_i01_x3099_328x89.png","D01448673_tang_ceiling_pattern.pdf","242","3099","328","89","3.6854","Rect(313.79998779296875, 172.1999969482422, 494.760009765625, 221.39999389648438)","0b9183564f60455bd51fbf7cfc114f393c63947dd4ff46ce48273f2f7e2c764a"
"D01448673_tang_ceiling_pattern_p242_i02_x3100_323x88.png","D01448673_tang_ceiling_pattern.pdf","242","3100","323","88","3.6705","Rect(106.08000183105469, 270.0, 283.91998291015625, 318.9599914550781)","b63eea864162de3c4b7f3d232baa4b4d8393c0483176271943687355f96fb420"
"D01448673_tang_ceiling_pattern_p242_i03_x3101_323x92.png","D01448673_tang_ceiling_pattern.pdf","242","3101","323","92","3.5109","Rect(315.239990234375, 269.1600036621094, 492.8399963378906, 319.9200134277344)","28a0b47dfab0814ac315437d0a4201fa36510679a28cec5a8aba82ebe19b7b40"
"D01448673_tang_ceiling_pattern_p243_i00_x3118_395x95.png","D01448673_tang_ceiling_pattern.pdf","243","3118","395","95","4.1579","Rect(93.23999786376953, 171.48001098632812, 300.1199951171875, 221.16000366210938)","ecd2dbe9b27280b01a9065bf82d5ee8a559e19b80082643e66eba86018b0a281"
"D01448673_tang_ceiling_pattern_p243_i01_x3119_299x105.png","D01448673_tang_ceiling_pattern.pdf","243","3119","299","105","2.8476","Rect(333.7200012207031, 169.9199981689453, 485.25701904296875, 223.44000244140625)","9df11730f808d2385a0ea3d8c198c4b6400e183f6dd84e72151d9551456a6381"
"D01448673_tang_ceiling_pattern_p244_i00_x3122_378x113.png","D01448673_tang_ceiling_pattern.pdf","244","3122","378","113","3.3451","Rect(86.4000015258789, 350.15997314453125, 210.1199951171875, 387.239990234375)","6bfd10ce0b0a3e7839c599b564e8424bd1e5dd7f7c189969fac687660f36b48c"
"D01448673_tang_ceiling_pattern_p244_i01_x3123_400x119.png","D01448673_tang_ceiling_pattern.pdf","244","3123","400","119","3.3613","Rect(228.1199951171875, 349.44000244140625, 359.15997314453125, 388.32000732421875)","2d436ddc2cc1f4d790919fba4cbd173c3d1c7f5bca4b59c80c1a0da57b2ade7e"
"D01448673_tang_ceiling_pattern_p244_i02_x3124_350x132.png","D01448673_tang_ceiling_pattern.pdf","244","3124","350","132","2.6515","Rect(385.32000732421875, 347.1600036621094, 499.67999267578125, 390.4800109863281)","f2bde65dc329f1a12af96090cad84d5866ae91cab65bae407f7b6f9daf6b2238"
"D01448673_tang_ceiling_pattern_p244_i03_x3125_302x115.png","D01448673_tang_ceiling_pattern.pdf","244","3125","302","115","2.6261","Rect(96.83999633789062, 573.9599609375, 225.72000122070312, 623.0399780273438)","beacbaa9f04dc1d86c3fc693e2fe88156390f6b5bec2263e9036cff0e1928940"
"D01448673_tang_ceiling_pattern_p244_i04_x3126_281x109.png","D01448673_tang_ceiling_pattern.pdf","244","3126","281","109","2.578","Rect(232.32000732421875, 575.3999633789062, 352.32000732421875, 621.719970703125)","b836e715e7f0855fb73139bd1f95050c53d9e7ad64c0070dd9d9c2c0e50928f1"
"D01448673_tang_ceiling_pattern_p244_i05_x3127_378x214.png","D01448673_tang_ceiling_pattern.pdf","244","3127","378","214","1.7664","Rect(357.9599914550781, 580.6800537109375, 504.3599853515625, 663.840087890625)","cbb95b7a92bac1041c25e93d35ca575014805929d7defe91bb2e044354ee45fb"
"D01448673_tang_ceiling_pattern_p244_i06_x3128_258x80.png","D01448673_tang_ceiling_pattern.pdf","244","3128","258","80","3.225","Rect(96.83999633789062, 633.6000366210938, 229.0800018310547, 674.52001953125)","9d273eb8bb0838f89643495513e51b1341ab5f45cd92c2a2bc12715c8d5679d9"
"D01448673_tang_ceiling_pattern_p244_i07_x3129_321x116.png","D01448673_tang_ceiling_pattern.pdf","244","3129","321","116","2.7672","Rect(232.32000732421875, 632.760009765625, 350.2799987792969, 675.1199951171875)","f29063b17ac0e76782f048cbedd09dbbcc50bdf7b4408d1901279920c1b9d84a"
"D01448673_tang_ceiling_pattern_p245_i00_x1906_362x48.png","D01448673_tang_ceiling_pattern.pdf","245","1906","362","48","7.5417","Rect(148.32000732421875, 292.55999755859375, 364.9200134277344, 321.239990234375)","96a1cf7e1787e3fbb0359c74db951ff2a4a7a6bf8dc9f4d49b9a646e172915ad"
"D01448673_tang_ceiling_pattern_p245_i01_x1908_585x55.png","D01448673_tang_ceiling_pattern.pdf","245","1908","585","55","10.6364","Rect(150.60000610351562, 681.6000366210938, 363.239990234375, 701.6400146484375)","efab87271606a1d8cbfdde4223de6c00cbc3af0b9e23df2cf16a4898a10d8644"
"D01448673_tang_ceiling_pattern_p245_i02_x2204_528x80.png","D01448673_tang_ceiling_pattern.pdf","245","2204","528","80","6.6","Rect(149.0399932861328, 387.7200012207031, 364.67999267578125, 420.4800109863281)","5d8071d1ce50a252db1cac448dbe523a43447684a5b8d354f770ab0e030f457d"
"D01448673_tang_ceiling_pattern_p245_i03_x3056_284x87.png","D01448673_tang_ceiling_pattern.pdf","245","3056","284","87","3.2644","Rect(191.75999450683594, 628.5599975585938, 322.08001708984375, 668.52001953125)","a5d1dfdbbaf460f268645560146b393db5389aa7f75d0b6a631e51b762efecc5"
"D01448673_tang_ceiling_pattern_p245_i04_x3132_629x172.png","D01448673_tang_ceiling_pattern.pdf","245","3132","629","172","3.657","Rect(94.08000183105469, 135.59999084472656, 305.760009765625, 193.67999267578125)","713fe17af67d8fd930d5870a56ac7273cd6bd0095c26c690f689268f0ebb73c4"
"D01448673_tang_ceiling_pattern_p245_i05_x3133_303x102.png","D01448673_tang_ceiling_pattern.pdf","245","3133","303","102","2.9706","Rect(316.0799865722656, 132.60000610351562, 498.0, 196.44000244140625)","004f3d33310b18f76b5fe4e9ca61f636d09c79c54698bc22e9a8534fded1c143"
"D01448673_tang_ceiling_pattern_p245_i06_x3134_662x98.png","D01448673_tang_ceiling_pattern.pdf","245","3134","662","98","6.7551","Rect(148.32000732421875, 339.3599853515625, 364.9200134277344, 371.3999938964844)","308e77d9b9a8da82ac4e821bcc2af3fcc949b322b4e868cdd8a41491551a2e30"
"D01448673_tang_ceiling_pattern_p245_i07_x3135_665x129.png","D01448673_tang_ceiling_pattern.pdf","245","3135","665","129","5.155","Rect(147.9600067138672, 430.8000183105469, 365.52001953125, 473.0400085449219)","c8d6ebbb3db81d50dbb2800201c6967c491ccafaa171a2f91bc30194453aef65"
"D01448673_tang_ceiling_pattern_p245_i08_x3136_655x109.png","D01448673_tang_ceiling_pattern.pdf","245","3136","655","109","6.0092","Rect(147.9600067138672, 482.1600036621094, 368.8800048828125, 518.8800048828125)","a92984cdcf5966e5e3a92469f04d294a90d5d716c3bbdb08366f431be3f11bef"
"D01448673_tang_ceiling_pattern_p245_i09_x3137_645x115.png","D01448673_tang_ceiling_pattern.pdf","245","3137","645","115","5.6087","Rect(147.9600067138672, 529.0800170898438, 367.08001708984375, 568.2000122070312)","37bd6a355a80f6bfc6e9a53012cc27cfe621513a522ce2375c1b2e9fc1093a57"
"D01448673_tang_ceiling_pattern_p245_i10_x3138_338x50.png","D01448673_tang_ceiling_pattern.pdf","245","3138","338","50","6.76","Rect(147.9600067138672, 581.1599731445312, 366.7200012207031, 613.5599975585938)","8dd1d25998fa2b2b0e8e1dac22b7b37a6f7c6dc3c799fdf23d997298d5c1e487"
"D01448673_tang_ceiling_pattern_p246_i00_x1907_476x61.png","D01448673_tang_ceiling_pattern.pdf","246","1907","476","61","7.8033","Rect(150.36000061035156, 169.55999755859375, 370.20001220703125, 197.75999450683594)","5b922442eb16f002bc403e8cf1700b513151807ef7a0c23d012baf52aa2a04b3"
"D01448673_tang_ceiling_pattern_p246_i01_x3132_629x172.png","D01448673_tang_ceiling_pattern.pdf","246","3132","629","172","3.657","Rect(150.9600067138672, 273.0, 362.6400146484375, 331.08001708984375)","713fe17af67d8fd930d5870a56ac7273cd6bd0095c26c690f689268f0ebb73c4"
"D01448673_tang_ceiling_pattern_p246_i02_x3149_667x82.png","D01448673_tang_ceiling_pattern.pdf","246","3149","667","82","8.1341","Rect(151.1999969482422, 130.44000244140625, 369.3599853515625, 157.44000244140625)","a4853c1468a54988ec8ab40c7148e83b094e61011c8e0ef1d2e04704dde4a57e"
"D01448673_tang_ceiling_pattern_p246_i03_x3150_647x148.png","D01448673_tang_ceiling_pattern.pdf","246","3150","647","148","4.3716","Rect(150.9600067138672, 341.8800048828125, 362.8800048828125, 390.239990234375)","fb5d57c92f5f3f95a879d2b20ee21bf89381b77548a2f21b69584fb2f772e32a"
"D01448673_tang_ceiling_pattern_p246_i04_x3151_643x88.png","D01448673_tang_ceiling_pattern.pdf","246","3151","643","88","7.3068","Rect(151.8000030517578, 399.96002197265625, 362.2799987792969, 428.6400146484375)","88788b4a1cb747803153f910ea7cd677f1deabcfbbb68c494f97245b0bf98f61"
"D01448673_tang_ceiling_pattern_p246_i05_x3152_357x110.png","D01448673_tang_ceiling_pattern.pdf","246","3152","357","110","3.2455","Rect(198.9600067138672, 436.5400085449219, 315.7200012207031, 472.6600036621094)","db02f94973982b69d27d8c19e7c6e83b696fdc1ef6598c92e223963a4a3d5fca"
"D01448673_tang_ceiling_pattern_p247_i00_x3055_250x75.png","D01448673_tang_ceiling_pattern.pdf","247","3055","250","75","3.3333","Rect(97.31999969482422, 310.67999267578125, 284.8800048828125, 366.9599914550781)","241ee6d60ec23f39a32da47651f2af2eee9b10ea62a080fccd6da8fa628f39bf"
"D01448673_tang_ceiling_pattern_p247_i01_x3059_390x129.png","D01448673_tang_ceiling_pattern.pdf","247","3059","390","129","3.0233","Rect(138.60000610351562, 500.4000244140625, 266.1600036621094, 542.760009765625)","9c9c01c013a0920a79342438f8f79e62ab5e04140574f11d9e0ddbbe85c1d839"
"D01448673_tang_ceiling_pattern_p247_i02_x3161_173x81.png","D01448673_tang_ceiling_pattern.pdf","247","3161","173","81","2.1358","Rect(357.6000061035156, 233.04000854492188, 487.32000732421875, 293.760009765625)","b7f91df77d30dcfcb2df45a51c7bfe11b888bbbd601f4dd392bbade238553c16"
"D01448673_tang_ceiling_pattern_p247_i03_x3162_358x138.png","D01448673_tang_ceiling_pattern.pdf","247","3162","358","138","2.5942","Rect(351.6000061035156, 318.1199951171875, 493.67999267578125, 372.7200012207031)","847907001ed0cb0c6d76bb5e317999ca9c713b0938327ff9b8a706a250f90846"
"D01448673_tang_ceiling_pattern_p247_i04_x3163_344x94.png","D01448673_tang_ceiling_pattern.pdf","247","3163","344","94","3.6596","Rect(351.6000061035156, 401.0400085449219, 493.20001220703125, 439.9200134277344)","6c14afdcc8cfdb783cd0650f4c06a60b2060f8c032b8bd682673773fa0b5695a"
"D01448673_tang_ceiling_pattern_p247_i05_x3164_428x116.png","D01448673_tang_ceiling_pattern.pdf","247","3164","428","116","3.6897","Rect(345.4800109863281, 502.67999267578125, 488.4000244140625, 541.4400024414062)","87609ef8d491eee7d976c21da4fd64db6a1b37a111a6324808b9e9983cef86f1"
"D01448673_tang_ceiling_pattern_p247_i06_x3165_235x90.png","D01448673_tang_ceiling_pattern.pdf","247","3165","235","90","2.6111","Rect(109.68000030517578, 585.3599853515625, 286.67999267578125, 653.1599731445312)","1c52dd6b98a27179fadc637bd55f1059b533d6f52a35e0bfe0bab78c7d2afc3b"
"D01448673_tang_ceiling_pattern_p247_i07_x3166_399x143.png","D01448673_tang_ceiling_pattern.pdf","247","3166","399","143","2.7902","Rect(322.55999755859375, 587.6400146484375, 502.20001220703125, 652.0800170898438)","19f4c95f56127b952a93dce126421dc71dead0c497629579d5536e14b0cc15ab"
"D01448673_tang_ceiling_pattern_p248_i00_x2210_640x75.png","D01448673_tang_ceiling_pattern.pdf","248","2210","640","75","8.5333","Rect(141.24000549316406, 660.3599853515625, 355.79998779296875, 685.4400024414062)","62ce2ca70089ad1d892799f839027f19ef08a7443c34c7374576d34121ba4565"
"D01448673_tang_ceiling_pattern_p248_i01_x3171_308x176.png","D01448673_tang_ceiling_pattern.pdf","248","3171","308","176","1.75","Rect(145.32000732421875, 227.40000915527344, 274.32000732421875, 301.20001220703125)","0ceb6e1e903436388017dcffe0dec593b8c04cab0606add34966e11f690e20b1"
"D01448673_tang_ceiling_pattern_p248_i02_x3172_239x150.png","D01448673_tang_ceiling_pattern.pdf","248","3172","239","150","1.5933","Rect(352.79998779296875, 228.1199951171875, 468.5999755859375, 300.9599914550781)","eeb5b66803d1f2a5f8c29c3418b3d57f21fcfb011e51d80633426e53fee7c487"
"D01448673_tang_ceiling_pattern_p248_i03_x3173_324x123.png","D01448673_tang_ceiling_pattern.pdf","248","3173","324","123","2.6341","Rect(99.83999633789062, 462.3599853515625, 206.0399932861328, 502.55999755859375)","ae44675fd82abbd6633fc64c40dadd2dcf88516a5b0158fbf662975115985284"
"D01448673_tang_ceiling_pattern_p248_i04_x3174_312x119.png","D01448673_tang_ceiling_pattern.pdf","248","3174","312","119","2.6218","Rect(216.83999633789062, 463.91998291015625, 319.0799865722656, 502.79998779296875)","3fb6539dbd9cb73c252814319a809ea9f3600664735947c7b80ec4a0a938959d"
"D01448673_tang_ceiling_pattern_p248_i05_x3175_400x99.png","D01448673_tang_ceiling_pattern.pdf","248","3175","400","99","4.0404","Rect(355.9200134277344, 462.3599853515625, 494.8800048828125, 501.719970703125)","00ca39d78a5aec1400296fa32ae576470aa78907e5d92c225a81b4fc96ccf51b"
"D01448673_tang_ceiling_pattern_p248_i06_x3176_335x105.png","D01448673_tang_ceiling_pattern.pdf","248","3176","335","105","3.1905","Rect(96.83999633789062, 518.52001953125, 206.63999938964844, 553.0800170898438)","833abdbc75e3ef8e05bb9523c6297d8a74180bbe7fb50d18ce299e66b7f2263c"
"D01448673_tang_ceiling_pattern_p248_i07_x3177_316x137.png","D01448673_tang_ceiling_pattern.pdf","248","3177","316","137","2.3066","Rect(218.27999877929688, 507.96002197265625, 321.8399963378906, 552.9600219726562)","abdb5d7c87cbd4ff8dc48eebc5be166992161d573937ad49e22f0da00ac39ea7"
"D01448673_tang_ceiling_pattern_p248_i08_x3178_320x110.png","D01448673_tang_ceiling_pattern.pdf","248","3178","320","110","2.9091","Rect(355.20001220703125, 513.7200317382812, 495.1199951171875, 562.0800170898438)","d1a766e7a856a8b2885a2781bd6c5f7ecd730b669893f5db933c13fd84870771"
"D01448673_tang_ceiling_pattern_p248_i09_x3179_438x66.png","D01448673_tang_ceiling_pattern.pdf","248","3179","438","66","6.6364","Rect(140.39999389648438, 705.0, 357.0, 737.6400146484375)","4f9579dd94121eca8ae7014f482b1b812ca7d91d071d325253d68609e5028a6e"
"D01448673_tang_ceiling_pattern_p249_i00_x2203_517x95.png","D01448673_tang_ceiling_pattern.pdf","249","2203","517","95","5.4421","Rect(142.44000244140625, 614.5199584960938, 360.96002197265625, 654.719970703125)","feda3cc134a4725bda387ed21eab76fd244ad628239c7c6982f71a6832ac78eb"
"D01448673_tang_ceiling_pattern_p249_i01_x2206_542x105.png","D01448673_tang_ceiling_pattern.pdf","249","2206","542","105","5.1619","Rect(146.16000366210938, 517.0800170898438, 356.6400146484375, 557.8800048828125)","d2d16de870d19dc9ec23dfdece7b22856fd057bf7c3f71f691b656559229a2d2"
"D01448673_tang_ceiling_pattern_p249_i02_x2207_561x86.png","D01448673_tang_ceiling_pattern.pdf","249","2207","561","86","6.5233","Rect(142.44000244140625, 665.8800048828125, 360.1199951171875, 699.239990234375)","bcf60a11fa812f340eef3e0f9852558ebe5bf0b8a3d80e8ec438b09fbf7a8e02"
"D01448673_tang_ceiling_pattern_p249_i03_x2224_613x100.png","D01448673_tang_ceiling_pattern.pdf","249","2224","613","100","6.13","Rect(143.16000366210938, 568.43994140625, 359.6400146484375, 603.719970703125)","d3b5816a9658f2815eda862acf42a5451ded736e5ad2ea30b51b5b407ba737ae"
"D01448673_tang_ceiling_pattern_p249_i04_x3182_267x82.png","D01448673_tang_ceiling_pattern.pdf","249","3182","267","82","3.2561","Rect(188.39999389648438, 90.7199935913086, 309.3599853515625, 128.0399932861328)","e3933149b6b420dce752315a4d8625dbc7fb81bb010436afe5d9098f909949a0"
"D01448673_tang_ceiling_pattern_p249_i05_x3183_422x127.png","D01448673_tang_ceiling_pattern.pdf","249","3183","422","127","3.3228","Rect(182.16000366210938, 205.55999755859375, 320.4000244140625, 247.1999969482422)","62e3a9f4031043e5ab6c512e7f6f52ac5bf566589bf987b9336accbcfe9a25d7"
"D01448673_tang_ceiling_pattern_p249_i06_x3184_662x100.png","D01448673_tang_ceiling_pattern.pdf","249","3184","662","100","6.62","Rect(143.16000366210938, 260.1600036621094, 359.760009765625, 293.0400085449219)","fd577654181e6f9d6d860545f669d9f59b58a6b5477fa2009a88b96d374cdd61"
"D01448673_tang_ceiling_pattern_p249_i07_x3185_631x77.png","D01448673_tang_ceiling_pattern.pdf","249","3185","631","77","8.1948","Rect(143.16000366210938, 305.2799987792969, 360.1199951171875, 331.67999267578125)","f4b97b9c02ca30a64f7973cdd0c0148d9b44a0180a0dbdba8e65afd9cef539dd"
"D01448673_tang_ceiling_pattern_p249_i08_x3186_592x94.png","D01448673_tang_ceiling_pattern.pdf","249","3186","592","94","6.2979","Rect(143.8800048828125, 343.79998779296875, 359.52001953125, 378.0)","1ff34491a27cd61dc58b69114b1876be4e4c694851890139a15df3c5e89fac8c"
"D01448673_tang_ceiling_pattern_p249_i09_x3187_275x159.png","D01448673_tang_ceiling_pattern.pdf","249","3187","275","159","1.7296","Rect(206.8800048828125, 391.20001220703125, 296.8800048828125, 443.1600036621094)","1fd0f24f39997c32fbd419061459f1f2fe349f5de5a373026385b4b2a511e7f8"
"D01448673_tang_ceiling_pattern_p249_i10_x3188_310x146.png","D01448673_tang_ceiling_pattern.pdf","249","3188","310","146","2.1233","Rect(200.8800048828125, 457.79998779296875, 302.3999938964844, 505.67999267578125)","cf822a181d1d6bb6861fc0ef9d4d3fcf2a2a04d52d0325555d2565d4dc446042"
"D01448673_tang_ceiling_pattern_p250_i00_x2220_590x78.png","D01448673_tang_ceiling_pattern.pdf","250","2220","590","78","7.5641","Rect(146.75999450683594, 293.7599792480469, 360.7200012207031, 322.0799865722656)","34d8fbcb6a3085fb7bc4a2e2f5ea16744812a57528b11b8c57813d0c490d797a"
"D01448673_tang_ceiling_pattern_p250_i01_x2223_552x72.png","D01448673_tang_ceiling_pattern.pdf","250","2223","552","72","7.6667","Rect(146.0399932861328, 326.8799743652344, 362.03997802734375, 355.0799865722656)","2862ecfc485b783c2ce6c34112dec6f393fe8e18cab8af33029631e11ed0e006"
"D01448673_tang_ceiling_pattern_p250_i04_x3197_570x60.png","D01448673_tang_ceiling_pattern.pdf","250","3197","570","60","9.5","Rect(143.0399932861328, 206.63999938964844, 364.44000244140625, 229.9199981689453)","3b01f3ac41c40c8042972b1aed0ffd75b3128e2f4cc734a15a821c8ea7cd9e1e"
"D01448673_tang_ceiling_pattern_p250_i05_x3198_353x90.png","D01448673_tang_ceiling_pattern.pdf","250","3198","353","90","3.9222","Rect(176.75999450683594, 246.72000122070312, 330.239990234375, 285.8399963378906)","584ff06d8f54617d3921c5ae68b21f054f0e65d6c66a66f80c3c09ee99d5c8b5"
"D01448673_tang_ceiling_pattern_p250_i06_x3199_675x85.png","D01448673_tang_ceiling_pattern.pdf","250","3199","675","85","7.9412","Rect(143.0399932861328, 363.3599853515625, 363.9599914550781, 391.0799865722656)","2f4c92c956a9c04ba8e053f1336c086c5df45aec091234c29a490b5faef28541"
"D01448673_tang_ceiling_pattern_p250_i07_x3200_404x121.png","D01448673_tang_ceiling_pattern.pdf","250","3200","404","121","3.3388","Rect(187.1999969482422, 401.7599792480469, 319.32000732421875, 441.239990234375)","e5c27497daf60f353fa6f31d0ccba7f48f271bc81fc347c2e142452d98c5fcba"
"D01448673_tang_ceiling_pattern_p250_i08_x3201_390x83.png","D01448673_tang_ceiling_pattern.pdf","250","3201","390","83","4.6988","Rect(189.47999572753906, 452.52001953125, 317.1600036621094, 479.8800048828125)","3a79c4985526d04cf64503fa87d78a4eb133e80778de53495ddbfb20c9097203"
"D01448673_tang_ceiling_pattern_p251_i00_x3215_443x126.png","D01448673_tang_ceiling_pattern.pdf","251","3215","443","126","3.5159","Rect(89.76000213623047, 332.1600036621094, 230.04000854492188, 380.760009765625)","1695f46addf5bdb0f98d31e234fb6f5d578babccd7b214f0076947aefe6982a2"
"D01448673_tang_ceiling_pattern_p251_i01_x3216_350x142.png","D01448673_tang_ceiling_pattern.pdf","251","3216","350","142","2.4648","Rect(229.55999755859375, 329.1600036621094, 364.32000732421875, 383.6400146484375)","ce485e2c748c1a3412623b86ce92f69c4432fa67ce59ea3812abae628d6c69e2"
"D01448673_tang_ceiling_pattern_p251_i02_x3217_398x168.png","D01448673_tang_ceiling_pattern.pdf","251","3217","398","168","2.369","Rect(373.0799865722656, 329.15997314453125, 503.27996826171875, 384.239990234375)","75e8eacdf9415ba21fd6217b1a471d66dad2878ec020ffcddb8b09adb6d9241a"
"D01448673_tang_ceiling_pattern_p251_i03_x3218_385x197.png","D01448673_tang_ceiling_pattern.pdf","251","3218","385","197","1.9543","Rect(89.76000213623047, 394.9200134277344, 231.48001098632812, 461.8800048828125)","9f6598fcb863d3fe92c4a42d8de40b72b470858a7f3013727513bfb4cad42f22"
"D01448673_tang_ceiling_pattern_p251_i04_x3219_305x180.png","D01448673_tang_ceiling_pattern.pdf","251","3219","305","180","1.6944","Rect(229.55999755859375, 394.20001220703125, 361.67999267578125, 461.760009765625)","4b36aed90857dadb3c7de8d00a69e8fe4aa637f01af428b5c257c0dd02eafd83"
"D01448673_tang_ceiling_pattern_p251_i05_x3220_378x168.png","D01448673_tang_ceiling_pattern.pdf","251","3220","378","168","2.25","Rect(373.0799865722656, 397.20001220703125, 504.3599853515625, 459.6000061035156)","1628b0637c605e9dbea355e96a0892c6203df6501b9210f8eb54468033f8e464"
"D01448673_tang_ceiling_pattern_p251_i07_x3222_340x162.png","D01448673_tang_ceiling_pattern.pdf","251","3222","340","162","2.0988","Rect(272.1600036621094, 511.5599670410156, 498.3599853515625, 619.0999755859375)","f24a5f921ea52abe515664ff3d9451c39089c5ab6166357c54f2e3189a4af22e"
"D01448673_tang_ceiling_pattern_p252_i00_x3058_460x150.png","D01448673_tang_ceiling_pattern.pdf","252","3058","460","150","3.0667","Rect(170.8800048828125, 668.4000244140625, 331.08001708984375, 720.8400268554688)","529faf5c16d15166b69ad619115aefc982ec3f70df34caa7bdcd772ed050cb76"
"D01448673_tang_ceiling_pattern_p252_i01_x3227_636x108.png","D01448673_tang_ceiling_pattern.pdf","252","3227","636","108","5.8889","Rect(135.60000610351562, 235.79998779296875, 346.55999755859375, 271.67999267578125)","e6dc44c4324eabc32f1725fcde29d3a87e018bf02e9a82527cc71988dbb1f43b"
"D01448673_tang_ceiling_pattern_p252_i02_x3228_445x91.png","D01448673_tang_ceiling_pattern.pdf","252","3228","445","91","4.8901","Rect(142.32000732421875, 347.2799987792969, 349.9200134277344, 389.760009765625)","2209bdf1b659fb51fe91412695efc8664454fa08ad8fc68f0141e1d24af14f60"
"D01448673_tang_ceiling_pattern_p252_i03_x3229_705x92.png","D01448673_tang_ceiling_pattern.pdf","252","3229","705","92","7.663","Rect(141.60000610351562, 395.8800048828125, 351.3599853515625, 423.4800109863281)","62210f923e1bed056a5474e68c99bec57824230cf6675af246e35626633a7a84"
"D01448673_tang_ceiling_pattern_p252_i04_x3230_324x107.png","D01448673_tang_ceiling_pattern.pdf","252","3230","324","107","3.028","Rect(193.32000732421875, 433.20001220703125, 299.4000244140625, 468.1199951171875)","c41503706cd473ff479e683837262cf40bf99ac89906a15ec27f66b75d98e00b"
"D01448673_tang_ceiling_pattern_p252_i05_x3231_356x106.png","D01448673_tang_ceiling_pattern.pdf","252","3231","356","106","3.3585","Rect(192.60000610351562, 548.4000244140625, 309.1199951171875, 583.0800170898438)","68d1782c21683efe8094f6cbc5a5566e12a4b345d7ea575cc7a87e4db4e84d1b"
"D01448673_tang_ceiling_pattern_p252_i06_x3232_361x150.png","D01448673_tang_ceiling_pattern.pdf","252","3232","361","150","2.4067","Rect(191.8800048828125, 598.0800170898438, 309.96002197265625, 647.280029296875)","d2e609d8b568e9c664ea990964f3ac874f060fe70337b449963d17940ef012bf"
"D01448673_tang_ceiling_pattern_p253_i00_x3052_431x174.png","D01448673_tang_ceiling_pattern.pdf","253","3052","431","174","2.477","Rect(170.16000366210938, 156.72000122070312, 331.32000732421875, 221.8800048828125)","8893bc4cdc2fa44fd21a3e9c8704438c48097c24a799be8214032d56c4124ba6"
"D01448673_tang_ceiling_pattern_p253_i01_x3241_577x194.png","D01448673_tang_ceiling_pattern.pdf","253","3241","577","194","2.9742","Rect(170.8800048828125, 90.47999572753906, 331.44000244140625, 144.47999572753906)","f56f7a93e20763afeb7d3be64f04ae71a885135b70d7497009ed0098851ec44e"
"D01448673_tang_ceiling_pattern_p253_i02_x3242_471x116.png","D01448673_tang_ceiling_pattern.pdf","253","3242","471","116","4.0603","Rect(149.8800048828125, 236.52000427246094, 352.20001220703125, 286.44000244140625)","577cdaae324019dfca53b8205de76af015fe19f5edaf5b43537f220faadd862b"
"D01448673_tang_ceiling_pattern_p253_i03_x3243_628x95.png","D01448673_tang_ceiling_pattern.pdf","253","3243","628","95","6.6105","Rect(147.60000610351562, 294.5999755859375, 353.1600036621094, 325.79998779296875)","79c5c61514db5481ac24091e930822fc1dd087a4aa2804acb1d7ce89b88ff19a"
"D01448673_tang_ceiling_pattern_p253_i04_x3244_631x99.png","D01448673_tang_ceiling_pattern.pdf","253","3244","631","99","6.3737","Rect(147.60000610351562, 334.20001220703125, 354.0, 366.6000061035156)","32912ed86b6842ea6c093bcf1401ec61532edf9176cdc1776b6effe90bc294bf"
"D01448673_tang_ceiling_pattern_p253_i05_x3245_622x111.png","D01448673_tang_ceiling_pattern.pdf","253","3245","622","111","5.6036","Rect(149.16000366210938, 380.2799987792969, 352.91998291015625, 416.760009765625)","9ff5687277b0951dd39e5be6b2e746ce26992832d38770b952f8910afdf80791"
"D01448673_tang_ceiling_pattern_p253_i06_x3246_424x113.png","D01448673_tang_ceiling_pattern.pdf","253","3246","424","113","3.7522","Rect(176.16000366210938, 431.6399841308594, 324.96002197265625, 471.1199951171875)","54a52652929ec66d4056b6b3688c30e109c62fd4a543acf3216da99becb32167"
