case_id,prototype_id,backbone_variant,density_level,replicate,production_seed,diagnostic_id,method,target_l2_count,target_upgraded_parent_count,achieved_l2_count,achieved_upgraded_parent_count,budget_attained,selection_status,failure_reason,selected_candidate_ids,selected_parent_states,search_node_count,search_node_limit_reached,bounded_space_exhausted,runtime_seconds,source_stage3_plan_id,source_inventory_id,source_conflict_graph_id
C001,proto_sw_1_1,expanded,simple,1,100013,MB-L2,LocalGreedy@B,1,,1,1,1,success,,"[""proto_sw_1_1__seed_1575422959__global_l1_flow_v3__density_simple__selected_l1_001__L1-Only__independent_l1__context_preferred__sample_0000"", ""proto_sw_1_1__seed_1575422959__global_l1_flow_v3__density_simple__selected_l1_002__L1-Only__independent_l1__context_preferred__sample_0025"", ""proto_sw_1_1__seed_1575422959__global_l1_flow_v3__density_simple__selected_l1_004__Y-C__balanced_s__context_opposed__sample_0079"", ""proto_sw_1_1__seed_1575422959__global_l1_flow_v3__density_simple__selected_l1_003__L1-Only__independent_l1__context_preferred__sample_0050""]","{""selected_l1_001"": ""L1_ONLY"", ""selected_l1_002"": ""L1_ONLY"", ""selected_l1_003"": ""L1_ONLY"", ""selected_l1_004"": ""SINGLE_L2_LEFT""}",4,0,1,0.008081299999957992,proto_sw_1_1__seed_1575422959__global_l1_flow_v3__density_simple,proto_sw_1_1__seed_1575422959__global_l1_flow_v3__density_simple__unit_candidates_v2,fd2f99b6c0f210fc2bfa7b3a49320a39f3ca7a9e4816d556a47442ba4644f7b3
C001,proto_sw_1_1,expanded,simple,1,100013,MB-L2,Ours@B,1,,1,1,1,success,,"[""proto_sw_1_1__seed_1575422959__global_l1_flow_v3__density_simple__selected_l1_001__L1-Only__independent_l1__context_preferred__sample_0000"", ""proto_sw_1_1__seed_1575422959__global_l1_flow_v3__density_simple__selected_l1_002__L1-Only__independent_l1__context_preferred__sample_0025"", ""proto_sw_1_1__seed_1575422959__global_l1_flow_v3__density_simple__selected_l1_004__Y-C__open_c__context_opposed__sample_0081"", ""proto_sw_1_1__seed_1575422959__global_l1_flow_v3__density_simple__selected_l1_003__L1-Only__independent_l1__context_preferred__sample_0050""]","{""selected_l1_001"": ""L1_ONLY"", ""selected_l1_002"": ""L1_ONLY"", ""selected_l1_003"": ""L1_ONLY"", ""selected_l1_004"": ""SINGLE_L2_LEFT""}",128,0,1,0.0028602000002138084,proto_sw_1_1__seed_1575422959__global_l1_flow_v3__density_simple,proto_sw_1_1__seed_1575422959__global_l1_flow_v3__density_simple__unit_candidates_v2,fd2f99b6c0f210fc2bfa7b3a49320a39f3ca7a9e4816d556a47442ba4644f7b3
C001,proto_sw_1_1,expanded,simple,1,100013,MB-L2,LocalGreedy@B,2,,2,1,1,success,,"[""proto_sw_1_1__seed_1575422959__global_l1_flow_v3__density_simple__selected_l1_001__L1-Only__independent_l1__context_preferred__sample_0000"", ""proto_sw_1_1__seed_1575422959__global_l1_flow_v3__density_simple__selected_l1_002__L1-Only__independent_l1__context_preferred__sample_0025"", ""proto_sw_1_1__seed_1575422959__global_l1_flow_v3__density_simple__selected_l1_004__Y-2C__nested_s__context_preferred__sample_0084"", ""proto_sw_1_1__seed_1575422959__global_l1_flow_v3__density_simple__selected_l1_003__L1-Only__independent_l1__context_preferred__sample_0050""]","{""selected_l1_001"": ""L1_ONLY"", ""selected_l1_002"": ""L1_ONLY"", ""selected_l1_003"": ""L1_ONLY"", ""selected_l1_004"": ""OPPOSED_L2_PAIR""}",4,0,1,0.0011850000000777072,proto_sw_1_1__seed_1575422959__global_l1_flow_v3__density_simple,proto_sw_1_1__seed_1575422959__global_l1_flow_v3__density_simple__unit_candidates_v2,fd2f99b6c0f210fc2bfa7b3a49320a39f3ca7a9e4816d556a47442ba4644f7b3
C001,proto_sw_1_1,expanded,simple,1,100013,MB-L2,Ours@B,2,,2,1,1,success,,"[""proto_sw_1_1__seed_1575422959__global_l1_flow_v3__density_simple__selected_l1_001__L1-Only__independent_l1__context_preferred__sample_0000"", ""proto_sw_1_1__seed_1575422959__global_l1_flow_v3__density_simple__selected_l1_002__L1-Only__independent_l1__context_preferred__sample_0025"", ""proto_sw_1_1__seed_1575422959__global_l1_flow_v3__density_simple__selected_l1_004__L1-Only__independent_l1__context_preferred__sample_0075"", ""proto_sw_1_1__seed_1575422959__global_l1_flow_v3__density_simple__selected_l1_003__Y-2C__open_asymmetric__context_preferred__sample_0067""]","{""selected_l1_001"": ""L1_ONLY"", ""selected_l1_002"": ""L1_ONLY"", ""selected_l1_003"": ""OPPOSED_L2_PAIR"", ""selected_l1_004"": ""L1_ONLY""}",305,0,1,0.0026079000003846886,proto_sw_1_1__seed_1575422959__global_l1_flow_v3__density_simple,proto_sw_1_1__seed_1575422959__global_l1_flow_v3__density_simple__unit_candidates_v2,fd2f99b6c0f210fc2bfa7b3a49320a39f3ca7a9e4816d556a47442ba4644f7b3
C002,proto_sw_1_1,expanded,simple,2,100016,MB-L2,LocalGreedy@B,1,,1,1,1,success,,"[""proto_sw_1_1__seed_1160898339__global_l1_flow_v3__density_simple__selected_l1_001__L1-Only__independent_l1__context_preferred__sample_0000"", ""proto_sw_1_1__seed_1160898339__global_l1_flow_v3__density_simple__selected_l1_002__L1-Only__independent_l1__context_preferred__sample_0025"", ""proto_sw_1_1__seed_1160898339__global_l1_flow_v3__density_simple__selected_l1_004__Y-C__balanced_s__context_opposed__sample_0079"", ""proto_sw_1_1__seed_1160898339__global_l1_flow_v3__density_simple__selected_l1_003__L1-Only__independent_l1__context_preferred__sample_0050""]","{""selected_l1_001"": ""L1_ONLY"", ""selected_l1_002"": ""L1_ONLY"", ""selected_l1_003"": ""L1_ONLY"", ""selected_l1_004"": ""SINGLE_L2_LEFT""}",4,0,1,0.009200099999816302,proto_sw_1_1__seed_1160898339__global_l1_flow_v3__density_simple,proto_sw_1_1__seed_1160898339__global_l1_flow_v3__density_simple__unit_candidates_v2,b3173be67f2137ce38af7c4b4072fda33adb5ec639c6c0ac56fb1c0a0e226593
C002,proto_sw_1_1,expanded,simple,2,100016,MB-L2,Ours@B,1,,1,1,1,success,,"[""proto_sw_1_1__seed_1160898339__global_l1_flow_v3__density_simple__selected_l1_001__L1-Only__independent_l1__context_preferred__sample_0000"", ""proto_sw_1_1__seed_1160898339__global_l1_flow_v3__density_simple__selected_l1_002__L1-Only__independent_l1__context_preferred__sample_0025"", ""proto_sw_1_1__seed_1160898339__global_l1_flow_v3__density_simple__selected_l1_004__Y-C__open_c__context_opposed__sample_0081"", ""proto_sw_1_1__seed_1160898339__global_l1_flow_v3__density_simple__selected_l1_003__L1-Only__independent_l1__context_preferred__sample_0050""]","{""selected_l1_001"": ""L1_ONLY"", ""selected_l1_002"": ""L1_ONLY"", ""selected_l1_003"": ""L1_ONLY"", ""selected_l1_004"": ""SINGLE_L2_LEFT""}",249,0,1,0.003317199999855802,proto_sw_1_1__seed_1160898339__global_l1_flow_v3__density_simple,proto_sw_1_1__seed_1160898339__global_l1_flow_v3__density_simple__unit_candidates_v2,b3173be67f2137ce38af7c4b4072fda33adb5ec639c6c0ac56fb1c0a0e226593
C002,proto_sw_1_1,expanded,simple,2,100016,MB-L2,LocalGreedy@B,2,,2,1,1,success,,"[""proto_sw_1_1__seed_1160898339__global_l1_flow_v3__density_simple__selected_l1_001__L1-Only__independent_l1__context_preferred__sample_0000"", ""proto_sw_1_1__seed_1160898339__global_l1_flow_v3__density_simple__selected_l1_002__L1-Only__independent_l1__context_preferred__sample_0025"", ""proto_sw_1_1__seed_1160898339__global_l1_flow_v3__density_simple__selected_l1_004__Y-2C__nested_s__context_preferred__sample_0084"", ""proto_sw_1_1__seed_1160898339__global_l1_flow_v3__density_simple__selected_l1_003__L1-Only__independent_l1__context_preferred__sample_0050""]","{""selected_l1_001"": ""L1_ONLY"", ""selected_l1_002"": ""L1_ONLY"", ""selected_l1_003"": ""L1_ONLY"", ""selected_l1_004"": ""OPPOSED_L2_PAIR""}",4,0,1,0.001323200000115321,proto_sw_1_1__seed_1160898339__global_l1_flow_v3__density_simple,proto_sw_1_1__seed_1160898339__global_l1_flow_v3__density_simple__unit_candidates_v2,b3173be67f2137ce38af7c4b4072fda33adb5ec639c6c0ac56fb1c0a0e226593
C002,proto_sw_1_1,expanded,simple,2,100016,MB-L2,Ours@B,2,,2,1,1,success,,"[""proto_sw_1_1__seed_1160898339__global_l1_flow_v3__density_simple__selected_l1_001__L1-Only__independent_l1__context_preferred__sample_0000"", ""proto_sw_1_1__seed_1160898339__global_l1_flow_v3__density_simple__selected_l1_002__L1-Only__independent_l1__context_preferred__sample_0025"", ""proto_sw_1_1__seed_1160898339__global_l1_flow_v3__density_simple__selected_l1_004__Y-2C__open_asymmetric__context_swapped__sample_0099"", ""proto_sw_1_1__seed_1160898339__global_l1_flow_v3__density_simple__selected_l1_003__L1-Only__independent_l1__context_preferred__sample_0050""]","{""selected_l1_001"": ""L1_ONLY"", ""selected_l1_002"": ""L1_ONLY"", ""selected_l1_003"": ""L1_ONLY"", ""selected_l1_004"": ""OPPOSED_L2_PAIR""}",152,0,1,0.0028431999999156687,proto_sw_1_1__seed_1160898339__global_l1_flow_v3__density_simple,proto_sw_1_1__seed_1160898339__global_l1_flow_v3__density_simple__unit_candidates_v2,b3173be67f2137ce38af7c4b4072fda33adb5ec639c6c0ac56fb1c0a0e226593
C003,proto_sw_1_1,expanded,medium,1,100006,MB-L2,LocalGreedy@B,1,,1,1,1,success,,"[""proto_sw_1_1__seed_4182263884__global_l1_flow_v3__density_medium__selected_l1_005__L1-Only__independent_l1__context_preferred__sample_0100"", ""proto_sw_1_1__seed_4182263884__global_l1_flow_v3__density_medium__selected_l1_001__Y-C__balanced_s__context_opposed__sample_0004"", ""proto_sw_1_1__seed_4182263884__global_l1_flow_v3__density_medium__selected_l1_004__L1-Only__independent_l1__context_preferred__sample_0075"", ""proto_sw_1_1__seed_4182263884__global_l1_flow_v3__density_medium__selected_l1_002__L1-Only__independent_l1__context_preferred__sample_0025"", ""proto_sw_1_1__seed_4182263884__global_l1_flow_v3__density_medium__selected_l1_003__L1-Only__independent_l1__context_preferred__sample_0050""]","{""selected_l1_001"": ""SINGLE_L2_RIGHT"", ""selected_l1_002"": ""L1_ONLY"", ""selected_l1_003"": ""L1_ONLY"", ""selected_l1_004"": ""L1_ONLY"", ""selected_l1_005"": ""L1_ONLY""}",5,0,1,0.008663799999794719,proto_sw_1_1__seed_4182263884__global_l1_flow_v3__density_medium,proto_sw_1_1__seed_4182263884__global_l1_flow_v3__density_medium__unit_candidates_v2,4077c4607a22cbae43cfdf706263214483ad5006a9e93f29ccb9b014608a7038
C003,proto_sw_1_1,expanded,medium,1,100006,MB-L2,Ours@B,1,,1,1,1,success,,"[""proto_sw_1_1__seed_4182263884__global_l1_flow_v3__density_medium__selected_l1_005__L1-Only__independent_l1__context_preferred__sample_0100"", ""proto_sw_1_1__seed_4182263884__global_l1_flow_v3__density_medium__selected_l1_001__L1-Only__independent_l1__context_preferred__sample_0000"", ""proto_sw_1_1__seed_4182263884__global_l1_flow_v3__density_medium__selected_l1_004__L1-Only__independent_l1__context_preferred__sample_0075"", ""proto_sw_1_1__seed_4182263884__global_l1_flow_v3__density_medium__selected_l1_002__L1-Only__independent_l1__context_preferred__sample_0025"", ""proto_sw_1_1__seed_4182263884__global_l1_flow_v3__density_medium__selected_l1_003__Y-C__open_c__context_preferred__sample_0055""]","{""selected_l1_001"": ""L1_ONLY"", ""selected_l1_002"": ""L1_ONLY"", ""selected_l1_003"": ""SINGLE_L2_LEFT"", ""selected_l1_004"": ""L1_ONLY"", ""selected_l1_005"": ""L1_ONLY""}",171,0,1,0.0017526000001453212,proto_sw_1_1__seed_4182263884__global_l1_flow_v3__density_medium,proto_sw_1_1__seed_4182263884__global_l1_flow_v3__density_medium__unit_candidates_v2,4077c4607a22cbae43cfdf706263214483ad5006a9e93f29ccb9b014608a7038
C003,proto_sw_1_1,expanded,medium,1,100006,MB-L2,LocalGreedy@B,2,,2,1,1,success,,"[""proto_sw_1_1__seed_4182263884__global_l1_flow_v3__density_medium__selected_l1_005__L1-Only__independent_l1__context_preferred__sample_0100"", ""proto_sw_1_1__seed_4182263884__global_l1_flow_v3__density_medium__selected_l1_001__Y-2C__open_asymmetric__context_preferred__sample_0011"", ""proto_sw_1_1__seed_4182263884__global_l1_flow_v3__density_medium__selected_l1_004__L1-Only__independent_l1__context_preferred__sample_0075"", ""proto_sw_1_1__seed_4182263884__global_l1_flow_v3__density_medium__selected_l1_002__L1-Only__independent_l1__context_preferred__sample_0025"", ""proto_sw_1_1__seed_4182263884__global_l1_flow_v3__density_medium__selected_l1_003__L1-Only__independent_l1__context_preferred__sample_0050""]","{""selected_l1_001"": ""OPPOSED_L2_PAIR"", ""selected_l1_002"": ""L1_ONLY"", ""selected_l1_003"": ""L1_ONLY"", ""selected_l1_004"": ""L1_ONLY"", ""selected_l1_005"": ""L1_ONLY""}",5,0,1,0.0008072000000538537,proto_sw_1_1__seed_4182263884__global_l1_flow_v3__density_medium,proto_sw_1_1__seed_4182263884__global_l1_flow_v3__density_medium__unit_candidates_v2,4077c4607a22cbae43cfdf706263214483ad5006a9e93f29ccb9b014608a7038
C003,proto_sw_1_1,expanded,medium,1,100006,MB-L2,Ours@B,2,,2,1,1,success,,"[""proto_sw_1_1__seed_4182263884__global_l1_flow_v3__density_medium__selected_l1_005__L1-Only__independent_l1__context_preferred__sample_0100"", ""proto_sw_1_1__seed_4182263884__global_l1_flow_v3__density_medium__selected_l1_001__L1-Only__independent_l1__context_preferred__sample_0000"", ""proto_sw_1_1__seed_4182263884__global_l1_flow_v3__density_medium__selected_l1_004__L1-Only__independent_l1__context_preferred__sample_0075"", ""proto_sw_1_1__seed_4182263884__global_l1_flow_v3__density_medium__selected_l1_002__Y-2C__open_asymmetric__context_preferred__sample_0042"", ""proto_sw_1_1__seed_4182263884__global_l1_flow_v3__density_medium__selected_l1_003__L1-Only__independent_l1__context_preferred__sample_0050""]","{""selected_l1_001"": ""L1_ONLY"", ""selected_l1_002"": ""OPPOSED_L2_PAIR"", ""selected_l1_003"": ""L1_ONLY"", ""selected_l1_004"": ""L1_ONLY"", ""selected_l1_005"": ""L1_ONLY""}",287,0,1,0.003108599999904982,proto_sw_1_1__seed_4182263884__global_l1_flow_v3__density_medium,proto_sw_1_1__seed_4182263884__global_l1_flow_v3__density_medium__unit_candidates_v2,4077c4607a22cbae43cfdf706263214483ad5006a9e93f29ccb9b014608a7038
C004,proto_sw_1_1,expanded,medium,2,100010,MB-L2,LocalGreedy@B,1,,1,1,1,success,,"[""proto_sw_1_1__seed_1989963110__global_l1_flow_v3__density_medium__selected_l1_002__L1-Only__independent_l1__context_preferred__sample_0025"", ""proto_sw_1_1__seed_1989963110__global_l1_flow_v3__density_medium__selected_l1_004__L1-Only__independent_l1__context_preferred__sample_0075"", ""proto_sw_1_1__seed_1989963110__global_l1_flow_v3__density_medium__selected_l1_001__L1-Only__independent_l1__context_preferred__sample_0000"", ""proto_sw_1_1__seed_1989963110__global_l1_flow_v3__density_medium__selected_l1_005__Y-C__balanced_s__context_opposed__sample_0104"", ""proto_sw_1_1__seed_1989963110__global_l1_flow_v3__density_medium__selected_l1_003__L1-Only__independent_l1__context_preferred__sample_0050""]","{""selected_l1_001"": ""L1_ONLY"", ""selected_l1_002"": ""L1_ONLY"", ""selected_l1_003"": ""L1_ONLY"", ""selected_l1_004"": ""L1_ONLY"", ""selected_l1_005"": ""SINGLE_L2_RIGHT""}",5,0,1,0.008081200000106037,proto_sw_1_1__seed_1989963110__global_l1_flow_v3__density_medium,proto_sw_1_1__seed_1989963110__global_l1_flow_v3__density_medium__unit_candidates_v2,f7b369bcc4ede1d054c2a161a0cb6ec4377cc83570bd33af98182274283e30bb
C004,proto_sw_1_1,expanded,medium,2,100010,MB-L2,Ours@B,1,,1,1,1,success,,"[""proto_sw_1_1__seed_1989963110__global_l1_flow_v3__density_medium__selected_l1_002__L1-Only__independent_l1__context_preferred__sample_0025"", ""proto_sw_1_1__seed_1989963110__global_l1_flow_v3__density_medium__selected_l1_004__L1-Only__independent_l1__context_preferred__sample_0075"", ""proto_sw_1_1__seed_1989963110__global_l1_flow_v3__density_medium__selected_l1_001__L1-Only__independent_l1__context_preferred__sample_0000"", ""proto_sw_1_1__seed_1989963110__global_l1_flow_v3__density_medium__selected_l1_005__L1-Only__independent_l1__context_preferred__sample_0100"", ""proto_sw_1_1__seed_1989963110__global_l1_flow_v3__density_medium__selected_l1_003__Y-C__compact_c__context_preferred__sample_0051""]","{""selected_l1_001"": ""L1_ONLY"", ""selected_l1_002"": ""L1_ONLY"", ""selected_l1_003"": ""SINGLE_L2_LEFT"", ""selected_l1_004"": ""L1_ONLY"", ""selected_l1_005"": ""L1_ONLY""}",270,0,1,0.0035597000000962,proto_sw_1_1__seed_1989963110__global_l1_flow_v3__density_medium,proto_sw_1_1__seed_1989963110__global_l1_flow_v3__density_medium__unit_candidates_v2,f7b369bcc4ede1d054c2a161a0cb6ec4377cc83570bd33af98182274283e30bb
C004,proto_sw_1_1,expanded,medium,2,100010,MB-L2,LocalGreedy@B,2,,2,1,1,success,,"[""proto_sw_1_1__seed_1989963110__global_l1_flow_v3__density_medium__selected_l1_002__L1-Only__independent_l1__context_preferred__sample_0025"", ""proto_sw_1_1__seed_1989963110__global_l1_flow_v3__density_medium__selected_l1_004__L1-Only__independent_l1__context_preferred__sample_0075"", ""proto_sw_1_1__seed_1989963110__global_l1_flow_v3__density_medium__selected_l1_001__L1-Only__independent_l1__context_preferred__sample_0000"", ""proto_sw_1_1__seed_1989963110__global_l1_flow_v3__density_medium__selected_l1_005__Y-2C__nested_s__context_preferred__sample_0109"", ""proto_sw_1_1__seed_1989963110__global_l1_flow_v3__density_medium__selected_l1_003__L1-Only__independent_l1__context_preferred__sample_0050""]","{""selected_l1_001"": ""L1_ONLY"", ""selected_l1_002"": ""L1_ONLY"", ""selected_l1_003"": ""L1_ONLY"", ""selected_l1_004"": ""L1_ONLY"", ""selected_l1_005"": ""OPPOSED_L2_PAIR""}",5,0,1,0.0013896999998905812,proto_sw_1_1__seed_1989963110__global_l1_flow_v3__density_medium,proto_sw_1_1__seed_1989963110__global_l1_flow_v3__density_medium__unit_candidates_v2,f7b369bcc4ede1d054c2a161a0cb6ec4377cc83570bd33af98182274283e30bb
C004,proto_sw_1_1,expanded,medium,2,100010,MB-L2,Ours@B,2,,2,1,1,success,,"[""proto_sw_1_1__seed_1989963110__global_l1_flow_v3__density_medium__selected_l1_002__Y-2C__open_asymmetric__context_swapped__sample_0049"", ""proto_sw_1_1__seed_1989963110__global_l1_flow_v3__density_medium__selected_l1_004__L1-Only__independent_l1__context_preferred__sample_0075"", ""proto_sw_1_1__seed_1989963110__global_l1_flow_v3__density_medium__selected_l1_001__L1-Only__independent_l1__context_preferred__sample_0000"", ""proto_sw_1_1__seed_1989963110__global_l1_flow_v3__density_medium__selected_l1_005__L1-Only__independent_l1__context_preferred__sample_0100"", ""proto_sw_1_1__seed_1989963110__global_l1_flow_v3__density_medium__selected_l1_003__L1-Only__independent_l1__context_preferred__sample_0050""]","{""selected_l1_001"": ""L1_ONLY"", ""selected_l1_002"": ""OPPOSED_L2_PAIR"", ""selected_l1_003"": ""L1_ONLY"", ""selected_l1_004"": ""L1_ONLY"", ""selected_l1_005"": ""L1_ONLY""}",161,0,1,0.0038813999999547377,proto_sw_1_1__seed_1989963110__global_l1_flow_v3__density_medium,proto_sw_1_1__seed_1989963110__global_l1_flow_v3__density_medium__unit_candidates_v2,f7b369bcc4ede1d054c2a161a0cb6ec4377cc83570bd33af98182274283e30bb
C005,proto_sw_1_1,expanded,rich,1,100018,MB-L2,LocalGreedy@B,1,,1,1,1,success,,"[""proto_sw_1_1__seed_2661861881__global_l1_flow_v3__density_rich__selected_l1_003__Y-C__compact_c__context_preferred__sample_0051"", ""proto_sw_1_1__seed_2661861881__global_l1_flow_v3__density_rich__selected_l1_006__L1-Only__independent_l1__context_preferred__sample_0125"", ""proto_sw_1_1__seed_2661861881__global_l1_flow_v3__density_rich__selected_l1_004__L1-Only__independent_l1__context_preferred__sample_0075"", ""proto_sw_1_1__seed_2661861881__global_l1_flow_v3__density_rich__selected_l1_005__L1-Only__independent_l1__context_preferred__sample_0100"", ""proto_sw_1_1__seed_2661861881__global_l1_flow_v3__density_rich__selected_l1_001__L1-Only__independent_l1__context_preferred__sample_0000"", ""proto_sw_1_1__seed_2661861881__global_l1_flow_v3__density_rich__selected_l1_002__L1-Only__independent_l1__context_preferred__sample_0025""]","{""selected_l1_001"": ""L1_ONLY"", ""selected_l1_002"": ""L1_ONLY"", ""selected_l1_003"": ""SINGLE_L2_LEFT"", ""selected_l1_004"": ""L1_ONLY"", ""selected_l1_005"": ""L1_ONLY"", ""selected_l1_006"": ""L1_ONLY""}",6,0,1,0.00930949999974473,proto_sw_1_1__seed_2661861881__global_l1_flow_v3__density_rich,proto_sw_1_1__seed_2661861881__global_l1_flow_v3__density_rich__unit_candidates_v2,1c7ee8fb2524af01d92c3efb28a84ee2157d8d0e2393722e7f85aff6f275d06f
C005,proto_sw_1_1,expanded,rich,1,100018,MB-L2,Ours@B,1,,1,1,1,success,,"[""proto_sw_1_1__seed_2661861881__global_l1_flow_v3__density_rich__selected_l1_003__L1-Only__independent_l1__context_preferred__sample_0050"", ""proto_sw_1_1__seed_2661861881__global_l1_flow_v3__density_rich__selected_l1_006__Y-C__compact_c__context_opposed__sample_0127"", ""proto_sw_1_1__seed_2661861881__global_l1_flow_v3__density_rich__selected_l1_004__L1-Only__independent_l1__context_preferred__sample_0075"", ""proto_sw_1_1__seed_2661861881__global_l1_flow_v3__density_rich__selected_l1_005__L1-Only__independent_l1__context_preferred__sample_0100"", ""proto_sw_1_1__seed_2661861881__global_l1_flow_v3__density_rich__selected_l1_001__L1-Only__independent_l1__context_preferred__sample_0000"", ""proto_sw_1_1__seed_2661861881__global_l1_flow_v3__density_rich__selected_l1_002__L1-Only__independent_l1__context_preferred__sample_0025""]","{""selected_l1_001"": ""L1_ONLY"", ""selected_l1_002"": ""L1_ONLY"", ""selected_l1_003"": ""L1_ONLY"", ""selected_l1_004"": ""L1_ONLY"", ""selected_l1_005"": ""L1_ONLY"", ""selected_l1_006"": ""SINGLE_L2_LEFT""}",429,0,1,0.0038038999996388156,proto_sw_1_1__seed_2661861881__global_l1_flow_v3__density_rich,proto_sw_1_1__seed_2661861881__global_l1_flow_v3__density_rich__unit_candidates_v2,1c7ee8fb2524af01d92c3efb28a84ee2157d8d0e2393722e7f85aff6f275d06f
C005,proto_sw_1_1,expanded,rich,1,100018,MB-L2,LocalGreedy@B,2,,2,1,1,success,,"[""proto_sw_1_1__seed_2661861881__global_l1_flow_v3__density_rich__selected_l1_003__Y-2C__staggered_c__context_preferred__sample_0057"", ""proto_sw_1_1__seed_2661861881__global_l1_flow_v3__density_rich__selected_l1_006__L1-Only__independent_l1__context_preferred__sample_0125"", ""proto_sw_1_1__seed_2661861881__global_l1_flow_v3__density_rich__selected_l1_004__L1-Only__independent_l1__context_preferred__sample_0075"", ""proto_sw_1_1__seed_2661861881__global_l1_flow_v3__density_rich__selected_l1_005__L1-Only__independent_l1__context_preferred__sample_0100"", ""proto_sw_1_1__seed_2661861881__global_l1_flow_v3__density_rich__selected_l1_001__L1-Only__independent_l1__context_preferred__sample_0000"", ""proto_sw_1_1__seed_2661861881__global_l1_flow_v3__density_rich__selected_l1_002__L1-Only__independent_l1__context_preferred__sample_0025""]","{""selected_l1_001"": ""L1_ONLY"", ""selected_l1_002"": ""L1_ONLY"", ""selected_l1_003"": ""OPPOSED_L2_PAIR"", ""selected_l1_004"": ""L1_ONLY"", ""selected_l1_005"": ""L1_ONLY"", ""selected_l1_006"": ""L1_ONLY""}",6,0,1,0.002409300000181247,proto_sw_1_1__seed_2661861881__global_l1_flow_v3__density_rich,proto_sw_1_1__seed_2661861881__global_l1_flow_v3__density_rich__unit_candidates_v2,1c7ee8fb2524af01d92c3efb28a84ee2157d8d0e2393722e7f85aff6f275d06f
C005,proto_sw_1_1,expanded,rich,1,100018,MB-L2,Ours@B,2,,2,1,1,success,,"[""proto_sw_1_1__seed_2661861881__global_l1_flow_v3__density_rich__selected_l1_003__Y-2C__staggered_c__context_preferred__sample_0057"", ""proto_sw_1_1__seed_2661861881__global_l1_flow_v3__density_rich__selected_l1_006__L1-Only__independent_l1__context_preferred__sample_0125"", ""proto_sw_1_1__seed_2661861881__global_l1_flow_v3__density_rich__selected_l1_004__L1-Only__independent_l1__context_preferred__sample_0075"", ""proto_sw_1_1__seed_2661861881__global_l1_flow_v3__density_rich__selected_l1_005__L1-Only__independent_l1__context_preferred__sample_0100"", ""proto_sw_1_1__seed_2661861881__global_l1_flow_v3__density_rich__selected_l1_001__L1-Only__independent_l1__context_preferred__sample_0000"", ""proto_sw_1_1__seed_2661861881__global_l1_flow_v3__density_rich__selected_l1_002__L1-Only__independent_l1__context_preferred__sample_0025""]","{""selected_l1_001"": ""L1_ONLY"", ""selected_l1_002"": ""L1_ONLY"", ""selected_l1_003"": ""OPPOSED_L2_PAIR"", ""selected_l1_004"": ""L1_ONLY"", ""selected_l1_005"": ""L1_ONLY"", ""selected_l1_006"": ""L1_ONLY""}",725,0,1,0.004795600000306877,proto_sw_1_1__seed_2661861881__global_l1_flow_v3__density_rich,proto_sw_1_1__seed_2661861881__global_l1_flow_v3__density_rich__unit_candidates_v2,1c7ee8fb2524af01d92c3efb28a84ee2157d8d0e2393722e7f85aff6f275d06f
C006,proto_sw_1_1,expanded,rich,2,100019,MB-L2,LocalGreedy@B,1,,1,1,1,success,,"[""proto_sw_1_1__seed_898415462__global_l1_flow_v3__density_rich__selected_l1_004__L1-Only__independent_l1__context_preferred__sample_0075"", ""proto_sw_1_1__seed_898415462__global_l1_flow_v3__density_rich__selected_l1_001__Y-C__balanced_s__context_opposed__sample_0004"", ""proto_sw_1_1__seed_898415462__global_l1_flow_v3__density_rich__selected_l1_002__L1-Only__independent_l1__context_preferred__sample_0025"", ""proto_sw_1_1__seed_898415462__global_l1_flow_v3__density_rich__selected_l1_005__L1-Only__independent_l1__context_preferred__sample_0100"", ""proto_sw_1_1__seed_898415462__global_l1_flow_v3__density_rich__selected_l1_006__L1-Only__independent_l1__context_preferred__sample_0125"", ""proto_sw_1_1__seed_898415462__global_l1_flow_v3__density_rich__selected_l1_003__L1-Only__independent_l1__context_preferred__sample_0050""]","{""selected_l1_001"": ""SINGLE_L2_LEFT"", ""selected_l1_002"": ""L1_ONLY"", ""selected_l1_003"": ""L1_ONLY"", ""selected_l1_004"": ""L1_ONLY"", ""selected_l1_005"": ""L1_ONLY"", ""selected_l1_006"": ""L1_ONLY""}",6,0,1,0.010884300000270741,proto_sw_1_1__seed_898415462__global_l1_flow_v3__density_rich,proto_sw_1_1__seed_898415462__global_l1_flow_v3__density_rich__unit_candidates_v2,86408348160478d704d1a213bc973047e735feb68907a59d1270119a6d0e8ba6
C006,proto_sw_1_1,expanded,rich,2,100019,MB-L2,Ours@B,1,,1,1,1,success,,"[""proto_sw_1_1__seed_898415462__global_l1_flow_v3__density_rich__selected_l1_004__L1-Only__independent_l1__context_preferred__sample_0075"", ""proto_sw_1_1__seed_898415462__global_l1_flow_v3__density_rich__selected_l1_001__L1-Only__independent_l1__context_preferred__sample_0000"", ""proto_sw_1_1__seed_898415462__global_l1_flow_v3__density_rich__selected_l1_002__L1-Only__independent_l1__context_preferred__sample_0025"", ""proto_sw_1_1__seed_898415462__global_l1_flow_v3__density_rich__selected_l1_005__L1-Only__independent_l1__context_preferred__sample_0100"", ""proto_sw_1_1__seed_898415462__global_l1_flow_v3__density_rich__selected_l1_006__L1-Only__independent_l1__context_preferred__sample_0125"", ""proto_sw_1_1__seed_898415462__global_l1_flow_v3__density_rich__selected_l1_003__Y-C__compact_c__context_preferred__sample_0051""]","{""selected_l1_001"": ""L1_ONLY"", ""selected_l1_002"": ""L1_ONLY"", ""selected_l1_003"": ""SINGLE_L2_RIGHT"", ""selected_l1_004"": ""L1_ONLY"", ""selected_l1_005"": ""L1_ONLY"", ""selected_l1_006"": ""L1_ONLY""}",405,0,1,0.0025270999999520427,proto_sw_1_1__seed_898415462__global_l1_flow_v3__density_rich,proto_sw_1_1__seed_898415462__global_l1_flow_v3__density_rich__unit_candidates_v2,86408348160478d704d1a213bc973047e735feb68907a59d1270119a6d0e8ba6
C006,proto_sw_1_1,expanded,rich,2,100019,MB-L2,LocalGreedy@B,2,,1,1,0,budget_not_attained,sequential irreversible pass ended below target B,"[""proto_sw_1_1__seed_898415462__global_l1_flow_v3__density_rich__selected_l1_004__L1-Only__independent_l1__context_preferred__sample_0075"", ""proto_sw_1_1__seed_898415462__global_l1_flow_v3__density_rich__selected_l1_001__Y-C__balanced_s__context_opposed__sample_0004"", ""proto_sw_1_1__seed_898415462__global_l1_flow_v3__density_rich__selected_l1_002__L1-Only__independent_l1__context_preferred__sample_0025"", ""proto_sw_1_1__seed_898415462__global_l1_flow_v3__density_rich__selected_l1_005__L1-Only__independent_l1__context_preferred__sample_0100"", ""proto_sw_1_1__seed_898415462__global_l1_flow_v3__density_rich__selected_l1_006__L1-Only__independent_l1__context_preferred__sample_0125"", ""proto_sw_1_1__seed_898415462__global_l1_flow_v3__density_rich__selected_l1_003__L1-Only__independent_l1__context_preferred__sample_0050""]","{""selected_l1_001"": ""SINGLE_L2_LEFT"", ""selected_l1_002"": ""L1_ONLY"", ""selected_l1_003"": ""L1_ONLY"", ""selected_l1_004"": ""L1_ONLY"", ""selected_l1_005"": ""L1_ONLY"", ""selected_l1_006"": ""L1_ONLY""}",6,0,1,0.0016391000003750378,proto_sw_1_1__seed_898415462__global_l1_flow_v3__density_rich,proto_sw_1_1__seed_898415462__global_l1_flow_v3__density_rich__unit_candidates_v2,86408348160478d704d1a213bc973047e735feb68907a59d1270119a6d0e8ba6
C006,proto_sw_1_1,expanded,rich,2,100019,MB-L2,Ours@B,2,,2,1,1,success,,"[""proto_sw_1_1__seed_898415462__global_l1_flow_v3__density_rich__selected_l1_004__L1-Only__independent_l1__context_preferred__sample_0075"", ""proto_sw_1_1__seed_898415462__global_l1_flow_v3__density_rich__selected_l1_001__Y-2C__staggered_c__context_swapped__sample_0014"", ""proto_sw_1_1__seed_898415462__global_l1_flow_v3__density_rich__selected_l1_002__L1-Only__independent_l1__context_preferred__sample_0025"", ""proto_sw_1_1__seed_898415462__global_l1_flow_v3__density_rich__selected_l1_005__L1-Only__independent_l1__context_preferred__sample_0100"", ""proto_sw_1_1__seed_898415462__global_l1_flow_v3__density_rich__selected_l1_006__L1-Only__independent_l1__context_preferred__sample_0125"", ""proto_sw_1_1__seed_898415462__global_l1_flow_v3__density_rich__selected_l1_003__L1-Only__independent_l1__context_preferred__sample_0050""]","{""selected_l1_001"": ""OPPOSED_L2_PAIR"", ""selected_l1_002"": ""L1_ONLY"", ""selected_l1_003"": ""L1_ONLY"", ""selected_l1_004"": ""L1_ONLY"", ""selected_l1_005"": ""L1_ONLY"", ""selected_l1_006"": ""L1_ONLY""}",172,0,1,0.0027211999999963155,proto_sw_1_1__seed_898415462__global_l1_flow_v3__density_rich,proto_sw_1_1__seed_898415462__global_l1_flow_v3__density_rich__unit_candidates_v2,86408348160478d704d1a213bc973047e735feb68907a59d1270119a6d0e8ba6
C007,proto_sw_1_1,compact,simple,1,100000,MB-L2,LocalGreedy@B,1,,1,1,1,success,,"[""proto_sw_1_1__seed_2781254137__global_l1_flow_v3__density_simple__selected_l1_002__L1-Only__independent_l1__context_preferred__sample_0025"", ""proto_sw_1_1__seed_2781254137__global_l1_flow_v3__density_simple__selected_l1_001__Y-C__balanced_s__context_preferred__sample_0003"", ""proto_sw_1_1__seed_2781254137__global_l1_flow_v3__density_simple__selected_l1_004__L1-Only__independent_l1__context_preferred__sample_0075"", ""proto_sw_1_1__seed_2781254137__global_l1_flow_v3__density_simple__selected_l1_003__L1-Only__independent_l1__context_preferred__sample_0050""]","{""selected_l1_001"": ""SINGLE_L2_RIGHT"", ""selected_l1_002"": ""L1_ONLY"", ""selected_l1_003"": ""L1_ONLY"", ""selected_l1_004"": ""L1_ONLY""}",4,0,1,0.009307799999987765,proto_sw_1_1__seed_2781254137__global_l1_flow_v3__density_simple,proto_sw_1_1__seed_2781254137__global_l1_flow_v3__density_simple__unit_candidates_v2,4a6d7cc918a55db489aff0719ff0c5d2244cdd40393fab67e66284f187c58c0c
C007,proto_sw_1_1,compact,simple,1,100000,MB-L2,Ours@B,1,,1,1,1,success,,"[""proto_sw_1_1__seed_2781254137__global_l1_flow_v3__density_simple__selected_l1_002__L1-Only__independent_l1__context_preferred__sample_0025"", ""proto_sw_1_1__seed_2781254137__global_l1_flow_v3__density_simple__selected_l1_001__L1-Only__independent_l1__context_preferred__sample_0000"", ""proto_sw_1_1__seed_2781254137__global_l1_flow_v3__density_simple__selected_l1_004__Y-C__open_c__context_preferred__sample_0080"", ""proto_sw_1_1__seed_2781254137__global_l1_flow_v3__density_simple__selected_l1_003__L1-Only__independent_l1__context_preferred__sample_0050""]","{""selected_l1_001"": ""L1_ONLY"", ""selected_l1_002"": ""L1_ONLY"", ""selected_l1_003"": ""L1_ONLY"", ""selected_l1_004"": ""SINGLE_L2_RIGHT""}",111,0,1,0.0018039000001408567,proto_sw_1_1__seed_2781254137__global_l1_flow_v3__density_simple,proto_sw_1_1__seed_2781254137__global_l1_flow_v3__density_simple__unit_candidates_v2,4a6d7cc918a55db489aff0719ff0c5d2244cdd40393fab67e66284f187c58c0c
C007,proto_sw_1_1,compact,simple,1,100000,MB-L2,LocalGreedy@B,2,,2,1,1,success,,"[""proto_sw_1_1__seed_2781254137__global_l1_flow_v3__density_simple__selected_l1_002__L1-Only__independent_l1__context_preferred__sample_0025"", ""proto_sw_1_1__seed_2781254137__global_l1_flow_v3__density_simple__selected_l1_001__Y-2C__open_asymmetric__context_swapped__sample_0024"", ""proto_sw_1_1__seed_2781254137__global_l1_flow_v3__density_simple__selected_l1_004__L1-Only__independent_l1__context_preferred__sample_0075"", ""proto_sw_1_1__seed_2781254137__global_l1_flow_v3__density_simple__selected_l1_003__L1-Only__independent_l1__context_preferred__sample_0050""]","{""selected_l1_001"": ""OPPOSED_L2_PAIR"", ""selected_l1_002"": ""L1_ONLY"", ""selected_l1_003"": ""L1_ONLY"", ""selected_l1_004"": ""L1_ONLY""}",4,0,1,0.0006542999999510357,proto_sw_1_1__seed_2781254137__global_l1_flow_v3__density_simple,proto_sw_1_1__seed_2781254137__global_l1_flow_v3__density_simple__unit_candidates_v2,4a6d7cc918a55db489aff0719ff0c5d2244cdd40393fab67e66284f187c58c0c
C007,proto_sw_1_1,compact,simple,1,100000,MB-L2,Ours@B,2,,2,1,1,success,,"[""proto_sw_1_1__seed_2781254137__global_l1_flow_v3__density_simple__selected_l1_002__L1-Only__independent_l1__context_preferred__sample_0025"", ""proto_sw_1_1__seed_2781254137__global_l1_flow_v3__density_simple__selected_l1_001__L1-Only__independent_l1__context_preferred__sample_0000"", ""proto_sw_1_1__seed_2781254137__global_l1_flow_v3__density_simple__selected_l1_004__Y-2C__staggered_c__context_preferred__sample_0088"", ""proto_sw_1_1__seed_2781254137__global_l1_flow_v3__density_simple__selected_l1_003__L1-Only__independent_l1__context_preferred__sample_0050""]","{""selected_l1_001"": ""L1_ONLY"", ""selected_l1_002"": ""L1_ONLY"", ""selected_l1_003"": ""L1_ONLY"", ""selected_l1_004"": ""OPPOSED_L2_PAIR""}",96,0,1,0.0016227999999500753,proto_sw_1_1__seed_2781254137__global_l1_flow_v3__density_simple,proto_sw_1_1__seed_2781254137__global_l1_flow_v3__density_simple__unit_candidates_v2,4a6d7cc918a55db489aff0719ff0c5d2244cdd40393fab67e66284f187c58c0c
C008,proto_sw_1_1,compact,simple,2,100008,MB-L2,LocalGreedy@B,1,,1,1,1,success,,"[""proto_sw_1_1__seed_399132903__global_l1_flow_v3__density_simple__selected_l1_002__L1-Only__independent_l1__context_preferred__sample_0025"", ""proto_sw_1_1__seed_399132903__global_l1_flow_v3__density_simple__selected_l1_004__L1-Only__independent_l1__context_preferred__sample_0075"", ""proto_sw_1_1__seed_399132903__global_l1_flow_v3__density_simple__selected_l1_001__L1-Only__independent_l1__context_preferred__sample_0000"", ""proto_sw_1_1__seed_399132903__global_l1_flow_v3__density_simple__selected_l1_003__Y-C__balanced_s__context_opposed__sample_0054""]","{""selected_l1_001"": ""L1_ONLY"", ""selected_l1_002"": ""L1_ONLY"", ""selected_l1_003"": ""SINGLE_L2_RIGHT"", ""selected_l1_004"": ""L1_ONLY""}",4,0,1,0.007547499999873253,proto_sw_1_1__seed_399132903__global_l1_flow_v3__density_simple,proto_sw_1_1__seed_399132903__global_l1_flow_v3__density_simple__unit_candidates_v2,07910f095b7e8699ec523f11e8afd388310a0f0462b5d185b72c0607eb6e4c78
C008,proto_sw_1_1,compact,simple,2,100008,MB-L2,Ours@B,1,,1,1,1,success,,"[""proto_sw_1_1__seed_399132903__global_l1_flow_v3__density_simple__selected_l1_002__Y-C__open_c__context_preferred__sample_0030"", ""proto_sw_1_1__seed_399132903__global_l1_flow_v3__density_simple__selected_l1_004__L1-Only__independent_l1__context_preferred__sample_0075"", ""proto_sw_1_1__seed_399132903__global_l1_flow_v3__density_simple__selected_l1_001__L1-Only__independent_l1__context_preferred__sample_0000"", ""proto_sw_1_1__seed_399132903__global_l1_flow_v3__density_simple__selected_l1_003__L1-Only__independent_l1__context_preferred__sample_0050""]","{""selected_l1_001"": ""L1_ONLY"", ""selected_l1_002"": ""SINGLE_L2_RIGHT"", ""selected_l1_003"": ""L1_ONLY"", ""selected_l1_004"": ""L1_ONLY""}",40,0,1,0.0010893999997279025,proto_sw_1_1__seed_399132903__global_l1_flow_v3__density_simple,proto_sw_1_1__seed_399132903__global_l1_flow_v3__density_simple__unit_candidates_v2,07910f095b7e8699ec523f11e8afd388310a0f0462b5d185b72c0607eb6e4c78
C008,proto_sw_1_1,compact,simple,2,100008,MB-L2,LocalGreedy@B,2,,2,1,1,success,,"[""proto_sw_1_1__seed_399132903__global_l1_flow_v3__density_simple__selected_l1_002__L1-Only__independent_l1__context_preferred__sample_0025"", ""proto_sw_1_1__seed_399132903__global_l1_flow_v3__density_simple__selected_l1_004__L1-Only__independent_l1__context_preferred__sample_0075"", ""proto_sw_1_1__seed_399132903__global_l1_flow_v3__density_simple__selected_l1_001__L1-Only__independent_l1__context_preferred__sample_0000"", ""proto_sw_1_1__seed_399132903__global_l1_flow_v3__density_simple__selected_l1_003__Y-2C__nested_s__context_swapped__sample_0060""]","{""selected_l1_001"": ""L1_ONLY"", ""selected_l1_002"": ""L1_ONLY"", ""selected_l1_003"": ""OPPOSED_L2_PAIR"", ""selected_l1_004"": ""L1_ONLY""}",4,0,1,0.0004619999999704305,proto_sw_1_1__seed_399132903__global_l1_flow_v3__density_simple,proto_sw_1_1__seed_399132903__global_l1_flow_v3__density_simple__unit_candidates_v2,07910f095b7e8699ec523f11e8afd388310a0f0462b5d185b72c0607eb6e4c78
C008,proto_sw_1_1,compact,simple,2,100008,MB-L2,Ours@B,2,,2,1,1,success,,"[""proto_sw_1_1__seed_399132903__global_l1_flow_v3__density_simple__selected_l1_002__L1-Only__independent_l1__context_preferred__sample_0025"", ""proto_sw_1_1__seed_399132903__global_l1_flow_v3__density_simple__selected_l1_004__L1-Only__independent_l1__context_preferred__sample_0075"", ""proto_sw_1_1__seed_399132903__global_l1_flow_v3__density_simple__selected_l1_001__Y-2C__open_asymmetric__context_preferred__sample_0011"", ""proto_sw_1_1__seed_399132903__global_l1_flow_v3__density_simple__selected_l1_003__L1-Only__independent_l1__context_preferred__sample_0050""]","{""selected_l1_001"": ""OPPOSED_L2_PAIR"", ""selected_l1_002"": ""L1_ONLY"", ""selected_l1_003"": ""L1_ONLY"", ""selected_l1_004"": ""L1_ONLY""}",122,0,1,0.001895799999601877,proto_sw_1_1__seed_399132903__global_l1_flow_v3__density_simple,proto_sw_1_1__seed_399132903__global_l1_flow_v3__density_simple__unit_candidates_v2,07910f095b7e8699ec523f11e8afd388310a0f0462b5d185b72c0607eb6e4c78
C009,proto_sw_1_1,compact,medium,1,100007,MB-L2,LocalGreedy@B,1,,1,1,1,success,,"[""proto_sw_1_1__seed_3756345937__global_l1_flow_v3__density_medium__selected_l1_005__L1-Only__independent_l1__context_preferred__sample_0100"", ""proto_sw_1_1__seed_3756345937__global_l1_flow_v3__density_medium__selected_l1_002__L1-Only__independent_l1__context_preferred__sample_0025"", ""proto_sw_1_1__seed_3756345937__global_l1_flow_v3__density_medium__selected_l1_001__L1-Only__independent_l1__context_preferred__sample_0000"", ""proto_sw_1_1__seed_3756345937__global_l1_flow_v3__density_medium__selected_l1_004__Y-C__balanced_s__context_opposed__sample_0079"", ""proto_sw_1_1__seed_3756345937__global_l1_flow_v3__density_medium__selected_l1_003__L1-Only__independent_l1__context_preferred__sample_0050""]","{""selected_l1_001"": ""L1_ONLY"", ""selected_l1_002"": ""L1_ONLY"", ""selected_l1_003"": ""L1_ONLY"", ""selected_l1_004"": ""SINGLE_L2_RIGHT"", ""selected_l1_005"": ""L1_ONLY""}",5,0,1,0.0019044999999096035,proto_sw_1_1__seed_3756345937__global_l1_flow_v3__density_medium,proto_sw_1_1__seed_3756345937__global_l1_flow_v3__density_medium__unit_candidates_v2,9c8988538a2e88176f181c004bc3331c2f19598b9e991ac1070120187f586365
C009,proto_sw_1_1,compact,medium,1,100007,MB-L2,Ours@B,1,,1,1,1,success,,"[""proto_sw_1_1__seed_3756345937__global_l1_flow_v3__density_medium__selected_l1_005__Y-C__compact_c__context_preferred__sample_0101"", ""proto_sw_1_1__seed_3756345937__global_l1_flow_v3__density_medium__selected_l1_002__L1-Only__independent_l1__context_preferred__sample_0025"", ""proto_sw_1_1__seed_3756345937__global_l1_flow_v3__density_medium__selected_l1_001__L1-Only__independent_l1__context_preferred__sample_0000"", ""proto_sw_1_1__seed_3756345937__global_l1_flow_v3__density_medium__selected_l1_004__L1-Only__independent_l1__context_preferred__sample_0075"", ""proto_sw_1_1__seed_3756345937__global_l1_flow_v3__density_medium__selected_l1_003__L1-Only__independent_l1__context_preferred__sample_0050""]","{""selected_l1_001"": ""L1_ONLY"", ""selected_l1_002"": ""L1_ONLY"", ""selected_l1_003"": ""L1_ONLY"", ""selected_l1_004"": ""L1_ONLY"", ""selected_l1_005"": ""SINGLE_L2_RIGHT""}",836,0,1,0.005561499999657826,proto_sw_1_1__seed_3756345937__global_l1_flow_v3__density_medium,proto_sw_1_1__seed_3756345937__global_l1_flow_v3__density_medium__unit_candidates_v2,9c8988538a2e88176f181c004bc3331c2f19598b9e991ac1070120187f586365
C009,proto_sw_1_1,compact,medium,1,100007,MB-L2,LocalGreedy@B,2,,2,1,1,success,,"[""proto_sw_1_1__seed_3756345937__global_l1_flow_v3__density_medium__selected_l1_005__L1-Only__independent_l1__context_preferred__sample_0100"", ""proto_sw_1_1__seed_3756345937__global_l1_flow_v3__density_medium__selected_l1_002__L1-Only__independent_l1__context_preferred__sample_0025"", ""proto_sw_1_1__seed_3756345937__global_l1_flow_v3__density_medium__selected_l1_001__L1-Only__independent_l1__context_preferred__sample_0000"", ""proto_sw_1_1__seed_3756345937__global_l1_flow_v3__density_medium__selected_l1_004__Y-2C__nested_s__context_preferred__sample_0084"", ""proto_sw_1_1__seed_3756345937__global_l1_flow_v3__density_medium__selected_l1_003__L1-Only__independent_l1__context_preferred__sample_0050""]","{""selected_l1_001"": ""L1_ONLY"", ""selected_l1_002"": ""L1_ONLY"", ""selected_l1_003"": ""L1_ONLY"", ""selected_l1_004"": ""OPPOSED_L2_PAIR"", ""selected_l1_005"": ""L1_ONLY""}",5,0,1,0.0017487999998593295,proto_sw_1_1__seed_3756345937__global_l1_flow_v3__density_medium,proto_sw_1_1__seed_3756345937__global_l1_flow_v3__density_medium__unit_candidates_v2,9c8988538a2e88176f181c004bc3331c2f19598b9e991ac1070120187f586365
C009,proto_sw_1_1,compact,medium,1,100007,MB-L2,Ours@B,2,,2,2,1,success,,"[""proto_sw_1_1__seed_3756345937__global_l1_flow_v3__density_medium__selected_l1_005__Y-C__compact_c__context_preferred__sample_0101"", ""proto_sw_1_1__seed_3756345937__global_l1_flow_v3__density_medium__selected_l1_002__L1-Only__independent_l1__context_preferred__sample_0025"", ""proto_sw_1_1__seed_3756345937__global_l1_flow_v3__density_medium__selected_l1_001__Y-C__compact_c__context_opposed__sample_0002"", ""proto_sw_1_1__seed_3756345937__global_l1_flow_v3__density_medium__selected_l1_004__L1-Only__independent_l1__context_preferred__sample_0075"", ""proto_sw_1_1__seed_3756345937__global_l1_flow_v3__density_medium__selected_l1_003__L1-Only__independent_l1__context_preferred__sample_0050""]","{""selected_l1_001"": ""SINGLE_L2_RIGHT"", ""selected_l1_002"": ""L1_ONLY"", ""selected_l1_003"": ""L1_ONLY"", ""selected_l1_004"": ""L1_ONLY"", ""selected_l1_005"": ""SINGLE_L2_RIGHT""}",854,0,1,0.006311000000096101,proto_sw_1_1__seed_3756345937__global_l1_flow_v3__density_medium,proto_sw_1_1__seed_3756345937__global_l1_flow_v3__density_medium__unit_candidates_v2,9c8988538a2e88176f181c004bc3331c2f19598b9e991ac1070120187f586365
C009,proto_sw_1_1,compact,medium,1,100007,MB-L2,LocalGreedy@B,3,,3,2,1,success,,"[""proto_sw_1_1__seed_3756345937__global_l1_flow_v3__density_medium__selected_l1_005__L1-Only__independent_l1__context_preferred__sample_0100"", ""proto_sw_1_1__seed_3756345937__global_l1_flow_v3__density_medium__selected_l1_002__Y-C__balanced_s__context_opposed__sample_0029"", ""proto_sw_1_1__seed_3756345937__global_l1_flow_v3__density_medium__selected_l1_001__L1-Only__independent_l1__context_preferred__sample_0000"", ""proto_sw_1_1__seed_3756345937__global_l1_flow_v3__density_medium__selected_l1_004__Y-2C__nested_s__context_preferred__sample_0084"", ""proto_sw_1_1__seed_3756345937__global_l1_flow_v3__density_medium__selected_l1_003__L1-Only__independent_l1__context_preferred__sample_0050""]","{""selected_l1_001"": ""L1_ONLY"", ""selected_l1_002"": ""SINGLE_L2_RIGHT"", ""selected_l1_003"": ""L1_ONLY"", ""selected_l1_004"": ""OPPOSED_L2_PAIR"", ""selected_l1_005"": ""L1_ONLY""}",5,0,1,0.0016273000001092441,proto_sw_1_1__seed_3756345937__global_l1_flow_v3__density_medium,proto_sw_1_1__seed_3756345937__global_l1_flow_v3__density_medium__unit_candidates_v2,9c8988538a2e88176f181c004bc3331c2f19598b9e991ac1070120187f586365
C009,proto_sw_1_1,compact,medium,1,100007,MB-L2,Ours@B,3,,3,2,1,success,,"[""proto_sw_1_1__seed_3756345937__global_l1_flow_v3__density_medium__selected_l1_005__Y-2C__staggered_c__context_preferred__sample_0113"", ""proto_sw_1_1__seed_3756345937__global_l1_flow_v3__density_medium__selected_l1_002__L1-Only__independent_l1__context_preferred__sample_0025"", ""proto_sw_1_1__seed_3756345937__global_l1_flow_v3__density_medium__selected_l1_001__Y-C__compact_c__context_opposed__sample_0002"", ""proto_sw_1_1__seed_3756345937__global_l1_flow_v3__density_medium__selected_l1_004__L1-Only__independent_l1__context_preferred__sample_0075"", ""proto_sw_1_1__seed_3756345937__global_l1_flow_v3__density_medium__selected_l1_003__L1-Only__independent_l1__context_preferred__sample_0050""]","{""selected_l1_001"": ""SINGLE_L2_RIGHT"", ""selected_l1_002"": ""L1_ONLY"", ""selected_l1_003"": ""L1_ONLY"", ""selected_l1_004"": ""L1_ONLY"", ""selected_l1_005"": ""OPPOSED_L2_PAIR""}",1493,0,1,0.009725500000058673,proto_sw_1_1__seed_3756345937__global_l1_flow_v3__density_medium,proto_sw_1_1__seed_3756345937__global_l1_flow_v3__density_medium__unit_candidates_v2,9c8988538a2e88176f181c004bc3331c2f19598b9e991ac1070120187f586365
C009,proto_sw_1_1,compact,medium,1,100007,MB-L2,LocalGreedy@B,4,,4,2,1,success,,"[""proto_sw_1_1__seed_3756345937__global_l1_flow_v3__density_medium__selected_l1_005__L1-Only__independent_l1__context_preferred__sample_0100"", ""proto_sw_1_1__seed_3756345937__global_l1_flow_v3__density_medium__selected_l1_002__Y-2C__nested_s__context_swapped__sample_0041"", ""proto_sw_1_1__seed_3756345937__global_l1_flow_v3__density_medium__selected_l1_001__L1-Only__independent_l1__context_preferred__sample_0000"", ""proto_sw_1_1__seed_3756345937__global_l1_flow_v3__density_medium__selected_l1_004__Y-2C__nested_s__context_preferred__sample_0084"", ""proto_sw_1_1__seed_3756345937__global_l1_flow_v3__density_medium__selected_l1_003__L1-Only__independent_l1__context_preferred__sample_0050""]","{""selected_l1_001"": ""L1_ONLY"", ""selected_l1_002"": ""OPPOSED_L2_PAIR"", ""selected_l1_003"": ""L1_ONLY"", ""selected_l1_004"": ""OPPOSED_L2_PAIR"", ""selected_l1_005"": ""L1_ONLY""}",5,0,1,0.0015881999997873208,proto_sw_1_1__seed_3756345937__global_l1_flow_v3__density_medium,proto_sw_1_1__seed_3756345937__global_l1_flow_v3__density_medium__unit_candidates_v2,9c8988538a2e88176f181c004bc3331c2f19598b9e991ac1070120187f586365
C009,proto_sw_1_1,compact,medium,1,100007,MB-L2,Ours@B,4,,4,2,1,success,,"[""proto_sw_1_1__seed_3756345937__global_l1_flow_v3__density_medium__selected_l1_005__Y-2C__staggered_c__context_preferred__sample_0113"", ""proto_sw_1_1__seed_3756345937__global_l1_flow_v3__density_medium__selected_l1_002__Y-2C__open_asymmetric__context_swapped__sample_0043"", ""proto_sw_1_1__seed_3756345937__global_l1_flow_v3__density_medium__selected_l1_001__L1-Only__independent_l1__context_preferred__sample_0000"", ""proto_sw_1_1__seed_3756345937__global_l1_flow_v3__density_medium__selected_l1_004__L1-Only__independent_l1__context_preferred__sample_0075"", ""proto_sw_1_1__seed_3756345937__global_l1_flow_v3__density_medium__selected_l1_003__L1-Only__independent_l1__context_preferred__sample_0050""]","{""selected_l1_001"": ""L1_ONLY"", ""selected_l1_002"": ""OPPOSED_L2_PAIR"", ""selected_l1_003"": ""L1_ONLY"", ""selected_l1_004"": ""L1_ONLY"", ""selected_l1_005"": ""OPPOSED_L2_PAIR""}",2294,0,1,0.012762100000145438,proto_sw_1_1__seed_3756345937__global_l1_flow_v3__density_medium,proto_sw_1_1__seed_3756345937__global_l1_flow_v3__density_medium__unit_candidates_v2,9c8988538a2e88176f181c004bc3331c2f19598b9e991ac1070120187f586365
C010,proto_sw_1_1,compact,medium,2,100025,MB-L2,LocalGreedy@B,1,,1,1,1,success,,"[""proto_sw_1_1__seed_3401931970__global_l1_flow_v3__density_medium__selected_l1_001__L1-Only__independent_l1__context_preferred__sample_0000"", ""proto_sw_1_1__seed_3401931970__global_l1_flow_v3__density_medium__selected_l1_003__L1-Only__independent_l1__context_preferred__sample_0050"", ""proto_sw_1_1__seed_3401931970__global_l1_flow_v3__density_medium__selected_l1_002__Y-C__balanced_s__context_preferred__sample_0028"", ""proto_sw_1_1__seed_3401931970__global_l1_flow_v3__density_medium__selected_l1_005__L1-Only__independent_l1__context_preferred__sample_0100"", ""proto_sw_1_1__seed_3401931970__global_l1_flow_v3__density_medium__selected_l1_004__L1-Only__independent_l1__context_preferred__sample_0075""]","{""selected_l1_001"": ""L1_ONLY"", ""selected_l1_002"": ""SINGLE_L2_RIGHT"", ""selected_l1_003"": ""L1_ONLY"", ""selected_l1_004"": ""L1_ONLY"", ""selected_l1_005"": ""L1_ONLY""}",5,0,1,0.0021577999996225117,proto_sw_1_1__seed_3401931970__global_l1_flow_v3__density_medium,proto_sw_1_1__seed_3401931970__global_l1_flow_v3__density_medium__unit_candidates_v2,bf3370f0e19ada8ac3d75ebb36a04af3375cba07e847e0a4c20da1f52a798f0f
C010,proto_sw_1_1,compact,medium,2,100025,MB-L2,Ours@B,1,,1,1,1,success,,"[""proto_sw_1_1__seed_3401931970__global_l1_flow_v3__density_medium__selected_l1_001__L1-Only__independent_l1__context_preferred__sample_0000"", ""proto_sw_1_1__seed_3401931970__global_l1_flow_v3__density_medium__selected_l1_003__L1-Only__independent_l1__context_preferred__sample_0050"", ""proto_sw_1_1__seed_3401931970__global_l1_flow_v3__density_medium__selected_l1_002__L1-Only__independent_l1__context_preferred__sample_0025"", ""proto_sw_1_1__seed_3401931970__global_l1_flow_v3__density_medium__selected_l1_005__Y-C__open_c__context_opposed__sample_0106"", ""proto_sw_1_1__seed_3401931970__global_l1_flow_v3__density_medium__selected_l1_004__L1-Only__independent_l1__context_preferred__sample_0075""]","{""selected_l1_001"": ""L1_ONLY"", ""selected_l1_002"": ""L1_ONLY"", ""selected_l1_003"": ""L1_ONLY"", ""selected_l1_004"": ""L1_ONLY"", ""selected_l1_005"": ""SINGLE_L2_RIGHT""}",901,0,1,0.004792599999746017,proto_sw_1_1__seed_3401931970__global_l1_flow_v3__density_medium,proto_sw_1_1__seed_3401931970__global_l1_flow_v3__density_medium__unit_candidates_v2,bf3370f0e19ada8ac3d75ebb36a04af3375cba07e847e0a4c20da1f52a798f0f
C010,proto_sw_1_1,compact,medium,2,100025,MB-L2,LocalGreedy@B,2,,2,1,1,success,,"[""proto_sw_1_1__seed_3401931970__global_l1_flow_v3__density_medium__selected_l1_001__L1-Only__independent_l1__context_preferred__sample_0000"", ""proto_sw_1_1__seed_3401931970__global_l1_flow_v3__density_medium__selected_l1_003__L1-Only__independent_l1__context_preferred__sample_0050"", ""proto_sw_1_1__seed_3401931970__global_l1_flow_v3__density_medium__selected_l1_002__Y-2C__open_asymmetric__context_swapped__sample_0043"", ""proto_sw_1_1__seed_3401931970__global_l1_flow_v3__density_medium__selected_l1_005__L1-Only__independent_l1__context_preferred__sample_0100"", ""proto_sw_1_1__seed_3401931970__global_l1_flow_v3__density_medium__selected_l1_004__L1-Only__independent_l1__context_preferred__sample_0075""]","{""selected_l1_001"": ""L1_ONLY"", ""selected_l1_002"": ""OPPOSED_L2_PAIR"", ""selected_l1_003"": ""L1_ONLY"", ""selected_l1_004"": ""L1_ONLY"", ""selected_l1_005"": ""L1_ONLY""}",5,0,1,0.002028399999744579,proto_sw_1_1__seed_3401931970__global_l1_flow_v3__density_medium,proto_sw_1_1__seed_3401931970__global_l1_flow_v3__density_medium__unit_candidates_v2,bf3370f0e19ada8ac3d75ebb36a04af3375cba07e847e0a4c20da1f52a798f0f
C010,proto_sw_1_1,compact,medium,2,100025,MB-L2,Ours@B,2,,2,2,1,success,,"[""proto_sw_1_1__seed_3401931970__global_l1_flow_v3__density_medium__selected_l1_001__Y-C__open_c__context_opposed__sample_0006"", ""proto_sw_1_1__seed_3401931970__global_l1_flow_v3__density_medium__selected_l1_003__L1-Only__independent_l1__context_preferred__sample_0050"", ""proto_sw_1_1__seed_3401931970__global_l1_flow_v3__density_medium__selected_l1_002__L1-Only__independent_l1__context_preferred__sample_0025"", ""proto_sw_1_1__seed_3401931970__global_l1_flow_v3__density_medium__selected_l1_005__Y-C__open_c__context_opposed__sample_0106"", ""proto_sw_1_1__seed_3401931970__global_l1_flow_v3__density_medium__selected_l1_004__L1-Only__independent_l1__context_preferred__sample_0075""]","{""selected_l1_001"": ""SINGLE_L2_RIGHT"", ""selected_l1_002"": ""L1_ONLY"", ""selected_l1_003"": ""L1_ONLY"", ""selected_l1_004"": ""L1_ONLY"", ""selected_l1_005"": ""SINGLE_L2_RIGHT""}",429,0,1,0.0032111999998960528,proto_sw_1_1__seed_3401931970__global_l1_flow_v3__density_medium,proto_sw_1_1__seed_3401931970__global_l1_flow_v3__density_medium__unit_candidates_v2,bf3370f0e19ada8ac3d75ebb36a04af3375cba07e847e0a4c20da1f52a798f0f
C010,proto_sw_1_1,compact,medium,2,100025,MB-L2,LocalGreedy@B,3,,3,2,1,success,,"[""proto_sw_1_1__seed_3401931970__global_l1_flow_v3__density_medium__selected_l1_001__Y-C__balanced_s__context_opposed__sample_0004"", ""proto_sw_1_1__seed_3401931970__global_l1_flow_v3__density_medium__selected_l1_003__L1-Only__independent_l1__context_preferred__sample_0050"", ""proto_sw_1_1__seed_3401931970__global_l1_flow_v3__density_medium__selected_l1_002__Y-2C__open_asymmetric__context_swapped__sample_0043"", ""proto_sw_1_1__seed_3401931970__global_l1_flow_v3__density_medium__selected_l1_005__L1-Only__independent_l1__context_preferred__sample_0100"", ""proto_sw_1_1__seed_3401931970__global_l1_flow_v3__density_medium__selected_l1_004__L1-Only__independent_l1__context_preferred__sample_0075""]","{""selected_l1_001"": ""SINGLE_L2_RIGHT"", ""selected_l1_002"": ""OPPOSED_L2_PAIR"", ""selected_l1_003"": ""L1_ONLY"", ""selected_l1_004"": ""L1_ONLY"", ""selected_l1_005"": ""L1_ONLY""}",5,0,1,0.0020093999996788625,proto_sw_1_1__seed_3401931970__global_l1_flow_v3__density_medium,proto_sw_1_1__seed_3401931970__global_l1_flow_v3__density_medium__unit_candidates_v2,bf3370f0e19ada8ac3d75ebb36a04af3375cba07e847e0a4c20da1f52a798f0f
C010,proto_sw_1_1,compact,medium,2,100025,MB-L2,Ours@B,3,,3,2,1,success,,"[""proto_sw_1_1__seed_3401931970__global_l1_flow_v3__density_medium__selected_l1_001__Y-2C__open_asymmetric__context_preferred__sample_0017"", ""proto_sw_1_1__seed_3401931970__global_l1_flow_v3__density_medium__selected_l1_003__L1-Only__independent_l1__context_preferred__sample_0050"", ""proto_sw_1_1__seed_3401931970__global_l1_flow_v3__density_medium__selected_l1_002__L1-Only__independent_l1__context_preferred__sample_0025"", ""proto_sw_1_1__seed_3401931970__global_l1_flow_v3__density_medium__selected_l1_005__Y-C__open_c__context_opposed__sample_0106"", ""proto_sw_1_1__seed_3401931970__global_l1_flow_v3__density_medium__selected_l1_004__L1-Only__independent_l1__context_preferred__sample_0075""]","{""selected_l1_001"": ""OPPOSED_L2_PAIR"", ""selected_l1_002"": ""L1_ONLY"", ""selected_l1_003"": ""L1_ONLY"", ""selected_l1_004"": ""L1_ONLY"", ""selected_l1_005"": ""SINGLE_L2_RIGHT""}",532,0,1,0.005470199999763281,proto_sw_1_1__seed_3401931970__global_l1_flow_v3__density_medium,proto_sw_1_1__seed_3401931970__global_l1_flow_v3__density_medium__unit_candidates_v2,bf3370f0e19ada8ac3d75ebb36a04af3375cba07e847e0a4c20da1f52a798f0f
C010,proto_sw_1_1,compact,medium,2,100025,MB-L2,LocalGreedy@B,4,,4,2,1,success,,"[""proto_sw_1_1__seed_3401931970__global_l1_flow_v3__density_medium__selected_l1_001__Y-2C__open_asymmetric__context_preferred__sample_0017"", ""proto_sw_1_1__seed_3401931970__global_l1_flow_v3__density_medium__selected_l1_003__L1-Only__independent_l1__context_preferred__sample_0050"", ""proto_sw_1_1__seed_3401931970__global_l1_flow_v3__density_medium__selected_l1_002__Y-2C__open_asymmetric__context_swapped__sample_0043"", ""proto_sw_1_1__seed_3401931970__global_l1_flow_v3__density_medium__selected_l1_005__L1-Only__independent_l1__context_preferred__sample_0100"", ""proto_sw_1_1__seed_3401931970__global_l1_flow_v3__density_medium__selected_l1_004__L1-Only__independent_l1__context_preferred__sample_0075""]","{""selected_l1_001"": ""OPPOSED_L2_PAIR"", ""selected_l1_002"": ""OPPOSED_L2_PAIR"", ""selected_l1_003"": ""L1_ONLY"", ""selected_l1_004"": ""L1_ONLY"", ""selected_l1_005"": ""L1_ONLY""}",5,0,1,0.0012464000001273234,proto_sw_1_1__seed_3401931970__global_l1_flow_v3__density_medium,proto_sw_1_1__seed_3401931970__global_l1_flow_v3__density_medium__unit_candidates_v2,bf3370f0e19ada8ac3d75ebb36a04af3375cba07e847e0a4c20da1f52a798f0f
C010,proto_sw_1_1,compact,medium,2,100025,MB-L2,Ours@B,4,,4,2,1,success,,"[""proto_sw_1_1__seed_3401931970__global_l1_flow_v3__density_medium__selected_l1_001__Y-2C__open_asymmetric__context_preferred__sample_0017"", ""proto_sw_1_1__seed_3401931970__global_l1_flow_v3__density_medium__selected_l1_003__L1-Only__independent_l1__context_preferred__sample_0050"", ""proto_sw_1_1__seed_3401931970__global_l1_flow_v3__density_medium__selected_l1_002__L1-Only__independent_l1__context_preferred__sample_0025"", ""proto_sw_1_1__seed_3401931970__global_l1_flow_v3__density_medium__selected_l1_005__Y-2C__staggered_c__context_swapped__sample_0114"", ""proto_sw_1_1__seed_3401931970__global_l1_flow_v3__density_medium__selected_l1_004__L1-Only__independent_l1__context_preferred__sample_0075""]","{""selected_l1_001"": ""OPPOSED_L2_PAIR"", ""selected_l1_002"": ""L1_ONLY"", ""selected_l1_003"": ""L1_ONLY"", ""selected_l1_004"": ""L1_ONLY"", ""selected_l1_005"": ""OPPOSED_L2_PAIR""}",508,0,1,0.004189500000393309,proto_sw_1_1__seed_3401931970__global_l1_flow_v3__density_medium,proto_sw_1_1__seed_3401931970__global_l1_flow_v3__density_medium__unit_candidates_v2,bf3370f0e19ada8ac3d75ebb36a04af3375cba07e847e0a4c20da1f52a798f0f
C011,proto_sw_1_1,compact,rich,1,100005,MB-L2,LocalGreedy@B,1,,1,1,1,success,,"[""proto_sw_1_1__seed_1160715944__global_l1_flow_v3__density_rich__selected_l1_002__Y-C__balanced_s__context_opposed__sample_0029"", ""proto_sw_1_1__seed_1160715944__global_l1_flow_v3__density_rich__selected_l1_003__L1-Only__independent_l1__context_preferred__sample_0050"", ""proto_sw_1_1__seed_1160715944__global_l1_flow_v3__density_rich__selected_l1_005__L1-Only__independent_l1__context_preferred__sample_0100"", ""proto_sw_1_1__seed_1160715944__global_l1_flow_v3__density_rich__selected_l1_004__L1-Only__independent_l1__context_preferred__sample_0075"", ""proto_sw_1_1__seed_1160715944__global_l1_flow_v3__density_rich__selected_l1_006__L1-Only__independent_l1__context_preferred__sample_0125"", ""proto_sw_1_1__seed_1160715944__global_l1_flow_v3__density_rich__selected_l1_001__L1-Only__independent_l1__context_preferred__sample_0000""]","{""selected_l1_001"": ""L1_ONLY"", ""selected_l1_002"": ""SINGLE_L2_RIGHT"", ""selected_l1_003"": ""L1_ONLY"", ""selected_l1_004"": ""L1_ONLY"", ""selected_l1_005"": ""L1_ONLY"", ""selected_l1_006"": ""L1_ONLY""}",6,0,1,0.0021219999998720596,proto_sw_1_1__seed_1160715944__global_l1_flow_v3__density_rich,proto_sw_1_1__seed_1160715944__global_l1_flow_v3__density_rich__unit_candidates_v2,b07f6cdc951b63e29149d0c4b189166519ff09dbc9980054d98c81a20525c424
C011,proto_sw_1_1,compact,rich,1,100005,MB-L2,Ours@B,1,,1,1,1,success,,"[""proto_sw_1_1__seed_1160715944__global_l1_flow_v3__density_rich__selected_l1_002__L1-Only__independent_l1__context_preferred__sample_0025"", ""proto_sw_1_1__seed_1160715944__global_l1_flow_v3__density_rich__selected_l1_003__L1-Only__independent_l1__context_preferred__sample_0050"", ""proto_sw_1_1__seed_1160715944__global_l1_flow_v3__density_rich__selected_l1_005__L1-Only__independent_l1__context_preferred__sample_0100"", ""proto_sw_1_1__seed_1160715944__global_l1_flow_v3__density_rich__selected_l1_004__L1-Only__independent_l1__context_preferred__sample_0075"", ""proto_sw_1_1__seed_1160715944__global_l1_flow_v3__density_rich__selected_l1_006__Y-C__open_c__context_opposed__sample_0131"", ""proto_sw_1_1__seed_1160715944__global_l1_flow_v3__density_rich__selected_l1_001__L1-Only__independent_l1__context_preferred__sample_0000""]","{""selected_l1_001"": ""L1_ONLY"", ""selected_l1_002"": ""L1_ONLY"", ""selected_l1_003"": ""L1_ONLY"", ""selected_l1_004"": ""L1_ONLY"", ""selected_l1_005"": ""L1_ONLY"", ""selected_l1_006"": ""SINGLE_L2_LEFT""}",292,0,1,0.0039013999999042426,proto_sw_1_1__seed_1160715944__global_l1_flow_v3__density_rich,proto_sw_1_1__seed_1160715944__global_l1_flow_v3__density_rich__unit_candidates_v2,b07f6cdc951b63e29149d0c4b189166519ff09dbc9980054d98c81a20525c424
C011,proto_sw_1_1,compact,rich,1,100005,MB-L2,LocalGreedy@B,2,,2,1,1,success,,"[""proto_sw_1_1__seed_1160715944__global_l1_flow_v3__density_rich__selected_l1_002__Y-2C__open_asymmetric__context_swapped__sample_0037"", ""proto_sw_1_1__seed_1160715944__global_l1_flow_v3__density_rich__selected_l1_003__L1-Only__independent_l1__context_preferred__sample_0050"", ""proto_sw_1_1__seed_1160715944__global_l1_flow_v3__density_rich__selected_l1_005__L1-Only__independent_l1__context_preferred__sample_0100"", ""proto_sw_1_1__seed_1160715944__global_l1_flow_v3__density_rich__selected_l1_004__L1-Only__independent_l1__context_preferred__sample_0075"", ""proto_sw_1_1__seed_1160715944__global_l1_flow_v3__density_rich__selected_l1_006__L1-Only__independent_l1__context_preferred__sample_0125"", ""proto_sw_1_1__seed_1160715944__global_l1_flow_v3__density_rich__selected_l1_001__L1-Only__independent_l1__context_preferred__sample_0000""]","{""selected_l1_001"": ""L1_ONLY"", ""selected_l1_002"": ""OPPOSED_L2_PAIR"", ""selected_l1_003"": ""L1_ONLY"", ""selected_l1_004"": ""L1_ONLY"", ""selected_l1_005"": ""L1_ONLY"", ""selected_l1_006"": ""L1_ONLY""}",6,0,1,0.0020830000003115856,proto_sw_1_1__seed_1160715944__global_l1_flow_v3__density_rich,proto_sw_1_1__seed_1160715944__global_l1_flow_v3__density_rich__unit_candidates_v2,b07f6cdc951b63e29149d0c4b189166519ff09dbc9980054d98c81a20525c424
C011,proto_sw_1_1,compact,rich,1,100005,MB-L2,Ours@B,2,,2,1,1,success,,"[""proto_sw_1_1__seed_1160715944__global_l1_flow_v3__density_rich__selected_l1_002__L1-Only__independent_l1__context_preferred__sample_0025"", ""proto_sw_1_1__seed_1160715944__global_l1_flow_v3__density_rich__selected_l1_003__L1-Only__independent_l1__context_preferred__sample_0050"", ""proto_sw_1_1__seed_1160715944__global_l1_flow_v3__density_rich__selected_l1_005__L1-Only__independent_l1__context_preferred__sample_0100"", ""proto_sw_1_1__seed_1160715944__global_l1_flow_v3__density_rich__selected_l1_004__L1-Only__independent_l1__context_preferred__sample_0075"", ""proto_sw_1_1__seed_1160715944__global_l1_flow_v3__density_rich__selected_l1_006__Y-2C__open_asymmetric__context_preferred__sample_0148"", ""proto_sw_1_1__seed_1160715944__global_l1_flow_v3__density_rich__selected_l1_001__L1-Only__independent_l1__context_preferred__sample_0000""]","{""selected_l1_001"": ""L1_ONLY"", ""selected_l1_002"": ""L1_ONLY"", ""selected_l1_003"": ""L1_ONLY"", ""selected_l1_004"": ""L1_ONLY"", ""selected_l1_005"": ""L1_ONLY"", ""selected_l1_006"": ""OPPOSED_L2_PAIR""}",351,0,1,0.00459580000006099,proto_sw_1_1__seed_1160715944__global_l1_flow_v3__density_rich,proto_sw_1_1__seed_1160715944__global_l1_flow_v3__density_rich__unit_candidates_v2,b07f6cdc951b63e29149d0c4b189166519ff09dbc9980054d98c81a20525c424
C012,proto_sw_1_1,compact,rich,2,100014,MB-L2,LocalGreedy@B,1,,1,1,1,success,,"[""proto_sw_1_1__seed_3322687601__global_l1_flow_v3__density_rich__selected_l1_005__L1-Only__independent_l1__context_preferred__sample_0100"", ""proto_sw_1_1__seed_3322687601__global_l1_flow_v3__density_rich__selected_l1_003__L1-Only__independent_l1__context_preferred__sample_0050"", ""proto_sw_1_1__seed_3322687601__global_l1_flow_v3__density_rich__selected_l1_006__L1-Only__independent_l1__context_preferred__sample_0125"", ""proto_sw_1_1__seed_3322687601__global_l1_flow_v3__density_rich__selected_l1_001__L1-Only__independent_l1__context_preferred__sample_0000"", ""proto_sw_1_1__seed_3322687601__global_l1_flow_v3__density_rich__selected_l1_002__L1-Only__independent_l1__context_preferred__sample_0025"", ""proto_sw_1_1__seed_3322687601__global_l1_flow_v3__density_rich__selected_l1_004__Y-C__balanced_s__context_opposed__sample_0079""]","{""selected_l1_001"": ""L1_ONLY"", ""selected_l1_002"": ""L1_ONLY"", ""selected_l1_003"": ""L1_ONLY"", ""selected_l1_004"": ""SINGLE_L2_RIGHT"", ""selected_l1_005"": ""L1_ONLY"", ""selected_l1_006"": ""L1_ONLY""}",6,0,1,0.0015604000000166707,proto_sw_1_1__seed_3322687601__global_l1_flow_v3__density_rich,proto_sw_1_1__seed_3322687601__global_l1_flow_v3__density_rich__unit_candidates_v2,a9b7eefdeba378fc39fe96936fb2dbd573423da4dc6ba89272df0b5b453757b3
C012,proto_sw_1_1,compact,rich,2,100014,MB-L2,Ours@B,1,,1,1,1,success,,"[""proto_sw_1_1__seed_3322687601__global_l1_flow_v3__density_rich__selected_l1_005__L1-Only__independent_l1__context_preferred__sample_0100"", ""proto_sw_1_1__seed_3322687601__global_l1_flow_v3__density_rich__selected_l1_003__L1-Only__independent_l1__context_preferred__sample_0050"", ""proto_sw_1_1__seed_3322687601__global_l1_flow_v3__density_rich__selected_l1_006__L1-Only__independent_l1__context_preferred__sample_0125"", ""proto_sw_1_1__seed_3322687601__global_l1_flow_v3__density_rich__selected_l1_001__L1-Only__independent_l1__context_preferred__sample_0000"", ""proto_sw_1_1__seed_3322687601__global_l1_flow_v3__density_rich__selected_l1_002__L1-Only__independent_l1__context_preferred__sample_0025"", ""proto_sw_1_1__seed_3322687601__global_l1_flow_v3__density_rich__selected_l1_004__Y-C__compact_c__context_opposed__sample_0077""]","{""selected_l1_001"": ""L1_ONLY"", ""selected_l1_002"": ""L1_ONLY"", ""selected_l1_003"": ""L1_ONLY"", ""selected_l1_004"": ""SINGLE_L2_RIGHT"", ""selected_l1_005"": ""L1_ONLY"", ""selected_l1_006"": ""L1_ONLY""}",697,0,1,0.0045522999998866,proto_sw_1_1__seed_3322687601__global_l1_flow_v3__density_rich,proto_sw_1_1__seed_3322687601__global_l1_flow_v3__density_rich__unit_candidates_v2,a9b7eefdeba378fc39fe96936fb2dbd573423da4dc6ba89272df0b5b453757b3
C012,proto_sw_1_1,compact,rich,2,100014,MB-L2,LocalGreedy@B,2,,2,1,1,success,,"[""proto_sw_1_1__seed_3322687601__global_l1_flow_v3__density_rich__selected_l1_005__L1-Only__independent_l1__context_preferred__sample_0100"", ""proto_sw_1_1__seed_3322687601__global_l1_flow_v3__density_rich__selected_l1_003__L1-Only__independent_l1__context_preferred__sample_0050"", ""proto_sw_1_1__seed_3322687601__global_l1_flow_v3__density_rich__selected_l1_006__L1-Only__independent_l1__context_preferred__sample_0125"", ""proto_sw_1_1__seed_3322687601__global_l1_flow_v3__density_rich__selected_l1_001__L1-Only__independent_l1__context_preferred__sample_0000"", ""proto_sw_1_1__seed_3322687601__global_l1_flow_v3__density_rich__selected_l1_002__L1-Only__independent_l1__context_preferred__sample_0025"", ""proto_sw_1_1__seed_3322687601__global_l1_flow_v3__density_rich__selected_l1_004__Y-2C__nested_s__context_swapped__sample_0085""]","{""selected_l1_001"": ""L1_ONLY"", ""selected_l1_002"": ""L1_ONLY"", ""selected_l1_003"": ""L1_ONLY"", ""selected_l1_004"": ""OPPOSED_L2_PAIR"", ""selected_l1_005"": ""L1_ONLY"", ""selected_l1_006"": ""L1_ONLY""}",6,0,1,0.0012216999998599931,proto_sw_1_1__seed_3322687601__global_l1_flow_v3__density_rich,proto_sw_1_1__seed_3322687601__global_l1_flow_v3__density_rich__unit_candidates_v2,a9b7eefdeba378fc39fe96936fb2dbd573423da4dc6ba89272df0b5b453757b3
C012,proto_sw_1_1,compact,rich,2,100014,MB-L2,Ours@B,2,,2,2,1,success,,"[""proto_sw_1_1__seed_3322687601__global_l1_flow_v3__density_rich__selected_l1_005__L1-Only__independent_l1__context_preferred__sample_0100"", ""proto_sw_1_1__seed_3322687601__global_l1_flow_v3__density_rich__selected_l1_003__L1-Only__independent_l1__context_preferred__sample_0050"", ""proto_sw_1_1__seed_3322687601__global_l1_flow_v3__density_rich__selected_l1_006__L1-Only__independent_l1__context_preferred__sample_0125"", ""proto_sw_1_1__seed_3322687601__global_l1_flow_v3__density_rich__selected_l1_001__L1-Only__independent_l1__context_preferred__sample_0000"", ""proto_sw_1_1__seed_3322687601__global_l1_flow_v3__density_rich__selected_l1_002__Y-C__compact_c__context_preferred__sample_0026"", ""proto_sw_1_1__seed_3322687601__global_l1_flow_v3__density_rich__selected_l1_004__Y-C__compact_c__context_opposed__sample_0077""]","{""selected_l1_001"": ""L1_ONLY"", ""selected_l1_002"": ""SINGLE_L2_LEFT"", ""selected_l1_003"": ""L1_ONLY"", ""selected_l1_004"": ""SINGLE_L2_RIGHT"", ""selected_l1_005"": ""L1_ONLY"", ""selected_l1_006"": ""L1_ONLY""}",445,0,1,0.004016800000044896,proto_sw_1_1__seed_3322687601__global_l1_flow_v3__density_rich,proto_sw_1_1__seed_3322687601__global_l1_flow_v3__density_rich__unit_candidates_v2,a9b7eefdeba378fc39fe96936fb2dbd573423da4dc6ba89272df0b5b453757b3
C012,proto_sw_1_1,compact,rich,2,100014,MB-L2,LocalGreedy@B,3,,3,2,1,success,,"[""proto_sw_1_1__seed_3322687601__global_l1_flow_v3__density_rich__selected_l1_005__L1-Only__independent_l1__context_preferred__sample_0100"", ""proto_sw_1_1__seed_3322687601__global_l1_flow_v3__density_rich__selected_l1_003__L1-Only__independent_l1__context_preferred__sample_0050"", ""proto_sw_1_1__seed_3322687601__global_l1_flow_v3__density_rich__selected_l1_006__L1-Only__independent_l1__context_preferred__sample_0125"", ""proto_sw_1_1__seed_3322687601__global_l1_flow_v3__density_rich__selected_l1_001__Y-C__balanced_s__context_opposed__sample_0004"", ""proto_sw_1_1__seed_3322687601__global_l1_flow_v3__density_rich__selected_l1_002__L1-Only__independent_l1__context_preferred__sample_0025"", ""proto_sw_1_1__seed_3322687601__global_l1_flow_v3__density_rich__selected_l1_004__Y-2C__nested_s__context_swapped__sample_0085""]","{""selected_l1_001"": ""SINGLE_L2_RIGHT"", ""selected_l1_002"": ""L1_ONLY"", ""selected_l1_003"": ""L1_ONLY"", ""selected_l1_004"": ""OPPOSED_L2_PAIR"", ""selected_l1_005"": ""L1_ONLY"", ""selected_l1_006"": ""L1_ONLY""}",6,0,1,0.0013861000002179935,proto_sw_1_1__seed_3322687601__global_l1_flow_v3__density_rich,proto_sw_1_1__seed_3322687601__global_l1_flow_v3__density_rich__unit_candidates_v2,a9b7eefdeba378fc39fe96936fb2dbd573423da4dc6ba89272df0b5b453757b3
C012,proto_sw_1_1,compact,rich,2,100014,MB-L2,Ours@B,3,,3,2,1,success,,"[""proto_sw_1_1__seed_3322687601__global_l1_flow_v3__density_rich__selected_l1_005__L1-Only__independent_l1__context_preferred__sample_0100"", ""proto_sw_1_1__seed_3322687601__global_l1_flow_v3__density_rich__selected_l1_003__L1-Only__independent_l1__context_preferred__sample_0050"", ""proto_sw_1_1__seed_3322687601__global_l1_flow_v3__density_rich__selected_l1_006__Y-2C__open_asymmetric__context_swapped__sample_0149"", ""proto_sw_1_1__seed_3322687601__global_l1_flow_v3__density_rich__selected_l1_001__L1-Only__independent_l1__context_preferred__sample_0000"", ""proto_sw_1_1__seed_3322687601__global_l1_flow_v3__density_rich__selected_l1_002__L1-Only__independent_l1__context_preferred__sample_0025"", ""proto_sw_1_1__seed_3322687601__global_l1_flow_v3__density_rich__selected_l1_004__Y-C__compact_c__context_opposed__sample_0077""]","{""selected_l1_001"": ""L1_ONLY"", ""selected_l1_002"": ""L1_ONLY"", ""selected_l1_003"": ""L1_ONLY"", ""selected_l1_004"": ""SINGLE_L2_RIGHT"", ""selected_l1_005"": ""L1_ONLY"", ""selected_l1_006"": ""OPPOSED_L2_PAIR""}",613,0,1,0.003805900000315887,proto_sw_1_1__seed_3322687601__global_l1_flow_v3__density_rich,proto_sw_1_1__seed_3322687601__global_l1_flow_v3__density_rich__unit_candidates_v2,a9b7eefdeba378fc39fe96936fb2dbd573423da4dc6ba89272df0b5b453757b3
C012,proto_sw_1_1,compact,rich,2,100014,MB-L2,LocalGreedy@B,4,,4,2,1,success,,"[""proto_sw_1_1__seed_3322687601__global_l1_flow_v3__density_rich__selected_l1_005__L1-Only__independent_l1__context_preferred__sample_0100"", ""proto_sw_1_1__seed_3322687601__global_l1_flow_v3__density_rich__selected_l1_003__L1-Only__independent_l1__context_preferred__sample_0050"", ""proto_sw_1_1__seed_3322687601__global_l1_flow_v3__density_rich__selected_l1_006__L1-Only__independent_l1__context_preferred__sample_0125"", ""proto_sw_1_1__seed_3322687601__global_l1_flow_v3__density_rich__selected_l1_001__Y-2C__nested_s__context_preferred__sample_0009"", ""proto_sw_1_1__seed_3322687601__global_l1_flow_v3__density_rich__selected_l1_002__L1-Only__independent_l1__context_preferred__sample_0025"", ""proto_sw_1_1__seed_3322687601__global_l1_flow_v3__density_rich__selected_l1_004__Y-2C__nested_s__context_swapped__sample_0085""]","{""selected_l1_001"": ""OPPOSED_L2_PAIR"", ""selected_l1_002"": ""L1_ONLY"", ""selected_l1_003"": ""L1_ONLY"", ""selected_l1_004"": ""OPPOSED_L2_PAIR"", ""selected_l1_005"": ""L1_ONLY"", ""selected_l1_006"": ""L1_ONLY""}",6,0,1,0.0014064000001781096,proto_sw_1_1__seed_3322687601__global_l1_flow_v3__density_rich,proto_sw_1_1__seed_3322687601__global_l1_flow_v3__density_rich__unit_candidates_v2,a9b7eefdeba378fc39fe96936fb2dbd573423da4dc6ba89272df0b5b453757b3
C012,proto_sw_1_1,compact,rich,2,100014,MB-L2,Ours@B,4,,4,2,1,success,,"[""proto_sw_1_1__seed_3322687601__global_l1_flow_v3__density_rich__selected_l1_005__L1-Only__independent_l1__context_preferred__sample_0100"", ""proto_sw_1_1__seed_3322687601__global_l1_flow_v3__density_rich__selected_l1_003__L1-Only__independent_l1__context_preferred__sample_0050"", ""proto_sw_1_1__seed_3322687601__global_l1_flow_v3__density_rich__selected_l1_006__Y-2C__open_asymmetric__context_swapped__sample_0149"", ""proto_sw_1_1__seed_3322687601__global_l1_flow_v3__density_rich__selected_l1_001__L1-Only__independent_l1__context_preferred__sample_0000"", ""proto_sw_1_1__seed_3322687601__global_l1_flow_v3__density_rich__selected_l1_002__Y-2C__staggered_c__context_preferred__sample_0044"", ""proto_sw_1_1__seed_3322687601__global_l1_flow_v3__density_rich__selected_l1_004__L1-Only__independent_l1__context_preferred__sample_0075""]","{""selected_l1_001"": ""L1_ONLY"", ""selected_l1_002"": ""OPPOSED_L2_PAIR"", ""selected_l1_003"": ""L1_ONLY"", ""selected_l1_004"": ""L1_ONLY"", ""selected_l1_005"": ""L1_ONLY"", ""selected_l1_006"": ""OPPOSED_L2_PAIR""}",1317,0,1,0.007762199999888253,proto_sw_1_1__seed_3322687601__global_l1_flow_v3__density_rich,proto_sw_1_1__seed_3322687601__global_l1_flow_v3__density_rich__unit_candidates_v2,a9b7eefdeba378fc39fe96936fb2dbd573423da4dc6ba89272df0b5b453757b3
C013,proto_sw_1_1,swept,simple,1,100003,MB-L2,LocalGreedy@B,1,,1,1,1,success,,"[""proto_sw_1_1__seed_1964058663__global_l1_flow_v3__density_simple__selected_l1_002__Y-C__balanced_s__context_opposed__sample_0029"", ""proto_sw_1_1__seed_1964058663__global_l1_flow_v3__density_simple__selected_l1_001__L1-Only__independent_l1__context_preferred__sample_0000"", ""proto_sw_1_1__seed_1964058663__global_l1_flow_v3__density_simple__selected_l1_003__L1-Only__independent_l1__context_preferred__sample_0050"", ""proto_sw_1_1__seed_1964058663__global_l1_flow_v3__density_simple__selected_l1_004__L1-Only__independent_l1__context_preferred__sample_0075""]","{""selected_l1_001"": ""L1_ONLY"", ""selected_l1_002"": ""SINGLE_L2_LEFT"", ""selected_l1_003"": ""L1_ONLY"", ""selected_l1_004"": ""L1_ONLY""}",4,0,1,0.001327200000105222,proto_sw_1_1__seed_1964058663__global_l1_flow_v3__density_simple,proto_sw_1_1__seed_1964058663__global_l1_flow_v3__density_simple__unit_candidates_v2,6d260be9f42228d8cf8d9b40f2c942529f0406a80732513b6ed04532999d95fc
C013,proto_sw_1_1,swept,simple,1,100003,MB-L2,Ours@B,1,,1,1,1,success,,"[""proto_sw_1_1__seed_1964058663__global_l1_flow_v3__density_simple__selected_l1_002__L1-Only__independent_l1__context_preferred__sample_0025"", ""proto_sw_1_1__seed_1964058663__global_l1_flow_v3__density_simple__selected_l1_001__L1-Only__independent_l1__context_preferred__sample_0000"", ""proto_sw_1_1__seed_1964058663__global_l1_flow_v3__density_simple__selected_l1_003__L1-Only__independent_l1__context_preferred__sample_0050"", ""proto_sw_1_1__seed_1964058663__global_l1_flow_v3__density_simple__selected_l1_004__Y-C__open_c__context_opposed__sample_0081""]","{""selected_l1_001"": ""L1_ONLY"", ""selected_l1_002"": ""L1_ONLY"", ""selected_l1_003"": ""L1_ONLY"", ""selected_l1_004"": ""SINGLE_L2_LEFT""}",184,0,1,0.0019765000001825683,proto_sw_1_1__seed_1964058663__global_l1_flow_v3__density_simple,proto_sw_1_1__seed_1964058663__global_l1_flow_v3__density_simple__unit_candidates_v2,6d260be9f42228d8cf8d9b40f2c942529f0406a80732513b6ed04532999d95fc
C013,proto_sw_1_1,swept,simple,1,100003,MB-L2,LocalGreedy@B,2,,2,1,1,success,,"[""proto_sw_1_1__seed_1964058663__global_l1_flow_v3__density_simple__selected_l1_002__Y-2C__nested_s__context_swapped__sample_0047"", ""proto_sw_1_1__seed_1964058663__global_l1_flow_v3__density_simple__selected_l1_001__L1-Only__independent_l1__context_preferred__sample_0000"", ""proto_sw_1_1__seed_1964058663__global_l1_flow_v3__density_simple__selected_l1_003__L1-Only__independent_l1__context_preferred__sample_0050"", ""proto_sw_1_1__seed_1964058663__global_l1_flow_v3__density_simple__selected_l1_004__L1-Only__independent_l1__context_preferred__sample_0075""]","{""selected_l1_001"": ""L1_ONLY"", ""selected_l1_002"": ""OPPOSED_L2_PAIR"", ""selected_l1_003"": ""L1_ONLY"", ""selected_l1_004"": ""L1_ONLY""}",4,0,1,0.001276500000130909,proto_sw_1_1__seed_1964058663__global_l1_flow_v3__density_simple,proto_sw_1_1__seed_1964058663__global_l1_flow_v3__density_simple__unit_candidates_v2,6d260be9f42228d8cf8d9b40f2c942529f0406a80732513b6ed04532999d95fc
C013,proto_sw_1_1,swept,simple,1,100003,MB-L2,Ours@B,2,,2,1,1,success,,"[""proto_sw_1_1__seed_1964058663__global_l1_flow_v3__density_simple__selected_l1_002__L1-Only__independent_l1__context_preferred__sample_0025"", ""proto_sw_1_1__seed_1964058663__global_l1_flow_v3__density_simple__selected_l1_001__L1-Only__independent_l1__context_preferred__sample_0000"", ""proto_sw_1_1__seed_1964058663__global_l1_flow_v3__density_simple__selected_l1_003__L1-Only__independent_l1__context_preferred__sample_0050"", ""proto_sw_1_1__seed_1964058663__global_l1_flow_v3__density_simple__selected_l1_004__Y-2C__open_asymmetric__context_swapped__sample_0087""]","{""selected_l1_001"": ""L1_ONLY"", ""selected_l1_002"": ""L1_ONLY"", ""selected_l1_003"": ""L1_ONLY"", ""selected_l1_004"": ""OPPOSED_L2_PAIR""}",184,0,1,0.0022033999998711806,proto_sw_1_1__seed_1964058663__global_l1_flow_v3__density_simple,proto_sw_1_1__seed_1964058663__global_l1_flow_v3__density_simple__unit_candidates_v2,6d260be9f42228d8cf8d9b40f2c942529f0406a80732513b6ed04532999d95fc
C014,proto_sw_1_1,swept,simple,2,100012,MB-L2,LocalGreedy@B,1,,1,1,1,success,,"[""proto_sw_1_1__seed_608345505__global_l1_flow_v3__density_simple__selected_l1_002__L1-Only__independent_l1__context_preferred__sample_0025"", ""proto_sw_1_1__seed_608345505__global_l1_flow_v3__density_simple__selected_l1_004__Y-C__balanced_s__context_opposed__sample_0079"", ""proto_sw_1_1__seed_608345505__global_l1_flow_v3__density_simple__selected_l1_001__L1-Only__independent_l1__context_preferred__sample_0000"", ""proto_sw_1_1__seed_608345505__global_l1_flow_v3__density_simple__selected_l1_003__L1-Only__independent_l1__context_preferred__sample_0050""]","{""selected_l1_001"": ""L1_ONLY"", ""selected_l1_002"": ""L1_ONLY"", ""selected_l1_003"": ""L1_ONLY"", ""selected_l1_004"": ""SINGLE_L2_LEFT""}",4,0,1,0.001264900000023772,proto_sw_1_1__seed_608345505__global_l1_flow_v3__density_simple,proto_sw_1_1__seed_608345505__global_l1_flow_v3__density_simple__unit_candidates_v2,fa4f50f45d151ee1367105fca6378942828a5d68172ae96822ae850bc5b3655f
C014,proto_sw_1_1,swept,simple,2,100012,MB-L2,Ours@B,1,,1,1,1,success,,"[""proto_sw_1_1__seed_608345505__global_l1_flow_v3__density_simple__selected_l1_002__L1-Only__independent_l1__context_preferred__sample_0025"", ""proto_sw_1_1__seed_608345505__global_l1_flow_v3__density_simple__selected_l1_004__Y-C__open_c__context_preferred__sample_0080"", ""proto_sw_1_1__seed_608345505__global_l1_flow_v3__density_simple__selected_l1_001__L1-Only__independent_l1__context_preferred__sample_0000"", ""proto_sw_1_1__seed_608345505__global_l1_flow_v3__density_simple__selected_l1_003__L1-Only__independent_l1__context_preferred__sample_0050""]","{""selected_l1_001"": ""L1_ONLY"", ""selected_l1_002"": ""L1_ONLY"", ""selected_l1_003"": ""L1_ONLY"", ""selected_l1_004"": ""SINGLE_L2_RIGHT""}",137,0,1,0.002307499999915308,proto_sw_1_1__seed_608345505__global_l1_flow_v3__density_simple,proto_sw_1_1__seed_608345505__global_l1_flow_v3__density_simple__unit_candidates_v2,fa4f50f45d151ee1367105fca6378942828a5d68172ae96822ae850bc5b3655f
C014,proto_sw_1_1,swept,simple,2,100012,MB-L2,LocalGreedy@B,2,,2,1,1,success,,"[""proto_sw_1_1__seed_608345505__global_l1_flow_v3__density_simple__selected_l1_002__L1-Only__independent_l1__context_preferred__sample_0025"", ""proto_sw_1_1__seed_608345505__global_l1_flow_v3__density_simple__selected_l1_004__Y-2C__nested_s__context_preferred__sample_0084"", ""proto_sw_1_1__seed_608345505__global_l1_flow_v3__density_simple__selected_l1_001__L1-Only__independent_l1__context_preferred__sample_0000"", ""proto_sw_1_1__seed_608345505__global_l1_flow_v3__density_simple__selected_l1_003__L1-Only__independent_l1__context_preferred__sample_0050""]","{""selected_l1_001"": ""L1_ONLY"", ""selected_l1_002"": ""L1_ONLY"", ""selected_l1_003"": ""L1_ONLY"", ""selected_l1_004"": ""OPPOSED_L2_PAIR""}",4,0,1,0.0013125999998919724,proto_sw_1_1__seed_608345505__global_l1_flow_v3__density_simple,proto_sw_1_1__seed_608345505__global_l1_flow_v3__density_simple__unit_candidates_v2,fa4f50f45d151ee1367105fca6378942828a5d68172ae96822ae850bc5b3655f
C014,proto_sw_1_1,swept,simple,2,100012,MB-L2,Ours@B,2,,2,1,1,success,,"[""proto_sw_1_1__seed_608345505__global_l1_flow_v3__density_simple__selected_l1_002__Y-2C__open_asymmetric__context_swapped__sample_0037"", ""proto_sw_1_1__seed_608345505__global_l1_flow_v3__density_simple__selected_l1_004__L1-Only__independent_l1__context_preferred__sample_0075"", ""proto_sw_1_1__seed_608345505__global_l1_flow_v3__density_simple__selected_l1_001__L1-Only__independent_l1__context_preferred__sample_0000"", ""proto_sw_1_1__seed_608345505__global_l1_flow_v3__density_simple__selected_l1_003__L1-Only__independent_l1__context_preferred__sample_0050""]","{""selected_l1_001"": ""L1_ONLY"", ""selected_l1_002"": ""OPPOSED_L2_PAIR"", ""selected_l1_003"": ""L1_ONLY"", ""selected_l1_004"": ""L1_ONLY""}",99,0,1,0.001788700000361132,proto_sw_1_1__seed_608345505__global_l1_flow_v3__density_simple,proto_sw_1_1__seed_608345505__global_l1_flow_v3__density_simple__unit_candidates_v2,fa4f50f45d151ee1367105fca6378942828a5d68172ae96822ae850bc5b3655f
C015,proto_sw_1_1,swept,medium,1,100004,MB-L2,LocalGreedy@B,1,,1,1,1,success,,"[""proto_sw_1_1__seed_3906224916__global_l1_flow_v3__density_medium__selected_l1_006__L1-Only__independent_l1__context_preferred__sample_0125"", ""proto_sw_1_1__seed_3906224916__global_l1_flow_v3__density_medium__selected_l1_001__L1-Only__independent_l1__context_preferred__sample_0000"", ""proto_sw_1_1__seed_3906224916__global_l1_flow_v3__density_medium__selected_l1_002__L1-Only__independent_l1__context_preferred__sample_0025"", ""proto_sw_1_1__seed_3906224916__global_l1_flow_v3__density_medium__selected_l1_005__L1-Only__independent_l1__context_preferred__sample_0100"", ""proto_sw_1_1__seed_3906224916__global_l1_flow_v3__density_medium__selected_l1_003__L1-Only__independent_l1__context_preferred__sample_0050"", ""proto_sw_1_1__seed_3906224916__global_l1_flow_v3__density_medium__selected_l1_004__Y-C__balanced_s__context_opposed__sample_0079""]","{""selected_l1_001"": ""L1_ONLY"", ""selected_l1_002"": ""L1_ONLY"", ""selected_l1_003"": ""L1_ONLY"", ""selected_l1_004"": ""SINGLE_L2_RIGHT"", ""selected_l1_005"": ""L1_ONLY"", ""selected_l1_006"": ""L1_ONLY""}",6,0,1,0.0015381000002889778,proto_sw_1_1__seed_3906224916__global_l1_flow_v3__density_medium,proto_sw_1_1__seed_3906224916__global_l1_flow_v3__density_medium__unit_candidates_v2,9cc0d97288985da79051c73f2b42b331805da012133d1035f98fcf297732b0ba
C015,proto_sw_1_1,swept,medium,1,100004,MB-L2,Ours@B,1,,1,1,1,success,,"[""proto_sw_1_1__seed_3906224916__global_l1_flow_v3__density_medium__selected_l1_006__L1-Only__independent_l1__context_preferred__sample_0125"", ""proto_sw_1_1__seed_3906224916__global_l1_flow_v3__density_medium__selected_l1_001__L1-Only__independent_l1__context_preferred__sample_0000"", ""proto_sw_1_1__seed_3906224916__global_l1_flow_v3__density_medium__selected_l1_002__L1-Only__independent_l1__context_preferred__sample_0025"", ""proto_sw_1_1__seed_3906224916__global_l1_flow_v3__density_medium__selected_l1_005__L1-Only__independent_l1__context_preferred__sample_0100"", ""proto_sw_1_1__seed_3906224916__global_l1_flow_v3__density_medium__selected_l1_003__L1-Only__independent_l1__context_preferred__sample_0050"", ""proto_sw_1_1__seed_3906224916__global_l1_flow_v3__density_medium__selected_l1_004__Y-C__compact_c__context_opposed__sample_0077""]","{""selected_l1_001"": ""L1_ONLY"", ""selected_l1_002"": ""L1_ONLY"", ""selected_l1_003"": ""L1_ONLY"", ""selected_l1_004"": ""SINGLE_L2_RIGHT"", ""selected_l1_005"": ""L1_ONLY"", ""selected_l1_006"": ""L1_ONLY""}",1341,0,1,0.007183700000041426,proto_sw_1_1__seed_3906224916__global_l1_flow_v3__density_medium,proto_sw_1_1__seed_3906224916__global_l1_flow_v3__density_medium__unit_candidates_v2,9cc0d97288985da79051c73f2b42b331805da012133d1035f98fcf297732b0ba
C015,proto_sw_1_1,swept,medium,1,100004,MB-L2,LocalGreedy@B,2,,2,1,1,success,,"[""proto_sw_1_1__seed_3906224916__global_l1_flow_v3__density_medium__selected_l1_006__L1-Only__independent_l1__context_preferred__sample_0125"", ""proto_sw_1_1__seed_3906224916__global_l1_flow_v3__density_medium__selected_l1_001__L1-Only__independent_l1__context_preferred__sample_0000"", ""proto_sw_1_1__seed_3906224916__global_l1_flow_v3__density_medium__selected_l1_002__L1-Only__independent_l1__context_preferred__sample_0025"", ""proto_sw_1_1__seed_3906224916__global_l1_flow_v3__density_medium__selected_l1_005__L1-Only__independent_l1__context_preferred__sample_0100"", ""proto_sw_1_1__seed_3906224916__global_l1_flow_v3__density_medium__selected_l1_003__L1-Only__independent_l1__context_preferred__sample_0050"", ""proto_sw_1_1__seed_3906224916__global_l1_flow_v3__density_medium__selected_l1_004__Y-2C__nested_s__context_preferred__sample_0084""]","{""selected_l1_001"": ""L1_ONLY"", ""selected_l1_002"": ""L1_ONLY"", ""selected_l1_003"": ""L1_ONLY"", ""selected_l1_004"": ""OPPOSED_L2_PAIR"", ""selected_l1_005"": ""L1_ONLY"", ""selected_l1_006"": ""L1_ONLY""}",6,0,1,0.001324299999851064,proto_sw_1_1__seed_3906224916__global_l1_flow_v3__density_medium,proto_sw_1_1__seed_3906224916__global_l1_flow_v3__density_medium__unit_candidates_v2,9cc0d97288985da79051c73f2b42b331805da012133d1035f98fcf297732b0ba
C015,proto_sw_1_1,swept,medium,1,100004,MB-L2,Ours@B,2,,2,2,1,success,,"[""proto_sw_1_1__seed_3906224916__global_l1_flow_v3__density_medium__selected_l1_006__L1-Only__independent_l1__context_preferred__sample_0125"", ""proto_sw_1_1__seed_3906224916__global_l1_flow_v3__density_medium__selected_l1_001__L1-Only__independent_l1__context_preferred__sample_0000"", ""proto_sw_1_1__seed_3906224916__global_l1_flow_v3__density_medium__selected_l1_002__L1-Only__independent_l1__context_preferred__sample_0025"", ""proto_sw_1_1__seed_3906224916__global_l1_flow_v3__density_medium__selected_l1_005__Y-C__open_c__context_opposed__sample_0106"", ""proto_sw_1_1__seed_3906224916__global_l1_flow_v3__density_medium__selected_l1_003__L1-Only__independent_l1__context_preferred__sample_0050"", ""proto_sw_1_1__seed_3906224916__global_l1_flow_v3__density_medium__selected_l1_004__Y-C__compact_c__context_opposed__sample_0077""]","{""selected_l1_001"": ""L1_ONLY"", ""selected_l1_002"": ""L1_ONLY"", ""selected_l1_003"": ""L1_ONLY"", ""selected_l1_004"": ""SINGLE_L2_RIGHT"", ""selected_l1_005"": ""SINGLE_L2_RIGHT"", ""selected_l1_006"": ""L1_ONLY""}",406,0,1,0.004921400000057474,proto_sw_1_1__seed_3906224916__global_l1_flow_v3__density_medium,proto_sw_1_1__seed_3906224916__global_l1_flow_v3__density_medium__unit_candidates_v2,9cc0d97288985da79051c73f2b42b331805da012133d1035f98fcf297732b0ba
C015,proto_sw_1_1,swept,medium,1,100004,MB-L2,LocalGreedy@B,3,,3,2,1,success,,"[""proto_sw_1_1__seed_3906224916__global_l1_flow_v3__density_medium__selected_l1_006__L1-Only__independent_l1__context_preferred__sample_0125"", ""proto_sw_1_1__seed_3906224916__global_l1_flow_v3__density_medium__selected_l1_001__L1-Only__independent_l1__context_preferred__sample_0000"", ""proto_sw_1_1__seed_3906224916__global_l1_flow_v3__density_medium__selected_l1_002__L1-Only__independent_l1__context_preferred__sample_0025"", ""proto_sw_1_1__seed_3906224916__global_l1_flow_v3__density_medium__selected_l1_005__L1-Only__independent_l1__context_preferred__sample_0100"", ""proto_sw_1_1__seed_3906224916__global_l1_flow_v3__density_medium__selected_l1_003__Y-C__balanced_s__context_opposed__sample_0054"", ""proto_sw_1_1__seed_3906224916__global_l1_flow_v3__density_medium__selected_l1_004__Y-2C__nested_s__context_preferred__sample_0084""]","{""selected_l1_001"": ""L1_ONLY"", ""selected_l1_002"": ""L1_ONLY"", ""selected_l1_003"": ""SINGLE_L2_LEFT"", ""selected_l1_004"": ""OPPOSED_L2_PAIR"", ""selected_l1_005"": ""L1_ONLY"", ""selected_l1_006"": ""L1_ONLY""}",6,0,1,0.0017815999999584164,proto_sw_1_1__seed_3906224916__global_l1_flow_v3__density_medium,proto_sw_1_1__seed_3906224916__global_l1_flow_v3__density_medium__unit_candidates_v2,9cc0d97288985da79051c73f2b42b331805da012133d1035f98fcf297732b0ba
C015,proto_sw_1_1,swept,medium,1,100004,MB-L2,Ours@B,3,,3,2,1,success,,"[""proto_sw_1_1__seed_3906224916__global_l1_flow_v3__density_medium__selected_l1_006__L1-Only__independent_l1__context_preferred__sample_0125"", ""proto_sw_1_1__seed_3906224916__global_l1_flow_v3__density_medium__selected_l1_001__L1-Only__independent_l1__context_preferred__sample_0000"", ""proto_sw_1_1__seed_3906224916__global_l1_flow_v3__density_medium__selected_l1_002__L1-Only__independent_l1__context_preferred__sample_0025"", ""proto_sw_1_1__seed_3906224916__global_l1_flow_v3__density_medium__selected_l1_005__Y-2C__staggered_c__context_preferred__sample_0107"", ""proto_sw_1_1__seed_3906224916__global_l1_flow_v3__density_medium__selected_l1_003__L1-Only__independent_l1__context_preferred__sample_0050"", ""proto_sw_1_1__seed_3906224916__global_l1_flow_v3__density_medium__selected_l1_004__Y-C__compact_c__context_opposed__sample_0077""]","{""selected_l1_001"": ""L1_ONLY"", ""selected_l1_002"": ""L1_ONLY"", ""selected_l1_003"": ""L1_ONLY"", ""selected_l1_004"": ""SINGLE_L2_RIGHT"", ""selected_l1_005"": ""OPPOSED_L2_PAIR"", ""selected_l1_006"": ""L1_ONLY""}",651,0,1,0.004253000000062457,proto_sw_1_1__seed_3906224916__global_l1_flow_v3__density_medium,proto_sw_1_1__seed_3906224916__global_l1_flow_v3__density_medium__unit_candidates_v2,9cc0d97288985da79051c73f2b42b331805da012133d1035f98fcf297732b0ba
C015,proto_sw_1_1,swept,medium,1,100004,MB-L2,LocalGreedy@B,4,,4,2,1,success,,"[""proto_sw_1_1__seed_3906224916__global_l1_flow_v3__density_medium__selected_l1_006__L1-Only__independent_l1__context_preferred__sample_0125"", ""proto_sw_1_1__seed_3906224916__global_l1_flow_v3__density_medium__selected_l1_001__L1-Only__independent_l1__context_preferred__sample_0000"", ""proto_sw_1_1__seed_3906224916__global_l1_flow_v3__density_medium__selected_l1_002__L1-Only__independent_l1__context_preferred__sample_0025"", ""proto_sw_1_1__seed_3906224916__global_l1_flow_v3__density_medium__selected_l1_005__L1-Only__independent_l1__context_preferred__sample_0100"", ""proto_sw_1_1__seed_3906224916__global_l1_flow_v3__density_medium__selected_l1_003__Y-2C__nested_s__context_swapped__sample_0060"", ""proto_sw_1_1__seed_3906224916__global_l1_flow_v3__density_medium__selected_l1_004__Y-2C__nested_s__context_preferred__sample_0084""]","{""selected_l1_001"": ""L1_ONLY"", ""selected_l1_002"": ""L1_ONLY"", ""selected_l1_003"": ""OPPOSED_L2_PAIR"", ""selected_l1_004"": ""OPPOSED_L2_PAIR"", ""selected_l1_005"": ""L1_ONLY"", ""selected_l1_006"": ""L1_ONLY""}",6,0,1,0.001824399999804882,proto_sw_1_1__seed_3906224916__global_l1_flow_v3__density_medium,proto_sw_1_1__seed_3906224916__global_l1_flow_v3__density_medium__unit_candidates_v2,9cc0d97288985da79051c73f2b42b331805da012133d1035f98fcf297732b0ba
C015,proto_sw_1_1,swept,medium,1,100004,MB-L2,Ours@B,4,,4,2,1,success,,"[""proto_sw_1_1__seed_3906224916__global_l1_flow_v3__density_medium__selected_l1_006__L1-Only__independent_l1__context_preferred__sample_0125"", ""proto_sw_1_1__seed_3906224916__global_l1_flow_v3__density_medium__selected_l1_001__L1-Only__independent_l1__context_preferred__sample_0000"", ""proto_sw_1_1__seed_3906224916__global_l1_flow_v3__density_medium__selected_l1_002__Y-2C__staggered_c__context_swapped__sample_0039"", ""proto_sw_1_1__seed_3906224916__global_l1_flow_v3__density_medium__selected_l1_005__Y-2C__staggered_c__context_preferred__sample_0107"", ""proto_sw_1_1__seed_3906224916__global_l1_flow_v3__density_medium__selected_l1_003__L1-Only__independent_l1__context_preferred__sample_0050"", ""proto_sw_1_1__seed_3906224916__global_l1_flow_v3__density_medium__selected_l1_004__L1-Only__independent_l1__context_preferred__sample_0075""]","{""selected_l1_001"": ""L1_ONLY"", ""selected_l1_002"": ""OPPOSED_L2_PAIR"", ""selected_l1_003"": ""L1_ONLY"", ""selected_l1_004"": ""L1_ONLY"", ""selected_l1_005"": ""OPPOSED_L2_PAIR"", ""selected_l1_006"": ""L1_ONLY""}",739,0,1,0.005293299999721057,proto_sw_1_1__seed_3906224916__global_l1_flow_v3__density_medium,proto_sw_1_1__seed_3906224916__global_l1_flow_v3__density_medium__unit_candidates_v2,9cc0d97288985da79051c73f2b42b331805da012133d1035f98fcf297732b0ba
C016,proto_sw_1_1,swept,medium,2,100015,MB-L2,LocalGreedy@B,1,,1,1,1,success,,"[""proto_sw_1_1__seed_1105195513__global_l1_flow_v3__density_medium__selected_l1_001__L1-Only__independent_l1__context_preferred__sample_0000"", ""proto_sw_1_1__seed_1105195513__global_l1_flow_v3__density_medium__selected_l1_005__Y-C__balanced_s__context_opposed__sample_0104"", ""proto_sw_1_1__seed_1105195513__global_l1_flow_v3__density_medium__selected_l1_004__L1-Only__independent_l1__context_preferred__sample_0075"", ""proto_sw_1_1__seed_1105195513__global_l1_flow_v3__density_medium__selected_l1_002__L1-Only__independent_l1__context_preferred__sample_0025"", ""proto_sw_1_1__seed_1105195513__global_l1_flow_v3__density_medium__selected_l1_003__L1-Only__independent_l1__context_preferred__sample_0050""]","{""selected_l1_001"": ""L1_ONLY"", ""selected_l1_002"": ""L1_ONLY"", ""selected_l1_003"": ""L1_ONLY"", ""selected_l1_004"": ""L1_ONLY"", ""selected_l1_005"": ""SINGLE_L2_LEFT""}",5,0,1,0.0012527000003501598,proto_sw_1_1__seed_1105195513__global_l1_flow_v3__density_medium,proto_sw_1_1__seed_1105195513__global_l1_flow_v3__density_medium__unit_candidates_v2,2dce7977a1f891538f2dd021765e84901350cb5184357f8e1891da38b388b29d
C016,proto_sw_1_1,swept,medium,2,100015,MB-L2,Ours@B,1,,1,1,1,success,,"[""proto_sw_1_1__seed_1105195513__global_l1_flow_v3__density_medium__selected_l1_001__L1-Only__independent_l1__context_preferred__sample_0000"", ""proto_sw_1_1__seed_1105195513__global_l1_flow_v3__density_medium__selected_l1_005__Y-C__open_c__context_preferred__sample_0105"", ""proto_sw_1_1__seed_1105195513__global_l1_flow_v3__density_medium__selected_l1_004__L1-Only__independent_l1__context_preferred__sample_0075"", ""proto_sw_1_1__seed_1105195513__global_l1_flow_v3__density_medium__selected_l1_002__L1-Only__independent_l1__context_preferred__sample_0025"", ""proto_sw_1_1__seed_1105195513__global_l1_flow_v3__density_medium__selected_l1_003__L1-Only__independent_l1__context_preferred__sample_0050""]","{""selected_l1_001"": ""L1_ONLY"", ""selected_l1_002"": ""L1_ONLY"", ""selected_l1_003"": ""L1_ONLY"", ""selected_l1_004"": ""L1_ONLY"", ""selected_l1_005"": ""SINGLE_L2_RIGHT""}",990,0,1,0.005379000000175438,proto_sw_1_1__seed_1105195513__global_l1_flow_v3__density_medium,proto_sw_1_1__seed_1105195513__global_l1_flow_v3__density_medium__unit_candidates_v2,2dce7977a1f891538f2dd021765e84901350cb5184357f8e1891da38b388b29d
C016,proto_sw_1_1,swept,medium,2,100015,MB-L2,LocalGreedy@B,2,,2,1,1,success,,"[""proto_sw_1_1__seed_1105195513__global_l1_flow_v3__density_medium__selected_l1_001__L1-Only__independent_l1__context_preferred__sample_0000"", ""proto_sw_1_1__seed_1105195513__global_l1_flow_v3__density_medium__selected_l1_005__Y-2C__nested_s__context_swapped__sample_0110"", ""proto_sw_1_1__seed_1105195513__global_l1_flow_v3__density_medium__selected_l1_004__L1-Only__independent_l1__context_preferred__sample_0075"", ""proto_sw_1_1__seed_1105195513__global_l1_flow_v3__density_medium__selected_l1_002__L1-Only__independent_l1__context_preferred__sample_0025"", ""proto_sw_1_1__seed_1105195513__global_l1_flow_v3__density_medium__selected_l1_003__L1-Only__independent_l1__context_preferred__sample_0050""]","{""selected_l1_001"": ""L1_ONLY"", ""selected_l1_002"": ""L1_ONLY"", ""selected_l1_003"": ""L1_ONLY"", ""selected_l1_004"": ""L1_ONLY"", ""selected_l1_005"": ""OPPOSED_L2_PAIR""}",5,0,1,0.0013616999999612744,proto_sw_1_1__seed_1105195513__global_l1_flow_v3__density_medium,proto_sw_1_1__seed_1105195513__global_l1_flow_v3__density_medium__unit_candidates_v2,2dce7977a1f891538f2dd021765e84901350cb5184357f8e1891da38b388b29d
C016,proto_sw_1_1,swept,medium,2,100015,MB-L2,Ours@B,2,,2,2,1,success,,"[""proto_sw_1_1__seed_1105195513__global_l1_flow_v3__density_medium__selected_l1_001__L1-Only__independent_l1__context_preferred__sample_0000"", ""proto_sw_1_1__seed_1105195513__global_l1_flow_v3__density_medium__selected_l1_005__Y-C__open_c__context_preferred__sample_0105"", ""proto_sw_1_1__seed_1105195513__global_l1_flow_v3__density_medium__selected_l1_004__Y-C__open_c__context_preferred__sample_0080"", ""proto_sw_1_1__seed_1105195513__global_l1_flow_v3__density_medium__selected_l1_002__L1-Only__independent_l1__context_preferred__sample_0025"", ""proto_sw_1_1__seed_1105195513__global_l1_flow_v3__density_medium__selected_l1_003__L1-Only__independent_l1__context_preferred__sample_0050""]","{""selected_l1_001"": ""L1_ONLY"", ""selected_l1_002"": ""L1_ONLY"", ""selected_l1_003"": ""L1_ONLY"", ""selected_l1_004"": ""SINGLE_L2_LEFT"", ""selected_l1_005"": ""SINGLE_L2_RIGHT""}",556,0,1,0.00417779999997947,proto_sw_1_1__seed_1105195513__global_l1_flow_v3__density_medium,proto_sw_1_1__seed_1105195513__global_l1_flow_v3__density_medium__unit_candidates_v2,2dce7977a1f891538f2dd021765e84901350cb5184357f8e1891da38b388b29d
C016,proto_sw_1_1,swept,medium,2,100015,MB-L2,LocalGreedy@B,3,,3,2,1,success,,"[""proto_sw_1_1__seed_1105195513__global_l1_flow_v3__density_medium__selected_l1_001__Y-C__balanced_s__context_opposed__sample_0004"", ""proto_sw_1_1__seed_1105195513__global_l1_flow_v3__density_medium__selected_l1_005__Y-2C__nested_s__context_swapped__sample_0110"", ""proto_sw_1_1__seed_1105195513__global_l1_flow_v3__density_medium__selected_l1_004__L1-Only__independent_l1__context_preferred__sample_0075"", ""proto_sw_1_1__seed_1105195513__global_l1_flow_v3__density_medium__selected_l1_002__L1-Only__independent_l1__context_preferred__sample_0025"", ""proto_sw_1_1__seed_1105195513__global_l1_flow_v3__density_medium__selected_l1_003__L1-Only__independent_l1__context_preferred__sample_0050""]","{""selected_l1_001"": ""SINGLE_L2_LEFT"", ""selected_l1_002"": ""L1_ONLY"", ""selected_l1_003"": ""L1_ONLY"", ""selected_l1_004"": ""L1_ONLY"", ""selected_l1_005"": ""OPPOSED_L2_PAIR""}",5,0,1,0.001388199999837525,proto_sw_1_1__seed_1105195513__global_l1_flow_v3__density_medium,proto_sw_1_1__seed_1105195513__global_l1_flow_v3__density_medium__unit_candidates_v2,2dce7977a1f891538f2dd021765e84901350cb5184357f8e1891da38b388b29d
C016,proto_sw_1_1,swept,medium,2,100015,MB-L2,Ours@B,3,,3,2,1,success,,"[""proto_sw_1_1__seed_1105195513__global_l1_flow_v3__density_medium__selected_l1_001__L1-Only__independent_l1__context_preferred__sample_0000"", ""proto_sw_1_1__seed_1105195513__global_l1_flow_v3__density_medium__selected_l1_005__Y-C__open_c__context_preferred__sample_0105"", ""proto_sw_1_1__seed_1105195513__global_l1_flow_v3__density_medium__selected_l1_004__Y-2C__staggered_c__context_preferred__sample_0082"", ""proto_sw_1_1__seed_1105195513__global_l1_flow_v3__density_medium__selected_l1_002__L1-Only__independent_l1__context_preferred__sample_0025"", ""proto_sw_1_1__seed_1105195513__global_l1_flow_v3__density_medium__selected_l1_003__L1-Only__independent_l1__context_preferred__sample_0050""]","{""selected_l1_001"": ""L1_ONLY"", ""selected_l1_002"": ""L1_ONLY"", ""selected_l1_003"": ""L1_ONLY"", ""selected_l1_004"": ""OPPOSED_L2_PAIR"", ""selected_l1_005"": ""SINGLE_L2_RIGHT""}",1018,0,1,0.008025000000088767,proto_sw_1_1__seed_1105195513__global_l1_flow_v3__density_medium,proto_sw_1_1__seed_1105195513__global_l1_flow_v3__density_medium__unit_candidates_v2,2dce7977a1f891538f2dd021765e84901350cb5184357f8e1891da38b388b29d
C016,proto_sw_1_1,swept,medium,2,100015,MB-L2,LocalGreedy@B,4,,4,2,1,success,,"[""proto_sw_1_1__seed_1105195513__global_l1_flow_v3__density_medium__selected_l1_001__Y-2C__staggered_c__context_swapped__sample_0020"", ""proto_sw_1_1__seed_1105195513__global_l1_flow_v3__density_medium__selected_l1_005__Y-2C__nested_s__context_swapped__sample_0110"", ""proto_sw_1_1__seed_1105195513__global_l1_flow_v3__density_medium__selected_l1_004__L1-Only__independent_l1__context_preferred__sample_0075"", ""proto_sw_1_1__seed_1105195513__global_l1_flow_v3__density_medium__selected_l1_002__L1-Only__independent_l1__context_preferred__sample_0025"", ""proto_sw_1_1__seed_1105195513__global_l1_flow_v3__density_medium__selected_l1_003__L1-Only__independent_l1__context_preferred__sample_0050""]","{""selected_l1_001"": ""OPPOSED_L2_PAIR"", ""selected_l1_002"": ""L1_ONLY"", ""selected_l1_003"": ""L1_ONLY"", ""selected_l1_004"": ""L1_ONLY"", ""selected_l1_005"": ""OPPOSED_L2_PAIR""}",5,0,1,0.0014138999999886437,proto_sw_1_1__seed_1105195513__global_l1_flow_v3__density_medium,proto_sw_1_1__seed_1105195513__global_l1_flow_v3__density_medium__unit_candidates_v2,2dce7977a1f891538f2dd021765e84901350cb5184357f8e1891da38b388b29d
C016,proto_sw_1_1,swept,medium,2,100015,MB-L2,Ours@B,4,,4,2,1,success,,"[""proto_sw_1_1__seed_1105195513__global_l1_flow_v3__density_medium__selected_l1_001__L1-Only__independent_l1__context_preferred__sample_0000"", ""proto_sw_1_1__seed_1105195513__global_l1_flow_v3__density_medium__selected_l1_005__Y-2C__nested_s__context_swapped__sample_0110"", ""proto_sw_1_1__seed_1105195513__global_l1_flow_v3__density_medium__selected_l1_004__Y-2C__staggered_c__context_preferred__sample_0082"", ""proto_sw_1_1__seed_1105195513__global_l1_flow_v3__density_medium__selected_l1_002__L1-Only__independent_l1__context_preferred__sample_0025"", ""proto_sw_1_1__seed_1105195513__global_l1_flow_v3__density_medium__selected_l1_003__L1-Only__independent_l1__context_preferred__sample_0050""]","{""selected_l1_001"": ""L1_ONLY"", ""selected_l1_002"": ""L1_ONLY"", ""selected_l1_003"": ""L1_ONLY"", ""selected_l1_004"": ""OPPOSED_L2_PAIR"", ""selected_l1_005"": ""OPPOSED_L2_PAIR""}",725,0,1,0.006335699999908684,proto_sw_1_1__seed_1105195513__global_l1_flow_v3__density_medium,proto_sw_1_1__seed_1105195513__global_l1_flow_v3__density_medium__unit_candidates_v2,2dce7977a1f891538f2dd021765e84901350cb5184357f8e1891da38b388b29d
C017,proto_sw_1_1,swept,rich,1,100001,MB-L2,LocalGreedy@B,1,,1,1,1,success,,"[""proto_sw_1_1__seed_302128940__global_l1_flow_v3__density_rich__selected_l1_005__L1-Only__independent_l1__context_preferred__sample_0100"", ""proto_sw_1_1__seed_302128940__global_l1_flow_v3__density_rich__selected_l1_003__Y-C__balanced_s__context_opposed__sample_0054"", ""proto_sw_1_1__seed_302128940__global_l1_flow_v3__density_rich__selected_l1_006__L1-Only__independent_l1__context_preferred__sample_0125"", ""proto_sw_1_1__seed_302128940__global_l1_flow_v3__density_rich__selected_l1_001__L1-Only__independent_l1__context_preferred__sample_0000"", ""proto_sw_1_1__seed_302128940__global_l1_flow_v3__density_rich__selected_l1_002__L1-Only__independent_l1__context_preferred__sample_0025"", ""proto_sw_1_1__seed_302128940__global_l1_flow_v3__density_rich__selected_l1_004__L1-Only__independent_l1__context_preferred__sample_0075""]","{""selected_l1_001"": ""L1_ONLY"", ""selected_l1_002"": ""L1_ONLY"", ""selected_l1_003"": ""SINGLE_L2_LEFT"", ""selected_l1_004"": ""L1_ONLY"", ""selected_l1_005"": ""L1_ONLY"", ""selected_l1_006"": ""L1_ONLY""}",6,0,1,0.0011226000001443026,proto_sw_1_1__seed_302128940__global_l1_flow_v3__density_rich,proto_sw_1_1__seed_302128940__global_l1_flow_v3__density_rich__unit_candidates_v2,085da7808c8c526fcd46bbc70893acbddfed2833283ec326aea694ab5b65bff7
C017,proto_sw_1_1,swept,rich,1,100001,MB-L2,Ours@B,1,,1,1,1,success,,"[""proto_sw_1_1__seed_302128940__global_l1_flow_v3__density_rich__selected_l1_005__L1-Only__independent_l1__context_preferred__sample_0100"", ""proto_sw_1_1__seed_302128940__global_l1_flow_v3__density_rich__selected_l1_003__L1-Only__independent_l1__context_preferred__sample_0050"", ""proto_sw_1_1__seed_302128940__global_l1_flow_v3__density_rich__selected_l1_006__L1-Only__independent_l1__context_preferred__sample_0125"", ""proto_sw_1_1__seed_302128940__global_l1_flow_v3__density_rich__selected_l1_001__L1-Only__independent_l1__context_preferred__sample_0000"", ""proto_sw_1_1__seed_302128940__global_l1_flow_v3__density_rich__selected_l1_002__L1-Only__independent_l1__context_preferred__sample_0025"", ""proto_sw_1_1__seed_302128940__global_l1_flow_v3__density_rich__selected_l1_004__Y-C__open_c__context_opposed__sample_0081""]","{""selected_l1_001"": ""L1_ONLY"", ""selected_l1_002"": ""L1_ONLY"", ""selected_l1_003"": ""L1_ONLY"", ""selected_l1_004"": ""SINGLE_L2_RIGHT"", ""selected_l1_005"": ""L1_ONLY"", ""selected_l1_006"": ""L1_ONLY""}",203,0,1,0.0024705000000722066,proto_sw_1_1__seed_302128940__global_l1_flow_v3__density_rich,proto_sw_1_1__seed_302128940__global_l1_flow_v3__density_rich__unit_candidates_v2,085da7808c8c526fcd46bbc70893acbddfed2833283ec326aea694ab5b65bff7
C017,proto_sw_1_1,swept,rich,1,100001,MB-L2,LocalGreedy@B,2,,2,1,1,success,,"[""proto_sw_1_1__seed_302128940__global_l1_flow_v3__density_rich__selected_l1_005__L1-Only__independent_l1__context_preferred__sample_0100"", ""proto_sw_1_1__seed_302128940__global_l1_flow_v3__density_rich__selected_l1_003__Y-2C__open_asymmetric__context_preferred__sample_0061"", ""proto_sw_1_1__seed_302128940__global_l1_flow_v3__density_rich__selected_l1_006__L1-Only__independent_l1__context_preferred__sample_0125"", ""proto_sw_1_1__seed_302128940__global_l1_flow_v3__density_rich__selected_l1_001__L1-Only__independent_l1__context_preferred__sample_0000"", ""proto_sw_1_1__seed_302128940__global_l1_flow_v3__density_rich__selected_l1_002__L1-Only__independent_l1__context_preferred__sample_0025"", ""proto_sw_1_1__seed_302128940__global_l1_flow_v3__density_rich__selected_l1_004__L1-Only__independent_l1__context_preferred__sample_0075""]","{""selected_l1_001"": ""L1_ONLY"", ""selected_l1_002"": ""L1_ONLY"", ""selected_l1_003"": ""OPPOSED_L2_PAIR"", ""selected_l1_004"": ""L1_ONLY"", ""selected_l1_005"": ""L1_ONLY"", ""selected_l1_006"": ""L1_ONLY""}",6,0,1,0.0011030000000573636,proto_sw_1_1__seed_302128940__global_l1_flow_v3__density_rich,proto_sw_1_1__seed_302128940__global_l1_flow_v3__density_rich__unit_candidates_v2,085da7808c8c526fcd46bbc70893acbddfed2833283ec326aea694ab5b65bff7
C017,proto_sw_1_1,swept,rich,1,100001,MB-L2,Ours@B,2,,2,1,1,success,,"[""proto_sw_1_1__seed_302128940__global_l1_flow_v3__density_rich__selected_l1_005__L1-Only__independent_l1__context_preferred__sample_0100"", ""proto_sw_1_1__seed_302128940__global_l1_flow_v3__density_rich__selected_l1_003__L1-Only__independent_l1__context_preferred__sample_0050"", ""proto_sw_1_1__seed_302128940__global_l1_flow_v3__density_rich__selected_l1_006__L1-Only__independent_l1__context_preferred__sample_0125"", ""proto_sw_1_1__seed_302128940__global_l1_flow_v3__density_rich__selected_l1_001__L1-Only__independent_l1__context_preferred__sample_0000"", ""proto_sw_1_1__seed_302128940__global_l1_flow_v3__density_rich__selected_l1_002__L1-Only__independent_l1__context_preferred__sample_0025"", ""proto_sw_1_1__seed_302128940__global_l1_flow_v3__density_rich__selected_l1_004__Y-2C__open_asymmetric__context_preferred__sample_0086""]","{""selected_l1_001"": ""L1_ONLY"", ""selected_l1_002"": ""L1_ONLY"", ""selected_l1_003"": ""L1_ONLY"", ""selected_l1_004"": ""OPPOSED_L2_PAIR"", ""selected_l1_005"": ""L1_ONLY"", ""selected_l1_006"": ""L1_ONLY""}",284,0,1,0.00304310000001351,proto_sw_1_1__seed_302128940__global_l1_flow_v3__density_rich,proto_sw_1_1__seed_302128940__global_l1_flow_v3__density_rich__unit_candidates_v2,085da7808c8c526fcd46bbc70893acbddfed2833283ec326aea694ab5b65bff7
C018,proto_sw_1_1,swept,rich,2,100002,MB-L2,LocalGreedy@B,1,,1,1,1,success,,"[""proto_sw_1_1__seed_1978891010__global_l1_flow_v3__density_rich__selected_l1_003__Y-C__balanced_s__context_opposed__sample_0054"", ""proto_sw_1_1__seed_1978891010__global_l1_flow_v3__density_rich__selected_l1_005__L1-Only__independent_l1__context_preferred__sample_0100"", ""proto_sw_1_1__seed_1978891010__global_l1_flow_v3__density_rich__selected_l1_001__L1-Only__independent_l1__context_preferred__sample_0000"", ""proto_sw_1_1__seed_1978891010__global_l1_flow_v3__density_rich__selected_l1_002__L1-Only__independent_l1__context_preferred__sample_0025"", ""proto_sw_1_1__seed_1978891010__global_l1_flow_v3__density_rich__selected_l1_004__L1-Only__independent_l1__context_preferred__sample_0075"", ""proto_sw_1_1__seed_1978891010__global_l1_flow_v3__density_rich__selected_l1_006__L1-Only__independent_l1__context_preferred__sample_0125""]","{""selected_l1_001"": ""L1_ONLY"", ""selected_l1_002"": ""L1_ONLY"", ""selected_l1_003"": ""SINGLE_L2_RIGHT"", ""selected_l1_004"": ""L1_ONLY"", ""selected_l1_005"": ""L1_ONLY"", ""selected_l1_006"": ""L1_ONLY""}",6,0,1,0.0018993000003320049,proto_sw_1_1__seed_1978891010__global_l1_flow_v3__density_rich,proto_sw_1_1__seed_1978891010__global_l1_flow_v3__density_rich__unit_candidates_v2,23ae16e4d1624fcae38fa3d417d86d5cf3683ede65827cfca28118965ec52e4b
C018,proto_sw_1_1,swept,rich,2,100002,MB-L2,Ours@B,1,,1,1,1,success,,"[""proto_sw_1_1__seed_1978891010__global_l1_flow_v3__density_rich__selected_l1_003__L1-Only__independent_l1__context_preferred__sample_0050"", ""proto_sw_1_1__seed_1978891010__global_l1_flow_v3__density_rich__selected_l1_005__L1-Only__independent_l1__context_preferred__sample_0100"", ""proto_sw_1_1__seed_1978891010__global_l1_flow_v3__density_rich__selected_l1_001__L1-Only__independent_l1__context_preferred__sample_0000"", ""proto_sw_1_1__seed_1978891010__global_l1_flow_v3__density_rich__selected_l1_002__L1-Only__independent_l1__context_preferred__sample_0025"", ""proto_sw_1_1__seed_1978891010__global_l1_flow_v3__density_rich__selected_l1_004__L1-Only__independent_l1__context_preferred__sample_0075"", ""proto_sw_1_1__seed_1978891010__global_l1_flow_v3__density_rich__selected_l1_006__Y-C__open_c__context_opposed__sample_0131""]","{""selected_l1_001"": ""L1_ONLY"", ""selected_l1_002"": ""L1_ONLY"", ""selected_l1_003"": ""L1_ONLY"", ""selected_l1_004"": ""L1_ONLY"", ""selected_l1_005"": ""L1_ONLY"", ""selected_l1_006"": ""SINGLE_L2_LEFT""}",1298,0,1,0.0059896999996453815,proto_sw_1_1__seed_1978891010__global_l1_flow_v3__density_rich,proto_sw_1_1__seed_1978891010__global_l1_flow_v3__density_rich__unit_candidates_v2,23ae16e4d1624fcae38fa3d417d86d5cf3683ede65827cfca28118965ec52e4b
C018,proto_sw_1_1,swept,rich,2,100002,MB-L2,LocalGreedy@B,2,,2,1,1,success,,"[""proto_sw_1_1__seed_1978891010__global_l1_flow_v3__density_rich__selected_l1_003__Y-2C__open_asymmetric__context_preferred__sample_0061"", ""proto_sw_1_1__seed_1978891010__global_l1_flow_v3__density_rich__selected_l1_005__L1-Only__independent_l1__context_preferred__sample_0100"", ""proto_sw_1_1__seed_1978891010__global_l1_flow_v3__density_rich__selected_l1_001__L1-Only__independent_l1__context_preferred__sample_0000"", ""proto_sw_1_1__seed_1978891010__global_l1_flow_v3__density_rich__selected_l1_002__L1-Only__independent_l1__context_preferred__sample_0025"", ""proto_sw_1_1__seed_1978891010__global_l1_flow_v3__density_rich__selected_l1_004__L1-Only__independent_l1__context_preferred__sample_0075"", ""proto_sw_1_1__seed_1978891010__global_l1_flow_v3__density_rich__selected_l1_006__L1-Only__independent_l1__context_preferred__sample_0125""]","{""selected_l1_001"": ""L1_ONLY"", ""selected_l1_002"": ""L1_ONLY"", ""selected_l1_003"": ""OPPOSED_L2_PAIR"", ""selected_l1_004"": ""L1_ONLY"", ""selected_l1_005"": ""L1_ONLY"", ""selected_l1_006"": ""L1_ONLY""}",6,0,1,0.0017590000002201123,proto_sw_1_1__seed_1978891010__global_l1_flow_v3__density_rich,proto_sw_1_1__seed_1978891010__global_l1_flow_v3__density_rich__unit_candidates_v2,23ae16e4d1624fcae38fa3d417d86d5cf3683ede65827cfca28118965ec52e4b
C018,proto_sw_1_1,swept,rich,2,100002,MB-L2,Ours@B,2,,2,2,1,success,,"[""proto_sw_1_1__seed_1978891010__global_l1_flow_v3__density_rich__selected_l1_003__L1-Only__independent_l1__context_preferred__sample_0050"", ""proto_sw_1_1__seed_1978891010__global_l1_flow_v3__density_rich__selected_l1_005__Y-C__open_c__context_preferred__sample_0105"", ""proto_sw_1_1__seed_1978891010__global_l1_flow_v3__density_rich__selected_l1_001__L1-Only__independent_l1__context_preferred__sample_0000"", ""proto_sw_1_1__seed_1978891010__global_l1_flow_v3__density_rich__selected_l1_002__L1-Only__independent_l1__context_preferred__sample_0025"", ""proto_sw_1_1__seed_1978891010__global_l1_flow_v3__density_rich__selected_l1_004__L1-Only__independent_l1__context_preferred__sample_0075"", ""proto_sw_1_1__seed_1978891010__global_l1_flow_v3__density_rich__selected_l1_006__Y-C__open_c__context_opposed__sample_0131""]","{""selected_l1_001"": ""L1_ONLY"", ""selected_l1_002"": ""L1_ONLY"", ""selected_l1_003"": ""L1_ONLY"", ""selected_l1_004"": ""L1_ONLY"", ""selected_l1_005"": ""SINGLE_L2_LEFT"", ""selected_l1_006"": ""SINGLE_L2_LEFT""}",485,0,1,0.005321600000115723,proto_sw_1_1__seed_1978891010__global_l1_flow_v3__density_rich,proto_sw_1_1__seed_1978891010__global_l1_flow_v3__density_rich__unit_candidates_v2,23ae16e4d1624fcae38fa3d417d86d5cf3683ede65827cfca28118965ec52e4b
C018,proto_sw_1_1,swept,rich,2,100002,MB-L2,LocalGreedy@B,3,,3,2,1,success,,"[""proto_sw_1_1__seed_1978891010__global_l1_flow_v3__density_rich__selected_l1_003__Y-2C__open_asymmetric__context_preferred__sample_0061"", ""proto_sw_1_1__seed_1978891010__global_l1_flow_v3__density_rich__selected_l1_005__L1-Only__independent_l1__context_preferred__sample_0100"", ""proto_sw_1_1__seed_1978891010__global_l1_flow_v3__density_rich__selected_l1_001__L1-Only__independent_l1__context_preferred__sample_0000"", ""proto_sw_1_1__seed_1978891010__global_l1_flow_v3__density_rich__selected_l1_002__Y-C__balanced_s__context_opposed__sample_0029"", ""proto_sw_1_1__seed_1978891010__global_l1_flow_v3__density_rich__selected_l1_004__L1-Only__independent_l1__context_preferred__sample_0075"", ""proto_sw_1_1__seed_1978891010__global_l1_flow_v3__density_rich__selected_l1_006__L1-Only__independent_l1__context_preferred__sample_0125""]","{""selected_l1_001"": ""L1_ONLY"", ""selected_l1_002"": ""SINGLE_L2_LEFT"", ""selected_l1_003"": ""OPPOSED_L2_PAIR"", ""selected_l1_004"": ""L1_ONLY"", ""selected_l1_005"": ""L1_ONLY"", ""selected_l1_006"": ""L1_ONLY""}",6,0,1,0.0013616000001093198,proto_sw_1_1__seed_1978891010__global_l1_flow_v3__density_rich,proto_sw_1_1__seed_1978891010__global_l1_flow_v3__density_rich__unit_candidates_v2,23ae16e4d1624fcae38fa3d417d86d5cf3683ede65827cfca28118965ec52e4b
C018,proto_sw_1_1,swept,rich,2,100002,MB-L2,Ours@B,3,,3,2,1,success,,"[""proto_sw_1_1__seed_1978891010__global_l1_flow_v3__density_rich__selected_l1_003__L1-Only__independent_l1__context_preferred__sample_0050"", ""proto_sw_1_1__seed_1978891010__global_l1_flow_v3__density_rich__selected_l1_005__Y-C__open_c__context_preferred__sample_0105"", ""proto_sw_1_1__seed_1978891010__global_l1_flow_v3__density_rich__selected_l1_001__L1-Only__independent_l1__context_preferred__sample_0000"", ""proto_sw_1_1__seed_1978891010__global_l1_flow_v3__density_rich__selected_l1_002__L1-Only__independent_l1__context_preferred__sample_0025"", ""proto_sw_1_1__seed_1978891010__global_l1_flow_v3__density_rich__selected_l1_004__L1-Only__independent_l1__context_preferred__sample_0075"", ""proto_sw_1_1__seed_1978891010__global_l1_flow_v3__density_rich__selected_l1_006__Y-2C__open_asymmetric__context_swapped__sample_0143""]","{""selected_l1_001"": ""L1_ONLY"", ""selected_l1_002"": ""L1_ONLY"", ""selected_l1_003"": ""L1_ONLY"", ""selected_l1_004"": ""L1_ONLY"", ""selected_l1_005"": ""SINGLE_L2_LEFT"", ""selected_l1_006"": ""OPPOSED_L2_PAIR""}",710,0,1,0.006557799999882263,proto_sw_1_1__seed_1978891010__global_l1_flow_v3__density_rich,proto_sw_1_1__seed_1978891010__global_l1_flow_v3__density_rich__unit_candidates_v2,23ae16e4d1624fcae38fa3d417d86d5cf3683ede65827cfca28118965ec52e4b
C018,proto_sw_1_1,swept,rich,2,100002,MB-L2,LocalGreedy@B,4,,4,2,1,success,,"[""proto_sw_1_1__seed_1978891010__global_l1_flow_v3__density_rich__selected_l1_003__Y-2C__open_asymmetric__context_preferred__sample_0061"", ""proto_sw_1_1__seed_1978891010__global_l1_flow_v3__density_rich__selected_l1_005__L1-Only__independent_l1__context_preferred__sample_0100"", ""proto_sw_1_1__seed_1978891010__global_l1_flow_v3__density_rich__selected_l1_001__L1-Only__independent_l1__context_preferred__sample_0000"", ""proto_sw_1_1__seed_1978891010__global_l1_flow_v3__density_rich__selected_l1_002__Y-2C__nested_s__context_swapped__sample_0035"", ""proto_sw_1_1__seed_1978891010__global_l1_flow_v3__density_rich__selected_l1_004__L1-Only__independent_l1__context_preferred__sample_0075"", ""proto_sw_1_1__seed_1978891010__global_l1_flow_v3__density_rich__selected_l1_006__L1-Only__independent_l1__context_preferred__sample_0125""]","{""selected_l1_001"": ""L1_ONLY"", ""selected_l1_002"": ""OPPOSED_L2_PAIR"", ""selected_l1_003"": ""OPPOSED_L2_PAIR"", ""selected_l1_004"": ""L1_ONLY"", ""selected_l1_005"": ""L1_ONLY"", ""selected_l1_006"": ""L1_ONLY""}",6,0,1,0.0011066000001846987,proto_sw_1_1__seed_1978891010__global_l1_flow_v3__density_rich,proto_sw_1_1__seed_1978891010__global_l1_flow_v3__density_rich__unit_candidates_v2,23ae16e4d1624fcae38fa3d417d86d5cf3683ede65827cfca28118965ec52e4b
C018,proto_sw_1_1,swept,rich,2,100002,MB-L2,Ours@B,4,,4,2,1,success,,"[""proto_sw_1_1__seed_1978891010__global_l1_flow_v3__density_rich__selected_l1_003__Y-2C__open_asymmetric__context_preferred__sample_0067"", ""proto_sw_1_1__seed_1978891010__global_l1_flow_v3__density_rich__selected_l1_005__L1-Only__independent_l1__context_preferred__sample_0100"", ""proto_sw_1_1__seed_1978891010__global_l1_flow_v3__density_rich__selected_l1_001__L1-Only__independent_l1__context_preferred__sample_0000"", ""proto_sw_1_1__seed_1978891010__global_l1_flow_v3__density_rich__selected_l1_002__L1-Only__independent_l1__context_preferred__sample_0025"", ""proto_sw_1_1__seed_1978891010__global_l1_flow_v3__density_rich__selected_l1_004__L1-Only__independent_l1__context_preferred__sample_0075"", ""proto_sw_1_1__seed_1978891010__global_l1_flow_v3__density_rich__selected_l1_006__Y-2C__open_asymmetric__context_swapped__sample_0143""]","{""selected_l1_001"": ""L1_ONLY"", ""selected_l1_002"": ""L1_ONLY"", ""selected_l1_003"": ""OPPOSED_L2_PAIR"", ""selected_l1_004"": ""L1_ONLY"", ""selected_l1_005"": ""L1_ONLY"", ""selected_l1_006"": ""OPPOSED_L2_PAIR""}",627,0,1,0.008065500000157044,proto_sw_1_1__seed_1978891010__global_l1_flow_v3__density_rich,proto_sw_1_1__seed_1978891010__global_l1_flow_v3__density_rich__unit_candidates_v2,23ae16e4d1624fcae38fa3d417d86d5cf3683ede65827cfca28118965ec52e4b
C019,proto_sw_1_3,expanded,simple,1,100001,MB-L2,LocalGreedy@B,1,,1,1,1,success,,"[""proto_sw_1_3__seed_302128940__global_l1_flow_v3__density_simple__selected_l1_003__L1-Only__independent_l1__context_preferred__sample_0050"", ""proto_sw_1_3__seed_302128940__global_l1_flow_v3__density_simple__selected_l1_001__L1-Only__independent_l1__context_preferred__sample_0000"", ""proto_sw_1_3__seed_302128940__global_l1_flow_v3__density_simple__selected_l1_002__Y-C__balanced_s__context_opposed__sample_0029"", ""proto_sw_1_3__seed_302128940__global_l1_flow_v3__density_simple__selected_l1_004__L1-Only__independent_l1__context_preferred__sample_0075""]","{""selected_l1_001"": ""L1_ONLY"", ""selected_l1_002"": ""SINGLE_L2_RIGHT"", ""selected_l1_003"": ""L1_ONLY"", ""selected_l1_004"": ""L1_ONLY""}",4,0,1,0.00054439999985334,proto_sw_1_3__seed_302128940__global_l1_flow_v3__density_simple,proto_sw_1_3__seed_302128940__global_l1_flow_v3__density_simple__unit_candidates_v2,933f8e7e24e0878218bf01c9bd03640caf6d53d928fed007216c37c2019a8735
C019,proto_sw_1_3,expanded,simple,1,100001,MB-L2,Ours@B,1,,1,1,1,success,,"[""proto_sw_1_3__seed_302128940__global_l1_flow_v3__density_simple__selected_l1_003__L1-Only__independent_l1__context_preferred__sample_0050"", ""proto_sw_1_3__seed_302128940__global_l1_flow_v3__density_simple__selected_l1_001__Y-C__compact_c__context_opposed__sample_0002"", ""proto_sw_1_3__seed_302128940__global_l1_flow_v3__density_simple__selected_l1_002__L1-Only__independent_l1__context_preferred__sample_0025"", ""proto_sw_1_3__seed_302128940__global_l1_flow_v3__density_simple__selected_l1_004__L1-Only__independent_l1__context_preferred__sample_0075""]","{""selected_l1_001"": ""SINGLE_L2_RIGHT"", ""selected_l1_002"": ""L1_ONLY"", ""selected_l1_003"": ""L1_ONLY"", ""selected_l1_004"": ""L1_ONLY""}",96,0,1,0.0011629999999058782,proto_sw_1_3__seed_302128940__global_l1_flow_v3__density_simple,proto_sw_1_3__seed_302128940__global_l1_flow_v3__density_simple__unit_candidates_v2,933f8e7e24e0878218bf01c9bd03640caf6d53d928fed007216c37c2019a8735
C019,proto_sw_1_3,expanded,simple,1,100001,MB-L2,LocalGreedy@B,2,,2,1,1,success,,"[""proto_sw_1_3__seed_302128940__global_l1_flow_v3__density_simple__selected_l1_003__L1-Only__independent_l1__context_preferred__sample_0050"", ""proto_sw_1_3__seed_302128940__global_l1_flow_v3__density_simple__selected_l1_001__L1-Only__independent_l1__context_preferred__sample_0000"", ""proto_sw_1_3__seed_302128940__global_l1_flow_v3__density_simple__selected_l1_002__Y-2C__nested_s__context_preferred__sample_0040"", ""proto_sw_1_3__seed_302128940__global_l1_flow_v3__density_simple__selected_l1_004__L1-Only__independent_l1__context_preferred__sample_0075""]","{""selected_l1_001"": ""L1_ONLY"", ""selected_l1_002"": ""OPPOSED_L2_PAIR"", ""selected_l1_003"": ""L1_ONLY"", ""selected_l1_004"": ""L1_ONLY""}",4,0,1,0.0008341000002474175,proto_sw_1_3__seed_302128940__global_l1_flow_v3__density_simple,proto_sw_1_3__seed_302128940__global_l1_flow_v3__density_simple__unit_candidates_v2,933f8e7e24e0878218bf01c9bd03640caf6d53d928fed007216c37c2019a8735
C019,proto_sw_1_3,expanded,simple,1,100001,MB-L2,Ours@B,2,,2,1,1,success,,"[""proto_sw_1_3__seed_302128940__global_l1_flow_v3__density_simple__selected_l1_003__L1-Only__independent_l1__context_preferred__sample_0050"", ""proto_sw_1_3__seed_302128940__global_l1_flow_v3__density_simple__selected_l1_001__L1-Only__independent_l1__context_preferred__sample_0000"", ""proto_sw_1_3__seed_302128940__global_l1_flow_v3__density_simple__selected_l1_002__Y-2C__open_asymmetric__context_swapped__sample_0037"", ""proto_sw_1_3__seed_302128940__global_l1_flow_v3__density_simple__selected_l1_004__L1-Only__independent_l1__context_preferred__sample_0075""]","{""selected_l1_001"": ""L1_ONLY"", ""selected_l1_002"": ""OPPOSED_L2_PAIR"", ""selected_l1_003"": ""L1_ONLY"", ""selected_l1_004"": ""L1_ONLY""}",58,0,1,0.0014078999997764186,proto_sw_1_3__seed_302128940__global_l1_flow_v3__density_simple,proto_sw_1_3__seed_302128940__global_l1_flow_v3__density_simple__unit_candidates_v2,933f8e7e24e0878218bf01c9bd03640caf6d53d928fed007216c37c2019a8735
C020,proto_sw_1_3,expanded,simple,2,100003,MB-L2,LocalGreedy@B,1,,1,1,1,success,,"[""proto_sw_1_3__seed_1964058663__global_l1_flow_v3__density_simple__selected_l1_003__L1-Only__independent_l1__context_preferred__sample_0050"", ""proto_sw_1_3__seed_1964058663__global_l1_flow_v3__density_simple__selected_l1_001__L1-Only__independent_l1__context_preferred__sample_0000"", ""proto_sw_1_3__seed_1964058663__global_l1_flow_v3__density_simple__selected_l1_002__L1-Only__independent_l1__context_preferred__sample_0025"", ""proto_sw_1_3__seed_1964058663__global_l1_flow_v3__density_simple__selected_l1_004__Y-C__balanced_s__context_opposed__sample_0079""]","{""selected_l1_001"": ""L1_ONLY"", ""selected_l1_002"": ""L1_ONLY"", ""selected_l1_003"": ""L1_ONLY"", ""selected_l1_004"": ""SINGLE_L2_LEFT""}",4,0,1,0.0008728000002520275,proto_sw_1_3__seed_1964058663__global_l1_flow_v3__density_simple,proto_sw_1_3__seed_1964058663__global_l1_flow_v3__density_simple__unit_candidates_v2,f1b8dbef0728f8d30cf692bb3c86b3868880aa2d9dcedfce335f751f8fc24c81
C020,proto_sw_1_3,expanded,simple,2,100003,MB-L2,Ours@B,1,,1,1,1,success,,"[""proto_sw_1_3__seed_1964058663__global_l1_flow_v3__density_simple__selected_l1_003__L1-Only__independent_l1__context_preferred__sample_0050"", ""proto_sw_1_3__seed_1964058663__global_l1_flow_v3__density_simple__selected_l1_001__L1-Only__independent_l1__context_preferred__sample_0000"", ""proto_sw_1_3__seed_1964058663__global_l1_flow_v3__density_simple__selected_l1_002__L1-Only__independent_l1__context_preferred__sample_0025"", ""proto_sw_1_3__seed_1964058663__global_l1_flow_v3__density_simple__selected_l1_004__Y-C__compact_c__context_preferred__sample_0076""]","{""selected_l1_001"": ""L1_ONLY"", ""selected_l1_002"": ""L1_ONLY"", ""selected_l1_003"": ""L1_ONLY"", ""selected_l1_004"": ""SINGLE_L2_RIGHT""}",65,0,1,0.0011890000000676082,proto_sw_1_3__seed_1964058663__global_l1_flow_v3__density_simple,proto_sw_1_3__seed_1964058663__global_l1_flow_v3__density_simple__unit_candidates_v2,f1b8dbef0728f8d30cf692bb3c86b3868880aa2d9dcedfce335f751f8fc24c81
C020,proto_sw_1_3,expanded,simple,2,100003,MB-L2,LocalGreedy@B,2,,2,1,1,success,,"[""proto_sw_1_3__seed_1964058663__global_l1_flow_v3__density_simple__selected_l1_003__Y-2C__open_asymmetric__context_swapped__sample_0062"", ""proto_sw_1_3__seed_1964058663__global_l1_flow_v3__density_simple__selected_l1_001__L1-Only__independent_l1__context_preferred__sample_0000"", ""proto_sw_1_3__seed_1964058663__global_l1_flow_v3__density_simple__selected_l1_002__L1-Only__independent_l1__context_preferred__sample_0025"", ""proto_sw_1_3__seed_1964058663__global_l1_flow_v3__density_simple__selected_l1_004__L1-Only__independent_l1__context_preferred__sample_0075""]","{""selected_l1_001"": ""L1_ONLY"", ""selected_l1_002"": ""L1_ONLY"", ""selected_l1_003"": ""OPPOSED_L2_PAIR"", ""selected_l1_004"": ""L1_ONLY""}",4,0,1,0.0007948000002215849,proto_sw_1_3__seed_1964058663__global_l1_flow_v3__density_simple,proto_sw_1_3__seed_1964058663__global_l1_flow_v3__density_simple__unit_candidates_v2,f1b8dbef0728f8d30cf692bb3c86b3868880aa2d9dcedfce335f751f8fc24c81
C020,proto_sw_1_3,expanded,simple,2,100003,MB-L2,Ours@B,2,,2,1,1,success,,"[""proto_sw_1_3__seed_1964058663__global_l1_flow_v3__density_simple__selected_l1_003__L1-Only__independent_l1__context_preferred__sample_0050"", ""proto_sw_1_3__seed_1964058663__global_l1_flow_v3__density_simple__selected_l1_001__L1-Only__independent_l1__context_preferred__sample_0000"", ""proto_sw_1_3__seed_1964058663__global_l1_flow_v3__density_simple__selected_l1_002__Y-2C__staggered_c__context_preferred__sample_0044"", ""proto_sw_1_3__seed_1964058663__global_l1_flow_v3__density_simple__selected_l1_004__L1-Only__independent_l1__context_preferred__sample_0075""]","{""selected_l1_001"": ""L1_ONLY"", ""selected_l1_002"": ""OPPOSED_L2_PAIR"", ""selected_l1_003"": ""L1_ONLY"", ""selected_l1_004"": ""L1_ONLY""}",156,0,1,0.0017989000002671673,proto_sw_1_3__seed_1964058663__global_l1_flow_v3__density_simple,proto_sw_1_3__seed_1964058663__global_l1_flow_v3__density_simple__unit_candidates_v2,f1b8dbef0728f8d30cf692bb3c86b3868880aa2d9dcedfce335f751f8fc24c81
C021,proto_sw_1_3,expanded,medium,1,100018,MB-L2,LocalGreedy@B,1,,1,1,1,success,,"[""proto_sw_1_3__seed_2661861881__global_l1_flow_v3__density_medium__selected_l1_003__Y-C__balanced_s__context_opposed__sample_0054"", ""proto_sw_1_3__seed_2661861881__global_l1_flow_v3__density_medium__selected_l1_004__L1-Only__independent_l1__context_preferred__sample_0075"", ""proto_sw_1_3__seed_2661861881__global_l1_flow_v3__density_medium__selected_l1_001__L1-Only__independent_l1__context_preferred__sample_0000"", ""proto_sw_1_3__seed_2661861881__global_l1_flow_v3__density_medium__selected_l1_002__L1-Only__independent_l1__context_preferred__sample_0025"", ""proto_sw_1_3__seed_2661861881__global_l1_flow_v3__density_medium__selected_l1_005__L1-Only__independent_l1__context_preferred__sample_0100""]","{""selected_l1_001"": ""L1_ONLY"", ""selected_l1_002"": ""L1_ONLY"", ""selected_l1_003"": ""SINGLE_L2_LEFT"", ""selected_l1_004"": ""L1_ONLY"", ""selected_l1_005"": ""L1_ONLY""}",5,0,1,0.000854200000048877,proto_sw_1_3__seed_2661861881__global_l1_flow_v3__density_medium,proto_sw_1_3__seed_2661861881__global_l1_flow_v3__density_medium__unit_candidates_v2,d60177ce4bfd63a5ac2134d53f26aa9a86a51e0ef1674c2ce902bec0a0675073
C021,proto_sw_1_3,expanded,medium,1,100018,MB-L2,Ours@B,1,,1,1,1,success,,"[""proto_sw_1_3__seed_2661861881__global_l1_flow_v3__density_medium__selected_l1_003__L1-Only__independent_l1__context_preferred__sample_0050"", ""proto_sw_1_3__seed_2661861881__global_l1_flow_v3__density_medium__selected_l1_004__L1-Only__independent_l1__context_preferred__sample_0075"", ""proto_sw_1_3__seed_2661861881__global_l1_flow_v3__density_medium__selected_l1_001__L1-Only__independent_l1__context_preferred__sample_0000"", ""proto_sw_1_3__seed_2661861881__global_l1_flow_v3__density_medium__selected_l1_002__Y-C__open_c__context_opposed__sample_0031"", ""proto_sw_1_3__seed_2661861881__global_l1_flow_v3__density_medium__selected_l1_005__L1-Only__independent_l1__context_preferred__sample_0100""]","{""selected_l1_001"": ""L1_ONLY"", ""selected_l1_002"": ""SINGLE_L2_RIGHT"", ""selected_l1_003"": ""L1_ONLY"", ""selected_l1_004"": ""L1_ONLY"", ""selected_l1_005"": ""L1_ONLY""}",205,0,1,0.0024582000000918924,proto_sw_1_3__seed_2661861881__global_l1_flow_v3__density_medium,proto_sw_1_3__seed_2661861881__global_l1_flow_v3__density_medium__unit_candidates_v2,d60177ce4bfd63a5ac2134d53f26aa9a86a51e0ef1674c2ce902bec0a0675073
C021,proto_sw_1_3,expanded,medium,1,100018,MB-L2,LocalGreedy@B,2,,1,1,0,budget_not_attained,sequential irreversible pass ended below target B,"[""proto_sw_1_3__seed_2661861881__global_l1_flow_v3__density_medium__selected_l1_003__Y-C__balanced_s__context_opposed__sample_0054"", ""proto_sw_1_3__seed_2661861881__global_l1_flow_v3__density_medium__selected_l1_004__L1-Only__independent_l1__context_preferred__sample_0075"", ""proto_sw_1_3__seed_2661861881__global_l1_flow_v3__density_medium__selected_l1_001__L1-Only__independent_l1__context_preferred__sample_0000"", ""proto_sw_1_3__seed_2661861881__global_l1_flow_v3__density_medium__selected_l1_002__L1-Only__independent_l1__context_preferred__sample_0025"", ""proto_sw_1_3__seed_2661861881__global_l1_flow_v3__density_medium__selected_l1_005__L1-Only__independent_l1__context_preferred__sample_0100""]","{""selected_l1_001"": ""L1_ONLY"", ""selected_l1_002"": ""L1_ONLY"", ""selected_l1_003"": ""SINGLE_L2_LEFT"", ""selected_l1_004"": ""L1_ONLY"", ""selected_l1_005"": ""L1_ONLY""}",5,0,1,0.0010157000001527194,proto_sw_1_3__seed_2661861881__global_l1_flow_v3__density_medium,proto_sw_1_3__seed_2661861881__global_l1_flow_v3__density_medium__unit_candidates_v2,d60177ce4bfd63a5ac2134d53f26aa9a86a51e0ef1674c2ce902bec0a0675073
C021,proto_sw_1_3,expanded,medium,1,100018,MB-L2,Ours@B,2,,2,1,1,success,,"[""proto_sw_1_3__seed_2661861881__global_l1_flow_v3__density_medium__selected_l1_003__L1-Only__independent_l1__context_preferred__sample_0050"", ""proto_sw_1_3__seed_2661861881__global_l1_flow_v3__density_medium__selected_l1_004__L1-Only__independent_l1__context_preferred__sample_0075"", ""proto_sw_1_3__seed_2661861881__global_l1_flow_v3__density_medium__selected_l1_001__L1-Only__independent_l1__context_preferred__sample_0000"", ""proto_sw_1_3__seed_2661861881__global_l1_flow_v3__density_medium__selected_l1_002__Y-2C__staggered_c__context_preferred__sample_0032"", ""proto_sw_1_3__seed_2661861881__global_l1_flow_v3__density_medium__selected_l1_005__L1-Only__independent_l1__context_preferred__sample_0100""]","{""selected_l1_001"": ""L1_ONLY"", ""selected_l1_002"": ""OPPOSED_L2_PAIR"", ""selected_l1_003"": ""L1_ONLY"", ""selected_l1_004"": ""L1_ONLY"", ""selected_l1_005"": ""L1_ONLY""}",80,0,1,0.0014267999999901804,proto_sw_1_3__seed_2661861881__global_l1_flow_v3__density_medium,proto_sw_1_3__seed_2661861881__global_l1_flow_v3__density_medium__unit_candidates_v2,d60177ce4bfd63a5ac2134d53f26aa9a86a51e0ef1674c2ce902bec0a0675073
C022,proto_sw_1_3,expanded,medium,2,100024,MB-L2,LocalGreedy@B,1,,1,1,1,success,,"[""proto_sw_1_3__seed_1291941794__global_l1_flow_v3__density_medium__selected_l1_001__L1-Only__independent_l1__context_preferred__sample_0000"", ""proto_sw_1_3__seed_1291941794__global_l1_flow_v3__density_medium__selected_l1_003__L1-Only__independent_l1__context_preferred__sample_0050"", ""proto_sw_1_3__seed_1291941794__global_l1_flow_v3__density_medium__selected_l1_002__Y-C__balanced_s__context_opposed__sample_0029"", ""proto_sw_1_3__seed_1291941794__global_l1_flow_v3__density_medium__selected_l1_004__L1-Only__independent_l1__context_preferred__sample_0075"", ""proto_sw_1_3__seed_1291941794__global_l1_flow_v3__density_medium__selected_l1_005__L1-Only__independent_l1__context_preferred__sample_0100""]","{""selected_l1_001"": ""L1_ONLY"", ""selected_l1_002"": ""SINGLE_L2_RIGHT"", ""selected_l1_003"": ""L1_ONLY"", ""selected_l1_004"": ""L1_ONLY"", ""selected_l1_005"": ""L1_ONLY""}",5,0,1,0.001210200000059558,proto_sw_1_3__seed_1291941794__global_l1_flow_v3__density_medium,proto_sw_1_3__seed_1291941794__global_l1_flow_v3__density_medium__unit_candidates_v2,b90bb8573b2608688c1f5ffa1419e6241edbb5c98ab08542fa27da78256caa03
C022,proto_sw_1_3,expanded,medium,2,100024,MB-L2,Ours@B,1,,1,1,1,success,,"[""proto_sw_1_3__seed_1291941794__global_l1_flow_v3__density_medium__selected_l1_001__L1-Only__independent_l1__context_preferred__sample_0000"", ""proto_sw_1_3__seed_1291941794__global_l1_flow_v3__density_medium__selected_l1_003__L1-Only__independent_l1__context_preferred__sample_0050"", ""proto_sw_1_3__seed_1291941794__global_l1_flow_v3__density_medium__selected_l1_002__Y-C__compact_c__context_preferred__sample_0026"", ""proto_sw_1_3__seed_1291941794__global_l1_flow_v3__density_medium__selected_l1_004__L1-Only__independent_l1__context_preferred__sample_0075"", ""proto_sw_1_3__seed_1291941794__global_l1_flow_v3__density_medium__selected_l1_005__L1-Only__independent_l1__context_preferred__sample_0100""]","{""selected_l1_001"": ""L1_ONLY"", ""selected_l1_002"": ""SINGLE_L2_LEFT"", ""selected_l1_003"": ""L1_ONLY"", ""selected_l1_004"": ""L1_ONLY"", ""selected_l1_005"": ""L1_ONLY""}",707,0,1,0.004046300000027259,proto_sw_1_3__seed_1291941794__global_l1_flow_v3__density_medium,proto_sw_1_3__seed_1291941794__global_l1_flow_v3__density_medium__unit_candidates_v2,b90bb8573b2608688c1f5ffa1419e6241edbb5c98ab08542fa27da78256caa03
C022,proto_sw_1_3,expanded,medium,2,100024,MB-L2,LocalGreedy@B,2,,2,1,1,success,,"[""proto_sw_1_3__seed_1291941794__global_l1_flow_v3__density_medium__selected_l1_001__L1-Only__independent_l1__context_preferred__sample_0000"", ""proto_sw_1_3__seed_1291941794__global_l1_flow_v3__density_medium__selected_l1_003__L1-Only__independent_l1__context_preferred__sample_0050"", ""proto_sw_1_3__seed_1291941794__global_l1_flow_v3__density_medium__selected_l1_002__Y-2C__open_asymmetric__context_swapped__sample_0037"", ""proto_sw_1_3__seed_1291941794__global_l1_flow_v3__density_medium__selected_l1_004__L1-Only__independent_l1__context_preferred__sample_0075"", ""proto_sw_1_3__seed_1291941794__global_l1_flow_v3__density_medium__selected_l1_005__L1-Only__independent_l1__context_preferred__sample_0100""]","{""selected_l1_001"": ""L1_ONLY"", ""selected_l1_002"": ""OPPOSED_L2_PAIR"", ""selected_l1_003"": ""L1_ONLY"", ""selected_l1_004"": ""L1_ONLY"", ""selected_l1_005"": ""L1_ONLY""}",5,0,1,0.0012168000002930057,proto_sw_1_3__seed_1291941794__global_l1_flow_v3__density_medium,proto_sw_1_3__seed_1291941794__global_l1_flow_v3__density_medium__unit_candidates_v2,b90bb8573b2608688c1f5ffa1419e6241edbb5c98ab08542fa27da78256caa03
C022,proto_sw_1_3,expanded,medium,2,100024,MB-L2,Ours@B,2,,2,2,1,success,,"[""proto_sw_1_3__seed_1291941794__global_l1_flow_v3__density_medium__selected_l1_001__Y-C__compact_c__context_opposed__sample_0002"", ""proto_sw_1_3__seed_1291941794__global_l1_flow_v3__density_medium__selected_l1_003__L1-Only__independent_l1__context_preferred__sample_0050"", ""proto_sw_1_3__seed_1291941794__global_l1_flow_v3__density_medium__selected_l1_002__Y-C__compact_c__context_preferred__sample_0026"", ""proto_sw_1_3__seed_1291941794__global_l1_flow_v3__density_medium__selected_l1_004__L1-Only__independent_l1__context_preferred__sample_0075"", ""proto_sw_1_3__seed_1291941794__global_l1_flow_v3__density_medium__selected_l1_005__L1-Only__independent_l1__context_preferred__sample_0100""]","{""selected_l1_001"": ""SINGLE_L2_RIGHT"", ""selected_l1_002"": ""SINGLE_L2_LEFT"", ""selected_l1_003"": ""L1_ONLY"", ""selected_l1_004"": ""L1_ONLY"", ""selected_l1_005"": ""L1_ONLY""}",287,0,1,0.0030418000001191103,proto_sw_1_3__seed_1291941794__global_l1_flow_v3__density_medium,proto_sw_1_3__seed_1291941794__global_l1_flow_v3__density_medium__unit_candidates_v2,b90bb8573b2608688c1f5ffa1419e6241edbb5c98ab08542fa27da78256caa03
C022,proto_sw_1_3,expanded,medium,2,100024,MB-L2,LocalGreedy@B,3,,3,2,1,success,,"[""proto_sw_1_3__seed_1291941794__global_l1_flow_v3__density_medium__selected_l1_001__L1-Only__independent_l1__context_preferred__sample_0000"", ""proto_sw_1_3__seed_1291941794__global_l1_flow_v3__density_medium__selected_l1_003__L1-Only__independent_l1__context_preferred__sample_0050"", ""proto_sw_1_3__seed_1291941794__global_l1_flow_v3__density_medium__selected_l1_002__Y-2C__open_asymmetric__context_swapped__sample_0037"", ""proto_sw_1_3__seed_1291941794__global_l1_flow_v3__density_medium__selected_l1_004__L1-Only__independent_l1__context_preferred__sample_0075"", ""proto_sw_1_3__seed_1291941794__global_l1_flow_v3__density_medium__selected_l1_005__Y-C__balanced_s__context_preferred__sample_0103""]","{""selected_l1_001"": ""L1_ONLY"", ""selected_l1_002"": ""OPPOSED_L2_PAIR"", ""selected_l1_003"": ""L1_ONLY"", ""selected_l1_004"": ""L1_ONLY"", ""selected_l1_005"": ""SINGLE_L2_LEFT""}",5,0,1,0.0007338000000345346,proto_sw_1_3__seed_1291941794__global_l1_flow_v3__density_medium,proto_sw_1_3__seed_1291941794__global_l1_flow_v3__density_medium__unit_candidates_v2,b90bb8573b2608688c1f5ffa1419e6241edbb5c98ab08542fa27da78256caa03
C022,proto_sw_1_3,expanded,medium,2,100024,MB-L2,Ours@B,3,,3,2,1,success,,"[""proto_sw_1_3__seed_1291941794__global_l1_flow_v3__density_medium__selected_l1_001__L1-Only__independent_l1__context_preferred__sample_0000"", ""proto_sw_1_3__seed_1291941794__global_l1_flow_v3__density_medium__selected_l1_003__L1-Only__independent_l1__context_preferred__sample_0050"", ""proto_sw_1_3__seed_1291941794__global_l1_flow_v3__density_medium__selected_l1_002__Y-C__compact_c__context_preferred__sample_0026"", ""proto_sw_1_3__seed_1291941794__global_l1_flow_v3__density_medium__selected_l1_004__L1-Only__independent_l1__context_preferred__sample_0075"", ""proto_sw_1_3__seed_1291941794__global_l1_flow_v3__density_medium__selected_l1_005__Y-2C__staggered_c__context_swapped__sample_0120""]","{""selected_l1_001"": ""L1_ONLY"", ""selected_l1_002"": ""SINGLE_L2_LEFT"", ""selected_l1_003"": ""L1_ONLY"", ""selected_l1_004"": ""L1_ONLY"", ""selected_l1_005"": ""OPPOSED_L2_PAIR""}",2798,0,1,0.009111400000165304,proto_sw_1_3__seed_1291941794__global_l1_flow_v3__density_medium,proto_sw_1_3__seed_1291941794__global_l1_flow_v3__density_medium__unit_candidates_v2,b90bb8573b2608688c1f5ffa1419e6241edbb5c98ab08542fa27da78256caa03
C022,proto_sw_1_3,expanded,medium,2,100024,MB-L2,LocalGreedy@B,4,,4,2,1,success,,"[""proto_sw_1_3__seed_1291941794__global_l1_flow_v3__density_medium__selected_l1_001__L1-Only__independent_l1__context_preferred__sample_0000"", ""proto_sw_1_3__seed_1291941794__global_l1_flow_v3__density_medium__selected_l1_003__L1-Only__independent_l1__context_preferred__sample_0050"", ""proto_sw_1_3__seed_1291941794__global_l1_flow_v3__density_medium__selected_l1_002__Y-2C__open_asymmetric__context_swapped__sample_0037"", ""proto_sw_1_3__seed_1291941794__global_l1_flow_v3__density_medium__selected_l1_004__L1-Only__independent_l1__context_preferred__sample_0075"", ""proto_sw_1_3__seed_1291941794__global_l1_flow_v3__density_medium__selected_l1_005__Y-2C__nested_s__context_preferred__sample_0109""]","{""selected_l1_001"": ""L1_ONLY"", ""selected_l1_002"": ""OPPOSED_L2_PAIR"", ""selected_l1_003"": ""L1_ONLY"", ""selected_l1_004"": ""L1_ONLY"", ""selected_l1_005"": ""OPPOSED_L2_PAIR""}",5,0,1,0.000632599999789818,proto_sw_1_3__seed_1291941794__global_l1_flow_v3__density_medium,proto_sw_1_3__seed_1291941794__global_l1_flow_v3__density_medium__unit_candidates_v2,b90bb8573b2608688c1f5ffa1419e6241edbb5c98ab08542fa27da78256caa03
C022,proto_sw_1_3,expanded,medium,2,100024,MB-L2,Ours@B,4,,4,2,1,success,,"[""proto_sw_1_3__seed_1291941794__global_l1_flow_v3__density_medium__selected_l1_001__L1-Only__independent_l1__context_preferred__sample_0000"", ""proto_sw_1_3__seed_1291941794__global_l1_flow_v3__density_medium__selected_l1_003__L1-Only__independent_l1__context_preferred__sample_0050"", ""proto_sw_1_3__seed_1291941794__global_l1_flow_v3__density_medium__selected_l1_002__L1-Only__independent_l1__context_preferred__sample_0025"", ""proto_sw_1_3__seed_1291941794__global_l1_flow_v3__density_medium__selected_l1_004__Y-2C__open_asymmetric__context_preferred__sample_0092"", ""proto_sw_1_3__seed_1291941794__global_l1_flow_v3__density_medium__selected_l1_005__Y-2C__staggered_c__context_swapped__sample_0114""]","{""selected_l1_001"": ""L1_ONLY"", ""selected_l1_002"": ""L1_ONLY"", ""selected_l1_003"": ""L1_ONLY"", ""selected_l1_004"": ""OPPOSED_L2_PAIR"", ""selected_l1_005"": ""OPPOSED_L2_PAIR""}",614,0,1,0.00508639999998195,proto_sw_1_3__seed_1291941794__global_l1_flow_v3__density_medium,proto_sw_1_3__seed_1291941794__global_l1_flow_v3__density_medium__unit_candidates_v2,b90bb8573b2608688c1f5ffa1419e6241edbb5c98ab08542fa27da78256caa03
C023,proto_sw_1_3,expanded,rich,1,100030,MB-L2,LocalGreedy@B,1,,1,1,1,success,,"[""proto_sw_1_3__seed_2443990248__global_l1_flow_v3__density_rich__selected_l1_003__Y-C__balanced_s__context_preferred__sample_0053"", ""proto_sw_1_3__seed_2443990248__global_l1_flow_v3__density_rich__selected_l1_001__L1-Only__independent_l1__context_preferred__sample_0000"", ""proto_sw_1_3__seed_2443990248__global_l1_flow_v3__density_rich__selected_l1_006__L1-Only__independent_l1__context_preferred__sample_0125"", ""proto_sw_1_3__seed_2443990248__global_l1_flow_v3__density_rich__selected_l1_005__L1-Only__independent_l1__context_preferred__sample_0100"", ""proto_sw_1_3__seed_2443990248__global_l1_flow_v3__density_rich__selected_l1_002__L1-Only__independent_l1__context_preferred__sample_0025"", ""proto_sw_1_3__seed_2443990248__global_l1_flow_v3__density_rich__selected_l1_004__L1-Only__independent_l1__context_preferred__sample_0075""]","{""selected_l1_001"": ""L1_ONLY"", ""selected_l1_002"": ""L1_ONLY"", ""selected_l1_003"": ""SINGLE_L2_LEFT"", ""selected_l1_004"": ""L1_ONLY"", ""selected_l1_005"": ""L1_ONLY"", ""selected_l1_006"": ""L1_ONLY""}",6,0,1,0.001086100000065926,proto_sw_1_3__seed_2443990248__global_l1_flow_v3__density_rich,proto_sw_1_3__seed_2443990248__global_l1_flow_v3__density_rich__unit_candidates_v2,3b22210cdb6a42e5ded9eccf511df2e22c135fc934b25dc50b5fa154e7122bc5
C023,proto_sw_1_3,expanded,rich,1,100030,MB-L2,Ours@B,1,,1,1,1,success,,"[""proto_sw_1_3__seed_2443990248__global_l1_flow_v3__density_rich__selected_l1_003__L1-Only__independent_l1__context_preferred__sample_0050"", ""proto_sw_1_3__seed_2443990248__global_l1_flow_v3__density_rich__selected_l1_001__L1-Only__independent_l1__context_preferred__sample_0000"", ""proto_sw_1_3__seed_2443990248__global_l1_flow_v3__density_rich__selected_l1_006__L1-Only__independent_l1__context_preferred__sample_0125"", ""proto_sw_1_3__seed_2443990248__global_l1_flow_v3__density_rich__selected_l1_005__L1-Only__independent_l1__context_preferred__sample_0100"", ""proto_sw_1_3__seed_2443990248__global_l1_flow_v3__density_rich__selected_l1_002__Y-C__compact_c__context_opposed__sample_0027"", ""proto_sw_1_3__seed_2443990248__global_l1_flow_v3__density_rich__selected_l1_004__L1-Only__independent_l1__context_preferred__sample_0075""]","{""selected_l1_001"": ""L1_ONLY"", ""selected_l1_002"": ""SINGLE_L2_RIGHT"", ""selected_l1_003"": ""L1_ONLY"", ""selected_l1_004"": ""L1_ONLY"", ""selected_l1_005"": ""L1_ONLY"", ""selected_l1_006"": ""L1_ONLY""}",597,0,1,0.003230400000120426,proto_sw_1_3__seed_2443990248__global_l1_flow_v3__density_rich,proto_sw_1_3__seed_2443990248__global_l1_flow_v3__density_rich__unit_candidates_v2,3b22210cdb6a42e5ded9eccf511df2e22c135fc934b25dc50b5fa154e7122bc5
C023,proto_sw_1_3,expanded,rich,1,100030,MB-L2,LocalGreedy@B,2,,2,2,1,success,,"[""proto_sw_1_3__seed_2443990248__global_l1_flow_v3__density_rich__selected_l1_003__Y-C__balanced_s__context_preferred__sample_0053"", ""proto_sw_1_3__seed_2443990248__global_l1_flow_v3__density_rich__selected_l1_001__L1-Only__independent_l1__context_preferred__sample_0000"", ""proto_sw_1_3__seed_2443990248__global_l1_flow_v3__density_rich__selected_l1_006__L1-Only__independent_l1__context_preferred__sample_0125"", ""proto_sw_1_3__seed_2443990248__global_l1_flow_v3__density_rich__selected_l1_005__L1-Only__independent_l1__context_preferred__sample_0100"", ""proto_sw_1_3__seed_2443990248__global_l1_flow_v3__density_rich__selected_l1_002__L1-Only__independent_l1__context_preferred__sample_0025"", ""proto_sw_1_3__seed_2443990248__global_l1_flow_v3__density_rich__selected_l1_004__Y-C__balanced_s__context_opposed__sample_0079""]","{""selected_l1_001"": ""L1_ONLY"", ""selected_l1_002"": ""L1_ONLY"", ""selected_l1_003"": ""SINGLE_L2_LEFT"", ""selected_l1_004"": ""SINGLE_L2_LEFT"", ""selected_l1_005"": ""L1_ONLY"", ""selected_l1_006"": ""L1_ONLY""}",6,0,1,0.0005643999998028448,proto_sw_1_3__seed_2443990248__global_l1_flow_v3__density_rich,proto_sw_1_3__seed_2443990248__global_l1_flow_v3__density_rich__unit_candidates_v2,3b22210cdb6a42e5ded9eccf511df2e22c135fc934b25dc50b5fa154e7122bc5
C023,proto_sw_1_3,expanded,rich,1,100030,MB-L2,Ours@B,2,,2,2,1,success,,"[""proto_sw_1_3__seed_2443990248__global_l1_flow_v3__density_rich__selected_l1_003__L1-Only__independent_l1__context_preferred__sample_0050"", ""proto_sw_1_3__seed_2443990248__global_l1_flow_v3__density_rich__selected_l1_001__L1-Only__independent_l1__context_preferred__sample_0000"", ""proto_sw_1_3__seed_2443990248__global_l1_flow_v3__density_rich__selected_l1_006__L1-Only__independent_l1__context_preferred__sample_0125"", ""proto_sw_1_3__seed_2443990248__global_l1_flow_v3__density_rich__selected_l1_005__Y-C__compact_c__context_preferred__sample_0101"", ""proto_sw_1_3__seed_2443990248__global_l1_flow_v3__density_rich__selected_l1_002__Y-C__compact_c__context_opposed__sample_0027"", ""proto_sw_1_3__seed_2443990248__global_l1_flow_v3__density_rich__selected_l1_004__L1-Only__independent_l1__context_preferred__sample_0075""]","{""selected_l1_001"": ""L1_ONLY"", ""selected_l1_002"": ""SINGLE_L2_RIGHT"", ""selected_l1_003"": ""L1_ONLY"", ""selected_l1_004"": ""L1_ONLY"", ""selected_l1_005"": ""SINGLE_L2_RIGHT"", ""selected_l1_006"": ""L1_ONLY""}",357,0,1,0.0032728999999562802,proto_sw_1_3__seed_2443990248__global_l1_flow_v3__density_rich,proto_sw_1_3__seed_2443990248__global_l1_flow_v3__density_rich__unit_candidates_v2,3b22210cdb6a42e5ded9eccf511df2e22c135fc934b25dc50b5fa154e7122bc5
C023,proto_sw_1_3,expanded,rich,1,100030,MB-L2,LocalGreedy@B,3,,3,2,1,success,,"[""proto_sw_1_3__seed_2443990248__global_l1_flow_v3__density_rich__selected_l1_003__Y-C__balanced_s__context_preferred__sample_0053"", ""proto_sw_1_3__seed_2443990248__global_l1_flow_v3__density_rich__selected_l1_001__L1-Only__independent_l1__context_preferred__sample_0000"", ""proto_sw_1_3__seed_2443990248__global_l1_flow_v3__density_rich__selected_l1_006__L1-Only__independent_l1__context_preferred__sample_0125"", ""proto_sw_1_3__seed_2443990248__global_l1_flow_v3__density_rich__selected_l1_005__L1-Only__independent_l1__context_preferred__sample_0100"", ""proto_sw_1_3__seed_2443990248__global_l1_flow_v3__density_rich__selected_l1_002__L1-Only__independent_l1__context_preferred__sample_0025"", ""proto_sw_1_3__seed_2443990248__global_l1_flow_v3__density_rich__selected_l1_004__Y-2C__nested_s__context_preferred__sample_0090""]","{""selected_l1_001"": ""L1_ONLY"", ""selected_l1_002"": ""L1_ONLY"", ""selected_l1_003"": ""SINGLE_L2_LEFT"", ""selected_l1_004"": ""OPPOSED_L2_PAIR"", ""selected_l1_005"": ""L1_ONLY"", ""selected_l1_006"": ""L1_ONLY""}",6,0,1,0.0006417999998120649,proto_sw_1_3__seed_2443990248__global_l1_flow_v3__density_rich,proto_sw_1_3__seed_2443990248__global_l1_flow_v3__density_rich__unit_candidates_v2,3b22210cdb6a42e5ded9eccf511df2e22c135fc934b25dc50b5fa154e7122bc5
C023,proto_sw_1_3,expanded,rich,1,100030,MB-L2,Ours@B,3,,3,2,1,success,,"[""proto_sw_1_3__seed_2443990248__global_l1_flow_v3__density_rich__selected_l1_003__L1-Only__independent_l1__context_preferred__sample_0050"", ""proto_sw_1_3__seed_2443990248__global_l1_flow_v3__density_rich__selected_l1_001__L1-Only__independent_l1__context_preferred__sample_0000"", ""proto_sw_1_3__seed_2443990248__global_l1_flow_v3__density_rich__selected_l1_006__L1-Only__independent_l1__context_preferred__sample_0125"", ""proto_sw_1_3__seed_2443990248__global_l1_flow_v3__density_rich__selected_l1_005__L1-Only__independent_l1__context_preferred__sample_0100"", ""proto_sw_1_3__seed_2443990248__global_l1_flow_v3__density_rich__selected_l1_002__Y-C__compact_c__context_opposed__sample_0027"", ""proto_sw_1_3__seed_2443990248__global_l1_flow_v3__density_rich__selected_l1_004__Y-2C__open_asymmetric__context_preferred__sample_0098""]","{""selected_l1_001"": ""L1_ONLY"", ""selected_l1_002"": ""SINGLE_L2_RIGHT"", ""selected_l1_003"": ""L1_ONLY"", ""selected_l1_004"": ""OPPOSED_L2_PAIR"", ""selected_l1_005"": ""L1_ONLY"", ""selected_l1_006"": ""L1_ONLY""}",884,0,1,0.006584199999906559,proto_sw_1_3__seed_2443990248__global_l1_flow_v3__density_rich,proto_sw_1_3__seed_2443990248__global_l1_flow_v3__density_rich__unit_candidates_v2,3b22210cdb6a42e5ded9eccf511df2e22c135fc934b25dc50b5fa154e7122bc5
C023,proto_sw_1_3,expanded,rich,1,100030,MB-L2,LocalGreedy@B,4,,3,2,0,budget_not_attained,sequential irreversible pass ended below target B,"[""proto_sw_1_3__seed_2443990248__global_l1_flow_v3__density_rich__selected_l1_003__Y-C__balanced_s__context_preferred__sample_0053"", ""proto_sw_1_3__seed_2443990248__global_l1_flow_v3__density_rich__selected_l1_001__L1-Only__independent_l1__context_preferred__sample_0000"", ""proto_sw_1_3__seed_2443990248__global_l1_flow_v3__density_rich__selected_l1_006__L1-Only__independent_l1__context_preferred__sample_0125"", ""proto_sw_1_3__seed_2443990248__global_l1_flow_v3__density_rich__selected_l1_005__L1-Only__independent_l1__context_preferred__sample_0100"", ""proto_sw_1_3__seed_2443990248__global_l1_flow_v3__density_rich__selected_l1_002__L1-Only__independent_l1__context_preferred__sample_0025"", ""proto_sw_1_3__seed_2443990248__global_l1_flow_v3__density_rich__selected_l1_004__Y-2C__nested_s__context_preferred__sample_0090""]","{""selected_l1_001"": ""L1_ONLY"", ""selected_l1_002"": ""L1_ONLY"", ""selected_l1_003"": ""SINGLE_L2_LEFT"", ""selected_l1_004"": ""OPPOSED_L2_PAIR"", ""selected_l1_005"": ""L1_ONLY"", ""selected_l1_006"": ""L1_ONLY""}",6,0,1,0.0009377999999742315,proto_sw_1_3__seed_2443990248__global_l1_flow_v3__density_rich,proto_sw_1_3__seed_2443990248__global_l1_flow_v3__density_rich__unit_candidates_v2,3b22210cdb6a42e5ded9eccf511df2e22c135fc934b25dc50b5fa154e7122bc5
C023,proto_sw_1_3,expanded,rich,1,100030,MB-L2,Ours@B,4,,0,0,0,budget_infeasible,bounded candidate space exhausted without an exact-B composition,[],{},45,0,1,0.0016298000000460888,proto_sw_1_3__seed_2443990248__global_l1_flow_v3__density_rich,proto_sw_1_3__seed_2443990248__global_l1_flow_v3__density_rich__unit_candidates_v2,3b22210cdb6a42e5ded9eccf511df2e22c135fc934b25dc50b5fa154e7122bc5
C024,proto_sw_1_3,expanded,rich,2,100035,MB-L2,LocalGreedy@B,1,,1,1,1,success,,"[""proto_sw_1_3__seed_2041979072__global_l1_flow_v3__density_rich__selected_l1_002__L1-Only__independent_l1__context_preferred__sample_0025"", ""proto_sw_1_3__seed_2041979072__global_l1_flow_v3__density_rich__selected_l1_003__L1-Only__independent_l1__context_preferred__sample_0050"", ""proto_sw_1_3__seed_2041979072__global_l1_flow_v3__density_rich__selected_l1_004__L1-Only__independent_l1__context_preferred__sample_0075"", ""proto_sw_1_3__seed_2041979072__global_l1_flow_v3__density_rich__selected_l1_006__Y-C__balanced_s__context_opposed__sample_0129"", ""proto_sw_1_3__seed_2041979072__global_l1_flow_v3__density_rich__selected_l1_005__L1-Only__independent_l1__context_preferred__sample_0100"", ""proto_sw_1_3__seed_2041979072__global_l1_flow_v3__density_rich__selected_l1_001__L1-Only__independent_l1__context_preferred__sample_0000""]","{""selected_l1_001"": ""L1_ONLY"", ""selected_l1_002"": ""L1_ONLY"", ""selected_l1_003"": ""L1_ONLY"", ""selected_l1_004"": ""L1_ONLY"", ""selected_l1_005"": ""L1_ONLY"", ""selected_l1_006"": ""SINGLE_L2_RIGHT""}",6,0,1,0.0015195999999377818,proto_sw_1_3__seed_2041979072__global_l1_flow_v3__density_rich,proto_sw_1_3__seed_2041979072__global_l1_flow_v3__density_rich__unit_candidates_v2,a4f7222434034eae3cd8a4a8b4ea8358f9c82b7af84e9e26debe2922376ca348
C024,proto_sw_1_3,expanded,rich,2,100035,MB-L2,Ours@B,1,,1,1,1,success,,"[""proto_sw_1_3__seed_2041979072__global_l1_flow_v3__density_rich__selected_l1_002__L1-Only__independent_l1__context_preferred__sample_0025"", ""proto_sw_1_3__seed_2041979072__global_l1_flow_v3__density_rich__selected_l1_003__L1-Only__independent_l1__context_preferred__sample_0050"", ""proto_sw_1_3__seed_2041979072__global_l1_flow_v3__density_rich__selected_l1_004__L1-Only__independent_l1__context_preferred__sample_0075"", ""proto_sw_1_3__seed_2041979072__global_l1_flow_v3__density_rich__selected_l1_006__L1-Only__independent_l1__context_preferred__sample_0125"", ""proto_sw_1_3__seed_2041979072__global_l1_flow_v3__density_rich__selected_l1_005__Y-C__open_c__context_preferred__sample_0105"", ""proto_sw_1_3__seed_2041979072__global_l1_flow_v3__density_rich__selected_l1_001__L1-Only__independent_l1__context_preferred__sample_0000""]","{""selected_l1_001"": ""L1_ONLY"", ""selected_l1_002"": ""L1_ONLY"", ""selected_l1_003"": ""L1_ONLY"", ""selected_l1_004"": ""L1_ONLY"", ""selected_l1_005"": ""SINGLE_L2_RIGHT"", ""selected_l1_006"": ""L1_ONLY""}",723,0,1,0.0032191999998758547,proto_sw_1_3__seed_2041979072__global_l1_flow_v3__density_rich,proto_sw_1_3__seed_2041979072__global_l1_flow_v3__density_rich__unit_candidates_v2,a4f7222434034eae3cd8a4a8b4ea8358f9c82b7af84e9e26debe2922376ca348
C024,proto_sw_1_3,expanded,rich,2,100035,MB-L2,LocalGreedy@B,2,,2,1,1,success,,"[""proto_sw_1_3__seed_2041979072__global_l1_flow_v3__density_rich__selected_l1_002__L1-Only__independent_l1__context_preferred__sample_0025"", ""proto_sw_1_3__seed_2041979072__global_l1_flow_v3__density_rich__selected_l1_003__L1-Only__independent_l1__context_preferred__sample_0050"", ""proto_sw_1_3__seed_2041979072__global_l1_flow_v3__density_rich__selected_l1_004__Y-2C__staggered_c__context_preferred__sample_0088"", ""proto_sw_1_3__seed_2041979072__global_l1_flow_v3__density_rich__selected_l1_006__L1-Only__independent_l1__context_preferred__sample_0125"", ""proto_sw_1_3__seed_2041979072__global_l1_flow_v3__density_rich__selected_l1_005__L1-Only__independent_l1__context_preferred__sample_0100"", ""proto_sw_1_3__seed_2041979072__global_l1_flow_v3__density_rich__selected_l1_001__L1-Only__independent_l1__context_preferred__sample_0000""]","{""selected_l1_001"": ""L1_ONLY"", ""selected_l1_002"": ""L1_ONLY"", ""selected_l1_003"": ""L1_ONLY"", ""selected_l1_004"": ""OPPOSED_L2_PAIR"", ""selected_l1_005"": ""L1_ONLY"", ""selected_l1_006"": ""L1_ONLY""}",6,0,1,0.0017049999996743281,proto_sw_1_3__seed_2041979072__global_l1_flow_v3__density_rich,proto_sw_1_3__seed_2041979072__global_l1_flow_v3__density_rich__unit_candidates_v2,a4f7222434034eae3cd8a4a8b4ea8358f9c82b7af84e9e26debe2922376ca348
C024,proto_sw_1_3,expanded,rich,2,100035,MB-L2,Ours@B,2,,2,2,1,success,,"[""proto_sw_1_3__seed_2041979072__global_l1_flow_v3__density_rich__selected_l1_002__L1-Only__independent_l1__context_preferred__sample_0025"", ""proto_sw_1_3__seed_2041979072__global_l1_flow_v3__density_rich__selected_l1_003__L1-Only__independent_l1__context_preferred__sample_0050"", ""proto_sw_1_3__seed_2041979072__global_l1_flow_v3__density_rich__selected_l1_004__L1-Only__independent_l1__context_preferred__sample_0075"", ""proto_sw_1_3__seed_2041979072__global_l1_flow_v3__density_rich__selected_l1_006__Y-C__compact_c__context_preferred__sample_0126"", ""proto_sw_1_3__seed_2041979072__global_l1_flow_v3__density_rich__selected_l1_005__Y-C__open_c__context_preferred__sample_0105"", ""proto_sw_1_3__seed_2041979072__global_l1_flow_v3__density_rich__selected_l1_001__L1-Only__independent_l1__context_preferred__sample_0000""]","{""selected_l1_001"": ""L1_ONLY"", ""selected_l1_002"": ""L1_ONLY"", ""selected_l1_003"": ""L1_ONLY"", ""selected_l1_004"": ""L1_ONLY"", ""selected_l1_005"": ""SINGLE_L2_RIGHT"", ""selected_l1_006"": ""SINGLE_L2_LEFT""}",227,0,1,0.002540799999678711,proto_sw_1_3__seed_2041979072__global_l1_flow_v3__density_rich,proto_sw_1_3__seed_2041979072__global_l1_flow_v3__density_rich__unit_candidates_v2,a4f7222434034eae3cd8a4a8b4ea8358f9c82b7af84e9e26debe2922376ca348
C024,proto_sw_1_3,expanded,rich,2,100035,MB-L2,LocalGreedy@B,3,,3,2,1,success,,"[""proto_sw_1_3__seed_2041979072__global_l1_flow_v3__density_rich__selected_l1_002__L1-Only__independent_l1__context_preferred__sample_0025"", ""proto_sw_1_3__seed_2041979072__global_l1_flow_v3__density_rich__selected_l1_003__L1-Only__independent_l1__context_preferred__sample_0050"", ""proto_sw_1_3__seed_2041979072__global_l1_flow_v3__density_rich__selected_l1_004__Y-2C__staggered_c__context_preferred__sample_0088"", ""proto_sw_1_3__seed_2041979072__global_l1_flow_v3__density_rich__selected_l1_006__Y-C__balanced_s__context_opposed__sample_0129"", ""proto_sw_1_3__seed_2041979072__global_l1_flow_v3__density_rich__selected_l1_005__L1-Only__independent_l1__context_preferred__sample_0100"", ""proto_sw_1_3__seed_2041979072__global_l1_flow_v3__density_rich__selected_l1_001__L1-Only__independent_l1__context_preferred__sample_0000""]","{""selected_l1_001"": ""L1_ONLY"", ""selected_l1_002"": ""L1_ONLY"", ""selected_l1_003"": ""L1_ONLY"", ""selected_l1_004"": ""OPPOSED_L2_PAIR"", ""selected_l1_005"": ""L1_ONLY"", ""selected_l1_006"": ""SINGLE_L2_RIGHT""}",6,0,1,0.0009657999999035383,proto_sw_1_3__seed_2041979072__global_l1_flow_v3__density_rich,proto_sw_1_3__seed_2041979072__global_l1_flow_v3__density_rich__unit_candidates_v2,a4f7222434034eae3cd8a4a8b4ea8358f9c82b7af84e9e26debe2922376ca348
C024,proto_sw_1_3,expanded,rich,2,100035,MB-L2,Ours@B,3,,3,2,1,success,,"[""proto_sw_1_3__seed_2041979072__global_l1_flow_v3__density_rich__selected_l1_002__L1-Only__independent_l1__context_preferred__sample_0025"", ""proto_sw_1_3__seed_2041979072__global_l1_flow_v3__density_rich__selected_l1_003__L1-Only__independent_l1__context_preferred__sample_0050"", ""proto_sw_1_3__seed_2041979072__global_l1_flow_v3__density_rich__selected_l1_004__L1-Only__independent_l1__context_preferred__sample_0075"", ""proto_sw_1_3__seed_2041979072__global_l1_flow_v3__density_rich__selected_l1_006__Y-2C__open_asymmetric__context_preferred__sample_0142"", ""proto_sw_1_3__seed_2041979072__global_l1_flow_v3__density_rich__selected_l1_005__Y-C__open_c__context_preferred__sample_0105"", ""proto_sw_1_3__seed_2041979072__global_l1_flow_v3__density_rich__selected_l1_001__L1-Only__independent_l1__context_preferred__sample_0000""]","{""selected_l1_001"": ""L1_ONLY"", ""selected_l1_002"": ""L1_ONLY"", ""selected_l1_003"": ""L1_ONLY"", ""selected_l1_004"": ""L1_ONLY"", ""selected_l1_005"": ""SINGLE_L2_RIGHT"", ""selected_l1_006"": ""OPPOSED_L2_PAIR""}",3079,0,1,0.009881899999982124,proto_sw_1_3__seed_2041979072__global_l1_flow_v3__density_rich,proto_sw_1_3__seed_2041979072__global_l1_flow_v3__density_rich__unit_candidates_v2,a4f7222434034eae3cd8a4a8b4ea8358f9c82b7af84e9e26debe2922376ca348
C024,proto_sw_1_3,expanded,rich,2,100035,MB-L2,LocalGreedy@B,4,,4,2,1,success,,"[""proto_sw_1_3__seed_2041979072__global_l1_flow_v3__density_rich__selected_l1_002__L1-Only__independent_l1__context_preferred__sample_0025"", ""proto_sw_1_3__seed_2041979072__global_l1_flow_v3__density_rich__selected_l1_003__L1-Only__independent_l1__context_preferred__sample_0050"", ""proto_sw_1_3__seed_2041979072__global_l1_flow_v3__density_rich__selected_l1_004__Y-2C__staggered_c__context_preferred__sample_0088"", ""proto_sw_1_3__seed_2041979072__global_l1_flow_v3__density_rich__selected_l1_006__Y-2C__nested_s__context_swapped__sample_0141"", ""proto_sw_1_3__seed_2041979072__global_l1_flow_v3__density_rich__selected_l1_005__L1-Only__independent_l1__context_preferred__sample_0100"", ""proto_sw_1_3__seed_2041979072__global_l1_flow_v3__density_rich__selected_l1_001__L1-Only__independent_l1__context_preferred__sample_0000""]","{""selected_l1_001"": ""L1_ONLY"", ""selected_l1_002"": ""L1_ONLY"", ""selected_l1_003"": ""L1_ONLY"", ""selected_l1_004"": ""OPPOSED_L2_PAIR"", ""selected_l1_005"": ""L1_ONLY"", ""selected_l1_006"": ""OPPOSED_L2_PAIR""}",6,0,1,0.0013860000003660389,proto_sw_1_3__seed_2041979072__global_l1_flow_v3__density_rich,proto_sw_1_3__seed_2041979072__global_l1_flow_v3__density_rich__unit_candidates_v2,a4f7222434034eae3cd8a4a8b4ea8358f9c82b7af84e9e26debe2922376ca348
C024,proto_sw_1_3,expanded,rich,2,100035,MB-L2,Ours@B,4,,4,2,1,success,,"[""proto_sw_1_3__seed_2041979072__global_l1_flow_v3__density_rich__selected_l1_002__L1-Only__independent_l1__context_preferred__sample_0025"", ""proto_sw_1_3__seed_2041979072__global_l1_flow_v3__density_rich__selected_l1_003__L1-Only__independent_l1__context_preferred__sample_0050"", ""proto_sw_1_3__seed_2041979072__global_l1_flow_v3__density_rich__selected_l1_004__L1-Only__independent_l1__context_preferred__sample_0075"", ""proto_sw_1_3__seed_2041979072__global_l1_flow_v3__density_rich__selected_l1_006__Y-2C__open_asymmetric__context_preferred__sample_0142"", ""proto_sw_1_3__seed_2041979072__global_l1_flow_v3__density_rich__selected_l1_005__L1-Only__independent_l1__context_preferred__sample_0100"", ""proto_sw_1_3__seed_2041979072__global_l1_flow_v3__density_rich__selected_l1_001__Y-2C__open_asymmetric__context_swapped__sample_0018""]","{""selected_l1_001"": ""OPPOSED_L2_PAIR"", ""selected_l1_002"": ""L1_ONLY"", ""selected_l1_003"": ""L1_ONLY"", ""selected_l1_004"": ""L1_ONLY"", ""selected_l1_005"": ""L1_ONLY"", ""selected_l1_006"": ""OPPOSED_L2_PAIR""}",1231,0,1,0.008721199999854434,proto_sw_1_3__seed_2041979072__global_l1_flow_v3__density_rich,proto_sw_1_3__seed_2041979072__global_l1_flow_v3__density_rich__unit_candidates_v2,a4f7222434034eae3cd8a4a8b4ea8358f9c82b7af84e9e26debe2922376ca348
C025,proto_sw_1_3,compact,simple,1,100007,MB-L2,LocalGreedy@B,1,,1,1,1,success,,"[""proto_sw_1_3__seed_3756345937__global_l1_flow_v3__density_simple__selected_l1_004__L1-Only__independent_l1__context_preferred__sample_0075"", ""proto_sw_1_3__seed_3756345937__global_l1_flow_v3__density_simple__selected_l1_002__L1-Only__independent_l1__context_preferred__sample_0025"", ""proto_sw_1_3__seed_3756345937__global_l1_flow_v3__density_simple__selected_l1_003__Y-C__balanced_s__context_opposed__sample_0054"", ""proto_sw_1_3__seed_3756345937__global_l1_flow_v3__density_simple__selected_l1_001__L1-Only__independent_l1__context_preferred__sample_0000""]","{""selected_l1_001"": ""L1_ONLY"", ""selected_l1_002"": ""L1_ONLY"", ""selected_l1_003"": ""SINGLE_L2_LEFT"", ""selected_l1_004"": ""L1_ONLY""}",4,0,1,0.0007535999998253828,proto_sw_1_3__seed_3756345937__global_l1_flow_v3__density_simple,proto_sw_1_3__seed_3756345937__global_l1_flow_v3__density_simple__unit_candidates_v2,9f21acb465009b8d44197f573e3b182a97b39819c78eefe3b7ad1ffce3af6304
C025,proto_sw_1_3,compact,simple,1,100007,MB-L2,Ours@B,1,,1,1,1,success,,"[""proto_sw_1_3__seed_3756345937__global_l1_flow_v3__density_simple__selected_l1_004__L1-Only__independent_l1__context_preferred__sample_0075"", ""proto_sw_1_3__seed_3756345937__global_l1_flow_v3__density_simple__selected_l1_002__L1-Only__independent_l1__context_preferred__sample_0025"", ""proto_sw_1_3__seed_3756345937__global_l1_flow_v3__density_simple__selected_l1_003__Y-C__open_c__context_opposed__sample_0056"", ""proto_sw_1_3__seed_3756345937__global_l1_flow_v3__density_simple__selected_l1_001__L1-Only__independent_l1__context_preferred__sample_0000""]","{""selected_l1_001"": ""L1_ONLY"", ""selected_l1_002"": ""L1_ONLY"", ""selected_l1_003"": ""SINGLE_L2_LEFT"", ""selected_l1_004"": ""L1_ONLY""}",228,0,1,0.0025160000000141736,proto_sw_1_3__seed_3756345937__global_l1_flow_v3__density_simple,proto_sw_1_3__seed_3756345937__global_l1_flow_v3__density_simple__unit_candidates_v2,9f21acb465009b8d44197f573e3b182a97b39819c78eefe3b7ad1ffce3af6304
C025,proto_sw_1_3,compact,simple,1,100007,MB-L2,LocalGreedy@B,2,,2,1,1,success,,"[""proto_sw_1_3__seed_3756345937__global_l1_flow_v3__density_simple__selected_l1_004__L1-Only__independent_l1__context_preferred__sample_0075"", ""proto_sw_1_3__seed_3756345937__global_l1_flow_v3__density_simple__selected_l1_002__L1-Only__independent_l1__context_preferred__sample_0025"", ""proto_sw_1_3__seed_3756345937__global_l1_flow_v3__density_simple__selected_l1_003__Y-2C__nested_s__context_swapped__sample_0060"", ""proto_sw_1_3__seed_3756345937__global_l1_flow_v3__density_simple__selected_l1_001__L1-Only__independent_l1__context_preferred__sample_0000""]","{""selected_l1_001"": ""L1_ONLY"", ""selected_l1_002"": ""L1_ONLY"", ""selected_l1_003"": ""OPPOSED_L2_PAIR"", ""selected_l1_004"": ""L1_ONLY""}",4,0,1,0.0009654000000409724,proto_sw_1_3__seed_3756345937__global_l1_flow_v3__density_simple,proto_sw_1_3__seed_3756345937__global_l1_flow_v3__density_simple__unit_candidates_v2,9f21acb465009b8d44197f573e3b182a97b39819c78eefe3b7ad1ffce3af6304
C025,proto_sw_1_3,compact,simple,1,100007,MB-L2,Ours@B,2,,2,1,1,success,,"[""proto_sw_1_3__seed_3756345937__global_l1_flow_v3__density_simple__selected_l1_004__L1-Only__independent_l1__context_preferred__sample_0075"", ""proto_sw_1_3__seed_3756345937__global_l1_flow_v3__density_simple__selected_l1_002__Y-2C__staggered_c__context_preferred__sample_0044"", ""proto_sw_1_3__seed_3756345937__global_l1_flow_v3__density_simple__selected_l1_003__L1-Only__independent_l1__context_preferred__sample_0050"", ""proto_sw_1_3__seed_3756345937__global_l1_flow_v3__density_simple__selected_l1_001__L1-Only__independent_l1__context_preferred__sample_0000""]","{""selected_l1_001"": ""L1_ONLY"", ""selected_l1_002"": ""OPPOSED_L2_PAIR"", ""selected_l1_003"": ""L1_ONLY"", ""selected_l1_004"": ""L1_ONLY""}",207,0,1,0.0024558000000070024,proto_sw_1_3__seed_3756345937__global_l1_flow_v3__density_simple,proto_sw_1_3__seed_3756345937__global_l1_flow_v3__density_simple__unit_candidates_v2,9f21acb465009b8d44197f573e3b182a97b39819c78eefe3b7ad1ffce3af6304
C026,proto_sw_1_3,compact,simple,2,100010,MB-L2,LocalGreedy@B,1,,1,1,1,success,,"[""proto_sw_1_3__seed_1989963110__global_l1_flow_v3__density_simple__selected_l1_004__L1-Only__independent_l1__context_preferred__sample_0075"", ""proto_sw_1_3__seed_1989963110__global_l1_flow_v3__density_simple__selected_l1_002__L1-Only__independent_l1__context_preferred__sample_0025"", ""proto_sw_1_3__seed_1989963110__global_l1_flow_v3__density_simple__selected_l1_003__L1-Only__independent_l1__context_preferred__sample_0050"", ""proto_sw_1_3__seed_1989963110__global_l1_flow_v3__density_simple__selected_l1_001__Y-C__compact_c__context_opposed__sample_0002""]","{""selected_l1_001"": ""SINGLE_L2_RIGHT"", ""selected_l1_002"": ""L1_ONLY"", ""selected_l1_003"": ""L1_ONLY"", ""selected_l1_004"": ""L1_ONLY""}",4,0,1,0.0011513999997987412,proto_sw_1_3__seed_1989963110__global_l1_flow_v3__density_simple,proto_sw_1_3__seed_1989963110__global_l1_flow_v3__density_simple__unit_candidates_v2,0ce9e9e13899815956eb2d2304091de726ee344eb543f48f9a80746e6580eb0b
C026,proto_sw_1_3,compact,simple,2,100010,MB-L2,Ours@B,1,,1,1,1,success,,"[""proto_sw_1_3__seed_1989963110__global_l1_flow_v3__density_simple__selected_l1_004__L1-Only__independent_l1__context_preferred__sample_0075"", ""proto_sw_1_3__seed_1989963110__global_l1_flow_v3__density_simple__selected_l1_002__Y-C__open_c__context_opposed__sample_0031"", ""proto_sw_1_3__seed_1989963110__global_l1_flow_v3__density_simple__selected_l1_003__L1-Only__independent_l1__context_preferred__sample_0050"", ""proto_sw_1_3__seed_1989963110__global_l1_flow_v3__density_simple__selected_l1_001__L1-Only__independent_l1__context_preferred__sample_0000""]","{""selected_l1_001"": ""L1_ONLY"", ""selected_l1_002"": ""SINGLE_L2_RIGHT"", ""selected_l1_003"": ""L1_ONLY"", ""selected_l1_004"": ""L1_ONLY""}",217,0,1,0.0021846999998160754,proto_sw_1_3__seed_1989963110__global_l1_flow_v3__density_simple,proto_sw_1_3__seed_1989963110__global_l1_flow_v3__density_simple__unit_candidates_v2,0ce9e9e13899815956eb2d2304091de726ee344eb543f48f9a80746e6580eb0b
C026,proto_sw_1_3,compact,simple,2,100010,MB-L2,LocalGreedy@B,2,,2,1,1,success,,"[""proto_sw_1_3__seed_1989963110__global_l1_flow_v3__density_simple__selected_l1_004__L1-Only__independent_l1__context_preferred__sample_0075"", ""proto_sw_1_3__seed_1989963110__global_l1_flow_v3__density_simple__selected_l1_002__L1-Only__independent_l1__context_preferred__sample_0025"", ""proto_sw_1_3__seed_1989963110__global_l1_flow_v3__density_simple__selected_l1_003__L1-Only__independent_l1__context_preferred__sample_0050"", ""proto_sw_1_3__seed_1989963110__global_l1_flow_v3__density_simple__selected_l1_001__Y-2C__open_asymmetric__context_swapped__sample_0012""]","{""selected_l1_001"": ""OPPOSED_L2_PAIR"", ""selected_l1_002"": ""L1_ONLY"", ""selected_l1_003"": ""L1_ONLY"", ""selected_l1_004"": ""L1_ONLY""}",4,0,1,0.0012899999996989209,proto_sw_1_3__seed_1989963110__global_l1_flow_v3__density_simple,proto_sw_1_3__seed_1989963110__global_l1_flow_v3__density_simple__unit_candidates_v2,0ce9e9e13899815956eb2d2304091de726ee344eb543f48f9a80746e6580eb0b
C026,proto_sw_1_3,compact,simple,2,100010,MB-L2,Ours@B,2,,2,1,1,success,,"[""proto_sw_1_3__seed_1989963110__global_l1_flow_v3__density_simple__selected_l1_004__L1-Only__independent_l1__context_preferred__sample_0075"", ""proto_sw_1_3__seed_1989963110__global_l1_flow_v3__density_simple__selected_l1_002__Y-2C__open_asymmetric__context_swapped__sample_0043"", ""proto_sw_1_3__seed_1989963110__global_l1_flow_v3__density_simple__selected_l1_003__L1-Only__independent_l1__context_preferred__sample_0050"", ""proto_sw_1_3__seed_1989963110__global_l1_flow_v3__density_simple__selected_l1_001__L1-Only__independent_l1__context_preferred__sample_0000""]","{""selected_l1_001"": ""L1_ONLY"", ""selected_l1_002"": ""OPPOSED_L2_PAIR"", ""selected_l1_003"": ""L1_ONLY"", ""selected_l1_004"": ""L1_ONLY""}",85,0,1,0.0022255000003497116,proto_sw_1_3__seed_1989963110__global_l1_flow_v3__density_simple,proto_sw_1_3__seed_1989963110__global_l1_flow_v3__density_simple__unit_candidates_v2,0ce9e9e13899815956eb2d2304091de726ee344eb543f48f9a80746e6580eb0b
C027,proto_sw_1_3,compact,medium,1,100000,MB-L2,LocalGreedy@B,1,,1,1,1,success,,"[""proto_sw_1_3__seed_2781254137__global_l1_flow_v3__density_medium__selected_l1_001__Y-C__balanced_s__context_opposed__sample_0004"", ""proto_sw_1_3__seed_2781254137__global_l1_flow_v3__density_medium__selected_l1_006__L1-Only__independent_l1__context_preferred__sample_0125"", ""proto_sw_1_3__seed_2781254137__global_l1_flow_v3__density_medium__selected_l1_002__L1-Only__independent_l1__context_preferred__sample_0025"", ""proto_sw_1_3__seed_2781254137__global_l1_flow_v3__density_medium__selected_l1_004__L1-Only__independent_l1__context_preferred__sample_0075"", ""proto_sw_1_3__seed_2781254137__global_l1_flow_v3__density_medium__selected_l1_003__L1-Only__independent_l1__context_preferred__sample_0050"", ""proto_sw_1_3__seed_2781254137__global_l1_flow_v3__density_medium__selected_l1_005__L1-Only__independent_l1__context_preferred__sample_0100""]","{""selected_l1_001"": ""SINGLE_L2_RIGHT"", ""selected_l1_002"": ""L1_ONLY"", ""selected_l1_003"": ""L1_ONLY"", ""selected_l1_004"": ""L1_ONLY"", ""selected_l1_005"": ""L1_ONLY"", ""selected_l1_006"": ""L1_ONLY""}",6,0,1,0.001331099999788421,proto_sw_1_3__seed_2781254137__global_l1_flow_v3__density_medium,proto_sw_1_3__seed_2781254137__global_l1_flow_v3__density_medium__unit_candidates_v2,11cbfe50b586a78398d88ed1f4a444c6baa1ddc5c12ff838acdeed563191b587
C027,proto_sw_1_3,compact,medium,1,100000,MB-L2,Ours@B,1,,1,1,1,success,,"[""proto_sw_1_3__seed_2781254137__global_l1_flow_v3__density_medium__selected_l1_001__L1-Only__independent_l1__context_preferred__sample_0000"", ""proto_sw_1_3__seed_2781254137__global_l1_flow_v3__density_medium__selected_l1_006__L1-Only__independent_l1__context_preferred__sample_0125"", ""proto_sw_1_3__seed_2781254137__global_l1_flow_v3__density_medium__selected_l1_002__L1-Only__independent_l1__context_preferred__sample_0025"", ""proto_sw_1_3__seed_2781254137__global_l1_flow_v3__density_medium__selected_l1_004__Y-C__compact_c__context_opposed__sample_0077"", ""proto_sw_1_3__seed_2781254137__global_l1_flow_v3__density_medium__selected_l1_003__L1-Only__independent_l1__context_preferred__sample_0050"", ""proto_sw_1_3__seed_2781254137__global_l1_flow_v3__density_medium__selected_l1_005__L1-Only__independent_l1__context_preferred__sample_0100""]","{""selected_l1_001"": ""L1_ONLY"", ""selected_l1_002"": ""L1_ONLY"", ""selected_l1_003"": ""L1_ONLY"", ""selected_l1_004"": ""SINGLE_L2_LEFT"", ""selected_l1_005"": ""L1_ONLY"", ""selected_l1_006"": ""L1_ONLY""}",940,0,1,0.0037788999998156214,proto_sw_1_3__seed_2781254137__global_l1_flow_v3__density_medium,proto_sw_1_3__seed_2781254137__global_l1_flow_v3__density_medium__unit_candidates_v2,11cbfe50b586a78398d88ed1f4a444c6baa1ddc5c12ff838acdeed563191b587
C027,proto_sw_1_3,compact,medium,1,100000,MB-L2,LocalGreedy@B,2,,2,2,1,success,,"[""proto_sw_1_3__seed_2781254137__global_l1_flow_v3__density_medium__selected_l1_001__Y-C__balanced_s__context_opposed__sample_0004"", ""proto_sw_1_3__seed_2781254137__global_l1_flow_v3__density_medium__selected_l1_006__L1-Only__independent_l1__context_preferred__sample_0125"", ""proto_sw_1_3__seed_2781254137__global_l1_flow_v3__density_medium__selected_l1_002__L1-Only__independent_l1__context_preferred__sample_0025"", ""proto_sw_1_3__seed_2781254137__global_l1_flow_v3__density_medium__selected_l1_004__L1-Only__independent_l1__context_preferred__sample_0075"", ""proto_sw_1_3__seed_2781254137__global_l1_flow_v3__density_medium__selected_l1_003__Y-C__balanced_s__context_preferred__sample_0053"", ""proto_sw_1_3__seed_2781254137__global_l1_flow_v3__density_medium__selected_l1_005__L1-Only__independent_l1__context_preferred__sample_0100""]","{""selected_l1_001"": ""SINGLE_L2_RIGHT"", ""selected_l1_002"": ""L1_ONLY"", ""selected_l1_003"": ""SINGLE_L2_LEFT"", ""selected_l1_004"": ""L1_ONLY"", ""selected_l1_005"": ""L1_ONLY"", ""selected_l1_006"": ""L1_ONLY""}",6,0,1,0.0014664000000266242,proto_sw_1_3__seed_2781254137__global_l1_flow_v3__density_medium,proto_sw_1_3__seed_2781254137__global_l1_flow_v3__density_medium__unit_candidates_v2,11cbfe50b586a78398d88ed1f4a444c6baa1ddc5c12ff838acdeed563191b587
C027,proto_sw_1_3,compact,medium,1,100000,MB-L2,Ours@B,2,,2,2,1,success,,"[""proto_sw_1_3__seed_2781254137__global_l1_flow_v3__density_medium__selected_l1_001__L1-Only__independent_l1__context_preferred__sample_0000"", ""proto_sw_1_3__seed_2781254137__global_l1_flow_v3__density_medium__selected_l1_006__L1-Only__independent_l1__context_preferred__sample_0125"", ""proto_sw_1_3__seed_2781254137__global_l1_flow_v3__density_medium__selected_l1_002__Y-C__compact_c__context_preferred__sample_0026"", ""proto_sw_1_3__seed_2781254137__global_l1_flow_v3__density_medium__selected_l1_004__Y-C__compact_c__context_opposed__sample_0077"", ""proto_sw_1_3__seed_2781254137__global_l1_flow_v3__density_medium__selected_l1_003__L1-Only__independent_l1__context_preferred__sample_0050"", ""proto_sw_1_3__seed_2781254137__global_l1_flow_v3__density_medium__selected_l1_005__L1-Only__independent_l1__context_preferred__sample_0100""]","{""selected_l1_001"": ""L1_ONLY"", ""selected_l1_002"": ""SINGLE_L2_LEFT"", ""selected_l1_003"": ""L1_ONLY"", ""selected_l1_004"": ""SINGLE_L2_LEFT"", ""selected_l1_005"": ""L1_ONLY"", ""selected_l1_006"": ""L1_ONLY""}",477,0,1,0.002345100000184175,proto_sw_1_3__seed_2781254137__global_l1_flow_v3__density_medium,proto_sw_1_3__seed_2781254137__global_l1_flow_v3__density_medium__unit_candidates_v2,11cbfe50b586a78398d88ed1f4a444c6baa1ddc5c12ff838acdeed563191b587
C027,proto_sw_1_3,compact,medium,1,100000,MB-L2,LocalGreedy@B,3,,3,2,1,success,,"[""proto_sw_1_3__seed_2781254137__global_l1_flow_v3__density_medium__selected_l1_001__Y-C__balanced_s__context_opposed__sample_0004"", ""proto_sw_1_3__seed_2781254137__global_l1_flow_v3__density_medium__selected_l1_006__L1-Only__independent_l1__context_preferred__sample_0125"", ""proto_sw_1_3__seed_2781254137__global_l1_flow_v3__density_medium__selected_l1_002__L1-Only__independent_l1__context_preferred__sample_0025"", ""proto_sw_1_3__seed_2781254137__global_l1_flow_v3__density_medium__selected_l1_004__L1-Only__independent_l1__context_preferred__sample_0075"", ""proto_sw_1_3__seed_2781254137__global_l1_flow_v3__density_medium__selected_l1_003__Y-2C__nested_s__context_preferred__sample_0065"", ""proto_sw_1_3__seed_2781254137__global_l1_flow_v3__density_medium__selected_l1_005__L1-Only__independent_l1__context_preferred__sample_0100""]","{""selected_l1_001"": ""SINGLE_L2_RIGHT"", ""selected_l1_002"": ""L1_ONLY"", ""selected_l1_003"": ""OPPOSED_L2_PAIR"", ""selected_l1_004"": ""L1_ONLY"", ""selected_l1_005"": ""L1_ONLY"", ""selected_l1_006"": ""L1_ONLY""}",6,0,1,0.0013771000003544032,proto_sw_1_3__seed_2781254137__global_l1_flow_v3__density_medium,proto_sw_1_3__seed_2781254137__global_l1_flow_v3__density_medium__unit_candidates_v2,11cbfe50b586a78398d88ed1f4a444c6baa1ddc5c12ff838acdeed563191b587
C027,proto_sw_1_3,compact,medium,1,100000,MB-L2,Ours@B,3,,3,2,1,success,,"[""proto_sw_1_3__seed_2781254137__global_l1_flow_v3__density_medium__selected_l1_001__L1-Only__independent_l1__context_preferred__sample_0000"", ""proto_sw_1_3__seed_2781254137__global_l1_flow_v3__density_medium__selected_l1_006__L1-Only__independent_l1__context_preferred__sample_0125"", ""proto_sw_1_3__seed_2781254137__global_l1_flow_v3__density_medium__selected_l1_002__L1-Only__independent_l1__context_preferred__sample_0025"", ""proto_sw_1_3__seed_2781254137__global_l1_flow_v3__density_medium__selected_l1_004__Y-C__compact_c__context_opposed__sample_0077"", ""proto_sw_1_3__seed_2781254137__global_l1_flow_v3__density_medium__selected_l1_003__L1-Only__independent_l1__context_preferred__sample_0050"", ""proto_sw_1_3__seed_2781254137__global_l1_flow_v3__density_medium__selected_l1_005__Y-2C__open_asymmetric__context_preferred__sample_0123""]","{""selected_l1_001"": ""L1_ONLY"", ""selected_l1_002"": ""L1_ONLY"", ""selected_l1_003"": ""L1_ONLY"", ""selected_l1_004"": ""SINGLE_L2_LEFT"", ""selected_l1_005"": ""OPPOSED_L2_PAIR"", ""selected_l1_006"": ""L1_ONLY""}",3481,0,1,0.01257969999960551,proto_sw_1_3__seed_2781254137__global_l1_flow_v3__density_medium,proto_sw_1_3__seed_2781254137__global_l1_flow_v3__density_medium__unit_candidates_v2,11cbfe50b586a78398d88ed1f4a444c6baa1ddc5c12ff838acdeed563191b587
C027,proto_sw_1_3,compact,medium,1,100000,MB-L2,LocalGreedy@B,4,,3,2,0,budget_not_attained,sequential irreversible pass ended below target B,"[""proto_sw_1_3__seed_2781254137__global_l1_flow_v3__density_medium__selected_l1_001__Y-C__balanced_s__context_opposed__sample_0004"", ""proto_sw_1_3__seed_2781254137__global_l1_flow_v3__density_medium__selected_l1_006__L1-Only__independent_l1__context_preferred__sample_0125"", ""proto_sw_1_3__seed_2781254137__global_l1_flow_v3__density_medium__selected_l1_002__L1-Only__independent_l1__context_preferred__sample_0025"", ""proto_sw_1_3__seed_2781254137__global_l1_flow_v3__density_medium__selected_l1_004__L1-Only__independent_l1__context_preferred__sample_0075"", ""proto_sw_1_3__seed_2781254137__global_l1_flow_v3__density_medium__selected_l1_003__Y-2C__nested_s__context_preferred__sample_0065"", ""proto_sw_1_3__seed_2781254137__global_l1_flow_v3__density_medium__selected_l1_005__L1-Only__independent_l1__context_preferred__sample_0100""]","{""selected_l1_001"": ""SINGLE_L2_RIGHT"", ""selected_l1_002"": ""L1_ONLY"", ""selected_l1_003"": ""OPPOSED_L2_PAIR"", ""selected_l1_004"": ""L1_ONLY"", ""selected_l1_005"": ""L1_ONLY"", ""selected_l1_006"": ""L1_ONLY""}",6,0,1,0.001119899999594054,proto_sw_1_3__seed_2781254137__global_l1_flow_v3__density_medium,proto_sw_1_3__seed_2781254137__global_l1_flow_v3__density_medium__unit_candidates_v2,11cbfe50b586a78398d88ed1f4a444c6baa1ddc5c12ff838acdeed563191b587
C027,proto_sw_1_3,compact,medium,1,100000,MB-L2,Ours@B,4,,4,2,1,success,,"[""proto_sw_1_3__seed_2781254137__global_l1_flow_v3__density_medium__selected_l1_001__L1-Only__independent_l1__context_preferred__sample_0000"", ""proto_sw_1_3__seed_2781254137__global_l1_flow_v3__density_medium__selected_l1_006__L1-Only__independent_l1__context_preferred__sample_0125"", ""proto_sw_1_3__seed_2781254137__global_l1_flow_v3__density_medium__selected_l1_002__L1-Only__independent_l1__context_preferred__sample_0025"", ""proto_sw_1_3__seed_2781254137__global_l1_flow_v3__density_medium__selected_l1_004__Y-2C__staggered_c__context_swapped__sample_0083"", ""proto_sw_1_3__seed_2781254137__global_l1_flow_v3__density_medium__selected_l1_003__L1-Only__independent_l1__context_preferred__sample_0050"", ""proto_sw_1_3__seed_2781254137__global_l1_flow_v3__density_medium__selected_l1_005__Y-2C__staggered_c__context_preferred__sample_0113""]","{""selected_l1_001"": ""L1_ONLY"", ""selected_l1_002"": ""L1_ONLY"", ""selected_l1_003"": ""L1_ONLY"", ""selected_l1_004"": ""OPPOSED_L2_PAIR"", ""selected_l1_005"": ""OPPOSED_L2_PAIR"", ""selected_l1_006"": ""L1_ONLY""}",276,0,1,0.0022665000001325097,proto_sw_1_3__seed_2781254137__global_l1_flow_v3__density_medium,proto_sw_1_3__seed_2781254137__global_l1_flow_v3__density_medium__unit_candidates_v2,11cbfe50b586a78398d88ed1f4a444c6baa1ddc5c12ff838acdeed563191b587
C028,proto_sw_1_3,compact,medium,2,100006,MB-L2,LocalGreedy@B,1,,1,1,1,success,,"[""proto_sw_1_3__seed_4182263884__global_l1_flow_v3__density_medium__selected_l1_001__L1-Only__independent_l1__context_preferred__sample_0000"", ""proto_sw_1_3__seed_4182263884__global_l1_flow_v3__density_medium__selected_l1_003__Y-C__balanced_s__context_opposed__sample_0054"", ""proto_sw_1_3__seed_4182263884__global_l1_flow_v3__density_medium__selected_l1_002__L1-Only__independent_l1__context_preferred__sample_0025"", ""proto_sw_1_3__seed_4182263884__global_l1_flow_v3__density_medium__selected_l1_004__L1-Only__independent_l1__context_preferred__sample_0075"", ""proto_sw_1_3__seed_4182263884__global_l1_flow_v3__density_medium__selected_l1_005__L1-Only__independent_l1__context_preferred__sample_0100""]","{""selected_l1_001"": ""L1_ONLY"", ""selected_l1_002"": ""L1_ONLY"", ""selected_l1_003"": ""SINGLE_L2_LEFT"", ""selected_l1_004"": ""L1_ONLY"", ""selected_l1_005"": ""L1_ONLY""}",5,0,1,0.0010424000001876266,proto_sw_1_3__seed_4182263884__global_l1_flow_v3__density_medium,proto_sw_1_3__seed_4182263884__global_l1_flow_v3__density_medium__unit_candidates_v2,2c596053a6feddc2f678d649ca9ed6ae3fdcc12fa063e34bac4186896e8598fd
C028,proto_sw_1_3,compact,medium,2,100006,MB-L2,Ours@B,1,,1,1,1,success,,"[""proto_sw_1_3__seed_4182263884__global_l1_flow_v3__density_medium__selected_l1_001__L1-Only__independent_l1__context_preferred__sample_0000"", ""proto_sw_1_3__seed_4182263884__global_l1_flow_v3__density_medium__selected_l1_003__L1-Only__independent_l1__context_preferred__sample_0050"", ""proto_sw_1_3__seed_4182263884__global_l1_flow_v3__density_medium__selected_l1_002__Y-C__open_c__context_opposed__sample_0031"", ""proto_sw_1_3__seed_4182263884__global_l1_flow_v3__density_medium__selected_l1_004__L1-Only__independent_l1__context_preferred__sample_0075"", ""proto_sw_1_3__seed_4182263884__global_l1_flow_v3__density_medium__selected_l1_005__L1-Only__independent_l1__context_preferred__sample_0100""]","{""selected_l1_001"": ""L1_ONLY"", ""selected_l1_002"": ""SINGLE_L2_RIGHT"", ""selected_l1_003"": ""L1_ONLY"", ""selected_l1_004"": ""L1_ONLY"", ""selected_l1_005"": ""L1_ONLY""}",158,0,1,0.001742199999625882,proto_sw_1_3__seed_4182263884__global_l1_flow_v3__density_medium,proto_sw_1_3__seed_4182263884__global_l1_flow_v3__density_medium__unit_candidates_v2,2c596053a6feddc2f678d649ca9ed6ae3fdcc12fa063e34bac4186896e8598fd
C028,proto_sw_1_3,compact,medium,2,100006,MB-L2,LocalGreedy@B,2,,2,1,1,success,,"[""proto_sw_1_3__seed_4182263884__global_l1_flow_v3__density_medium__selected_l1_001__L1-Only__independent_l1__context_preferred__sample_0000"", ""proto_sw_1_3__seed_4182263884__global_l1_flow_v3__density_medium__selected_l1_003__Y-2C__nested_s__context_preferred__sample_0071"", ""proto_sw_1_3__seed_4182263884__global_l1_flow_v3__density_medium__selected_l1_002__L1-Only__independent_l1__context_preferred__sample_0025"", ""proto_sw_1_3__seed_4182263884__global_l1_flow_v3__density_medium__selected_l1_004__L1-Only__independent_l1__context_preferred__sample_0075"", ""proto_sw_1_3__seed_4182263884__global_l1_flow_v3__density_medium__selected_l1_005__L1-Only__independent_l1__context_preferred__sample_0100""]","{""selected_l1_001"": ""L1_ONLY"", ""selected_l1_002"": ""L1_ONLY"", ""selected_l1_003"": ""OPPOSED_L2_PAIR"", ""selected_l1_004"": ""L1_ONLY"", ""selected_l1_005"": ""L1_ONLY""}",5,0,1,0.0014960999997128965,proto_sw_1_3__seed_4182263884__global_l1_flow_v3__density_medium,proto_sw_1_3__seed_4182263884__global_l1_flow_v3__density_medium__unit_candidates_v2,2c596053a6feddc2f678d649ca9ed6ae3fdcc12fa063e34bac4186896e8598fd
C028,proto_sw_1_3,compact,medium,2,100006,MB-L2,Ours@B,2,,2,1,1,success,,"[""proto_sw_1_3__seed_4182263884__global_l1_flow_v3__density_medium__selected_l1_001__L1-Only__independent_l1__context_preferred__sample_0000"", ""proto_sw_1_3__seed_4182263884__global_l1_flow_v3__density_medium__selected_l1_003__L1-Only__independent_l1__context_preferred__sample_0050"", ""proto_sw_1_3__seed_4182263884__global_l1_flow_v3__density_medium__selected_l1_002__Y-2C__open_asymmetric__context_swapped__sample_0037"", ""proto_sw_1_3__seed_4182263884__global_l1_flow_v3__density_medium__selected_l1_004__L1-Only__independent_l1__context_preferred__sample_0075"", ""proto_sw_1_3__seed_4182263884__global_l1_flow_v3__density_medium__selected_l1_005__L1-Only__independent_l1__context_preferred__sample_0100""]","{""selected_l1_001"": ""L1_ONLY"", ""selected_l1_002"": ""OPPOSED_L2_PAIR"", ""selected_l1_003"": ""L1_ONLY"", ""selected_l1_004"": ""L1_ONLY"", ""selected_l1_005"": ""L1_ONLY""}",181,0,1,0.003335999999762862,proto_sw_1_3__seed_4182263884__global_l1_flow_v3__density_medium,proto_sw_1_3__seed_4182263884__global_l1_flow_v3__density_medium__unit_candidates_v2,2c596053a6feddc2f678d649ca9ed6ae3fdcc12fa063e34bac4186896e8598fd
C029,proto_sw_1_3,compact,rich,1,100008,MB-L2,LocalGreedy@B,1,,1,1,1,success,,"[""proto_sw_1_3__seed_399132903__global_l1_flow_v3__density_rich__selected_l1_004__L1-Only__independent_l1__context_preferred__sample_0075"", ""proto_sw_1_3__seed_399132903__global_l1_flow_v3__density_rich__selected_l1_001__L1-Only__independent_l1__context_preferred__sample_0000"", ""proto_sw_1_3__seed_399132903__global_l1_flow_v3__density_rich__selected_l1_003__L1-Only__independent_l1__context_preferred__sample_0050"", ""proto_sw_1_3__seed_399132903__global_l1_flow_v3__density_rich__selected_l1_002__Y-C__balanced_s__context_opposed__sample_0029"", ""proto_sw_1_3__seed_399132903__global_l1_flow_v3__density_rich__selected_l1_006__L1-Only__independent_l1__context_preferred__sample_0125"", ""proto_sw_1_3__seed_399132903__global_l1_flow_v3__density_rich__selected_l1_005__L1-Only__independent_l1__context_preferred__sample_0100""]","{""selected_l1_001"": ""L1_ONLY"", ""selected_l1_002"": ""SINGLE_L2_RIGHT"", ""selected_l1_003"": ""L1_ONLY"", ""selected_l1_004"": ""L1_ONLY"", ""selected_l1_005"": ""L1_ONLY"", ""selected_l1_006"": ""L1_ONLY""}",6,0,1,0.0008506999997734965,proto_sw_1_3__seed_399132903__global_l1_flow_v3__density_rich,proto_sw_1_3__seed_399132903__global_l1_flow_v3__density_rich__unit_candidates_v2,575472cb98503bd627ef27b157b2dc523c99d931b5d15a4238692a887e7f74f0
C029,proto_sw_1_3,compact,rich,1,100008,MB-L2,Ours@B,1,,1,1,1,success,,"[""proto_sw_1_3__seed_399132903__global_l1_flow_v3__density_rich__selected_l1_004__L1-Only__independent_l1__context_preferred__sample_0075"", ""proto_sw_1_3__seed_399132903__global_l1_flow_v3__density_rich__selected_l1_001__L1-Only__independent_l1__context_preferred__sample_0000"", ""proto_sw_1_3__seed_399132903__global_l1_flow_v3__density_rich__selected_l1_003__L1-Only__independent_l1__context_preferred__sample_0050"", ""proto_sw_1_3__seed_399132903__global_l1_flow_v3__density_rich__selected_l1_002__Y-C__compact_c__context_opposed__sample_0027"", ""proto_sw_1_3__seed_399132903__global_l1_flow_v3__density_rich__selected_l1_006__L1-Only__independent_l1__context_preferred__sample_0125"", ""proto_sw_1_3__seed_399132903__global_l1_flow_v3__density_rich__selected_l1_005__L1-Only__independent_l1__context_preferred__sample_0100""]","{""selected_l1_001"": ""L1_ONLY"", ""selected_l1_002"": ""SINGLE_L2_RIGHT"", ""selected_l1_003"": ""L1_ONLY"", ""selected_l1_004"": ""L1_ONLY"", ""selected_l1_005"": ""L1_ONLY"", ""selected_l1_006"": ""L1_ONLY""}",751,0,1,0.0045832000000700646,proto_sw_1_3__seed_399132903__global_l1_flow_v3__density_rich,proto_sw_1_3__seed_399132903__global_l1_flow_v3__density_rich__unit_candidates_v2,575472cb98503bd627ef27b157b2dc523c99d931b5d15a4238692a887e7f74f0
C029,proto_sw_1_3,compact,rich,1,100008,MB-L2,LocalGreedy@B,2,,2,1,1,success,,"[""proto_sw_1_3__seed_399132903__global_l1_flow_v3__density_rich__selected_l1_004__L1-Only__independent_l1__context_preferred__sample_0075"", ""proto_sw_1_3__seed_399132903__global_l1_flow_v3__density_rich__selected_l1_001__L1-Only__independent_l1__context_preferred__sample_0000"", ""proto_sw_1_3__seed_399132903__global_l1_flow_v3__density_rich__selected_l1_003__L1-Only__independent_l1__context_preferred__sample_0050"", ""proto_sw_1_3__seed_399132903__global_l1_flow_v3__density_rich__selected_l1_002__Y-2C__open_asymmetric__context_preferred__sample_0048"", ""proto_sw_1_3__seed_399132903__global_l1_flow_v3__density_rich__selected_l1_006__L1-Only__independent_l1__context_preferred__sample_0125"", ""proto_sw_1_3__seed_399132903__global_l1_flow_v3__density_rich__selected_l1_005__L1-Only__independent_l1__context_preferred__sample_0100""]","{""selected_l1_001"": ""L1_ONLY"", ""selected_l1_002"": ""OPPOSED_L2_PAIR"", ""selected_l1_003"": ""L1_ONLY"", ""selected_l1_004"": ""L1_ONLY"", ""selected_l1_005"": ""L1_ONLY"", ""selected_l1_006"": ""L1_ONLY""}",6,0,1,0.001595400000041991,proto_sw_1_3__seed_399132903__global_l1_flow_v3__density_rich,proto_sw_1_3__seed_399132903__global_l1_flow_v3__density_rich__unit_candidates_v2,575472cb98503bd627ef27b157b2dc523c99d931b5d15a4238692a887e7f74f0
C029,proto_sw_1_3,compact,rich,1,100008,MB-L2,Ours@B,2,,2,2,1,success,,"[""proto_sw_1_3__seed_399132903__global_l1_flow_v3__density_rich__selected_l1_004__L1-Only__independent_l1__context_preferred__sample_0075"", ""proto_sw_1_3__seed_399132903__global_l1_flow_v3__density_rich__selected_l1_001__L1-Only__independent_l1__context_preferred__sample_0000"", ""proto_sw_1_3__seed_399132903__global_l1_flow_v3__density_rich__selected_l1_003__L1-Only__independent_l1__context_preferred__sample_0050"", ""proto_sw_1_3__seed_399132903__global_l1_flow_v3__density_rich__selected_l1_002__Y-C__compact_c__context_opposed__sample_0027"", ""proto_sw_1_3__seed_399132903__global_l1_flow_v3__density_rich__selected_l1_006__Y-C__compact_c__context_preferred__sample_0126"", ""proto_sw_1_3__seed_399132903__global_l1_flow_v3__density_rich__selected_l1_005__L1-Only__independent_l1__context_preferred__sample_0100""]","{""selected_l1_001"": ""L1_ONLY"", ""selected_l1_002"": ""SINGLE_L2_RIGHT"", ""selected_l1_003"": ""L1_ONLY"", ""selected_l1_004"": ""L1_ONLY"", ""selected_l1_005"": ""L1_ONLY"", ""selected_l1_006"": ""SINGLE_L2_LEFT""}",276,0,1,0.0035824999999931606,proto_sw_1_3__seed_399132903__global_l1_flow_v3__density_rich,proto_sw_1_3__seed_399132903__global_l1_flow_v3__density_rich__unit_candidates_v2,575472cb98503bd627ef27b157b2dc523c99d931b5d15a4238692a887e7f74f0
C029,proto_sw_1_3,compact,rich,1,100008,MB-L2,LocalGreedy@B,3,,3,2,1,success,,"[""proto_sw_1_3__seed_399132903__global_l1_flow_v3__density_rich__selected_l1_004__L1-Only__independent_l1__context_preferred__sample_0075"", ""proto_sw_1_3__seed_399132903__global_l1_flow_v3__density_rich__selected_l1_001__Y-C__balanced_s__context_opposed__sample_0004"", ""proto_sw_1_3__seed_399132903__global_l1_flow_v3__density_rich__selected_l1_003__L1-Only__independent_l1__context_preferred__sample_0050"", ""proto_sw_1_3__seed_399132903__global_l1_flow_v3__density_rich__selected_l1_002__Y-2C__open_asymmetric__context_preferred__sample_0048"", ""proto_sw_1_3__seed_399132903__global_l1_flow_v3__density_rich__selected_l1_006__L1-Only__independent_l1__context_preferred__sample_0125"", ""proto_sw_1_3__seed_399132903__global_l1_flow_v3__density_rich__selected_l1_005__L1-Only__independent_l1__context_preferred__sample_0100""]","{""selected_l1_001"": ""SINGLE_L2_RIGHT"", ""selected_l1_002"": ""OPPOSED_L2_PAIR"", ""selected_l1_003"": ""L1_ONLY"", ""selected_l1_004"": ""L1_ONLY"", ""selected_l1_005"": ""L1_ONLY"", ""selected_l1_006"": ""L1_ONLY""}",6,0,1,0.0008784999999988941,proto_sw_1_3__seed_399132903__global_l1_flow_v3__density_rich,proto_sw_1_3__seed_399132903__global_l1_flow_v3__density_rich__unit_candidates_v2,575472cb98503bd627ef27b157b2dc523c99d931b5d15a4238692a887e7f74f0
C029,proto_sw_1_3,compact,rich,1,100008,MB-L2,Ours@B,3,,3,2,1,success,,"[""proto_sw_1_3__seed_399132903__global_l1_flow_v3__density_rich__selected_l1_004__L1-Only__independent_l1__context_preferred__sample_0075"", ""proto_sw_1_3__seed_399132903__global_l1_flow_v3__density_rich__selected_l1_001__L1-Only__independent_l1__context_preferred__sample_0000"", ""proto_sw_1_3__seed_399132903__global_l1_flow_v3__density_rich__selected_l1_003__L1-Only__independent_l1__context_preferred__sample_0050"", ""proto_sw_1_3__seed_399132903__global_l1_flow_v3__density_rich__selected_l1_002__Y-C__compact_c__context_opposed__sample_0027"", ""proto_sw_1_3__seed_399132903__global_l1_flow_v3__density_rich__selected_l1_006__L1-Only__independent_l1__context_preferred__sample_0125"", ""proto_sw_1_3__seed_399132903__global_l1_flow_v3__density_rich__selected_l1_005__Y-2C__open_asymmetric__context_preferred__sample_0123""]","{""selected_l1_001"": ""L1_ONLY"", ""selected_l1_002"": ""SINGLE_L2_RIGHT"", ""selected_l1_003"": ""L1_ONLY"", ""selected_l1_004"": ""L1_ONLY"", ""selected_l1_005"": ""OPPOSED_L2_PAIR"", ""selected_l1_006"": ""L1_ONLY""}",587,0,1,0.005513000000064494,proto_sw_1_3__seed_399132903__global_l1_flow_v3__density_rich,proto_sw_1_3__seed_399132903__global_l1_flow_v3__density_rich__unit_candidates_v2,575472cb98503bd627ef27b157b2dc523c99d931b5d15a4238692a887e7f74f0
C029,proto_sw_1_3,compact,rich,1,100008,MB-L2,LocalGreedy@B,4,,3,2,0,budget_not_attained,sequential irreversible pass ended below target B,"[""proto_sw_1_3__seed_399132903__global_l1_flow_v3__density_rich__selected_l1_004__L1-Only__independent_l1__context_preferred__sample_0075"", ""proto_sw_1_3__seed_399132903__global_l1_flow_v3__density_rich__selected_l1_001__Y-C__balanced_s__context_opposed__sample_0004"", ""proto_sw_1_3__seed_399132903__global_l1_flow_v3__density_rich__selected_l1_003__L1-Only__independent_l1__context_preferred__sample_0050"", ""proto_sw_1_3__seed_399132903__global_l1_flow_v3__density_rich__selected_l1_002__Y-2C__open_asymmetric__context_preferred__sample_0048"", ""proto_sw_1_3__seed_399132903__global_l1_flow_v3__density_rich__selected_l1_006__L1-Only__independent_l1__context_preferred__sample_0125"", ""proto_sw_1_3__seed_399132903__global_l1_flow_v3__density_rich__selected_l1_005__L1-Only__independent_l1__context_preferred__sample_0100""]","{""selected_l1_001"": ""SINGLE_L2_RIGHT"", ""selected_l1_002"": ""OPPOSED_L2_PAIR"", ""selected_l1_003"": ""L1_ONLY"", ""selected_l1_004"": ""L1_ONLY"", ""selected_l1_005"": ""L1_ONLY"", ""selected_l1_006"": ""L1_ONLY""}",6,0,1,0.0010964000002786634,proto_sw_1_3__seed_399132903__global_l1_flow_v3__density_rich,proto_sw_1_3__seed_399132903__global_l1_flow_v3__density_rich__unit_candidates_v2,575472cb98503bd627ef27b157b2dc523c99d931b5d15a4238692a887e7f74f0
C029,proto_sw_1_3,compact,rich,1,100008,MB-L2,Ours@B,4,,4,2,1,success,,"[""proto_sw_1_3__seed_399132903__global_l1_flow_v3__density_rich__selected_l1_004__L1-Only__independent_l1__context_preferred__sample_0075"", ""proto_sw_1_3__seed_399132903__global_l1_flow_v3__density_rich__selected_l1_001__L1-Only__independent_l1__context_preferred__sample_0000"", ""proto_sw_1_3__seed_399132903__global_l1_flow_v3__density_rich__selected_l1_003__L1-Only__independent_l1__context_preferred__sample_0050"", ""proto_sw_1_3__seed_399132903__global_l1_flow_v3__density_rich__selected_l1_002__L1-Only__independent_l1__context_preferred__sample_0025"", ""proto_sw_1_3__seed_399132903__global_l1_flow_v3__density_rich__selected_l1_006__Y-2C__open_asymmetric__context_swapped__sample_0137"", ""proto_sw_1_3__seed_399132903__global_l1_flow_v3__density_rich__selected_l1_005__Y-2C__open_asymmetric__context_preferred__sample_0123""]","{""selected_l1_001"": ""L1_ONLY"", ""selected_l1_002"": ""L1_ONLY"", ""selected_l1_003"": ""L1_ONLY"", ""selected_l1_004"": ""L1_ONLY"", ""selected_l1_005"": ""OPPOSED_L2_PAIR"", ""selected_l1_006"": ""OPPOSED_L2_PAIR""}",319,0,1,0.004145499999594904,proto_sw_1_3__seed_399132903__global_l1_flow_v3__density_rich,proto_sw_1_3__seed_399132903__global_l1_flow_v3__density_rich__unit_candidates_v2,575472cb98503bd627ef27b157b2dc523c99d931b5d15a4238692a887e7f74f0
C030,proto_sw_1_3,compact,rich,2,100017,MB-L2,LocalGreedy@B,1,,1,1,1,success,,"[""proto_sw_1_3__seed_2772902747__global_l1_flow_v3__density_rich__selected_l1_001__L1-Only__independent_l1__context_preferred__sample_0000"", ""proto_sw_1_3__seed_2772902747__global_l1_flow_v3__density_rich__selected_l1_002__L1-Only__independent_l1__context_preferred__sample_0025"", ""proto_sw_1_3__seed_2772902747__global_l1_flow_v3__density_rich__selected_l1_003__Y-C__balanced_s__context_preferred__sample_0053"", ""proto_sw_1_3__seed_2772902747__global_l1_flow_v3__density_rich__selected_l1_004__L1-Only__independent_l1__context_preferred__sample_0075"", ""proto_sw_1_3__seed_2772902747__global_l1_flow_v3__density_rich__selected_l1_006__L1-Only__independent_l1__context_preferred__sample_0125"", ""proto_sw_1_3__seed_2772902747__global_l1_flow_v3__density_rich__selected_l1_005__L1-Only__independent_l1__context_preferred__sample_0100""]","{""selected_l1_001"": ""L1_ONLY"", ""selected_l1_002"": ""L1_ONLY"", ""selected_l1_003"": ""SINGLE_L2_RIGHT"", ""selected_l1_004"": ""L1_ONLY"", ""selected_l1_005"": ""L1_ONLY"", ""selected_l1_006"": ""L1_ONLY""}",6,0,1,0.0009130999997069011,proto_sw_1_3__seed_2772902747__global_l1_flow_v3__density_rich,proto_sw_1_3__seed_2772902747__global_l1_flow_v3__density_rich__unit_candidates_v2,4ccf75084171d6e5aca87085bc439f59a21737fb64a7408b0999fc91c5a56dc8
C030,proto_sw_1_3,compact,rich,2,100017,MB-L2,Ours@B,1,,1,1,1,success,,"[""proto_sw_1_3__seed_2772902747__global_l1_flow_v3__density_rich__selected_l1_001__L1-Only__independent_l1__context_preferred__sample_0000"", ""proto_sw_1_3__seed_2772902747__global_l1_flow_v3__density_rich__selected_l1_002__L1-Only__independent_l1__context_preferred__sample_0025"", ""proto_sw_1_3__seed_2772902747__global_l1_flow_v3__density_rich__selected_l1_003__L1-Only__independent_l1__context_preferred__sample_0050"", ""proto_sw_1_3__seed_2772902747__global_l1_flow_v3__density_rich__selected_l1_004__Y-C__open_c__context_preferred__sample_0080"", ""proto_sw_1_3__seed_2772902747__global_l1_flow_v3__density_rich__selected_l1_006__L1-Only__independent_l1__context_preferred__sample_0125"", ""proto_sw_1_3__seed_2772902747__global_l1_flow_v3__density_rich__selected_l1_005__L1-Only__independent_l1__context_preferred__sample_0100""]","{""selected_l1_001"": ""L1_ONLY"", ""selected_l1_002"": ""L1_ONLY"", ""selected_l1_003"": ""L1_ONLY"", ""selected_l1_004"": ""SINGLE_L2_LEFT"", ""selected_l1_005"": ""L1_ONLY"", ""selected_l1_006"": ""L1_ONLY""}",112,0,1,0.0024576999999226246,proto_sw_1_3__seed_2772902747__global_l1_flow_v3__density_rich,proto_sw_1_3__seed_2772902747__global_l1_flow_v3__density_rich__unit_candidates_v2,4ccf75084171d6e5aca87085bc439f59a21737fb64a7408b0999fc91c5a56dc8
C030,proto_sw_1_3,compact,rich,2,100017,MB-L2,LocalGreedy@B,2,,1,1,0,budget_not_attained,sequential irreversible pass ended below target B,"[""proto_sw_1_3__seed_2772902747__global_l1_flow_v3__density_rich__selected_l1_001__L1-Only__independent_l1__context_preferred__sample_0000"", ""proto_sw_1_3__seed_2772902747__global_l1_flow_v3__density_rich__selected_l1_002__L1-Only__independent_l1__context_preferred__sample_0025"", ""proto_sw_1_3__seed_2772902747__global_l1_flow_v3__density_rich__selected_l1_003__Y-C__balanced_s__context_preferred__sample_0053"", ""proto_sw_1_3__seed_2772902747__global_l1_flow_v3__density_rich__selected_l1_004__L1-Only__independent_l1__context_preferred__sample_0075"", ""proto_sw_1_3__seed_2772902747__global_l1_flow_v3__density_rich__selected_l1_006__L1-Only__independent_l1__context_preferred__sample_0125"", ""proto_sw_1_3__seed_2772902747__global_l1_flow_v3__density_rich__selected_l1_005__L1-Only__independent_l1__context_preferred__sample_0100""]","{""selected_l1_001"": ""L1_ONLY"", ""selected_l1_002"": ""L1_ONLY"", ""selected_l1_003"": ""SINGLE_L2_RIGHT"", ""selected_l1_004"": ""L1_ONLY"", ""selected_l1_005"": ""L1_ONLY"", ""selected_l1_006"": ""L1_ONLY""}",6,0,1,0.0010778999999274674,proto_sw_1_3__seed_2772902747__global_l1_flow_v3__density_rich,proto_sw_1_3__seed_2772902747__global_l1_flow_v3__density_rich__unit_candidates_v2,4ccf75084171d6e5aca87085bc439f59a21737fb64a7408b0999fc91c5a56dc8
C030,proto_sw_1_3,compact,rich,2,100017,MB-L2,Ours@B,2,,2,1,1,success,,"[""proto_sw_1_3__seed_2772902747__global_l1_flow_v3__density_rich__selected_l1_001__L1-Only__independent_l1__context_preferred__sample_0000"", ""proto_sw_1_3__seed_2772902747__global_l1_flow_v3__density_rich__selected_l1_002__L1-Only__independent_l1__context_preferred__sample_0025"", ""proto_sw_1_3__seed_2772902747__global_l1_flow_v3__density_rich__selected_l1_003__L1-Only__independent_l1__context_preferred__sample_0050"", ""proto_sw_1_3__seed_2772902747__global_l1_flow_v3__density_rich__selected_l1_004__L1-Only__independent_l1__context_preferred__sample_0075"", ""proto_sw_1_3__seed_2772902747__global_l1_flow_v3__density_rich__selected_l1_006__L1-Only__independent_l1__context_preferred__sample_0125"", ""proto_sw_1_3__seed_2772902747__global_l1_flow_v3__density_rich__selected_l1_005__Y-2C__open_asymmetric__context_swapped__sample_0118""]","{""selected_l1_001"": ""L1_ONLY"", ""selected_l1_002"": ""L1_ONLY"", ""selected_l1_003"": ""L1_ONLY"", ""selected_l1_004"": ""L1_ONLY"", ""selected_l1_005"": ""OPPOSED_L2_PAIR"", ""selected_l1_006"": ""L1_ONLY""}",58,0,1,0.0015218000003187626,proto_sw_1_3__seed_2772902747__global_l1_flow_v3__density_rich,proto_sw_1_3__seed_2772902747__global_l1_flow_v3__density_rich__unit_candidates_v2,4ccf75084171d6e5aca87085bc439f59a21737fb64a7408b0999fc91c5a56dc8
C031,proto_sw_1_3,swept,simple,1,100004,MB-L2,LocalGreedy@B,1,,1,1,1,success,,"[""proto_sw_1_3__seed_3906224916__global_l1_flow_v3__density_simple__selected_l1_003__L1-Only__independent_l1__context_preferred__sample_0050"", ""proto_sw_1_3__seed_3906224916__global_l1_flow_v3__density_simple__selected_l1_001__Y-C__balanced_s__context_opposed__sample_0004"", ""proto_sw_1_3__seed_3906224916__global_l1_flow_v3__density_simple__selected_l1_002__L1-Only__independent_l1__context_preferred__sample_0025"", ""proto_sw_1_3__seed_3906224916__global_l1_flow_v3__density_simple__selected_l1_004__L1-Only__independent_l1__context_preferred__sample_0075""]","{""selected_l1_001"": ""SINGLE_L2_RIGHT"", ""selected_l1_002"": ""L1_ONLY"", ""selected_l1_003"": ""L1_ONLY"", ""selected_l1_004"": ""L1_ONLY""}",4,0,1,0.0011306000001241046,proto_sw_1_3__seed_3906224916__global_l1_flow_v3__density_simple,proto_sw_1_3__seed_3906224916__global_l1_flow_v3__density_simple__unit_candidates_v2,baa86225faca7faab3762829f627843671525f3485530037a54946d5b471fdb9
C031,proto_sw_1_3,swept,simple,1,100004,MB-L2,Ours@B,1,,1,1,1,success,,"[""proto_sw_1_3__seed_3906224916__global_l1_flow_v3__density_simple__selected_l1_003__L1-Only__independent_l1__context_preferred__sample_0050"", ""proto_sw_1_3__seed_3906224916__global_l1_flow_v3__density_simple__selected_l1_001__L1-Only__independent_l1__context_preferred__sample_0000"", ""proto_sw_1_3__seed_3906224916__global_l1_flow_v3__density_simple__selected_l1_002__Y-C__compact_c__context_preferred__sample_0026"", ""proto_sw_1_3__seed_3906224916__global_l1_flow_v3__density_simple__selected_l1_004__L1-Only__independent_l1__context_preferred__sample_0075""]","{""selected_l1_001"": ""L1_ONLY"", ""selected_l1_002"": ""SINGLE_L2_LEFT"", ""selected_l1_003"": ""L1_ONLY"", ""selected_l1_004"": ""L1_ONLY""}",118,0,1,0.0014416999997592939,proto_sw_1_3__seed_3906224916__global_l1_flow_v3__density_simple,proto_sw_1_3__seed_3906224916__global_l1_flow_v3__density_simple__unit_candidates_v2,baa86225faca7faab3762829f627843671525f3485530037a54946d5b471fdb9
C031,proto_sw_1_3,swept,simple,1,100004,MB-L2,LocalGreedy@B,2,,2,1,1,success,,"[""proto_sw_1_3__seed_3906224916__global_l1_flow_v3__density_simple__selected_l1_003__L1-Only__independent_l1__context_preferred__sample_0050"", ""proto_sw_1_3__seed_3906224916__global_l1_flow_v3__density_simple__selected_l1_001__Y-2C__nested_s__context_preferred__sample_0015"", ""proto_sw_1_3__seed_3906224916__global_l1_flow_v3__density_simple__selected_l1_002__L1-Only__independent_l1__context_preferred__sample_0025"", ""proto_sw_1_3__seed_3906224916__global_l1_flow_v3__density_simple__selected_l1_004__L1-Only__independent_l1__context_preferred__sample_0075""]","{""selected_l1_001"": ""OPPOSED_L2_PAIR"", ""selected_l1_002"": ""L1_ONLY"", ""selected_l1_003"": ""L1_ONLY"", ""selected_l1_004"": ""L1_ONLY""}",4,0,1,0.0009391000003233785,proto_sw_1_3__seed_3906224916__global_l1_flow_v3__density_simple,proto_sw_1_3__seed_3906224916__global_l1_flow_v3__density_simple__unit_candidates_v2,baa86225faca7faab3762829f627843671525f3485530037a54946d5b471fdb9
C031,proto_sw_1_3,swept,simple,1,100004,MB-L2,Ours@B,2,,2,1,1,success,,"[""proto_sw_1_3__seed_3906224916__global_l1_flow_v3__density_simple__selected_l1_003__L1-Only__independent_l1__context_preferred__sample_0050"", ""proto_sw_1_3__seed_3906224916__global_l1_flow_v3__density_simple__selected_l1_001__L1-Only__independent_l1__context_preferred__sample_0000"", ""proto_sw_1_3__seed_3906224916__global_l1_flow_v3__density_simple__selected_l1_002__Y-2C__staggered_c__context_preferred__sample_0038"", ""proto_sw_1_3__seed_3906224916__global_l1_flow_v3__density_simple__selected_l1_004__L1-Only__independent_l1__context_preferred__sample_0075""]","{""selected_l1_001"": ""L1_ONLY"", ""selected_l1_002"": ""OPPOSED_L2_PAIR"", ""selected_l1_003"": ""L1_ONLY"", ""selected_l1_004"": ""L1_ONLY""}",202,0,1,0.0018039000001408567,proto_sw_1_3__seed_3906224916__global_l1_flow_v3__density_simple,proto_sw_1_3__seed_3906224916__global_l1_flow_v3__density_simple__unit_candidates_v2,baa86225faca7faab3762829f627843671525f3485530037a54946d5b471fdb9
C032,proto_sw_1_3,swept,simple,2,100009,MB-L2,LocalGreedy@B,1,,1,1,1,success,,"[""proto_sw_1_3__seed_548579369__global_l1_flow_v3__density_simple__selected_l1_003__Y-C__balanced_s__context_opposed__sample_0054"", ""proto_sw_1_3__seed_548579369__global_l1_flow_v3__density_simple__selected_l1_004__L1-Only__independent_l1__context_preferred__sample_0075"", ""proto_sw_1_3__seed_548579369__global_l1_flow_v3__density_simple__selected_l1_001__L1-Only__independent_l1__context_preferred__sample_0000"", ""proto_sw_1_3__seed_548579369__global_l1_flow_v3__density_simple__selected_l1_002__L1-Only__independent_l1__context_preferred__sample_0025""]","{""selected_l1_001"": ""L1_ONLY"", ""selected_l1_002"": ""L1_ONLY"", ""selected_l1_003"": ""SINGLE_L2_LEFT"", ""selected_l1_004"": ""L1_ONLY""}",4,0,1,0.0006994999998823914,proto_sw_1_3__seed_548579369__global_l1_flow_v3__density_simple,proto_sw_1_3__seed_548579369__global_l1_flow_v3__density_simple__unit_candidates_v2,ae1938ced7dfe28b0d1bc723c13717a6bb20e395f6d3992875697a52b2ce70d0
C032,proto_sw_1_3,swept,simple,2,100009,MB-L2,Ours@B,1,,1,1,1,success,,"[""proto_sw_1_3__seed_548579369__global_l1_flow_v3__density_simple__selected_l1_003__L1-Only__independent_l1__context_preferred__sample_0050"", ""proto_sw_1_3__seed_548579369__global_l1_flow_v3__density_simple__selected_l1_004__L1-Only__independent_l1__context_preferred__sample_0075"", ""proto_sw_1_3__seed_548579369__global_l1_flow_v3__density_simple__selected_l1_001__L1-Only__independent_l1__context_preferred__sample_0000"", ""proto_sw_1_3__seed_548579369__global_l1_flow_v3__density_simple__selected_l1_002__Y-C__open_c__context_preferred__sample_0030""]","{""selected_l1_001"": ""L1_ONLY"", ""selected_l1_002"": ""SINGLE_L2_RIGHT"", ""selected_l1_003"": ""L1_ONLY"", ""selected_l1_004"": ""L1_ONLY""}",79,0,1,0.0017276999997193343,proto_sw_1_3__seed_548579369__global_l1_flow_v3__density_simple,proto_sw_1_3__seed_548579369__global_l1_flow_v3__density_simple__unit_candidates_v2,ae1938ced7dfe28b0d1bc723c13717a6bb20e395f6d3992875697a52b2ce70d0
C032,proto_sw_1_3,swept,simple,2,100009,MB-L2,LocalGreedy@B,2,,2,1,1,success,,"[""proto_sw_1_3__seed_548579369__global_l1_flow_v3__density_simple__selected_l1_003__Y-2C__staggered_c__context_swapped__sample_0064"", ""proto_sw_1_3__seed_548579369__global_l1_flow_v3__density_simple__selected_l1_004__L1-Only__independent_l1__context_preferred__sample_0075"", ""proto_sw_1_3__seed_548579369__global_l1_flow_v3__density_simple__selected_l1_001__L1-Only__independent_l1__context_preferred__sample_0000"", ""proto_sw_1_3__seed_548579369__global_l1_flow_v3__density_simple__selected_l1_002__L1-Only__independent_l1__context_preferred__sample_0025""]","{""selected_l1_001"": ""L1_ONLY"", ""selected_l1_002"": ""L1_ONLY"", ""selected_l1_003"": ""OPPOSED_L2_PAIR"", ""selected_l1_004"": ""L1_ONLY""}",4,0,1,0.0004127000001972192,proto_sw_1_3__seed_548579369__global_l1_flow_v3__density_simple,proto_sw_1_3__seed_548579369__global_l1_flow_v3__density_simple__unit_candidates_v2,ae1938ced7dfe28b0d1bc723c13717a6bb20e395f6d3992875697a52b2ce70d0
C032,proto_sw_1_3,swept,simple,2,100009,MB-L2,Ours@B,2,,2,1,1,success,,"[""proto_sw_1_3__seed_548579369__global_l1_flow_v3__density_simple__selected_l1_003__L1-Only__independent_l1__context_preferred__sample_0050"", ""proto_sw_1_3__seed_548579369__global_l1_flow_v3__density_simple__selected_l1_004__L1-Only__independent_l1__context_preferred__sample_0075"", ""proto_sw_1_3__seed_548579369__global_l1_flow_v3__density_simple__selected_l1_001__L1-Only__independent_l1__context_preferred__sample_0000"", ""proto_sw_1_3__seed_548579369__global_l1_flow_v3__density_simple__selected_l1_002__Y-2C__staggered_c__context_preferred__sample_0032""]","{""selected_l1_001"": ""L1_ONLY"", ""selected_l1_002"": ""OPPOSED_L2_PAIR"", ""selected_l1_003"": ""L1_ONLY"", ""selected_l1_004"": ""L1_ONLY""}",65,0,1,0.0015769000001455424,proto_sw_1_3__seed_548579369__global_l1_flow_v3__density_simple,proto_sw_1_3__seed_548579369__global_l1_flow_v3__density_simple__unit_candidates_v2,ae1938ced7dfe28b0d1bc723c13717a6bb20e395f6d3992875697a52b2ce70d0
C033,proto_sw_1_3,swept,medium,1,100005,MB-L2,LocalGreedy@B,1,,1,1,1,success,,"[""proto_sw_1_3__seed_1160715944__global_l1_flow_v3__density_medium__selected_l1_004__Y-C__balanced_s__context_preferred__sample_0078"", ""proto_sw_1_3__seed_1160715944__global_l1_flow_v3__density_medium__selected_l1_001__L1-Only__independent_l1__context_preferred__sample_0000"", ""proto_sw_1_3__seed_1160715944__global_l1_flow_v3__density_medium__selected_l1_003__L1-Only__independent_l1__context_preferred__sample_0050"", ""proto_sw_1_3__seed_1160715944__global_l1_flow_v3__density_medium__selected_l1_002__L1-Only__independent_l1__context_preferred__sample_0025"", ""proto_sw_1_3__seed_1160715944__global_l1_flow_v3__density_medium__selected_l1_005__L1-Only__independent_l1__context_preferred__sample_0100""]","{""selected_l1_001"": ""L1_ONLY"", ""selected_l1_002"": ""L1_ONLY"", ""selected_l1_003"": ""L1_ONLY"", ""selected_l1_004"": ""SINGLE_L2_LEFT"", ""selected_l1_005"": ""L1_ONLY""}",5,0,1,0.0008087999999588646,proto_sw_1_3__seed_1160715944__global_l1_flow_v3__density_medium,proto_sw_1_3__seed_1160715944__global_l1_flow_v3__density_medium__unit_candidates_v2,7896d2eabb0ae16e73787bb815df5a27ba0a177e0f8f1852aea9bf2ea256b293
C033,proto_sw_1_3,swept,medium,1,100005,MB-L2,Ours@B,1,,1,1,1,success,,"[""proto_sw_1_3__seed_1160715944__global_l1_flow_v3__density_medium__selected_l1_004__L1-Only__independent_l1__context_preferred__sample_0075"", ""proto_sw_1_3__seed_1160715944__global_l1_flow_v3__density_medium__selected_l1_001__Y-C__open_c__context_opposed__sample_0006"", ""proto_sw_1_3__seed_1160715944__global_l1_flow_v3__density_medium__selected_l1_003__L1-Only__independent_l1__context_preferred__sample_0050"", ""proto_sw_1_3__seed_1160715944__global_l1_flow_v3__density_medium__selected_l1_002__L1-Only__independent_l1__context_preferred__sample_0025"", ""proto_sw_1_3__seed_1160715944__global_l1_flow_v3__density_medium__selected_l1_005__L1-Only__independent_l1__context_preferred__sample_0100""]","{""selected_l1_001"": ""SINGLE_L2_RIGHT"", ""selected_l1_002"": ""L1_ONLY"", ""selected_l1_003"": ""L1_ONLY"", ""selected_l1_004"": ""L1_ONLY"", ""selected_l1_005"": ""L1_ONLY""}",134,0,1,0.0018233999999210937,proto_sw_1_3__seed_1160715944__global_l1_flow_v3__density_medium,proto_sw_1_3__seed_1160715944__global_l1_flow_v3__density_medium__unit_candidates_v2,7896d2eabb0ae16e73787bb815df5a27ba0a177e0f8f1852aea9bf2ea256b293
C033,proto_sw_1_3,swept,medium,1,100005,MB-L2,LocalGreedy@B,2,,1,1,0,budget_not_attained,sequential irreversible pass ended below target B,"[""proto_sw_1_3__seed_1160715944__global_l1_flow_v3__density_medium__selected_l1_004__Y-C__balanced_s__context_preferred__sample_0078"", ""proto_sw_1_3__seed_1160715944__global_l1_flow_v3__density_medium__selected_l1_001__L1-Only__independent_l1__context_preferred__sample_0000"", ""proto_sw_1_3__seed_1160715944__global_l1_flow_v3__density_medium__selected_l1_003__L1-Only__independent_l1__context_preferred__sample_0050"", ""proto_sw_1_3__seed_1160715944__global_l1_flow_v3__density_medium__selected_l1_002__L1-Only__independent_l1__context_preferred__sample_0025"", ""proto_sw_1_3__seed_1160715944__global_l1_flow_v3__density_medium__selected_l1_005__L1-Only__independent_l1__context_preferred__sample_0100""]","{""selected_l1_001"": ""L1_ONLY"", ""selected_l1_002"": ""L1_ONLY"", ""selected_l1_003"": ""L1_ONLY"", ""selected_l1_004"": ""SINGLE_L2_LEFT"", ""selected_l1_005"": ""L1_ONLY""}",5,0,1,0.0006859000000076776,proto_sw_1_3__seed_1160715944__global_l1_flow_v3__density_medium,proto_sw_1_3__seed_1160715944__global_l1_flow_v3__density_medium__unit_candidates_v2,7896d2eabb0ae16e73787bb815df5a27ba0a177e0f8f1852aea9bf2ea256b293
C033,proto_sw_1_3,swept,medium,1,100005,MB-L2,Ours@B,2,,2,1,1,success,,"[""proto_sw_1_3__seed_1160715944__global_l1_flow_v3__density_medium__selected_l1_004__L1-Only__independent_l1__context_preferred__sample_0075"", ""proto_sw_1_3__seed_1160715944__global_l1_flow_v3__density_medium__selected_l1_001__L1-Only__independent_l1__context_preferred__sample_0000"", ""proto_sw_1_3__seed_1160715944__global_l1_flow_v3__density_medium__selected_l1_003__L1-Only__independent_l1__context_preferred__sample_0050"", ""proto_sw_1_3__seed_1160715944__global_l1_flow_v3__density_medium__selected_l1_002__Y-2C__staggered_c__context_preferred__sample_0044"", ""proto_sw_1_3__seed_1160715944__global_l1_flow_v3__density_medium__selected_l1_005__L1-Only__independent_l1__context_preferred__sample_0100""]","{""selected_l1_001"": ""L1_ONLY"", ""selected_l1_002"": ""OPPOSED_L2_PAIR"", ""selected_l1_003"": ""L1_ONLY"", ""selected_l1_004"": ""L1_ONLY"", ""selected_l1_005"": ""L1_ONLY""}",67,0,1,0.0011960000001636217,proto_sw_1_3__seed_1160715944__global_l1_flow_v3__density_medium,proto_sw_1_3__seed_1160715944__global_l1_flow_v3__density_medium__unit_candidates_v2,7896d2eabb0ae16e73787bb815df5a27ba0a177e0f8f1852aea9bf2ea256b293
C034,proto_sw_1_3,swept,medium,2,100023,MB-L2,LocalGreedy@B,1,,1,1,1,success,,"[""proto_sw_1_3__seed_3230428333__global_l1_flow_v3__density_medium__selected_l1_001__L1-Only__independent_l1__context_preferred__sample_0000"", ""proto_sw_1_3__seed_3230428333__global_l1_flow_v3__density_medium__selected_l1_003__Y-C__balanced_s__context_preferred__sample_0053"", ""proto_sw_1_3__seed_3230428333__global_l1_flow_v3__density_medium__selected_l1_002__L1-Only__independent_l1__context_preferred__sample_0025"", ""proto_sw_1_3__seed_3230428333__global_l1_flow_v3__density_medium__selected_l1_005__L1-Only__independent_l1__context_preferred__sample_0100"", ""proto_sw_1_3__seed_3230428333__global_l1_flow_v3__density_medium__selected_l1_004__L1-Only__independent_l1__context_preferred__sample_0075""]","{""selected_l1_001"": ""L1_ONLY"", ""selected_l1_002"": ""L1_ONLY"", ""selected_l1_003"": ""SINGLE_L2_RIGHT"", ""selected_l1_004"": ""L1_ONLY"", ""selected_l1_005"": ""L1_ONLY""}",5,0,1,0.0007072000003063295,proto_sw_1_3__seed_3230428333__global_l1_flow_v3__density_medium,proto_sw_1_3__seed_3230428333__global_l1_flow_v3__density_medium__unit_candidates_v2,7a0f05b0062bcafbc961ac58acdd3872d7335853d4587690d48d7dd6bcf8b72d
C034,proto_sw_1_3,swept,medium,2,100023,MB-L2,Ours@B,1,,1,1,1,success,,"[""proto_sw_1_3__seed_3230428333__global_l1_flow_v3__density_medium__selected_l1_001__L1-Only__independent_l1__context_preferred__sample_0000"", ""proto_sw_1_3__seed_3230428333__global_l1_flow_v3__density_medium__selected_l1_003__L1-Only__independent_l1__context_preferred__sample_0050"", ""proto_sw_1_3__seed_3230428333__global_l1_flow_v3__density_medium__selected_l1_002__Y-C__open_c__context_preferred__sample_0030"", ""proto_sw_1_3__seed_3230428333__global_l1_flow_v3__density_medium__selected_l1_005__L1-Only__independent_l1__context_preferred__sample_0100"", ""proto_sw_1_3__seed_3230428333__global_l1_flow_v3__density_medium__selected_l1_004__L1-Only__independent_l1__context_preferred__sample_0075""]","{""selected_l1_001"": ""L1_ONLY"", ""selected_l1_002"": ""SINGLE_L2_RIGHT"", ""selected_l1_003"": ""L1_ONLY"", ""selected_l1_004"": ""L1_ONLY"", ""selected_l1_005"": ""L1_ONLY""}",130,0,1,0.001530699999875651,proto_sw_1_3__seed_3230428333__global_l1_flow_v3__density_medium,proto_sw_1_3__seed_3230428333__global_l1_flow_v3__density_medium__unit_candidates_v2,7a0f05b0062bcafbc961ac58acdd3872d7335853d4587690d48d7dd6bcf8b72d
C034,proto_sw_1_3,swept,medium,2,100023,MB-L2,LocalGreedy@B,2,,1,1,0,budget_not_attained,sequential irreversible pass ended below target B,"[""proto_sw_1_3__seed_3230428333__global_l1_flow_v3__density_medium__selected_l1_001__L1-Only__independent_l1__context_preferred__sample_0000"", ""proto_sw_1_3__seed_3230428333__global_l1_flow_v3__density_medium__selected_l1_003__Y-C__balanced_s__context_preferred__sample_0053"", ""proto_sw_1_3__seed_3230428333__global_l1_flow_v3__density_medium__selected_l1_002__L1-Only__independent_l1__context_preferred__sample_0025"", ""proto_sw_1_3__seed_3230428333__global_l1_flow_v3__density_medium__selected_l1_005__L1-Only__independent_l1__context_preferred__sample_0100"", ""proto_sw_1_3__seed_3230428333__global_l1_flow_v3__density_medium__selected_l1_004__L1-Only__independent_l1__context_preferred__sample_0075""]","{""selected_l1_001"": ""L1_ONLY"", ""selected_l1_002"": ""L1_ONLY"", ""selected_l1_003"": ""SINGLE_L2_RIGHT"", ""selected_l1_004"": ""L1_ONLY"", ""selected_l1_005"": ""L1_ONLY""}",5,0,1,0.0009082000001399138,proto_sw_1_3__seed_3230428333__global_l1_flow_v3__density_medium,proto_sw_1_3__seed_3230428333__global_l1_flow_v3__density_medium__unit_candidates_v2,7a0f05b0062bcafbc961ac58acdd3872d7335853d4587690d48d7dd6bcf8b72d
C034,proto_sw_1_3,swept,medium,2,100023,MB-L2,Ours@B,2,,2,1,1,success,,"[""proto_sw_1_3__seed_3230428333__global_l1_flow_v3__density_medium__selected_l1_001__L1-Only__independent_l1__context_preferred__sample_0000"", ""proto_sw_1_3__seed_3230428333__global_l1_flow_v3__density_medium__selected_l1_003__L1-Only__independent_l1__context_preferred__sample_0050"", ""proto_sw_1_3__seed_3230428333__global_l1_flow_v3__density_medium__selected_l1_002__L1-Only__independent_l1__context_preferred__sample_0025"", ""proto_sw_1_3__seed_3230428333__global_l1_flow_v3__density_medium__selected_l1_005__L1-Only__independent_l1__context_preferred__sample_0100"", ""proto_sw_1_3__seed_3230428333__global_l1_flow_v3__density_medium__selected_l1_004__Y-2C__staggered_c__context_preferred__sample_0094""]","{""selected_l1_001"": ""L1_ONLY"", ""selected_l1_002"": ""L1_ONLY"", ""selected_l1_003"": ""L1_ONLY"", ""selected_l1_004"": ""OPPOSED_L2_PAIR"", ""selected_l1_005"": ""L1_ONLY""}",124,0,1,0.0023311999998441024,proto_sw_1_3__seed_3230428333__global_l1_flow_v3__density_medium,proto_sw_1_3__seed_3230428333__global_l1_flow_v3__density_medium__unit_candidates_v2,7a0f05b0062bcafbc961ac58acdd3872d7335853d4587690d48d7dd6bcf8b72d
C035,proto_sw_1_3,swept,rich,1,100002,MB-L2,LocalGreedy@B,1,,1,1,1,success,,"[""proto_sw_1_3__seed_1978891010__global_l1_flow_v3__density_rich__selected_l1_001__Y-C__balanced_s__context_opposed__sample_0004"", ""proto_sw_1_3__seed_1978891010__global_l1_flow_v3__density_rich__selected_l1_003__L1-Only__independent_l1__context_preferred__sample_0050"", ""proto_sw_1_3__seed_1978891010__global_l1_flow_v3__density_rich__selected_l1_002__L1-Only__independent_l1__context_preferred__sample_0025"", ""proto_sw_1_3__seed_1978891010__global_l1_flow_v3__density_rich__selected_l1_006__L1-Only__independent_l1__context_preferred__sample_0125"", ""proto_sw_1_3__seed_1978891010__global_l1_flow_v3__density_rich__selected_l1_004__L1-Only__independent_l1__context_preferred__sample_0075"", ""proto_sw_1_3__seed_1978891010__global_l1_flow_v3__density_rich__selected_l1_005__L1-Only__independent_l1__context_preferred__sample_0100""]","{""selected_l1_001"": ""SINGLE_L2_RIGHT"", ""selected_l1_002"": ""L1_ONLY"", ""selected_l1_003"": ""L1_ONLY"", ""selected_l1_004"": ""L1_ONLY"", ""selected_l1_005"": ""L1_ONLY"", ""selected_l1_006"": ""L1_ONLY""}",6,0,1,0.0018563999997240899,proto_sw_1_3__seed_1978891010__global_l1_flow_v3__density_rich,proto_sw_1_3__seed_1978891010__global_l1_flow_v3__density_rich__unit_candidates_v2,b35008f97bef3e64d34915fd70b40fc93d4e27bcff134b3bd916c0f1a009597f
C035,proto_sw_1_3,swept,rich,1,100002,MB-L2,Ours@B,1,,1,1,1,success,,"[""proto_sw_1_3__seed_1978891010__global_l1_flow_v3__density_rich__selected_l1_001__L1-Only__independent_l1__context_preferred__sample_0000"", ""proto_sw_1_3__seed_1978891010__global_l1_flow_v3__density_rich__selected_l1_003__L1-Only__independent_l1__context_preferred__sample_0050"", ""proto_sw_1_3__seed_1978891010__global_l1_flow_v3__density_rich__selected_l1_002__L1-Only__independent_l1__context_preferred__sample_0025"", ""proto_sw_1_3__seed_1978891010__global_l1_flow_v3__density_rich__selected_l1_006__L1-Only__independent_l1__context_preferred__sample_0125"", ""proto_sw_1_3__seed_1978891010__global_l1_flow_v3__density_rich__selected_l1_004__L1-Only__independent_l1__context_preferred__sample_0075"", ""proto_sw_1_3__seed_1978891010__global_l1_flow_v3__density_rich__selected_l1_005__Y-C__open_c__context_preferred__sample_0105""]","{""selected_l1_001"": ""L1_ONLY"", ""selected_l1_002"": ""L1_ONLY"", ""selected_l1_003"": ""L1_ONLY"", ""selected_l1_004"": ""L1_ONLY"", ""selected_l1_005"": ""SINGLE_L2_RIGHT"", ""selected_l1_006"": ""L1_ONLY""}",1296,0,1,0.006652099999882921,proto_sw_1_3__seed_1978891010__global_l1_flow_v3__density_rich,proto_sw_1_3__seed_1978891010__global_l1_flow_v3__density_rich__unit_candidates_v2,b35008f97bef3e64d34915fd70b40fc93d4e27bcff134b3bd916c0f1a009597f
C035,proto_sw_1_3,swept,rich,1,100002,MB-L2,LocalGreedy@B,2,,2,2,1,success,,"[""proto_sw_1_3__seed_1978891010__global_l1_flow_v3__density_rich__selected_l1_001__Y-C__balanced_s__context_opposed__sample_0004"", ""proto_sw_1_3__seed_1978891010__global_l1_flow_v3__density_rich__selected_l1_003__L1-Only__independent_l1__context_preferred__sample_0050"", ""proto_sw_1_3__seed_1978891010__global_l1_flow_v3__density_rich__selected_l1_002__L1-Only__independent_l1__context_preferred__sample_0025"", ""proto_sw_1_3__seed_1978891010__global_l1_flow_v3__density_rich__selected_l1_006__Y-C__balanced_s__context_preferred__sample_0128"", ""proto_sw_1_3__seed_1978891010__global_l1_flow_v3__density_rich__selected_l1_004__L1-Only__independent_l1__context_preferred__sample_0075"", ""proto_sw_1_3__seed_1978891010__global_l1_flow_v3__density_rich__selected_l1_005__L1-Only__independent_l1__context_preferred__sample_0100""]","{""selected_l1_001"": ""SINGLE_L2_RIGHT"", ""selected_l1_002"": ""L1_ONLY"", ""selected_l1_003"": ""L1_ONLY"", ""selected_l1_004"": ""L1_ONLY"", ""selected_l1_005"": ""L1_ONLY"", ""selected_l1_006"": ""SINGLE_L2_LEFT""}",6,0,1,0.0016625999996904284,proto_sw_1_3__seed_1978891010__global_l1_flow_v3__density_rich,proto_sw_1_3__seed_1978891010__global_l1_flow_v3__density_rich__unit_candidates_v2,b35008f97bef3e64d34915fd70b40fc93d4e27bcff134b3bd916c0f1a009597f
C035,proto_sw_1_3,swept,rich,1,100002,MB-L2,Ours@B,2,,2,2,1,success,,"[""proto_sw_1_3__seed_1978891010__global_l1_flow_v3__density_rich__selected_l1_001__Y-C__compact_c__context_opposed__sample_0002"", ""proto_sw_1_3__seed_1978891010__global_l1_flow_v3__density_rich__selected_l1_003__L1-Only__independent_l1__context_preferred__sample_0050"", ""proto_sw_1_3__seed_1978891010__global_l1_flow_v3__density_rich__selected_l1_002__L1-Only__independent_l1__context_preferred__sample_0025"", ""proto_sw_1_3__seed_1978891010__global_l1_flow_v3__density_rich__selected_l1_006__L1-Only__independent_l1__context_preferred__sample_0125"", ""proto_sw_1_3__seed_1978891010__global_l1_flow_v3__density_rich__selected_l1_004__L1-Only__independent_l1__context_preferred__sample_0075"", ""proto_sw_1_3__seed_1978891010__global_l1_flow_v3__density_rich__selected_l1_005__Y-C__open_c__context_preferred__sample_0105""]","{""selected_l1_001"": ""SINGLE_L2_RIGHT"", ""selected_l1_002"": ""L1_ONLY"", ""selected_l1_003"": ""L1_ONLY"", ""selected_l1_004"": ""L1_ONLY"", ""selected_l1_005"": ""SINGLE_L2_RIGHT"", ""selected_l1_006"": ""L1_ONLY""}",340,0,1,0.004450500000075408,proto_sw_1_3__seed_1978891010__global_l1_flow_v3__density_rich,proto_sw_1_3__seed_1978891010__global_l1_flow_v3__density_rich__unit_candidates_v2,b35008f97bef3e64d34915fd70b40fc93d4e27bcff134b3bd916c0f1a009597f
C035,proto_sw_1_3,swept,rich,1,100002,MB-L2,LocalGreedy@B,3,,3,2,1,success,,"[""proto_sw_1_3__seed_1978891010__global_l1_flow_v3__density_rich__selected_l1_001__Y-C__balanced_s__context_opposed__sample_0004"", ""proto_sw_1_3__seed_1978891010__global_l1_flow_v3__density_rich__selected_l1_003__L1-Only__independent_l1__context_preferred__sample_0050"", ""proto_sw_1_3__seed_1978891010__global_l1_flow_v3__density_rich__selected_l1_002__L1-Only__independent_l1__context_preferred__sample_0025"", ""proto_sw_1_3__seed_1978891010__global_l1_flow_v3__density_rich__selected_l1_006__Y-2C__open_asymmetric__context_preferred__sample_0136"", ""proto_sw_1_3__seed_1978891010__global_l1_flow_v3__density_rich__selected_l1_004__L1-Only__independent_l1__context_preferred__sample_0075"", ""proto_sw_1_3__seed_1978891010__global_l1_flow_v3__density_rich__selected_l1_005__L1-Only__independent_l1__context_preferred__sample_0100""]","{""selected_l1_001"": ""SINGLE_L2_RIGHT"", ""selected_l1_002"": ""L1_ONLY"", ""selected_l1_003"": ""L1_ONLY"", ""selected_l1_004"": ""L1_ONLY"", ""selected_l1_005"": ""L1_ONLY"", ""selected_l1_006"": ""OPPOSED_L2_PAIR""}",6,0,1,0.0015564999998787243,proto_sw_1_3__seed_1978891010__global_l1_flow_v3__density_rich,proto_sw_1_3__seed_1978891010__global_l1_flow_v3__density_rich__unit_candidates_v2,b35008f97bef3e64d34915fd70b40fc93d4e27bcff134b3bd916c0f1a009597f
C035,proto_sw_1_3,swept,rich,1,100002,MB-L2,Ours@B,3,,3,2,1,success,,"[""proto_sw_1_3__seed_1978891010__global_l1_flow_v3__density_rich__selected_l1_001__L1-Only__independent_l1__context_preferred__sample_0000"", ""proto_sw_1_3__seed_1978891010__global_l1_flow_v3__density_rich__selected_l1_003__L1-Only__independent_l1__context_preferred__sample_0050"", ""proto_sw_1_3__seed_1978891010__global_l1_flow_v3__density_rich__selected_l1_002__L1-Only__independent_l1__context_preferred__sample_0025"", ""proto_sw_1_3__seed_1978891010__global_l1_flow_v3__density_rich__selected_l1_006__L1-Only__independent_l1__context_preferred__sample_0125"", ""proto_sw_1_3__seed_1978891010__global_l1_flow_v3__density_rich__selected_l1_004__Y-2C__staggered_c__context_preferred__sample_0094"", ""proto_sw_1_3__seed_1978891010__global_l1_flow_v3__density_rich__selected_l1_005__Y-C__open_c__context_preferred__sample_0105""]","{""selected_l1_001"": ""L1_ONLY"", ""selected_l1_002"": ""L1_ONLY"", ""selected_l1_003"": ""L1_ONLY"", ""selected_l1_004"": ""OPPOSED_L2_PAIR"", ""selected_l1_005"": ""SINGLE_L2_RIGHT"", ""selected_l1_006"": ""L1_ONLY""}",6157,0,1,0.021674500000244734,proto_sw_1_3__seed_1978891010__global_l1_flow_v3__density_rich,proto_sw_1_3__seed_1978891010__global_l1_flow_v3__density_rich__unit_candidates_v2,b35008f97bef3e64d34915fd70b40fc93d4e27bcff134b3bd916c0f1a009597f
C035,proto_sw_1_3,swept,rich,1,100002,MB-L2,LocalGreedy@B,4,,3,2,0,budget_not_attained,sequential irreversible pass ended below target B,"[""proto_sw_1_3__seed_1978891010__global_l1_flow_v3__density_rich__selected_l1_001__Y-C__balanced_s__context_opposed__sample_0004"", ""proto_sw_1_3__seed_1978891010__global_l1_flow_v3__density_rich__selected_l1_003__L1-Only__independent_l1__context_preferred__sample_0050"", ""proto_sw_1_3__seed_1978891010__global_l1_flow_v3__density_rich__selected_l1_002__L1-Only__independent_l1__context_preferred__sample_0025"", ""proto_sw_1_3__seed_1978891010__global_l1_flow_v3__density_rich__selected_l1_006__Y-2C__open_asymmetric__context_preferred__sample_0136"", ""proto_sw_1_3__seed_1978891010__global_l1_flow_v3__density_rich__selected_l1_004__L1-Only__independent_l1__context_preferred__sample_0075"", ""proto_sw_1_3__seed_1978891010__global_l1_flow_v3__density_rich__selected_l1_005__L1-Only__independent_l1__context_preferred__sample_0100""]","{""selected_l1_001"": ""SINGLE_L2_RIGHT"", ""selected_l1_002"": ""L1_ONLY"", ""selected_l1_003"": ""L1_ONLY"", ""selected_l1_004"": ""L1_ONLY"", ""selected_l1_005"": ""L1_ONLY"", ""selected_l1_006"": ""OPPOSED_L2_PAIR""}",6,0,1,0.0013001999996049562,proto_sw_1_3__seed_1978891010__global_l1_flow_v3__density_rich,proto_sw_1_3__seed_1978891010__global_l1_flow_v3__density_rich__unit_candidates_v2,b35008f97bef3e64d34915fd70b40fc93d4e27bcff134b3bd916c0f1a009597f
C035,proto_sw_1_3,swept,rich,1,100002,MB-L2,Ours@B,4,,4,2,1,success,,"[""proto_sw_1_3__seed_1978891010__global_l1_flow_v3__density_rich__selected_l1_001__L1-Only__independent_l1__context_preferred__sample_0000"", ""proto_sw_1_3__seed_1978891010__global_l1_flow_v3__density_rich__selected_l1_003__L1-Only__independent_l1__context_preferred__sample_0050"", ""proto_sw_1_3__seed_1978891010__global_l1_flow_v3__density_rich__selected_l1_002__L1-Only__independent_l1__context_preferred__sample_0025"", ""proto_sw_1_3__seed_1978891010__global_l1_flow_v3__density_rich__selected_l1_006__L1-Only__independent_l1__context_preferred__sample_0125"", ""proto_sw_1_3__seed_1978891010__global_l1_flow_v3__density_rich__selected_l1_004__Y-2C__staggered_c__context_preferred__sample_0082"", ""proto_sw_1_3__seed_1978891010__global_l1_flow_v3__density_rich__selected_l1_005__Y-2C__staggered_c__context_preferred__sample_0107""]","{""selected_l1_001"": ""L1_ONLY"", ""selected_l1_002"": ""L1_ONLY"", ""selected_l1_003"": ""L1_ONLY"", ""selected_l1_004"": ""OPPOSED_L2_PAIR"", ""selected_l1_005"": ""OPPOSED_L2_PAIR"", ""selected_l1_006"": ""L1_ONLY""}",1608,0,1,0.00932520000014847,proto_sw_1_3__seed_1978891010__global_l1_flow_v3__density_rich,proto_sw_1_3__seed_1978891010__global_l1_flow_v3__density_rich__unit_candidates_v2,b35008f97bef3e64d34915fd70b40fc93d4e27bcff134b3bd916c0f1a009597f
C036,proto_sw_1_3,swept,rich,2,100011,MB-L2,LocalGreedy@B,1,,1,1,1,success,,"[""proto_sw_1_3__seed_1548718105__global_l1_flow_v3__density_rich__selected_l1_004__L1-Only__independent_l1__context_preferred__sample_0075"", ""proto_sw_1_3__seed_1548718105__global_l1_flow_v3__density_rich__selected_l1_002__L1-Only__independent_l1__context_preferred__sample_0025"", ""proto_sw_1_3__seed_1548718105__global_l1_flow_v3__density_rich__selected_l1_001__L1-Only__independent_l1__context_preferred__sample_0000"", ""proto_sw_1_3__seed_1548718105__global_l1_flow_v3__density_rich__selected_l1_003__L1-Only__independent_l1__context_preferred__sample_0050"", ""proto_sw_1_3__seed_1548718105__global_l1_flow_v3__density_rich__selected_l1_006__Y-C__balanced_s__context_preferred__sample_0128"", ""proto_sw_1_3__seed_1548718105__global_l1_flow_v3__density_rich__selected_l1_005__L1-Only__independent_l1__context_preferred__sample_0100""]","{""selected_l1_001"": ""L1_ONLY"", ""selected_l1_002"": ""L1_ONLY"", ""selected_l1_003"": ""L1_ONLY"", ""selected_l1_004"": ""L1_ONLY"", ""selected_l1_005"": ""L1_ONLY"", ""selected_l1_006"": ""SINGLE_L2_RIGHT""}",6,0,1,0.0011700000000018917,proto_sw_1_3__seed_1548718105__global_l1_flow_v3__density_rich,proto_sw_1_3__seed_1548718105__global_l1_flow_v3__density_rich__unit_candidates_v2,ef351602f0a74357db920550fd994230ec6fcbcf44994642ba433ec3bebe23bc
C036,proto_sw_1_3,swept,rich,2,100011,MB-L2,Ours@B,1,,1,1,1,success,,"[""proto_sw_1_3__seed_1548718105__global_l1_flow_v3__density_rich__selected_l1_004__L1-Only__independent_l1__context_preferred__sample_0075"", ""proto_sw_1_3__seed_1548718105__global_l1_flow_v3__density_rich__selected_l1_002__L1-Only__independent_l1__context_preferred__sample_0025"", ""proto_sw_1_3__seed_1548718105__global_l1_flow_v3__density_rich__selected_l1_001__L1-Only__independent_l1__context_preferred__sample_0000"", ""proto_sw_1_3__seed_1548718105__global_l1_flow_v3__density_rich__selected_l1_003__Y-C__open_c__context_preferred__sample_0055"", ""proto_sw_1_3__seed_1548718105__global_l1_flow_v3__density_rich__selected_l1_006__L1-Only__independent_l1__context_preferred__sample_0125"", ""proto_sw_1_3__seed_1548718105__global_l1_flow_v3__density_rich__selected_l1_005__L1-Only__independent_l1__context_preferred__sample_0100""]","{""selected_l1_001"": ""L1_ONLY"", ""selected_l1_002"": ""L1_ONLY"", ""selected_l1_003"": ""SINGLE_L2_LEFT"", ""selected_l1_004"": ""L1_ONLY"", ""selected_l1_005"": ""L1_ONLY"", ""selected_l1_006"": ""L1_ONLY""}",156,0,1,0.0023804000002201064,proto_sw_1_3__seed_1548718105__global_l1_flow_v3__density_rich,proto_sw_1_3__seed_1548718105__global_l1_flow_v3__density_rich__unit_candidates_v2,ef351602f0a74357db920550fd994230ec6fcbcf44994642ba433ec3bebe23bc
C036,proto_sw_1_3,swept,rich,2,100011,MB-L2,LocalGreedy@B,2,,1,1,0,budget_not_attained,sequential irreversible pass ended below target B,"[""proto_sw_1_3__seed_1548718105__global_l1_flow_v3__density_rich__selected_l1_004__L1-Only__independent_l1__context_preferred__sample_0075"", ""proto_sw_1_3__seed_1548718105__global_l1_flow_v3__density_rich__selected_l1_002__L1-Only__independent_l1__context_preferred__sample_0025"", ""proto_sw_1_3__seed_1548718105__global_l1_flow_v3__density_rich__selected_l1_001__L1-Only__independent_l1__context_preferred__sample_0000"", ""proto_sw_1_3__seed_1548718105__global_l1_flow_v3__density_rich__selected_l1_003__L1-Only__independent_l1__context_preferred__sample_0050"", ""proto_sw_1_3__seed_1548718105__global_l1_flow_v3__density_rich__selected_l1_006__Y-C__balanced_s__context_preferred__sample_0128"", ""proto_sw_1_3__seed_1548718105__global_l1_flow_v3__density_rich__selected_l1_005__L1-Only__independent_l1__context_preferred__sample_0100""]","{""selected_l1_001"": ""L1_ONLY"", ""selected_l1_002"": ""L1_ONLY"", ""selected_l1_003"": ""L1_ONLY"", ""selected_l1_004"": ""L1_ONLY"", ""selected_l1_005"": ""L1_ONLY"", ""selected_l1_006"": ""SINGLE_L2_RIGHT""}",6,0,1,0.0010509999997339037,proto_sw_1_3__seed_1548718105__global_l1_flow_v3__density_rich,proto_sw_1_3__seed_1548718105__global_l1_flow_v3__density_rich__unit_candidates_v2,ef351602f0a74357db920550fd994230ec6fcbcf44994642ba433ec3bebe23bc
C036,proto_sw_1_3,swept,rich,2,100011,MB-L2,Ours@B,2,,0,0,0,budget_infeasible,bounded candidate space exhausted without an exact-B composition,[],{},194,0,1,0.0019954999997935374,proto_sw_1_3__seed_1548718105__global_l1_flow_v3__density_rich,proto_sw_1_3__seed_1548718105__global_l1_flow_v3__density_rich__unit_candidates_v2,ef351602f0a74357db920550fd994230ec6fcbcf44994642ba433ec3bebe23bc
C037,proto_sw_2_3,expanded,simple,1,100000,MB-L2,LocalGreedy@B,1,,1,1,1,success,,"[""proto_sw_2_3__seed_2781254137__global_l1_flow_v3__density_simple__selected_l1_004__Y-C__balanced_s__context_preferred__sample_0105"", ""proto_sw_2_3__seed_2781254137__global_l1_flow_v3__density_simple__selected_l1_005__L1-Only__independent_l1__context_preferred__sample_0136"", ""proto_sw_2_3__seed_2781254137__global_l1_flow_v3__density_simple__selected_l1_002__L1-Only__independent_l1__context_preferred__sample_0034"", ""proto_sw_2_3__seed_2781254137__global_l1_flow_v3__density_simple__selected_l1_001__L1-Only__independent_l1__context_preferred__sample_0000"", ""proto_sw_2_3__seed_2781254137__global_l1_flow_v3__density_simple__selected_l1_003__L1-Only__independent_l1__context_preferred__sample_0068""]","{""selected_l1_001"": ""L1_ONLY"", ""selected_l1_002"": ""L1_ONLY"", ""selected_l1_003"": ""L1_ONLY"", ""selected_l1_004"": ""SINGLE_L2_LEFT"", ""selected_l1_005"": ""L1_ONLY""}",5,0,1,0.0016340000001946464,proto_sw_2_3__seed_2781254137__global_l1_flow_v3__density_simple,proto_sw_2_3__seed_2781254137__global_l1_flow_v3__density_simple__unit_candidates_v2,645e69095167cac8f3826c2a85ee25406776ffc3f31aa81fd06cc94a053ac4b3
C037,proto_sw_2_3,expanded,simple,1,100000,MB-L2,Ours@B,1,,1,1,1,success,,"[""proto_sw_2_3__seed_2781254137__global_l1_flow_v3__density_simple__selected_l1_004__L1-Only__independent_l1__context_preferred__sample_0102"", ""proto_sw_2_3__seed_2781254137__global_l1_flow_v3__density_simple__selected_l1_005__L1-Only__independent_l1__context_preferred__sample_0136"", ""proto_sw_2_3__seed_2781254137__global_l1_flow_v3__density_simple__selected_l1_002__L1-Only__independent_l1__context_preferred__sample_0034"", ""proto_sw_2_3__seed_2781254137__global_l1_flow_v3__density_simple__selected_l1_001__L1-Only__independent_l1__context_preferred__sample_0000"", ""proto_sw_2_3__seed_2781254137__global_l1_flow_v3__density_simple__selected_l1_003__Y-C__compact_c__context_opposed__sample_0070""]","{""selected_l1_001"": ""L1_ONLY"", ""selected_l1_002"": ""L1_ONLY"", ""selected_l1_003"": ""SINGLE_L2_LEFT"", ""selected_l1_004"": ""L1_ONLY"", ""selected_l1_005"": ""L1_ONLY""}",785,0,1,0.003906500000084634,proto_sw_2_3__seed_2781254137__global_l1_flow_v3__density_simple,proto_sw_2_3__seed_2781254137__global_l1_flow_v3__density_simple__unit_candidates_v2,645e69095167cac8f3826c2a85ee25406776ffc3f31aa81fd06cc94a053ac4b3
C037,proto_sw_2_3,expanded,simple,1,100000,MB-L2,LocalGreedy@B,2,,2,1,1,success,,"[""proto_sw_2_3__seed_2781254137__global_l1_flow_v3__density_simple__selected_l1_004__Y-2C__staggered_c__context_preferred__sample_0109"", ""proto_sw_2_3__seed_2781254137__global_l1_flow_v3__density_simple__selected_l1_005__L1-Only__independent_l1__context_preferred__sample_0136"", ""proto_sw_2_3__seed_2781254137__global_l1_flow_v3__density_simple__selected_l1_002__L1-Only__independent_l1__context_preferred__sample_0034"", ""proto_sw_2_3__seed_2781254137__global_l1_flow_v3__density_simple__selected_l1_001__L1-Only__independent_l1__context_preferred__sample_0000"", ""proto_sw_2_3__seed_2781254137__global_l1_flow_v3__density_simple__selected_l1_003__L1-Only__independent_l1__context_preferred__sample_0068""]","{""selected_l1_001"": ""L1_ONLY"", ""selected_l1_002"": ""L1_ONLY"", ""selected_l1_003"": ""L1_ONLY"", ""selected_l1_004"": ""OPPOSED_L2_PAIR"", ""selected_l1_005"": ""L1_ONLY""}",5,0,1,0.0017311999999947147,proto_sw_2_3__seed_2781254137__global_l1_flow_v3__density_simple,proto_sw_2_3__seed_2781254137__global_l1_flow_v3__density_simple__unit_candidates_v2,645e69095167cac8f3826c2a85ee25406776ffc3f31aa81fd06cc94a053ac4b3
C037,proto_sw_2_3,expanded,simple,1,100000,MB-L2,Ours@B,2,,2,2,1,success,,"[""proto_sw_2_3__seed_2781254137__global_l1_flow_v3__density_simple__selected_l1_004__L1-Only__independent_l1__context_preferred__sample_0102"", ""proto_sw_2_3__seed_2781254137__global_l1_flow_v3__density_simple__selected_l1_005__L1-Only__independent_l1__context_preferred__sample_0136"", ""proto_sw_2_3__seed_2781254137__global_l1_flow_v3__density_simple__selected_l1_002__Y-C__open_c__context_opposed__sample_0040"", ""proto_sw_2_3__seed_2781254137__global_l1_flow_v3__density_simple__selected_l1_001__L1-Only__independent_l1__context_preferred__sample_0000"", ""proto_sw_2_3__seed_2781254137__global_l1_flow_v3__density_simple__selected_l1_003__Y-C__compact_c__context_opposed__sample_0070""]","{""selected_l1_001"": ""L1_ONLY"", ""selected_l1_002"": ""SINGLE_L2_RIGHT"", ""selected_l1_003"": ""SINGLE_L2_LEFT"", ""selected_l1_004"": ""L1_ONLY"", ""selected_l1_005"": ""L1_ONLY""}",545,0,1,0.004971000000296044,proto_sw_2_3__seed_2781254137__global_l1_flow_v3__density_simple,proto_sw_2_3__seed_2781254137__global_l1_flow_v3__density_simple__unit_candidates_v2,645e69095167cac8f3826c2a85ee25406776ffc3f31aa81fd06cc94a053ac4b3
C037,proto_sw_2_3,expanded,simple,1,100000,MB-L2,LocalGreedy@B,3,,3,2,1,success,,"[""proto_sw_2_3__seed_2781254137__global_l1_flow_v3__density_simple__selected_l1_004__Y-2C__staggered_c__context_preferred__sample_0109"", ""proto_sw_2_3__seed_2781254137__global_l1_flow_v3__density_simple__selected_l1_005__L1-Only__independent_l1__context_preferred__sample_0136"", ""proto_sw_2_3__seed_2781254137__global_l1_flow_v3__density_simple__selected_l1_002__L1-Only__independent_l1__context_preferred__sample_0034"", ""proto_sw_2_3__seed_2781254137__global_l1_flow_v3__density_simple__selected_l1_001__L1-Only__independent_l1__context_preferred__sample_0000"", ""proto_sw_2_3__seed_2781254137__global_l1_flow_v3__density_simple__selected_l1_003__Y-C__balanced_s__context_opposed__sample_0072""]","{""selected_l1_001"": ""L1_ONLY"", ""selected_l1_002"": ""L1_ONLY"", ""selected_l1_003"": ""SINGLE_L2_LEFT"", ""selected_l1_004"": ""OPPOSED_L2_PAIR"", ""selected_l1_005"": ""L1_ONLY""}",5,0,1,0.001788499999747728,proto_sw_2_3__seed_2781254137__global_l1_flow_v3__density_simple,proto_sw_2_3__seed_2781254137__global_l1_flow_v3__density_simple__unit_candidates_v2,645e69095167cac8f3826c2a85ee25406776ffc3f31aa81fd06cc94a053ac4b3
C037,proto_sw_2_3,expanded,simple,1,100000,MB-L2,Ours@B,3,,3,2,1,success,,"[""proto_sw_2_3__seed_2781254137__global_l1_flow_v3__density_simple__selected_l1_004__Y-2C__staggered_c__context_preferred__sample_0109"", ""proto_sw_2_3__seed_2781254137__global_l1_flow_v3__density_simple__selected_l1_005__L1-Only__independent_l1__context_preferred__sample_0136"", ""proto_sw_2_3__seed_2781254137__global_l1_flow_v3__density_simple__selected_l1_002__L1-Only__independent_l1__context_preferred__sample_0034"", ""proto_sw_2_3__seed_2781254137__global_l1_flow_v3__density_simple__selected_l1_001__L1-Only__independent_l1__context_preferred__sample_0000"", ""proto_sw_2_3__seed_2781254137__global_l1_flow_v3__density_simple__selected_l1_003__Y-C__compact_c__context_opposed__sample_0070""]","{""selected_l1_001"": ""L1_ONLY"", ""selected_l1_002"": ""L1_ONLY"", ""selected_l1_003"": ""SINGLE_L2_LEFT"", ""selected_l1_004"": ""OPPOSED_L2_PAIR"", ""selected_l1_005"": ""L1_ONLY""}",653,0,1,0.004899300000033691,proto_sw_2_3__seed_2781254137__global_l1_flow_v3__density_simple,proto_sw_2_3__seed_2781254137__global_l1_flow_v3__density_simple__unit_candidates_v2,645e69095167cac8f3826c2a85ee25406776ffc3f31aa81fd06cc94a053ac4b3
C037,proto_sw_2_3,expanded,simple,1,100000,MB-L2,LocalGreedy@B,4,,4,2,1,success,,"[""proto_sw_2_3__seed_2781254137__global_l1_flow_v3__density_simple__selected_l1_004__Y-2C__staggered_c__context_preferred__sample_0109"", ""proto_sw_2_3__seed_2781254137__global_l1_flow_v3__density_simple__selected_l1_005__L1-Only__independent_l1__context_preferred__sample_0136"", ""proto_sw_2_3__seed_2781254137__global_l1_flow_v3__density_simple__selected_l1_002__L1-Only__independent_l1__context_preferred__sample_0034"", ""proto_sw_2_3__seed_2781254137__global_l1_flow_v3__density_simple__selected_l1_001__L1-Only__independent_l1__context_preferred__sample_0000"", ""proto_sw_2_3__seed_2781254137__global_l1_flow_v3__density_simple__selected_l1_003__Y-2C__nested_s__context_preferred__sample_0078""]","{""selected_l1_001"": ""L1_ONLY"", ""selected_l1_002"": ""L1_ONLY"", ""selected_l1_003"": ""OPPOSED_L2_PAIR"", ""selected_l1_004"": ""OPPOSED_L2_PAIR"", ""selected_l1_005"": ""L1_ONLY""}",5,0,1,0.0010085000003527966,proto_sw_2_3__seed_2781254137__global_l1_flow_v3__density_simple,proto_sw_2_3__seed_2781254137__global_l1_flow_v3__density_simple__unit_candidates_v2,645e69095167cac8f3826c2a85ee25406776ffc3f31aa81fd06cc94a053ac4b3
C037,proto_sw_2_3,expanded,simple,1,100000,MB-L2,Ours@B,4,,4,2,1,success,,"[""proto_sw_2_3__seed_2781254137__global_l1_flow_v3__density_simple__selected_l1_004__Y-2C__staggered_c__context_preferred__sample_0109"", ""proto_sw_2_3__seed_2781254137__global_l1_flow_v3__density_simple__selected_l1_005__L1-Only__independent_l1__context_preferred__sample_0136"", ""proto_sw_2_3__seed_2781254137__global_l1_flow_v3__density_simple__selected_l1_002__L1-Only__independent_l1__context_preferred__sample_0034"", ""proto_sw_2_3__seed_2781254137__global_l1_flow_v3__density_simple__selected_l1_001__L1-Only__independent_l1__context_preferred__sample_0000"", ""proto_sw_2_3__seed_2781254137__global_l1_flow_v3__density_simple__selected_l1_003__Y-2C__staggered_c__context_swapped__sample_0085""]","{""selected_l1_001"": ""L1_ONLY"", ""selected_l1_002"": ""L1_ONLY"", ""selected_l1_003"": ""OPPOSED_L2_PAIR"", ""selected_l1_004"": ""OPPOSED_L2_PAIR"", ""selected_l1_005"": ""L1_ONLY""}",352,0,1,0.004460699999981443,proto_sw_2_3__seed_2781254137__global_l1_flow_v3__density_simple,proto_sw_2_3__seed_2781254137__global_l1_flow_v3__density_simple__unit_candidates_v2,645e69095167cac8f3826c2a85ee25406776ffc3f31aa81fd06cc94a053ac4b3
C038,proto_sw_2_3,expanded,simple,2,100002,MB-L2,LocalGreedy@B,1,,1,1,1,success,,"[""proto_sw_2_3__seed_1978891010__global_l1_flow_v3__density_simple__selected_l1_003__L1-Only__independent_l1__context_preferred__sample_0068"", ""proto_sw_2_3__seed_1978891010__global_l1_flow_v3__density_simple__selected_l1_002__L1-Only__independent_l1__context_preferred__sample_0034"", ""proto_sw_2_3__seed_1978891010__global_l1_flow_v3__density_simple__selected_l1_001__L1-Only__independent_l1__context_preferred__sample_0000"", ""proto_sw_2_3__seed_1978891010__global_l1_flow_v3__density_simple__selected_l1_004__L1-Only__independent_l1__context_preferred__sample_0102"", ""proto_sw_2_3__seed_1978891010__global_l1_flow_v3__density_simple__selected_l1_005__Y-C__balanced_s__context_opposed__sample_0140""]","{""selected_l1_001"": ""L1_ONLY"", ""selected_l1_002"": ""L1_ONLY"", ""selected_l1_003"": ""L1_ONLY"", ""selected_l1_004"": ""L1_ONLY"", ""selected_l1_005"": ""SINGLE_L2_LEFT""}",5,0,1,0.0012290999998185725,proto_sw_2_3__seed_1978891010__global_l1_flow_v3__density_simple,proto_sw_2_3__seed_1978891010__global_l1_flow_v3__density_simple__unit_candidates_v2,cf0c6a9532f70804af2d3c8b0e387e0b15f73875c301583725a34abaa968bd8a
C038,proto_sw_2_3,expanded,simple,2,100002,MB-L2,Ours@B,1,,1,1,1,success,,"[""proto_sw_2_3__seed_1978891010__global_l1_flow_v3__density_simple__selected_l1_003__L1-Only__independent_l1__context_preferred__sample_0068"", ""proto_sw_2_3__seed_1978891010__global_l1_flow_v3__density_simple__selected_l1_002__L1-Only__independent_l1__context_preferred__sample_0034"", ""proto_sw_2_3__seed_1978891010__global_l1_flow_v3__density_simple__selected_l1_001__L1-Only__independent_l1__context_preferred__sample_0000"", ""proto_sw_2_3__seed_1978891010__global_l1_flow_v3__density_simple__selected_l1_004__Y-C__compact_c__context_opposed__sample_0104"", ""proto_sw_2_3__seed_1978891010__global_l1_flow_v3__density_simple__selected_l1_005__L1-Only__independent_l1__context_preferred__sample_0136""]","{""selected_l1_001"": ""L1_ONLY"", ""selected_l1_002"": ""L1_ONLY"", ""selected_l1_003"": ""L1_ONLY"", ""selected_l1_004"": ""SINGLE_L2_RIGHT"", ""selected_l1_005"": ""L1_ONLY""}",583,0,1,0.003464899999926274,proto_sw_2_3__seed_1978891010__global_l1_flow_v3__density_simple,proto_sw_2_3__seed_1978891010__global_l1_flow_v3__density_simple__unit_candidates_v2,cf0c6a9532f70804af2d3c8b0e387e0b15f73875c301583725a34abaa968bd8a
C038,proto_sw_2_3,expanded,simple,2,100002,MB-L2,LocalGreedy@B,2,,2,1,1,success,,"[""proto_sw_2_3__seed_1978891010__global_l1_flow_v3__density_simple__selected_l1_003__L1-Only__independent_l1__context_preferred__sample_0068"", ""proto_sw_2_3__seed_1978891010__global_l1_flow_v3__density_simple__selected_l1_002__L1-Only__independent_l1__context_preferred__sample_0034"", ""proto_sw_2_3__seed_1978891010__global_l1_flow_v3__density_simple__selected_l1_001__L1-Only__independent_l1__context_preferred__sample_0000"", ""proto_sw_2_3__seed_1978891010__global_l1_flow_v3__density_simple__selected_l1_004__L1-Only__independent_l1__context_preferred__sample_0102"", ""proto_sw_2_3__seed_1978891010__global_l1_flow_v3__density_simple__selected_l1_005__Y-2C__nested_s__context_preferred__sample_0146""]","{""selected_l1_001"": ""L1_ONLY"", ""selected_l1_002"": ""L1_ONLY"", ""selected_l1_003"": ""L1_ONLY"", ""selected_l1_004"": ""L1_ONLY"", ""selected_l1_005"": ""OPPOSED_L2_PAIR""}",5,0,1,0.001574999999775173,proto_sw_2_3__seed_1978891010__global_l1_flow_v3__density_simple,proto_sw_2_3__seed_1978891010__global_l1_flow_v3__density_simple__unit_candidates_v2,cf0c6a9532f70804af2d3c8b0e387e0b15f73875c301583725a34abaa968bd8a
C038,proto_sw_2_3,expanded,simple,2,100002,MB-L2,Ours@B,2,,2,2,1,success,,"[""proto_sw_2_3__seed_1978891010__global_l1_flow_v3__density_simple__selected_l1_003__L1-Only__independent_l1__context_preferred__sample_0068"", ""proto_sw_2_3__seed_1978891010__global_l1_flow_v3__density_simple__selected_l1_002__L1-Only__independent_l1__context_preferred__sample_0034"", ""proto_sw_2_3__seed_1978891010__global_l1_flow_v3__density_simple__selected_l1_001__L1-Only__independent_l1__context_preferred__sample_0000"", ""proto_sw_2_3__seed_1978891010__global_l1_flow_v3__density_simple__selected_l1_004__Y-C__compact_c__context_opposed__sample_0104"", ""proto_sw_2_3__seed_1978891010__global_l1_flow_v3__density_simple__selected_l1_005__Y-C__open_c__context_preferred__sample_0141""]","{""selected_l1_001"": ""L1_ONLY"", ""selected_l1_002"": ""L1_ONLY"", ""selected_l1_003"": ""L1_ONLY"", ""selected_l1_004"": ""SINGLE_L2_RIGHT"", ""selected_l1_005"": ""SINGLE_L2_RIGHT""}",243,0,1,0.0037819999997736886,proto_sw_2_3__seed_1978891010__global_l1_flow_v3__density_simple,proto_sw_2_3__seed_1978891010__global_l1_flow_v3__density_simple__unit_candidates_v2,cf0c6a9532f70804af2d3c8b0e387e0b15f73875c301583725a34abaa968bd8a
C038,proto_sw_2_3,expanded,simple,2,100002,MB-L2,LocalGreedy@B,3,,3,2,1,success,,"[""proto_sw_2_3__seed_1978891010__global_l1_flow_v3__density_simple__selected_l1_003__L1-Only__independent_l1__context_preferred__sample_0068"", ""proto_sw_2_3__seed_1978891010__global_l1_flow_v3__density_simple__selected_l1_002__L1-Only__independent_l1__context_preferred__sample_0034"", ""proto_sw_2_3__seed_1978891010__global_l1_flow_v3__density_simple__selected_l1_001__L1-Only__independent_l1__context_preferred__sample_0000"", ""proto_sw_2_3__seed_1978891010__global_l1_flow_v3__density_simple__selected_l1_004__Y-C__balanced_s__context_opposed__sample_0106"", ""proto_sw_2_3__seed_1978891010__global_l1_flow_v3__density_simple__selected_l1_005__Y-2C__nested_s__context_preferred__sample_0146""]","{""selected_l1_001"": ""L1_ONLY"", ""selected_l1_002"": ""L1_ONLY"", ""selected_l1_003"": ""L1_ONLY"", ""selected_l1_004"": ""SINGLE_L2_RIGHT"", ""selected_l1_005"": ""OPPOSED_L2_PAIR""}",5,0,1,0.0018922000003840367,proto_sw_2_3__seed_1978891010__global_l1_flow_v3__density_simple,proto_sw_2_3__seed_1978891010__global_l1_flow_v3__density_simple__unit_candidates_v2,cf0c6a9532f70804af2d3c8b0e387e0b15f73875c301583725a34abaa968bd8a
C038,proto_sw_2_3,expanded,simple,2,100002,MB-L2,Ours@B,3,,3,2,1,success,,"[""proto_sw_2_3__seed_1978891010__global_l1_flow_v3__density_simple__selected_l1_003__L1-Only__independent_l1__context_preferred__sample_0068"", ""proto_sw_2_3__seed_1978891010__global_l1_flow_v3__density_simple__selected_l1_002__L1-Only__independent_l1__context_preferred__sample_0034"", ""proto_sw_2_3__seed_1978891010__global_l1_flow_v3__density_simple__selected_l1_001__L1-Only__independent_l1__context_preferred__sample_0000"", ""proto_sw_2_3__seed_1978891010__global_l1_flow_v3__density_simple__selected_l1_004__Y-2C__staggered_c__context_preferred__sample_0118"", ""proto_sw_2_3__seed_1978891010__global_l1_flow_v3__density_simple__selected_l1_005__Y-C__open_c__context_preferred__sample_0141""]","{""selected_l1_001"": ""L1_ONLY"", ""selected_l1_002"": ""L1_ONLY"", ""selected_l1_003"": ""L1_ONLY"", ""selected_l1_004"": ""OPPOSED_L2_PAIR"", ""selected_l1_005"": ""SINGLE_L2_RIGHT""}",519,0,1,0.0031613999999535736,proto_sw_2_3__seed_1978891010__global_l1_flow_v3__density_simple,proto_sw_2_3__seed_1978891010__global_l1_flow_v3__density_simple__unit_candidates_v2,cf0c6a9532f70804af2d3c8b0e387e0b15f73875c301583725a34abaa968bd8a
C038,proto_sw_2_3,expanded,simple,2,100002,MB-L2,LocalGreedy@B,4,,4,2,1,success,,"[""proto_sw_2_3__seed_1978891010__global_l1_flow_v3__density_simple__selected_l1_003__L1-Only__independent_l1__context_preferred__sample_0068"", ""proto_sw_2_3__seed_1978891010__global_l1_flow_v3__density_simple__selected_l1_002__L1-Only__independent_l1__context_preferred__sample_0034"", ""proto_sw_2_3__seed_1978891010__global_l1_flow_v3__density_simple__selected_l1_001__L1-Only__independent_l1__context_preferred__sample_0000"", ""proto_sw_2_3__seed_1978891010__global_l1_flow_v3__density_simple__selected_l1_004__Y-2C__nested_s__context_swapped__sample_0113"", ""proto_sw_2_3__seed_1978891010__global_l1_flow_v3__density_simple__selected_l1_005__Y-2C__nested_s__context_preferred__sample_0146""]","{""selected_l1_001"": ""L1_ONLY"", ""selected_l1_002"": ""L1_ONLY"", ""selected_l1_003"": ""L1_ONLY"", ""selected_l1_004"": ""OPPOSED_L2_PAIR"", ""selected_l1_005"": ""OPPOSED_L2_PAIR""}",5,0,1,0.001147899999978108,proto_sw_2_3__seed_1978891010__global_l1_flow_v3__density_simple,proto_sw_2_3__seed_1978891010__global_l1_flow_v3__density_simple__unit_candidates_v2,cf0c6a9532f70804af2d3c8b0e387e0b15f73875c301583725a34abaa968bd8a
C038,proto_sw_2_3,expanded,simple,2,100002,MB-L2,Ours@B,4,,4,2,1,success,,"[""proto_sw_2_3__seed_1978891010__global_l1_flow_v3__density_simple__selected_l1_003__Y-2C__staggered_c__context_swapped__sample_0085"", ""proto_sw_2_3__seed_1978891010__global_l1_flow_v3__density_simple__selected_l1_002__L1-Only__independent_l1__context_preferred__sample_0034"", ""proto_sw_2_3__seed_1978891010__global_l1_flow_v3__density_simple__selected_l1_001__L1-Only__independent_l1__context_preferred__sample_0000"", ""proto_sw_2_3__seed_1978891010__global_l1_flow_v3__density_simple__selected_l1_004__Y-2C__staggered_c__context_preferred__sample_0118"", ""proto_sw_2_3__seed_1978891010__global_l1_flow_v3__density_simple__selected_l1_005__L1-Only__independent_l1__context_preferred__sample_0136""]","{""selected_l1_001"": ""L1_ONLY"", ""selected_l1_002"": ""L1_ONLY"", ""selected_l1_003"": ""OPPOSED_L2_PAIR"", ""selected_l1_004"": ""OPPOSED_L2_PAIR"", ""selected_l1_005"": ""L1_ONLY""}",558,0,1,0.0028133000000707398,proto_sw_2_3__seed_1978891010__global_l1_flow_v3__density_simple,proto_sw_2_3__seed_1978891010__global_l1_flow_v3__density_simple__unit_candidates_v2,cf0c6a9532f70804af2d3c8b0e387e0b15f73875c301583725a34abaa968bd8a
C039,proto_sw_2_3,expanded,medium,1,100006,MB-L2,LocalGreedy@B,1,,1,1,1,success,,"[""proto_sw_2_3__seed_4182263884__global_l1_flow_v3__density_medium__selected_l1_004__L1-Only__independent_l1__context_preferred__sample_0102"", ""proto_sw_2_3__seed_4182263884__global_l1_flow_v3__density_medium__selected_l1_006__L1-Only__independent_l1__context_preferred__sample_0170"", ""proto_sw_2_3__seed_4182263884__global_l1_flow_v3__density_medium__selected_l1_005__L1-Only__independent_l1__context_preferred__sample_0136"", ""proto_sw_2_3__seed_4182263884__global_l1_flow_v3__density_medium__selected_l1_003__L1-Only__independent_l1__context_preferred__sample_0068"", ""proto_sw_2_3__seed_4182263884__global_l1_flow_v3__density_medium__selected_l1_001__Y-C__balanced_s__context_preferred__sample_0003"", ""proto_sw_2_3__seed_4182263884__global_l1_flow_v3__density_medium__selected_l1_002__L1-Only__independent_l1__context_preferred__sample_0034""]","{""selected_l1_001"": ""SINGLE_L2_RIGHT"", ""selected_l1_002"": ""L1_ONLY"", ""selected_l1_003"": ""L1_ONLY"", ""selected_l1_004"": ""L1_ONLY"", ""selected_l1_005"": ""L1_ONLY"", ""selected_l1_006"": ""L1_ONLY""}",6,0,1,0.003057100000205537,proto_sw_2_3__seed_4182263884__global_l1_flow_v3__density_medium,proto_sw_2_3__seed_4182263884__global_l1_flow_v3__density_medium__unit_candidates_v2,fb1461fdaefbf0afa7e6f4a33ee822915926779e0b255770b9ba46cb40346310
C039,proto_sw_2_3,expanded,medium,1,100006,MB-L2,Ours@B,1,,1,1,1,success,,"[""proto_sw_2_3__seed_4182263884__global_l1_flow_v3__density_medium__selected_l1_004__Y-C__compact_c__context_preferred__sample_0103"", ""proto_sw_2_3__seed_4182263884__global_l1_flow_v3__density_medium__selected_l1_006__L1-Only__independent_l1__context_preferred__sample_0170"", ""proto_sw_2_3__seed_4182263884__global_l1_flow_v3__density_medium__selected_l1_005__L1-Only__independent_l1__context_preferred__sample_0136"", ""proto_sw_2_3__seed_4182263884__global_l1_flow_v3__density_medium__selected_l1_003__L1-Only__independent_l1__context_preferred__sample_0068"", ""proto_sw_2_3__seed_4182263884__global_l1_flow_v3__density_medium__selected_l1_001__L1-Only__independent_l1__context_preferred__sample_0000"", ""proto_sw_2_3__seed_4182263884__global_l1_flow_v3__density_medium__selected_l1_002__L1-Only__independent_l1__context_preferred__sample_0034""]","{""selected_l1_001"": ""L1_ONLY"", ""selected_l1_002"": ""L1_ONLY"", ""selected_l1_003"": ""L1_ONLY"", ""selected_l1_004"": ""SINGLE_L2_LEFT"", ""selected_l1_005"": ""L1_ONLY"", ""selected_l1_006"": ""L1_ONLY""}",354,0,1,0.005024000000048545,proto_sw_2_3__seed_4182263884__global_l1_flow_v3__density_medium,proto_sw_2_3__seed_4182263884__global_l1_flow_v3__density_medium__unit_candidates_v2,fb1461fdaefbf0afa7e6f4a33ee822915926779e0b255770b9ba46cb40346310
C039,proto_sw_2_3,expanded,medium,1,100006,MB-L2,LocalGreedy@B,2,,1,1,0,budget_not_attained,sequential irreversible pass ended below target B,"[""proto_sw_2_3__seed_4182263884__global_l1_flow_v3__density_medium__selected_l1_004__L1-Only__independent_l1__context_preferred__sample_0102"", ""proto_sw_2_3__seed_4182263884__global_l1_flow_v3__density_medium__selected_l1_006__L1-Only__independent_l1__context_preferred__sample_0170"", ""proto_sw_2_3__seed_4182263884__global_l1_flow_v3__density_medium__selected_l1_005__L1-Only__independent_l1__context_preferred__sample_0136"", ""proto_sw_2_3__seed_4182263884__global_l1_flow_v3__density_medium__selected_l1_003__L1-Only__independent_l1__context_preferred__sample_0068"", ""proto_sw_2_3__seed_4182263884__global_l1_flow_v3__density_medium__selected_l1_001__Y-C__balanced_s__context_preferred__sample_0003"", ""proto_sw_2_3__seed_4182263884__global_l1_flow_v3__density_medium__selected_l1_002__L1-Only__independent_l1__context_preferred__sample_0034""]","{""selected_l1_001"": ""SINGLE_L2_RIGHT"", ""selected_l1_002"": ""L1_ONLY"", ""selected_l1_003"": ""L1_ONLY"", ""selected_l1_004"": ""L1_ONLY"", ""selected_l1_005"": ""L1_ONLY"", ""selected_l1_006"": ""L1_ONLY""}",6,0,1,0.003076499999679072,proto_sw_2_3__seed_4182263884__global_l1_flow_v3__density_medium,proto_sw_2_3__seed_4182263884__global_l1_flow_v3__density_medium__unit_candidates_v2,fb1461fdaefbf0afa7e6f4a33ee822915926779e0b255770b9ba46cb40346310
C039,proto_sw_2_3,expanded,medium,1,100006,MB-L2,Ours@B,2,,2,1,1,success,,"[""proto_sw_2_3__seed_4182263884__global_l1_flow_v3__density_medium__selected_l1_004__L1-Only__independent_l1__context_preferred__sample_0102"", ""proto_sw_2_3__seed_4182263884__global_l1_flow_v3__density_medium__selected_l1_006__L1-Only__independent_l1__context_preferred__sample_0170"", ""proto_sw_2_3__seed_4182263884__global_l1_flow_v3__density_medium__selected_l1_005__L1-Only__independent_l1__context_preferred__sample_0136"", ""proto_sw_2_3__seed_4182263884__global_l1_flow_v3__density_medium__selected_l1_003__L1-Only__independent_l1__context_preferred__sample_0068"", ""proto_sw_2_3__seed_4182263884__global_l1_flow_v3__density_medium__selected_l1_001__L1-Only__independent_l1__context_preferred__sample_0000"", ""proto_sw_2_3__seed_4182263884__global_l1_flow_v3__density_medium__selected_l1_002__Y-2C__open_asymmetric__context_preferred__sample_0065""]","{""selected_l1_001"": ""L1_ONLY"", ""selected_l1_002"": ""OPPOSED_L2_PAIR"", ""selected_l1_003"": ""L1_ONLY"", ""selected_l1_004"": ""L1_ONLY"", ""selected_l1_005"": ""L1_ONLY"", ""selected_l1_006"": ""L1_ONLY""}",1042,0,1,0.006542699999954493,proto_sw_2_3__seed_4182263884__global_l1_flow_v3__density_medium,proto_sw_2_3__seed_4182263884__global_l1_flow_v3__density_medium__unit_candidates_v2,fb1461fdaefbf0afa7e6f4a33ee822915926779e0b255770b9ba46cb40346310
C040,proto_sw_2_3,expanded,medium,2,100023,MB-L2,LocalGreedy@B,1,,1,1,1,success,,"[""proto_sw_2_3__seed_3230428333__global_l1_flow_v3__density_medium__selected_l1_004__L1-Only__independent_l1__context_preferred__sample_0102"", ""proto_sw_2_3__seed_3230428333__global_l1_flow_v3__density_medium__selected_l1_006__L1-Only__independent_l1__context_preferred__sample_0170"", ""proto_sw_2_3__seed_3230428333__global_l1_flow_v3__density_medium__selected_l1_001__Y-C__balanced_s__context_opposed__sample_0004"", ""proto_sw_2_3__seed_3230428333__global_l1_flow_v3__density_medium__selected_l1_002__L1-Only__independent_l1__context_preferred__sample_0034"", ""proto_sw_2_3__seed_3230428333__global_l1_flow_v3__density_medium__selected_l1_005__L1-Only__independent_l1__context_preferred__sample_0136"", ""proto_sw_2_3__seed_3230428333__global_l1_flow_v3__density_medium__selected_l1_003__L1-Only__independent_l1__context_preferred__sample_0068""]","{""selected_l1_001"": ""SINGLE_L2_LEFT"", ""selected_l1_002"": ""L1_ONLY"", ""selected_l1_003"": ""L1_ONLY"", ""selected_l1_004"": ""L1_ONLY"", ""selected_l1_005"": ""L1_ONLY"", ""selected_l1_006"": ""L1_ONLY""}",6,0,1,0.001972999999907188,proto_sw_2_3__seed_3230428333__global_l1_flow_v3__density_medium,proto_sw_2_3__seed_3230428333__global_l1_flow_v3__density_medium__unit_candidates_v2,f5b900d06a1b4894956eb2f721d503d48c1eb8669dd0fea0d147f17826cd6914
C040,proto_sw_2_3,expanded,medium,2,100023,MB-L2,Ours@B,1,,1,1,1,success,,"[""proto_sw_2_3__seed_3230428333__global_l1_flow_v3__density_medium__selected_l1_004__L1-Only__independent_l1__context_preferred__sample_0102"", ""proto_sw_2_3__seed_3230428333__global_l1_flow_v3__density_medium__selected_l1_006__L1-Only__independent_l1__context_preferred__sample_0170"", ""proto_sw_2_3__seed_3230428333__global_l1_flow_v3__density_medium__selected_l1_001__L1-Only__independent_l1__context_preferred__sample_0000"", ""proto_sw_2_3__seed_3230428333__global_l1_flow_v3__density_medium__selected_l1_002__L1-Only__independent_l1__context_preferred__sample_0034"", ""proto_sw_2_3__seed_3230428333__global_l1_flow_v3__density_medium__selected_l1_005__L1-Only__independent_l1__context_preferred__sample_0136"", ""proto_sw_2_3__seed_3230428333__global_l1_flow_v3__density_medium__selected_l1_003__Y-C__open_c__context_opposed__sample_0074""]","{""selected_l1_001"": ""L1_ONLY"", ""selected_l1_002"": ""L1_ONLY"", ""selected_l1_003"": ""SINGLE_L2_RIGHT"", ""selected_l1_004"": ""L1_ONLY"", ""selected_l1_005"": ""L1_ONLY"", ""selected_l1_006"": ""L1_ONLY""}",398,0,1,0.004591299999901821,proto_sw_2_3__seed_3230428333__global_l1_flow_v3__density_medium,proto_sw_2_3__seed_3230428333__global_l1_flow_v3__density_medium__unit_candidates_v2,f5b900d06a1b4894956eb2f721d503d48c1eb8669dd0fea0d147f17826cd6914
C040,proto_sw_2_3,expanded,medium,2,100023,MB-L2,LocalGreedy@B,2,,1,1,0,budget_not_attained,sequential irreversible pass ended below target B,"[""proto_sw_2_3__seed_3230428333__global_l1_flow_v3__density_medium__selected_l1_004__L1-Only__independent_l1__context_preferred__sample_0102"", ""proto_sw_2_3__seed_3230428333__global_l1_flow_v3__density_medium__selected_l1_006__L1-Only__independent_l1__context_preferred__sample_0170"", ""proto_sw_2_3__seed_3230428333__global_l1_flow_v3__density_medium__selected_l1_001__Y-C__balanced_s__context_opposed__sample_0004"", ""proto_sw_2_3__seed_3230428333__global_l1_flow_v3__density_medium__selected_l1_002__L1-Only__independent_l1__context_preferred__sample_0034"", ""proto_sw_2_3__seed_3230428333__global_l1_flow_v3__density_medium__selected_l1_005__L1-Only__independent_l1__context_preferred__sample_0136"", ""proto_sw_2_3__seed_3230428333__global_l1_flow_v3__density_medium__selected_l1_003__L1-Only__independent_l1__context_preferred__sample_0068""]","{""selected_l1_001"": ""SINGLE_L2_LEFT"", ""selected_l1_002"": ""L1_ONLY"", ""selected_l1_003"": ""L1_ONLY"", ""selected_l1_004"": ""L1_ONLY"", ""selected_l1_005"": ""L1_ONLY"", ""selected_l1_006"": ""L1_ONLY""}",6,0,1,0.0018046999998659885,proto_sw_2_3__seed_3230428333__global_l1_flow_v3__density_medium,proto_sw_2_3__seed_3230428333__global_l1_flow_v3__density_medium__unit_candidates_v2,f5b900d06a1b4894956eb2f721d503d48c1eb8669dd0fea0d147f17826cd6914
C040,proto_sw_2_3,expanded,medium,2,100023,MB-L2,Ours@B,2,,2,1,1,success,,"[""proto_sw_2_3__seed_3230428333__global_l1_flow_v3__density_medium__selected_l1_004__L1-Only__independent_l1__context_preferred__sample_0102"", ""proto_sw_2_3__seed_3230428333__global_l1_flow_v3__density_medium__selected_l1_006__Y-2C__staggered_c__context_preferred__sample_0195"", ""proto_sw_2_3__seed_3230428333__global_l1_flow_v3__density_medium__selected_l1_001__L1-Only__independent_l1__context_preferred__sample_0000"", ""proto_sw_2_3__seed_3230428333__global_l1_flow_v3__density_medium__selected_l1_002__L1-Only__independent_l1__context_preferred__sample_0034"", ""proto_sw_2_3__seed_3230428333__global_l1_flow_v3__density_medium__selected_l1_005__L1-Only__independent_l1__context_preferred__sample_0136"", ""proto_sw_2_3__seed_3230428333__global_l1_flow_v3__density_medium__selected_l1_003__L1-Only__independent_l1__context_preferred__sample_0068""]","{""selected_l1_001"": ""L1_ONLY"", ""selected_l1_002"": ""L1_ONLY"", ""selected_l1_003"": ""L1_ONLY"", ""selected_l1_004"": ""L1_ONLY"", ""selected_l1_005"": ""L1_ONLY"", ""selected_l1_006"": ""OPPOSED_L2_PAIR""}",515,0,1,0.002668300000095769,proto_sw_2_3__seed_3230428333__global_l1_flow_v3__density_medium,proto_sw_2_3__seed_3230428333__global_l1_flow_v3__density_medium__unit_candidates_v2,f5b900d06a1b4894956eb2f721d503d48c1eb8669dd0fea0d147f17826cd6914
C041,proto_sw_2_3,expanded,rich,1,100003,MB-L2,LocalGreedy@B,1,,1,1,1,success,,"[""proto_sw_2_3__seed_1964058663__global_l1_flow_v3__density_rich__selected_l1_004__L1-Only__independent_l1__context_preferred__sample_0102"", ""proto_sw_2_3__seed_1964058663__global_l1_flow_v3__density_rich__selected_l1_003__L1-Only__independent_l1__context_preferred__sample_0068"", ""proto_sw_2_3__seed_1964058663__global_l1_flow_v3__density_rich__selected_l1_001__L1-Only__independent_l1__context_preferred__sample_0000"", ""proto_sw_2_3__seed_1964058663__global_l1_flow_v3__density_rich__selected_l1_002__L1-Only__independent_l1__context_preferred__sample_0034"", ""proto_sw_2_3__seed_1964058663__global_l1_flow_v3__density_rich__selected_l1_005__L1-Only__independent_l1__context_preferred__sample_0136"", ""proto_sw_2_3__seed_1964058663__global_l1_flow_v3__density_rich__selected_l1_006__Y-C__balanced_s__context_opposed__sample_0174"", ""proto_sw_2_3__seed_1964058663__global_l1_flow_v3__density_rich__selected_l1_007__L1-Only__independent_l1__context_preferred__sample_0204""]","{""selected_l1_001"": ""L1_ONLY"", ""selected_l1_002"": ""L1_ONLY"", ""selected_l1_003"": ""L1_ONLY"", ""selected_l1_004"": ""L1_ONLY"", ""selected_l1_005"": ""L1_ONLY"", ""selected_l1_006"": ""SINGLE_L2_LEFT"", ""selected_l1_007"": ""L1_ONLY""}",7,0,1,0.0036675000001196167,proto_sw_2_3__seed_1964058663__global_l1_flow_v3__density_rich,proto_sw_2_3__seed_1964058663__global_l1_flow_v3__density_rich__unit_candidates_v2,c338dbecd48ea8797bba1f02c431040403456874bff61f9c782ede739f9478ab
C041,proto_sw_2_3,expanded,rich,1,100003,MB-L2,Ours@B,1,,1,1,1,success,,"[""proto_sw_2_3__seed_1964058663__global_l1_flow_v3__density_rich__selected_l1_004__L1-Only__independent_l1__context_preferred__sample_0102"", ""proto_sw_2_3__seed_1964058663__global_l1_flow_v3__density_rich__selected_l1_003__Y-C__compact_c__context_opposed__sample_0070"", ""proto_sw_2_3__seed_1964058663__global_l1_flow_v3__density_rich__selected_l1_001__L1-Only__independent_l1__context_preferred__sample_0000"", ""proto_sw_2_3__seed_1964058663__global_l1_flow_v3__density_rich__selected_l1_002__L1-Only__independent_l1__context_preferred__sample_0034"", ""proto_sw_2_3__seed_1964058663__global_l1_flow_v3__density_rich__selected_l1_005__L1-Only__independent_l1__context_preferred__sample_0136"", ""proto_sw_2_3__seed_1964058663__global_l1_flow_v3__density_rich__selected_l1_006__L1-Only__independent_l1__context_preferred__sample_0170"", ""proto_sw_2_3__seed_1964058663__global_l1_flow_v3__density_rich__selected_l1_007__L1-Only__independent_l1__context_preferred__sample_0204""]","{""selected_l1_001"": ""L1_ONLY"", ""selected_l1_002"": ""L1_ONLY"", ""selected_l1_003"": ""SINGLE_L2_RIGHT"", ""selected_l1_004"": ""L1_ONLY"", ""selected_l1_005"": ""L1_ONLY"", ""selected_l1_006"": ""L1_ONLY"", ""selected_l1_007"": ""L1_ONLY""}",1646,0,1,0.00844280000001163,proto_sw_2_3__seed_1964058663__global_l1_flow_v3__density_rich,proto_sw_2_3__seed_1964058663__global_l1_flow_v3__density_rich__unit_candidates_v2,c338dbecd48ea8797bba1f02c431040403456874bff61f9c782ede739f9478ab
C041,proto_sw_2_3,expanded,rich,1,100003,MB-L2,LocalGreedy@B,2,,2,1,1,success,,"[""proto_sw_2_3__seed_1964058663__global_l1_flow_v3__density_rich__selected_l1_004__L1-Only__independent_l1__context_preferred__sample_0102"", ""proto_sw_2_3__seed_1964058663__global_l1_flow_v3__density_rich__selected_l1_003__L1-Only__independent_l1__context_preferred__sample_0068"", ""proto_sw_2_3__seed_1964058663__global_l1_flow_v3__density_rich__selected_l1_001__L1-Only__independent_l1__context_preferred__sample_0000"", ""proto_sw_2_3__seed_1964058663__global_l1_flow_v3__density_rich__selected_l1_002__L1-Only__independent_l1__context_preferred__sample_0034"", ""proto_sw_2_3__seed_1964058663__global_l1_flow_v3__density_rich__selected_l1_005__L1-Only__independent_l1__context_preferred__sample_0136"", ""proto_sw_2_3__seed_1964058663__global_l1_flow_v3__density_rich__selected_l1_006__Y-2C__nested_s__context_preferred__sample_0180"", ""proto_sw_2_3__seed_1964058663__global_l1_flow_v3__density_rich__selected_l1_007__L1-Only__independent_l1__context_preferred__sample_0204""]","{""selected_l1_001"": ""L1_ONLY"", ""selected_l1_002"": ""L1_ONLY"", ""selected_l1_003"": ""L1_ONLY"", ""selected_l1_004"": ""L1_ONLY"", ""selected_l1_005"": ""L1_ONLY"", ""selected_l1_006"": ""OPPOSED_L2_PAIR"", ""selected_l1_007"": ""L1_ONLY""}",7,0,1,0.0029483000002983317,proto_sw_2_3__seed_1964058663__global_l1_flow_v3__density_rich,proto_sw_2_3__seed_1964058663__global_l1_flow_v3__density_rich__unit_candidates_v2,c338dbecd48ea8797bba1f02c431040403456874bff61f9c782ede739f9478ab
C041,proto_sw_2_3,expanded,rich,1,100003,MB-L2,Ours@B,2,,2,2,1,success,,"[""proto_sw_2_3__seed_1964058663__global_l1_flow_v3__density_rich__selected_l1_004__L1-Only__independent_l1__context_preferred__sample_0102"", ""proto_sw_2_3__seed_1964058663__global_l1_flow_v3__density_rich__selected_l1_003__Y-C__compact_c__context_opposed__sample_0070"", ""proto_sw_2_3__seed_1964058663__global_l1_flow_v3__density_rich__selected_l1_001__L1-Only__independent_l1__context_preferred__sample_0000"", ""proto_sw_2_3__seed_1964058663__global_l1_flow_v3__density_rich__selected_l1_002__Y-C__open_c__context_opposed__sample_0040"", ""proto_sw_2_3__seed_1964058663__global_l1_flow_v3__density_rich__selected_l1_005__L1-Only__independent_l1__context_preferred__sample_0136"", ""proto_sw_2_3__seed_1964058663__global_l1_flow_v3__density_rich__selected_l1_006__L1-Only__independent_l1__context_preferred__sample_0170"", ""proto_sw_2_3__seed_1964058663__global_l1_flow_v3__density_rich__selected_l1_007__L1-Only__independent_l1__context_preferred__sample_0204""]","{""selected_l1_001"": ""L1_ONLY"", ""selected_l1_002"": ""SINGLE_L2_LEFT"", ""selected_l1_003"": ""SINGLE_L2_RIGHT"", ""selected_l1_004"": ""L1_ONLY"", ""selected_l1_005"": ""L1_ONLY"", ""selected_l1_006"": ""L1_ONLY"", ""selected_l1_007"": ""L1_ONLY""}",13429,0,1,0.025135500000033062,proto_sw_2_3__seed_1964058663__global_l1_flow_v3__density_rich,proto_sw_2_3__seed_1964058663__global_l1_flow_v3__density_rich__unit_candidates_v2,c338dbecd48ea8797bba1f02c431040403456874bff61f9c782ede739f9478ab
C041,proto_sw_2_3,expanded,rich,1,100003,MB-L2,LocalGreedy@B,3,,3,2,1,success,,"[""proto_sw_2_3__seed_1964058663__global_l1_flow_v3__density_rich__selected_l1_004__L1-Only__independent_l1__context_preferred__sample_0102"", ""proto_sw_2_3__seed_1964058663__global_l1_flow_v3__density_rich__selected_l1_003__L1-Only__independent_l1__context_preferred__sample_0068"", ""proto_sw_2_3__seed_1964058663__global_l1_flow_v3__density_rich__selected_l1_001__L1-Only__independent_l1__context_preferred__sample_0000"", ""proto_sw_2_3__seed_1964058663__global_l1_flow_v3__density_rich__selected_l1_002__Y-C__balanced_s__context_opposed__sample_0038"", ""proto_sw_2_3__seed_1964058663__global_l1_flow_v3__density_rich__selected_l1_005__L1-Only__independent_l1__context_preferred__sample_0136"", ""proto_sw_2_3__seed_1964058663__global_l1_flow_v3__density_rich__selected_l1_006__Y-2C__nested_s__context_preferred__sample_0180"", ""proto_sw_2_3__seed_1964058663__global_l1_flow_v3__density_rich__selected_l1_007__L1-Only__independent_l1__context_preferred__sample_0204""]","{""selected_l1_001"": ""L1_ONLY"", ""selected_l1_002"": ""SINGLE_L2_LEFT"", ""selected_l1_003"": ""L1_ONLY"", ""selected_l1_004"": ""L1_ONLY"", ""selected_l1_005"": ""L1_ONLY"", ""selected_l1_006"": ""OPPOSED_L2_PAIR"", ""selected_l1_007"": ""L1_ONLY""}",7,0,1,0.003179700000146113,proto_sw_2_3__seed_1964058663__global_l1_flow_v3__density_rich,proto_sw_2_3__seed_1964058663__global_l1_flow_v3__density_rich__unit_candidates_v2,c338dbecd48ea8797bba1f02c431040403456874bff61f9c782ede739f9478ab
C041,proto_sw_2_3,expanded,rich,1,100003,MB-L2,Ours@B,3,,3,3,1,success,,"[""proto_sw_2_3__seed_1964058663__global_l1_flow_v3__density_rich__selected_l1_004__L1-Only__independent_l1__context_preferred__sample_0102"", ""proto_sw_2_3__seed_1964058663__global_l1_flow_v3__density_rich__selected_l1_003__Y-C__compact_c__context_opposed__sample_0070"", ""proto_sw_2_3__seed_1964058663__global_l1_flow_v3__density_rich__selected_l1_001__L1-Only__independent_l1__context_preferred__sample_0000"", ""proto_sw_2_3__seed_1964058663__global_l1_flow_v3__density_rich__selected_l1_002__Y-C__open_c__context_opposed__sample_0040"", ""proto_sw_2_3__seed_1964058663__global_l1_flow_v3__density_rich__selected_l1_005__L1-Only__independent_l1__context_preferred__sample_0136"", ""proto_sw_2_3__seed_1964058663__global_l1_flow_v3__density_rich__selected_l1_006__L1-Only__independent_l1__context_preferred__sample_0170"", ""proto_sw_2_3__seed_1964058663__global_l1_flow_v3__density_rich__selected_l1_007__Y-C__open_c__context_preferred__sample_0209""]","{""selected_l1_001"": ""L1_ONLY"", ""selected_l1_002"": ""SINGLE_L2_LEFT"", ""selected_l1_003"": ""SINGLE_L2_RIGHT"", ""selected_l1_004"": ""L1_ONLY"", ""selected_l1_005"": ""L1_ONLY"", ""selected_l1_006"": ""L1_ONLY"", ""selected_l1_007"": ""SINGLE_L2_RIGHT""}",26095,0,1,0.04929940000010902,proto_sw_2_3__seed_1964058663__global_l1_flow_v3__density_rich,proto_sw_2_3__seed_1964058663__global_l1_flow_v3__density_rich__unit_candidates_v2,c338dbecd48ea8797bba1f02c431040403456874bff61f9c782ede739f9478ab
C041,proto_sw_2_3,expanded,rich,1,100003,MB-L2,LocalGreedy@B,4,,4,2,1,success,,"[""proto_sw_2_3__seed_1964058663__global_l1_flow_v3__density_rich__selected_l1_004__L1-Only__independent_l1__context_preferred__sample_0102"", ""proto_sw_2_3__seed_1964058663__global_l1_flow_v3__density_rich__selected_l1_003__L1-Only__independent_l1__context_preferred__sample_0068"", ""proto_sw_2_3__seed_1964058663__global_l1_flow_v3__density_rich__selected_l1_001__L1-Only__independent_l1__context_preferred__sample_0000"", ""proto_sw_2_3__seed_1964058663__global_l1_flow_v3__density_rich__selected_l1_002__Y-2C__nested_s__context_swapped__sample_0045"", ""proto_sw_2_3__seed_1964058663__global_l1_flow_v3__density_rich__selected_l1_005__L1-Only__independent_l1__context_preferred__sample_0136"", ""proto_sw_2_3__seed_1964058663__global_l1_flow_v3__density_rich__selected_l1_006__Y-2C__nested_s__context_preferred__sample_0180"", ""proto_sw_2_3__seed_1964058663__global_l1_flow_v3__density_rich__selected_l1_007__L1-Only__independent_l1__context_preferred__sample_0204""]","{""selected_l1_001"": ""L1_ONLY"", ""selected_l1_002"": ""OPPOSED_L2_PAIR"", ""selected_l1_003"": ""L1_ONLY"", ""selected_l1_004"": ""L1_ONLY"", ""selected_l1_005"": ""L1_ONLY"", ""selected_l1_006"": ""OPPOSED_L2_PAIR"", ""selected_l1_007"": ""L1_ONLY""}",7,0,1,0.0023628000003554916,proto_sw_2_3__seed_1964058663__global_l1_flow_v3__density_rich,proto_sw_2_3__seed_1964058663__global_l1_flow_v3__density_rich__unit_candidates_v2,c338dbecd48ea8797bba1f02c431040403456874bff61f9c782ede739f9478ab
C041,proto_sw_2_3,expanded,rich,1,100003,MB-L2,Ours@B,4,,4,3,1,success,,"[""proto_sw_2_3__seed_1964058663__global_l1_flow_v3__density_rich__selected_l1_004__L1-Only__independent_l1__context_preferred__sample_0102"", ""proto_sw_2_3__seed_1964058663__global_l1_flow_v3__density_rich__selected_l1_003__Y-C__compact_c__context_opposed__sample_0070"", ""proto_sw_2_3__seed_1964058663__global_l1_flow_v3__density_rich__selected_l1_001__L1-Only__independent_l1__context_preferred__sample_0000"", ""proto_sw_2_3__seed_1964058663__global_l1_flow_v3__density_rich__selected_l1_002__Y-C__open_c__context_opposed__sample_0040"", ""proto_sw_2_3__seed_1964058663__global_l1_flow_v3__density_rich__selected_l1_005__Y-2C__staggered_c__context_swapped__sample_0153"", ""proto_sw_2_3__seed_1964058663__global_l1_flow_v3__density_rich__selected_l1_006__L1-Only__independent_l1__context_preferred__sample_0170"", ""proto_sw_2_3__seed_1964058663__global_l1_flow_v3__density_rich__selected_l1_007__L1-Only__independent_l1__context_preferred__sample_0204""]","{""selected_l1_001"": ""L1_ONLY"", ""selected_l1_002"": ""SINGLE_L2_LEFT"", ""selected_l1_003"": ""SINGLE_L2_RIGHT"", ""selected_l1_004"": ""L1_ONLY"", ""selected_l1_005"": ""OPPOSED_L2_PAIR"", ""selected_l1_006"": ""L1_ONLY"", ""selected_l1_007"": ""L1_ONLY""}",73134,0,1,0.1397863000001962,proto_sw_2_3__seed_1964058663__global_l1_flow_v3__density_rich,proto_sw_2_3__seed_1964058663__global_l1_flow_v3__density_rich__unit_candidates_v2,c338dbecd48ea8797bba1f02c431040403456874bff61f9c782ede739f9478ab
C041,proto_sw_2_3,expanded,rich,1,100003,MB-L2,LocalGreedy@B,5,,5,3,1,success,,"[""proto_sw_2_3__seed_1964058663__global_l1_flow_v3__density_rich__selected_l1_004__L1-Only__independent_l1__context_preferred__sample_0102"", ""proto_sw_2_3__seed_1964058663__global_l1_flow_v3__density_rich__selected_l1_003__L1-Only__independent_l1__context_preferred__sample_0068"", ""proto_sw_2_3__seed_1964058663__global_l1_flow_v3__density_rich__selected_l1_001__Y-C__balanced_s__context_opposed__sample_0004"", ""proto_sw_2_3__seed_1964058663__global_l1_flow_v3__density_rich__selected_l1_002__Y-2C__nested_s__context_swapped__sample_0045"", ""proto_sw_2_3__seed_1964058663__global_l1_flow_v3__density_rich__selected_l1_005__L1-Only__independent_l1__context_preferred__sample_0136"", ""proto_sw_2_3__seed_1964058663__global_l1_flow_v3__density_rich__selected_l1_006__Y-2C__nested_s__context_preferred__sample_0180"", ""proto_sw_2_3__seed_1964058663__global_l1_flow_v3__density_rich__selected_l1_007__L1-Only__independent_l1__context_preferred__sample_0204""]","{""selected_l1_001"": ""SINGLE_L2_RIGHT"", ""selected_l1_002"": ""OPPOSED_L2_PAIR"", ""selected_l1_003"": ""L1_ONLY"", ""selected_l1_004"": ""L1_ONLY"", ""selected_l1_005"": ""L1_ONLY"", ""selected_l1_006"": ""OPPOSED_L2_PAIR"", ""selected_l1_007"": ""L1_ONLY""}",7,0,1,0.002679699999589502,proto_sw_2_3__seed_1964058663__global_l1_flow_v3__density_rich,proto_sw_2_3__seed_1964058663__global_l1_flow_v3__density_rich__unit_candidates_v2,c338dbecd48ea8797bba1f02c431040403456874bff61f9c782ede739f9478ab
C041,proto_sw_2_3,expanded,rich,1,100003,MB-L2,Ours@B,5,,5,3,1,success,,"[""proto_sw_2_3__seed_1964058663__global_l1_flow_v3__density_rich__selected_l1_004__L1-Only__independent_l1__context_preferred__sample_0102"", ""proto_sw_2_3__seed_1964058663__global_l1_flow_v3__density_rich__selected_l1_003__Y-2C__open_asymmetric__context_swapped__sample_0082"", ""proto_sw_2_3__seed_1964058663__global_l1_flow_v3__density_rich__selected_l1_001__L1-Only__independent_l1__context_preferred__sample_0000"", ""proto_sw_2_3__seed_1964058663__global_l1_flow_v3__density_rich__selected_l1_002__Y-C__open_c__context_opposed__sample_0040"", ""proto_sw_2_3__seed_1964058663__global_l1_flow_v3__density_rich__selected_l1_005__Y-2C__staggered_c__context_swapped__sample_0153"", ""proto_sw_2_3__seed_1964058663__global_l1_flow_v3__density_rich__selected_l1_006__L1-Only__independent_l1__context_preferred__sample_0170"", ""proto_sw_2_3__seed_1964058663__global_l1_flow_v3__density_rich__selected_l1_007__L1-Only__independent_l1__context_preferred__sample_0204""]","{""selected_l1_001"": ""L1_ONLY"", ""selected_l1_002"": ""SINGLE_L2_LEFT"", ""selected_l1_003"": ""OPPOSED_L2_PAIR"", ""selected_l1_004"": ""L1_ONLY"", ""selected_l1_005"": ""OPPOSED_L2_PAIR"", ""selected_l1_006"": ""L1_ONLY"", ""selected_l1_007"": ""L1_ONLY""}",68810,0,1,0.14291339999999764,proto_sw_2_3__seed_1964058663__global_l1_flow_v3__density_rich,proto_sw_2_3__seed_1964058663__global_l1_flow_v3__density_rich__unit_candidates_v2,c338dbecd48ea8797bba1f02c431040403456874bff61f9c782ede739f9478ab
C041,proto_sw_2_3,expanded,rich,1,100003,MB-L2,LocalGreedy@B,6,,6,3,1,success,,"[""proto_sw_2_3__seed_1964058663__global_l1_flow_v3__density_rich__selected_l1_004__L1-Only__independent_l1__context_preferred__sample_0102"", ""proto_sw_2_3__seed_1964058663__global_l1_flow_v3__density_rich__selected_l1_003__L1-Only__independent_l1__context_preferred__sample_0068"", ""proto_sw_2_3__seed_1964058663__global_l1_flow_v3__density_rich__selected_l1_001__Y-2C__nested_s__context_swapped__sample_0011"", ""proto_sw_2_3__seed_1964058663__global_l1_flow_v3__density_rich__selected_l1_002__Y-2C__nested_s__context_swapped__sample_0045"", ""proto_sw_2_3__seed_1964058663__global_l1_flow_v3__density_rich__selected_l1_005__L1-Only__independent_l1__context_preferred__sample_0136"", ""proto_sw_2_3__seed_1964058663__global_l1_flow_v3__density_rich__selected_l1_006__Y-2C__nested_s__context_preferred__sample_0180"", ""proto_sw_2_3__seed_1964058663__global_l1_flow_v3__density_rich__selected_l1_007__L1-Only__independent_l1__context_preferred__sample_0204""]","{""selected_l1_001"": ""OPPOSED_L2_PAIR"", ""selected_l1_002"": ""OPPOSED_L2_PAIR"", ""selected_l1_003"": ""L1_ONLY"", ""selected_l1_004"": ""L1_ONLY"", ""selected_l1_005"": ""L1_ONLY"", ""selected_l1_006"": ""OPPOSED_L2_PAIR"", ""selected_l1_007"": ""L1_ONLY""}",7,0,1,0.002925999999661144,proto_sw_2_3__seed_1964058663__global_l1_flow_v3__density_rich,proto_sw_2_3__seed_1964058663__global_l1_flow_v3__density_rich__unit_candidates_v2,c338dbecd48ea8797bba1f02c431040403456874bff61f9c782ede739f9478ab
C041,proto_sw_2_3,expanded,rich,1,100003,MB-L2,Ours@B,6,,6,3,1,success,,"[""proto_sw_2_3__seed_1964058663__global_l1_flow_v3__density_rich__selected_l1_004__L1-Only__independent_l1__context_preferred__sample_0102"", ""proto_sw_2_3__seed_1964058663__global_l1_flow_v3__density_rich__selected_l1_003__Y-2C__open_asymmetric__context_swapped__sample_0082"", ""proto_sw_2_3__seed_1964058663__global_l1_flow_v3__density_rich__selected_l1_001__L1-Only__independent_l1__context_preferred__sample_0000"", ""proto_sw_2_3__seed_1964058663__global_l1_flow_v3__density_rich__selected_l1_002__Y-2C__open_asymmetric__context_swapped__sample_0048"", ""proto_sw_2_3__seed_1964058663__global_l1_flow_v3__density_rich__selected_l1_005__Y-2C__staggered_c__context_swapped__sample_0153"", ""proto_sw_2_3__seed_1964058663__global_l1_flow_v3__density_rich__selected_l1_006__L1-Only__independent_l1__context_preferred__sample_0170"", ""proto_sw_2_3__seed_1964058663__global_l1_flow_v3__density_rich__selected_l1_007__L1-Only__independent_l1__context_preferred__sample_0204""]","{""selected_l1_001"": ""L1_ONLY"", ""selected_l1_002"": ""OPPOSED_L2_PAIR"", ""selected_l1_003"": ""OPPOSED_L2_PAIR"", ""selected_l1_004"": ""L1_ONLY"", ""selected_l1_005"": ""OPPOSED_L2_PAIR"", ""selected_l1_006"": ""L1_ONLY"", ""selected_l1_007"": ""L1_ONLY""}",23070,0,1,0.08257359999970504,proto_sw_2_3__seed_1964058663__global_l1_flow_v3__density_rich,proto_sw_2_3__seed_1964058663__global_l1_flow_v3__density_rich__unit_candidates_v2,c338dbecd48ea8797bba1f02c431040403456874bff61f9c782ede739f9478ab
C042,proto_sw_2_3,expanded,rich,2,100012,MB-L2,LocalGreedy@B,1,,1,1,1,success,,"[""proto_sw_2_3__seed_608345505__global_l1_flow_v3__density_rich__selected_l1_006__L1-Only__independent_l1__context_preferred__sample_0170"", ""proto_sw_2_3__seed_608345505__global_l1_flow_v3__density_rich__selected_l1_001__L1-Only__independent_l1__context_preferred__sample_0000"", ""proto_sw_2_3__seed_608345505__global_l1_flow_v3__density_rich__selected_l1_002__L1-Only__independent_l1__context_preferred__sample_0034"", ""proto_sw_2_3__seed_608345505__global_l1_flow_v3__density_rich__selected_l1_003__L1-Only__independent_l1__context_preferred__sample_0068"", ""proto_sw_2_3__seed_608345505__global_l1_flow_v3__density_rich__selected_l1_004__L1-Only__independent_l1__context_preferred__sample_0102"", ""proto_sw_2_3__seed_608345505__global_l1_flow_v3__density_rich__selected_l1_005__Y-C__balanced_s__context_opposed__sample_0140""]","{""selected_l1_001"": ""L1_ONLY"", ""selected_l1_002"": ""L1_ONLY"", ""selected_l1_003"": ""L1_ONLY"", ""selected_l1_004"": ""L1_ONLY"", ""selected_l1_005"": ""SINGLE_L2_RIGHT"", ""selected_l1_006"": ""L1_ONLY""}",6,0,1,0.003913900000043213,proto_sw_2_3__seed_608345505__global_l1_flow_v3__density_rich,proto_sw_2_3__seed_608345505__global_l1_flow_v3__density_rich__unit_candidates_v2,48e7c10359804ac92b1e24df57455af7961509ffd8e81f4816e4af7f6f16804a
C042,proto_sw_2_3,expanded,rich,2,100012,MB-L2,Ours@B,1,,1,1,1,success,,"[""proto_sw_2_3__seed_608345505__global_l1_flow_v3__density_rich__selected_l1_006__L1-Only__independent_l1__context_preferred__sample_0170"", ""proto_sw_2_3__seed_608345505__global_l1_flow_v3__density_rich__selected_l1_001__L1-Only__independent_l1__context_preferred__sample_0000"", ""proto_sw_2_3__seed_608345505__global_l1_flow_v3__density_rich__selected_l1_002__Y-C__open_c__context_opposed__sample_0040"", ""proto_sw_2_3__seed_608345505__global_l1_flow_v3__density_rich__selected_l1_003__L1-Only__independent_l1__context_preferred__sample_0068"", ""proto_sw_2_3__seed_608345505__global_l1_flow_v3__density_rich__selected_l1_004__L1-Only__independent_l1__context_preferred__sample_0102"", ""proto_sw_2_3__seed_608345505__global_l1_flow_v3__density_rich__selected_l1_005__L1-Only__independent_l1__context_preferred__sample_0136""]","{""selected_l1_001"": ""L1_ONLY"", ""selected_l1_002"": ""SINGLE_L2_RIGHT"", ""selected_l1_003"": ""L1_ONLY"", ""selected_l1_004"": ""L1_ONLY"", ""selected_l1_005"": ""L1_ONLY"", ""selected_l1_006"": ""L1_ONLY""}",1806,0,1,0.008844099999805621,proto_sw_2_3__seed_608345505__global_l1_flow_v3__density_rich,proto_sw_2_3__seed_608345505__global_l1_flow_v3__density_rich__unit_candidates_v2,48e7c10359804ac92b1e24df57455af7961509ffd8e81f4816e4af7f6f16804a
C042,proto_sw_2_3,expanded,rich,2,100012,MB-L2,LocalGreedy@B,2,,2,1,1,success,,"[""proto_sw_2_3__seed_608345505__global_l1_flow_v3__density_rich__selected_l1_006__L1-Only__independent_l1__context_preferred__sample_0170"", ""proto_sw_2_3__seed_608345505__global_l1_flow_v3__density_rich__selected_l1_001__L1-Only__independent_l1__context_preferred__sample_0000"", ""proto_sw_2_3__seed_608345505__global_l1_flow_v3__density_rich__selected_l1_002__L1-Only__independent_l1__context_preferred__sample_0034"", ""proto_sw_2_3__seed_608345505__global_l1_flow_v3__density_rich__selected_l1_003__L1-Only__independent_l1__context_preferred__sample_0068"", ""proto_sw_2_3__seed_608345505__global_l1_flow_v3__density_rich__selected_l1_004__L1-Only__independent_l1__context_preferred__sample_0102"", ""proto_sw_2_3__seed_608345505__global_l1_flow_v3__density_rich__selected_l1_005__Y-2C__nested_s__context_preferred__sample_0146""]","{""selected_l1_001"": ""L1_ONLY"", ""selected_l1_002"": ""L1_ONLY"", ""selected_l1_003"": ""L1_ONLY"", ""selected_l1_004"": ""L1_ONLY"", ""selected_l1_005"": ""OPPOSED_L2_PAIR"", ""selected_l1_006"": ""L1_ONLY""}",6,0,1,0.002953199999865319,proto_sw_2_3__seed_608345505__global_l1_flow_v3__density_rich,proto_sw_2_3__seed_608345505__global_l1_flow_v3__density_rich__unit_candidates_v2,48e7c10359804ac92b1e24df57455af7961509ffd8e81f4816e4af7f6f16804a
C042,proto_sw_2_3,expanded,rich,2,100012,MB-L2,Ours@B,2,,2,2,1,success,,"[""proto_sw_2_3__seed_608345505__global_l1_flow_v3__density_rich__selected_l1_006__L1-Only__independent_l1__context_preferred__sample_0170"", ""proto_sw_2_3__seed_608345505__global_l1_flow_v3__density_rich__selected_l1_001__L1-Only__independent_l1__context_preferred__sample_0000"", ""proto_sw_2_3__seed_608345505__global_l1_flow_v3__density_rich__selected_l1_002__Y-C__open_c__context_opposed__sample_0040"", ""proto_sw_2_3__seed_608345505__global_l1_flow_v3__density_rich__selected_l1_003__L1-Only__independent_l1__context_preferred__sample_0068"", ""proto_sw_2_3__seed_608345505__global_l1_flow_v3__density_rich__selected_l1_004__L1-Only__independent_l1__context_preferred__sample_0102"", ""proto_sw_2_3__seed_608345505__global_l1_flow_v3__density_rich__selected_l1_005__Y-C__balanced_s__context_opposed__sample_0140""]","{""selected_l1_001"": ""L1_ONLY"", ""selected_l1_002"": ""SINGLE_L2_RIGHT"", ""selected_l1_003"": ""L1_ONLY"", ""selected_l1_004"": ""L1_ONLY"", ""selected_l1_005"": ""SINGLE_L2_RIGHT"", ""selected_l1_006"": ""L1_ONLY""}",2672,0,1,0.012726299999940238,proto_sw_2_3__seed_608345505__global_l1_flow_v3__density_rich,proto_sw_2_3__seed_608345505__global_l1_flow_v3__density_rich__unit_candidates_v2,48e7c10359804ac92b1e24df57455af7961509ffd8e81f4816e4af7f6f16804a
C042,proto_sw_2_3,expanded,rich,2,100012,MB-L2,LocalGreedy@B,3,,3,2,1,success,,"[""proto_sw_2_3__seed_608345505__global_l1_flow_v3__density_rich__selected_l1_006__Y-C__balanced_s__context_preferred__sample_0173"", ""proto_sw_2_3__seed_608345505__global_l1_flow_v3__density_rich__selected_l1_001__L1-Only__independent_l1__context_preferred__sample_0000"", ""proto_sw_2_3__seed_608345505__global_l1_flow_v3__density_rich__selected_l1_002__L1-Only__independent_l1__context_preferred__sample_0034"", ""proto_sw_2_3__seed_608345505__global_l1_flow_v3__density_rich__selected_l1_003__L1-Only__independent_l1__context_preferred__sample_0068"", ""proto_sw_2_3__seed_608345505__global_l1_flow_v3__density_rich__selected_l1_004__L1-Only__independent_l1__context_preferred__sample_0102"", ""proto_sw_2_3__seed_608345505__global_l1_flow_v3__density_rich__selected_l1_005__Y-2C__nested_s__context_preferred__sample_0146""]","{""selected_l1_001"": ""L1_ONLY"", ""selected_l1_002"": ""L1_ONLY"", ""selected_l1_003"": ""L1_ONLY"", ""selected_l1_004"": ""L1_ONLY"", ""selected_l1_005"": ""OPPOSED_L2_PAIR"", ""selected_l1_006"": ""SINGLE_L2_RIGHT""}",6,0,1,0.0028502000000116823,proto_sw_2_3__seed_608345505__global_l1_flow_v3__density_rich,proto_sw_2_3__seed_608345505__global_l1_flow_v3__density_rich__unit_candidates_v2,48e7c10359804ac92b1e24df57455af7961509ffd8e81f4816e4af7f6f16804a
C042,proto_sw_2_3,expanded,rich,2,100012,MB-L2,Ours@B,3,,3,2,1,success,,"[""proto_sw_2_3__seed_608345505__global_l1_flow_v3__density_rich__selected_l1_006__L1-Only__independent_l1__context_preferred__sample_0170"", ""proto_sw_2_3__seed_608345505__global_l1_flow_v3__density_rich__selected_l1_001__L1-Only__independent_l1__context_preferred__sample_0000"", ""proto_sw_2_3__seed_608345505__global_l1_flow_v3__density_rich__selected_l1_002__L1-Only__independent_l1__context_preferred__sample_0034"", ""proto_sw_2_3__seed_608345505__global_l1_flow_v3__density_rich__selected_l1_003__Y-2C__open_asymmetric__context_swapped__sample_0091"", ""proto_sw_2_3__seed_608345505__global_l1_flow_v3__density_rich__selected_l1_004__L1-Only__independent_l1__context_preferred__sample_0102"", ""proto_sw_2_3__seed_608345505__global_l1_flow_v3__density_rich__selected_l1_005__Y-C__open_c__context_opposed__sample_0142""]","{""selected_l1_001"": ""L1_ONLY"", ""selected_l1_002"": ""L1_ONLY"", ""selected_l1_003"": ""OPPOSED_L2_PAIR"", ""selected_l1_004"": ""L1_ONLY"", ""selected_l1_005"": ""SINGLE_L2_RIGHT"", ""selected_l1_006"": ""L1_ONLY""}",3763,0,1,0.015255199999955948,proto_sw_2_3__seed_608345505__global_l1_flow_v3__density_rich,proto_sw_2_3__seed_608345505__global_l1_flow_v3__density_rich__unit_candidates_v2,48e7c10359804ac92b1e24df57455af7961509ffd8e81f4816e4af7f6f16804a
C042,proto_sw_2_3,expanded,rich,2,100012,MB-L2,LocalGreedy@B,4,,3,2,0,budget_not_attained,sequential irreversible pass ended below target B,"[""proto_sw_2_3__seed_608345505__global_l1_flow_v3__density_rich__selected_l1_006__Y-C__balanced_s__context_preferred__sample_0173"", ""proto_sw_2_3__seed_608345505__global_l1_flow_v3__density_rich__selected_l1_001__L1-Only__independent_l1__context_preferred__sample_0000"", ""proto_sw_2_3__seed_608345505__global_l1_flow_v3__density_rich__selected_l1_002__L1-Only__independent_l1__context_preferred__sample_0034"", ""proto_sw_2_3__seed_608345505__global_l1_flow_v3__density_rich__selected_l1_003__L1-Only__independent_l1__context_preferred__sample_0068"", ""proto_sw_2_3__seed_608345505__global_l1_flow_v3__density_rich__selected_l1_004__L1-Only__independent_l1__context_preferred__sample_0102"", ""proto_sw_2_3__seed_608345505__global_l1_flow_v3__density_rich__selected_l1_005__Y-2C__nested_s__context_preferred__sample_0146""]","{""selected_l1_001"": ""L1_ONLY"", ""selected_l1_002"": ""L1_ONLY"", ""selected_l1_003"": ""L1_ONLY"", ""selected_l1_004"": ""L1_ONLY"", ""selected_l1_005"": ""OPPOSED_L2_PAIR"", ""selected_l1_006"": ""SINGLE_L2_RIGHT""}",6,0,1,0.0020773999999619264,proto_sw_2_3__seed_608345505__global_l1_flow_v3__density_rich,proto_sw_2_3__seed_608345505__global_l1_flow_v3__density_rich__unit_candidates_v2,48e7c10359804ac92b1e24df57455af7961509ffd8e81f4816e4af7f6f16804a
C042,proto_sw_2_3,expanded,rich,2,100012,MB-L2,Ours@B,4,,4,2,1,success,,"[""proto_sw_2_3__seed_608345505__global_l1_flow_v3__density_rich__selected_l1_006__L1-Only__independent_l1__context_preferred__sample_0170"", ""proto_sw_2_3__seed_608345505__global_l1_flow_v3__density_rich__selected_l1_001__L1-Only__independent_l1__context_preferred__sample_0000"", ""proto_sw_2_3__seed_608345505__global_l1_flow_v3__density_rich__selected_l1_002__L1-Only__independent_l1__context_preferred__sample_0034"", ""proto_sw_2_3__seed_608345505__global_l1_flow_v3__density_rich__selected_l1_003__Y-2C__open_asymmetric__context_swapped__sample_0091"", ""proto_sw_2_3__seed_608345505__global_l1_flow_v3__density_rich__selected_l1_004__Y-2C__staggered_c__context_swapped__sample_0110"", ""proto_sw_2_3__seed_608345505__global_l1_flow_v3__density_rich__selected_l1_005__L1-Only__independent_l1__context_preferred__sample_0136""]","{""selected_l1_001"": ""L1_ONLY"", ""selected_l1_002"": ""L1_ONLY"", ""selected_l1_003"": ""OPPOSED_L2_PAIR"", ""selected_l1_004"": ""OPPOSED_L2_PAIR"", ""selected_l1_005"": ""L1_ONLY"", ""selected_l1_006"": ""L1_ONLY""}",3110,0,1,0.01592339999979231,proto_sw_2_3__seed_608345505__global_l1_flow_v3__density_rich,proto_sw_2_3__seed_608345505__global_l1_flow_v3__density_rich__unit_candidates_v2,48e7c10359804ac92b1e24df57455af7961509ffd8e81f4816e4af7f6f16804a
C043,proto_sw_2_3,compact,simple,1,100005,MB-L2,LocalGreedy@B,1,,1,1,1,success,,"[""proto_sw_2_3__seed_1160715944__global_l1_flow_v3__density_simple__selected_l1_005__Y-C__open_c__context_preferred__sample_0141"", ""proto_sw_2_3__seed_1160715944__global_l1_flow_v3__density_simple__selected_l1_003__L1-Only__independent_l1__context_preferred__sample_0068"", ""proto_sw_2_3__seed_1160715944__global_l1_flow_v3__density_simple__selected_l1_001__L1-Only__independent_l1__context_preferred__sample_0000"", ""proto_sw_2_3__seed_1160715944__global_l1_flow_v3__density_simple__selected_l1_002__L1-Only__independent_l1__context_preferred__sample_0034"", ""proto_sw_2_3__seed_1160715944__global_l1_flow_v3__density_simple__selected_l1_006__L1-Only__independent_l1__context_preferred__sample_0170"", ""proto_sw_2_3__seed_1160715944__global_l1_flow_v3__density_simple__selected_l1_004__L1-Only__independent_l1__context_preferred__sample_0102""]","{""selected_l1_001"": ""L1_ONLY"", ""selected_l1_002"": ""L1_ONLY"", ""selected_l1_003"": ""L1_ONLY"", ""selected_l1_004"": ""L1_ONLY"", ""selected_l1_005"": ""SINGLE_L2_RIGHT"", ""selected_l1_006"": ""L1_ONLY""}",6,0,1,0.001595400000041991,proto_sw_2_3__seed_1160715944__global_l1_flow_v3__density_simple,proto_sw_2_3__seed_1160715944__global_l1_flow_v3__density_simple__unit_candidates_v2,eeb11b8f32f4122dc413050ec70e87e2c7bc03ec64f9bbc8785429e098f9b0db
C043,proto_sw_2_3,compact,simple,1,100005,MB-L2,Ours@B,1,,1,1,1,success,,"[""proto_sw_2_3__seed_1160715944__global_l1_flow_v3__density_simple__selected_l1_005__L1-Only__independent_l1__context_preferred__sample_0136"", ""proto_sw_2_3__seed_1160715944__global_l1_flow_v3__density_simple__selected_l1_003__L1-Only__independent_l1__context_preferred__sample_0068"", ""proto_sw_2_3__seed_1160715944__global_l1_flow_v3__density_simple__selected_l1_001__L1-Only__independent_l1__context_preferred__sample_0000"", ""proto_sw_2_3__seed_1160715944__global_l1_flow_v3__density_simple__selected_l1_002__Y-C__open_c__context_opposed__sample_0040"", ""proto_sw_2_3__seed_1160715944__global_l1_flow_v3__density_simple__selected_l1_006__L1-Only__independent_l1__context_preferred__sample_0170"", ""proto_sw_2_3__seed_1160715944__global_l1_flow_v3__density_simple__selected_l1_004__L1-Only__independent_l1__context_preferred__sample_0102""]","{""selected_l1_001"": ""L1_ONLY"", ""selected_l1_002"": ""SINGLE_L2_LEFT"", ""selected_l1_003"": ""L1_ONLY"", ""selected_l1_004"": ""L1_ONLY"", ""selected_l1_005"": ""L1_ONLY"", ""selected_l1_006"": ""L1_ONLY""}",384,0,1,0.003223799999886978,proto_sw_2_3__seed_1160715944__global_l1_flow_v3__density_simple,proto_sw_2_3__seed_1160715944__global_l1_flow_v3__density_simple__unit_candidates_v2,eeb11b8f32f4122dc413050ec70e87e2c7bc03ec64f9bbc8785429e098f9b0db
C043,proto_sw_2_3,compact,simple,1,100005,MB-L2,LocalGreedy@B,2,,1,1,0,budget_not_attained,sequential irreversible pass ended below target B,"[""proto_sw_2_3__seed_1160715944__global_l1_flow_v3__density_simple__selected_l1_005__Y-C__open_c__context_preferred__sample_0141"", ""proto_sw_2_3__seed_1160715944__global_l1_flow_v3__density_simple__selected_l1_003__L1-Only__independent_l1__context_preferred__sample_0068"", ""proto_sw_2_3__seed_1160715944__global_l1_flow_v3__density_simple__selected_l1_001__L1-Only__independent_l1__context_preferred__sample_0000"", ""proto_sw_2_3__seed_1160715944__global_l1_flow_v3__density_simple__selected_l1_002__L1-Only__independent_l1__context_preferred__sample_0034"", ""proto_sw_2_3__seed_1160715944__global_l1_flow_v3__density_simple__selected_l1_006__L1-Only__independent_l1__context_preferred__sample_0170"", ""proto_sw_2_3__seed_1160715944__global_l1_flow_v3__density_simple__selected_l1_004__L1-Only__independent_l1__context_preferred__sample_0102""]","{""selected_l1_001"": ""L1_ONLY"", ""selected_l1_002"": ""L1_ONLY"", ""selected_l1_003"": ""L1_ONLY"", ""selected_l1_004"": ""L1_ONLY"", ""selected_l1_005"": ""SINGLE_L2_RIGHT"", ""selected_l1_006"": ""L1_ONLY""}",6,0,1,0.0010185000001001754,proto_sw_2_3__seed_1160715944__global_l1_flow_v3__density_simple,proto_sw_2_3__seed_1160715944__global_l1_flow_v3__density_simple__unit_candidates_v2,eeb11b8f32f4122dc413050ec70e87e2c7bc03ec64f9bbc8785429e098f9b0db
C043,proto_sw_2_3,compact,simple,1,100005,MB-L2,Ours@B,2,,2,1,1,success,,"[""proto_sw_2_3__seed_1160715944__global_l1_flow_v3__density_simple__selected_l1_005__L1-Only__independent_l1__context_preferred__sample_0136"", ""proto_sw_2_3__seed_1160715944__global_l1_flow_v3__density_simple__selected_l1_003__L1-Only__independent_l1__context_preferred__sample_0068"", ""proto_sw_2_3__seed_1160715944__global_l1_flow_v3__density_simple__selected_l1_001__L1-Only__independent_l1__context_preferred__sample_0000"", ""proto_sw_2_3__seed_1160715944__global_l1_flow_v3__density_simple__selected_l1_002__Y-2C__staggered_c__context_swapped__sample_0060"", ""proto_sw_2_3__seed_1160715944__global_l1_flow_v3__density_simple__selected_l1_006__L1-Only__independent_l1__context_preferred__sample_0170"", ""proto_sw_2_3__seed_1160715944__global_l1_flow_v3__density_simple__selected_l1_004__L1-Only__independent_l1__context_preferred__sample_0102""]","{""selected_l1_001"": ""L1_ONLY"", ""selected_l1_002"": ""OPPOSED_L2_PAIR"", ""selected_l1_003"": ""L1_ONLY"", ""selected_l1_004"": ""L1_ONLY"", ""selected_l1_005"": ""L1_ONLY"", ""selected_l1_006"": ""L1_ONLY""}",327,0,1,0.0029303999999683583,proto_sw_2_3__seed_1160715944__global_l1_flow_v3__density_simple,proto_sw_2_3__seed_1160715944__global_l1_flow_v3__density_simple__unit_candidates_v2,eeb11b8f32f4122dc413050ec70e87e2c7bc03ec64f9bbc8785429e098f9b0db
C044,proto_sw_2_3,compact,simple,2,100016,MB-L2,LocalGreedy@B,1,,1,1,1,success,,"[""proto_sw_2_3__seed_1160898339__global_l1_flow_v3__density_simple__selected_l1_004__L1-Only__independent_l1__context_preferred__sample_0102"", ""proto_sw_2_3__seed_1160898339__global_l1_flow_v3__density_simple__selected_l1_005__L1-Only__independent_l1__context_preferred__sample_0136"", ""proto_sw_2_3__seed_1160898339__global_l1_flow_v3__density_simple__selected_l1_002__L1-Only__independent_l1__context_preferred__sample_0034"", ""proto_sw_2_3__seed_1160898339__global_l1_flow_v3__density_simple__selected_l1_003__L1-Only__independent_l1__context_preferred__sample_0068"", ""proto_sw_2_3__seed_1160898339__global_l1_flow_v3__density_simple__selected_l1_001__L1-Only__independent_l1__context_preferred__sample_0000"", ""proto_sw_2_3__seed_1160898339__global_l1_flow_v3__density_simple__selected_l1_006__Y-C__balanced_s__context_preferred__sample_0173""]","{""selected_l1_001"": ""L1_ONLY"", ""selected_l1_002"": ""L1_ONLY"", ""selected_l1_003"": ""L1_ONLY"", ""selected_l1_004"": ""L1_ONLY"", ""selected_l1_005"": ""L1_ONLY"", ""selected_l1_006"": ""SINGLE_L2_RIGHT""}",6,0,1,0.002406399999927089,proto_sw_2_3__seed_1160898339__global_l1_flow_v3__density_simple,proto_sw_2_3__seed_1160898339__global_l1_flow_v3__density_simple__unit_candidates_v2,ae2d2ba54da100608af5fe7a8684350db54719828b6018729bc3571068d09214
C044,proto_sw_2_3,compact,simple,2,100016,MB-L2,Ours@B,1,,1,1,1,success,,"[""proto_sw_2_3__seed_1160898339__global_l1_flow_v3__density_simple__selected_l1_004__Y-C__open_c__context_opposed__sample_0108"", ""proto_sw_2_3__seed_1160898339__global_l1_flow_v3__density_simple__selected_l1_005__L1-Only__independent_l1__context_preferred__sample_0136"", ""proto_sw_2_3__seed_1160898339__global_l1_flow_v3__density_simple__selected_l1_002__L1-Only__independent_l1__context_preferred__sample_0034"", ""proto_sw_2_3__seed_1160898339__global_l1_flow_v3__density_simple__selected_l1_003__L1-Only__independent_l1__context_preferred__sample_0068"", ""proto_sw_2_3__seed_1160898339__global_l1_flow_v3__density_simple__selected_l1_001__L1-Only__independent_l1__context_preferred__sample_0000"", ""proto_sw_2_3__seed_1160898339__global_l1_flow_v3__density_simple__selected_l1_006__L1-Only__independent_l1__context_preferred__sample_0170""]","{""selected_l1_001"": ""L1_ONLY"", ""selected_l1_002"": ""L1_ONLY"", ""selected_l1_003"": ""L1_ONLY"", ""selected_l1_004"": ""SINGLE_L2_LEFT"", ""selected_l1_005"": ""L1_ONLY"", ""selected_l1_006"": ""L1_ONLY""}",1471,0,1,0.007839700000204175,proto_sw_2_3__seed_1160898339__global_l1_flow_v3__density_simple,proto_sw_2_3__seed_1160898339__global_l1_flow_v3__density_simple__unit_candidates_v2,ae2d2ba54da100608af5fe7a8684350db54719828b6018729bc3571068d09214
C044,proto_sw_2_3,compact,simple,2,100016,MB-L2,LocalGreedy@B,2,,2,1,1,success,,"[""proto_sw_2_3__seed_1160898339__global_l1_flow_v3__density_simple__selected_l1_004__L1-Only__independent_l1__context_preferred__sample_0102"", ""proto_sw_2_3__seed_1160898339__global_l1_flow_v3__density_simple__selected_l1_005__L1-Only__independent_l1__context_preferred__sample_0136"", ""proto_sw_2_3__seed_1160898339__global_l1_flow_v3__density_simple__selected_l1_002__L1-Only__independent_l1__context_preferred__sample_0034"", ""proto_sw_2_3__seed_1160898339__global_l1_flow_v3__density_simple__selected_l1_003__L1-Only__independent_l1__context_preferred__sample_0068"", ""proto_sw_2_3__seed_1160898339__global_l1_flow_v3__density_simple__selected_l1_001__L1-Only__independent_l1__context_preferred__sample_0000"", ""proto_sw_2_3__seed_1160898339__global_l1_flow_v3__density_simple__selected_l1_006__Y-2C__nested_s__context_preferred__sample_0189""]","{""selected_l1_001"": ""L1_ONLY"", ""selected_l1_002"": ""L1_ONLY"", ""selected_l1_003"": ""L1_ONLY"", ""selected_l1_004"": ""L1_ONLY"", ""selected_l1_005"": ""L1_ONLY"", ""selected_l1_006"": ""OPPOSED_L2_PAIR""}",6,0,1,0.0024021999997785315,proto_sw_2_3__seed_1160898339__global_l1_flow_v3__density_simple,proto_sw_2_3__seed_1160898339__global_l1_flow_v3__density_simple__unit_candidates_v2,ae2d2ba54da100608af5fe7a8684350db54719828b6018729bc3571068d09214
C044,proto_sw_2_3,compact,simple,2,100016,MB-L2,Ours@B,2,,2,2,1,success,,"[""proto_sw_2_3__seed_1160898339__global_l1_flow_v3__density_simple__selected_l1_004__Y-C__open_c__context_opposed__sample_0108"", ""proto_sw_2_3__seed_1160898339__global_l1_flow_v3__density_simple__selected_l1_005__Y-C__open_c__context_preferred__sample_0141"", ""proto_sw_2_3__seed_1160898339__global_l1_flow_v3__density_simple__selected_l1_002__L1-Only__independent_l1__context_preferred__sample_0034"", ""proto_sw_2_3__seed_1160898339__global_l1_flow_v3__density_simple__selected_l1_003__L1-Only__independent_l1__context_preferred__sample_0068"", ""proto_sw_2_3__seed_1160898339__global_l1_flow_v3__density_simple__selected_l1_001__L1-Only__independent_l1__context_preferred__sample_0000"", ""proto_sw_2_3__seed_1160898339__global_l1_flow_v3__density_simple__selected_l1_006__L1-Only__independent_l1__context_preferred__sample_0170""]","{""selected_l1_001"": ""L1_ONLY"", ""selected_l1_002"": ""L1_ONLY"", ""selected_l1_003"": ""L1_ONLY"", ""selected_l1_004"": ""SINGLE_L2_LEFT"", ""selected_l1_005"": ""SINGLE_L2_LEFT"", ""selected_l1_006"": ""L1_ONLY""}",704,0,1,0.006248700000014651,proto_sw_2_3__seed_1160898339__global_l1_flow_v3__density_simple,proto_sw_2_3__seed_1160898339__global_l1_flow_v3__density_simple__unit_candidates_v2,ae2d2ba54da100608af5fe7a8684350db54719828b6018729bc3571068d09214
C044,proto_sw_2_3,compact,simple,2,100016,MB-L2,LocalGreedy@B,3,,3,2,1,success,,"[""proto_sw_2_3__seed_1160898339__global_l1_flow_v3__density_simple__selected_l1_004__L1-Only__independent_l1__context_preferred__sample_0102"", ""proto_sw_2_3__seed_1160898339__global_l1_flow_v3__density_simple__selected_l1_005__L1-Only__independent_l1__context_preferred__sample_0136"", ""proto_sw_2_3__seed_1160898339__global_l1_flow_v3__density_simple__selected_l1_002__L1-Only__independent_l1__context_preferred__sample_0034"", ""proto_sw_2_3__seed_1160898339__global_l1_flow_v3__density_simple__selected_l1_003__L1-Only__independent_l1__context_preferred__sample_0068"", ""proto_sw_2_3__seed_1160898339__global_l1_flow_v3__density_simple__selected_l1_001__Y-C__balanced_s__context_preferred__sample_0003"", ""proto_sw_2_3__seed_1160898339__global_l1_flow_v3__density_simple__selected_l1_006__Y-2C__nested_s__context_preferred__sample_0189""]","{""selected_l1_001"": ""SINGLE_L2_RIGHT"", ""selected_l1_002"": ""L1_ONLY"", ""selected_l1_003"": ""L1_ONLY"", ""selected_l1_004"": ""L1_ONLY"", ""selected_l1_005"": ""L1_ONLY"", ""selected_l1_006"": ""OPPOSED_L2_PAIR""}",6,0,1,0.002389400000083697,proto_sw_2_3__seed_1160898339__global_l1_flow_v3__density_simple,proto_sw_2_3__seed_1160898339__global_l1_flow_v3__density_simple__unit_candidates_v2,ae2d2ba54da100608af5fe7a8684350db54719828b6018729bc3571068d09214
C044,proto_sw_2_3,compact,simple,2,100016,MB-L2,Ours@B,3,,3,2,1,success,,"[""proto_sw_2_3__seed_1160898339__global_l1_flow_v3__density_simple__selected_l1_004__Y-C__open_c__context_opposed__sample_0108"", ""proto_sw_2_3__seed_1160898339__global_l1_flow_v3__density_simple__selected_l1_005__Y-2C__open_asymmetric__context_preferred__sample_0167"", ""proto_sw_2_3__seed_1160898339__global_l1_flow_v3__density_simple__selected_l1_002__L1-Only__independent_l1__context_preferred__sample_0034"", ""proto_sw_2_3__seed_1160898339__global_l1_flow_v3__density_simple__selected_l1_003__L1-Only__independent_l1__context_preferred__sample_0068"", ""proto_sw_2_3__seed_1160898339__global_l1_flow_v3__density_simple__selected_l1_001__L1-Only__independent_l1__context_preferred__sample_0000"", ""proto_sw_2_3__seed_1160898339__global_l1_flow_v3__density_simple__selected_l1_006__L1-Only__independent_l1__context_preferred__sample_0170""]","{""selected_l1_001"": ""L1_ONLY"", ""selected_l1_002"": ""L1_ONLY"", ""selected_l1_003"": ""L1_ONLY"", ""selected_l1_004"": ""SINGLE_L2_LEFT"", ""selected_l1_005"": ""OPPOSED_L2_PAIR"", ""selected_l1_006"": ""L1_ONLY""}",4811,0,1,0.013438200000109646,proto_sw_2_3__seed_1160898339__global_l1_flow_v3__density_simple,proto_sw_2_3__seed_1160898339__global_l1_flow_v3__density_simple__unit_candidates_v2,ae2d2ba54da100608af5fe7a8684350db54719828b6018729bc3571068d09214
C044,proto_sw_2_3,compact,simple,2,100016,MB-L2,LocalGreedy@B,4,,4,2,1,success,,"[""proto_sw_2_3__seed_1160898339__global_l1_flow_v3__density_simple__selected_l1_004__L1-Only__independent_l1__context_preferred__sample_0102"", ""proto_sw_2_3__seed_1160898339__global_l1_flow_v3__density_simple__selected_l1_005__L1-Only__independent_l1__context_preferred__sample_0136"", ""proto_sw_2_3__seed_1160898339__global_l1_flow_v3__density_simple__selected_l1_002__L1-Only__independent_l1__context_preferred__sample_0034"", ""proto_sw_2_3__seed_1160898339__global_l1_flow_v3__density_simple__selected_l1_003__L1-Only__independent_l1__context_preferred__sample_0068"", ""proto_sw_2_3__seed_1160898339__global_l1_flow_v3__density_simple__selected_l1_001__Y-2C__nested_s__context_preferred__sample_0010"", ""proto_sw_2_3__seed_1160898339__global_l1_flow_v3__density_simple__selected_l1_006__Y-2C__nested_s__context_preferred__sample_0189""]","{""selected_l1_001"": ""OPPOSED_L2_PAIR"", ""selected_l1_002"": ""L1_ONLY"", ""selected_l1_003"": ""L1_ONLY"", ""selected_l1_004"": ""L1_ONLY"", ""selected_l1_005"": ""L1_ONLY"", ""selected_l1_006"": ""OPPOSED_L2_PAIR""}",6,0,1,0.002135100000032253,proto_sw_2_3__seed_1160898339__global_l1_flow_v3__density_simple,proto_sw_2_3__seed_1160898339__global_l1_flow_v3__density_simple__unit_candidates_v2,ae2d2ba54da100608af5fe7a8684350db54719828b6018729bc3571068d09214
C044,proto_sw_2_3,compact,simple,2,100016,MB-L2,Ours@B,4,,4,2,1,success,,"[""proto_sw_2_3__seed_1160898339__global_l1_flow_v3__density_simple__selected_l1_004__L1-Only__independent_l1__context_preferred__sample_0102"", ""proto_sw_2_3__seed_1160898339__global_l1_flow_v3__density_simple__selected_l1_005__Y-2C__open_asymmetric__context_preferred__sample_0167"", ""proto_sw_2_3__seed_1160898339__global_l1_flow_v3__density_simple__selected_l1_002__L1-Only__independent_l1__context_preferred__sample_0034"", ""proto_sw_2_3__seed_1160898339__global_l1_flow_v3__density_simple__selected_l1_003__Y-2C__staggered_c__context_swapped__sample_0085"", ""proto_sw_2_3__seed_1160898339__global_l1_flow_v3__density_simple__selected_l1_001__L1-Only__independent_l1__context_preferred__sample_0000"", ""proto_sw_2_3__seed_1160898339__global_l1_flow_v3__density_simple__selected_l1_006__L1-Only__independent_l1__context_preferred__sample_0170""]","{""selected_l1_001"": ""L1_ONLY"", ""selected_l1_002"": ""L1_ONLY"", ""selected_l1_003"": ""OPPOSED_L2_PAIR"", ""selected_l1_004"": ""L1_ONLY"", ""selected_l1_005"": ""OPPOSED_L2_PAIR"", ""selected_l1_006"": ""L1_ONLY""}",6569,0,1,0.020781300000180636,proto_sw_2_3__seed_1160898339__global_l1_flow_v3__density_simple,proto_sw_2_3__seed_1160898339__global_l1_flow_v3__density_simple__unit_candidates_v2,ae2d2ba54da100608af5fe7a8684350db54719828b6018729bc3571068d09214
C045,proto_sw_2_3,compact,medium,1,100004,MB-L2,LocalGreedy@B,1,,1,1,1,success,,"[""proto_sw_2_3__seed_3906224916__global_l1_flow_v3__density_medium__selected_l1_004__L1-Only__independent_l1__context_preferred__sample_0102"", ""proto_sw_2_3__seed_3906224916__global_l1_flow_v3__density_medium__selected_l1_005__L1-Only__independent_l1__context_preferred__sample_0136"", ""proto_sw_2_3__seed_3906224916__global_l1_flow_v3__density_medium__selected_l1_006__L1-Only__independent_l1__context_preferred__sample_0170"", ""proto_sw_2_3__seed_3906224916__global_l1_flow_v3__density_medium__selected_l1_003__L1-Only__independent_l1__context_preferred__sample_0068"", ""proto_sw_2_3__seed_3906224916__global_l1_flow_v3__density_medium__selected_l1_002__L1-Only__independent_l1__context_preferred__sample_0034"", ""proto_sw_2_3__seed_3906224916__global_l1_flow_v3__density_medium__selected_l1_001__Y-C__balanced_s__context_preferred__sample_0003""]","{""selected_l1_001"": ""SINGLE_L2_RIGHT"", ""selected_l1_002"": ""L1_ONLY"", ""selected_l1_003"": ""L1_ONLY"", ""selected_l1_004"": ""L1_ONLY"", ""selected_l1_005"": ""L1_ONLY"", ""selected_l1_006"": ""L1_ONLY""}",6,0,1,0.003128500000002532,proto_sw_2_3__seed_3906224916__global_l1_flow_v3__density_medium,proto_sw_2_3__seed_3906224916__global_l1_flow_v3__density_medium__unit_candidates_v2,eb74c711024636ee791ccd61e648e56e168df27d26ea19ab0212a2c35651ff1d
C045,proto_sw_2_3,compact,medium,1,100004,MB-L2,Ours@B,1,,1,1,1,success,,"[""proto_sw_2_3__seed_3906224916__global_l1_flow_v3__density_medium__selected_l1_004__Y-C__compact_c__context_preferred__sample_0103"", ""proto_sw_2_3__seed_3906224916__global_l1_flow_v3__density_medium__selected_l1_005__L1-Only__independent_l1__context_preferred__sample_0136"", ""proto_sw_2_3__seed_3906224916__global_l1_flow_v3__density_medium__selected_l1_006__L1-Only__independent_l1__context_preferred__sample_0170"", ""proto_sw_2_3__seed_3906224916__global_l1_flow_v3__density_medium__selected_l1_003__L1-Only__independent_l1__context_preferred__sample_0068"", ""proto_sw_2_3__seed_3906224916__global_l1_flow_v3__density_medium__selected_l1_002__L1-Only__independent_l1__context_preferred__sample_0034"", ""proto_sw_2_3__seed_3906224916__global_l1_flow_v3__density_medium__selected_l1_001__L1-Only__independent_l1__context_preferred__sample_0000""]","{""selected_l1_001"": ""L1_ONLY"", ""selected_l1_002"": ""L1_ONLY"", ""selected_l1_003"": ""L1_ONLY"", ""selected_l1_004"": ""SINGLE_L2_RIGHT"", ""selected_l1_005"": ""L1_ONLY"", ""selected_l1_006"": ""L1_ONLY""}",1600,0,1,0.007945599999857222,proto_sw_2_3__seed_3906224916__global_l1_flow_v3__density_medium,proto_sw_2_3__seed_3906224916__global_l1_flow_v3__density_medium__unit_candidates_v2,eb74c711024636ee791ccd61e648e56e168df27d26ea19ab0212a2c35651ff1d
C045,proto_sw_2_3,compact,medium,1,100004,MB-L2,LocalGreedy@B,2,,2,2,1,success,,"[""proto_sw_2_3__seed_3906224916__global_l1_flow_v3__density_medium__selected_l1_004__L1-Only__independent_l1__context_preferred__sample_0102"", ""proto_sw_2_3__seed_3906224916__global_l1_flow_v3__density_medium__selected_l1_005__L1-Only__independent_l1__context_preferred__sample_0136"", ""proto_sw_2_3__seed_3906224916__global_l1_flow_v3__density_medium__selected_l1_006__L1-Only__independent_l1__context_preferred__sample_0170"", ""proto_sw_2_3__seed_3906224916__global_l1_flow_v3__density_medium__selected_l1_003__L1-Only__independent_l1__context_preferred__sample_0068"", ""proto_sw_2_3__seed_3906224916__global_l1_flow_v3__density_medium__selected_l1_002__Y-C__balanced_s__context_preferred__sample_0037"", ""proto_sw_2_3__seed_3906224916__global_l1_flow_v3__density_medium__selected_l1_001__Y-C__balanced_s__context_preferred__sample_0003""]","{""selected_l1_001"": ""SINGLE_L2_RIGHT"", ""selected_l1_002"": ""SINGLE_L2_LEFT"", ""selected_l1_003"": ""L1_ONLY"", ""selected_l1_004"": ""L1_ONLY"", ""selected_l1_005"": ""L1_ONLY"", ""selected_l1_006"": ""L1_ONLY""}",6,0,1,0.003187899999829824,proto_sw_2_3__seed_3906224916__global_l1_flow_v3__density_medium,proto_sw_2_3__seed_3906224916__global_l1_flow_v3__density_medium__unit_candidates_v2,eb74c711024636ee791ccd61e648e56e168df27d26ea19ab0212a2c35651ff1d
C045,proto_sw_2_3,compact,medium,1,100004,MB-L2,Ours@B,2,,2,2,1,success,,"[""proto_sw_2_3__seed_3906224916__global_l1_flow_v3__density_medium__selected_l1_004__Y-C__compact_c__context_preferred__sample_0103"", ""proto_sw_2_3__seed_3906224916__global_l1_flow_v3__density_medium__selected_l1_005__Y-C__open_c__context_preferred__sample_0141"", ""proto_sw_2_3__seed_3906224916__global_l1_flow_v3__density_medium__selected_l1_006__L1-Only__independent_l1__context_preferred__sample_0170"", ""proto_sw_2_3__seed_3906224916__global_l1_flow_v3__density_medium__selected_l1_003__L1-Only__independent_l1__context_preferred__sample_0068"", ""proto_sw_2_3__seed_3906224916__global_l1_flow_v3__density_medium__selected_l1_002__L1-Only__independent_l1__context_preferred__sample_0034"", ""proto_sw_2_3__seed_3906224916__global_l1_flow_v3__density_medium__selected_l1_001__L1-Only__independent_l1__context_preferred__sample_0000""]","{""selected_l1_001"": ""L1_ONLY"", ""selected_l1_002"": ""L1_ONLY"", ""selected_l1_003"": ""L1_ONLY"", ""selected_l1_004"": ""SINGLE_L2_RIGHT"", ""selected_l1_005"": ""SINGLE_L2_LEFT"", ""selected_l1_006"": ""L1_ONLY""}",910,0,1,0.007339299999784998,proto_sw_2_3__seed_3906224916__global_l1_flow_v3__density_medium,proto_sw_2_3__seed_3906224916__global_l1_flow_v3__density_medium__unit_candidates_v2,eb74c711024636ee791ccd61e648e56e168df27d26ea19ab0212a2c35651ff1d
C045,proto_sw_2_3,compact,medium,1,100004,MB-L2,LocalGreedy@B,3,,3,2,1,success,,"[""proto_sw_2_3__seed_3906224916__global_l1_flow_v3__density_medium__selected_l1_004__L1-Only__independent_l1__context_preferred__sample_0102"", ""proto_sw_2_3__seed_3906224916__global_l1_flow_v3__density_medium__selected_l1_005__L1-Only__independent_l1__context_preferred__sample_0136"", ""proto_sw_2_3__seed_3906224916__global_l1_flow_v3__density_medium__selected_l1_006__L1-Only__independent_l1__context_preferred__sample_0170"", ""proto_sw_2_3__seed_3906224916__global_l1_flow_v3__density_medium__selected_l1_003__L1-Only__independent_l1__context_preferred__sample_0068"", ""proto_sw_2_3__seed_3906224916__global_l1_flow_v3__density_medium__selected_l1_002__Y-2C__nested_s__context_swapped__sample_0054"", ""proto_sw_2_3__seed_3906224916__global_l1_flow_v3__density_medium__selected_l1_001__Y-C__balanced_s__context_preferred__sample_0003""]","{""selected_l1_001"": ""SINGLE_L2_RIGHT"", ""selected_l1_002"": ""OPPOSED_L2_PAIR"", ""selected_l1_003"": ""L1_ONLY"", ""selected_l1_004"": ""L1_ONLY"", ""selected_l1_005"": ""L1_ONLY"", ""selected_l1_006"": ""L1_ONLY""}",6,0,1,0.0025403999998161453,proto_sw_2_3__seed_3906224916__global_l1_flow_v3__density_medium,proto_sw_2_3__seed_3906224916__global_l1_flow_v3__density_medium__unit_candidates_v2,eb74c711024636ee791ccd61e648e56e168df27d26ea19ab0212a2c35651ff1d
C045,proto_sw_2_3,compact,medium,1,100004,MB-L2,Ours@B,3,,3,2,1,success,,"[""proto_sw_2_3__seed_3906224916__global_l1_flow_v3__density_medium__selected_l1_004__Y-C__compact_c__context_preferred__sample_0103"", ""proto_sw_2_3__seed_3906224916__global_l1_flow_v3__density_medium__selected_l1_005__Y-2C__open_asymmetric__context_preferred__sample_0167"", ""proto_sw_2_3__seed_3906224916__global_l1_flow_v3__density_medium__selected_l1_006__L1-Only__independent_l1__context_preferred__sample_0170"", ""proto_sw_2_3__seed_3906224916__global_l1_flow_v3__density_medium__selected_l1_003__L1-Only__independent_l1__context_preferred__sample_0068"", ""proto_sw_2_3__seed_3906224916__global_l1_flow_v3__density_medium__selected_l1_002__L1-Only__independent_l1__context_preferred__sample_0034"", ""proto_sw_2_3__seed_3906224916__global_l1_flow_v3__density_medium__selected_l1_001__L1-Only__independent_l1__context_preferred__sample_0000""]","{""selected_l1_001"": ""L1_ONLY"", ""selected_l1_002"": ""L1_ONLY"", ""selected_l1_003"": ""L1_ONLY"", ""selected_l1_004"": ""SINGLE_L2_RIGHT"", ""selected_l1_005"": ""OPPOSED_L2_PAIR"", ""selected_l1_006"": ""L1_ONLY""}",754,0,1,0.004641400000309659,proto_sw_2_3__seed_3906224916__global_l1_flow_v3__density_medium,proto_sw_2_3__seed_3906224916__global_l1_flow_v3__density_medium__unit_candidates_v2,eb74c711024636ee791ccd61e648e56e168df27d26ea19ab0212a2c35651ff1d
C045,proto_sw_2_3,compact,medium,1,100004,MB-L2,LocalGreedy@B,4,,3,2,0,budget_not_attained,sequential irreversible pass ended below target B,"[""proto_sw_2_3__seed_3906224916__global_l1_flow_v3__density_medium__selected_l1_004__L1-Only__independent_l1__context_preferred__sample_0102"", ""proto_sw_2_3__seed_3906224916__global_l1_flow_v3__density_medium__selected_l1_005__L1-Only__independent_l1__context_preferred__sample_0136"", ""proto_sw_2_3__seed_3906224916__global_l1_flow_v3__density_medium__selected_l1_006__L1-Only__independent_l1__context_preferred__sample_0170"", ""proto_sw_2_3__seed_3906224916__global_l1_flow_v3__density_medium__selected_l1_003__L1-Only__independent_l1__context_preferred__sample_0068"", ""proto_sw_2_3__seed_3906224916__global_l1_flow_v3__density_medium__selected_l1_002__Y-2C__nested_s__context_swapped__sample_0054"", ""proto_sw_2_3__seed_3906224916__global_l1_flow_v3__density_medium__selected_l1_001__Y-C__balanced_s__context_preferred__sample_0003""]","{""selected_l1_001"": ""SINGLE_L2_RIGHT"", ""selected_l1_002"": ""OPPOSED_L2_PAIR"", ""selected_l1_003"": ""L1_ONLY"", ""selected_l1_004"": ""L1_ONLY"", ""selected_l1_005"": ""L1_ONLY"", ""selected_l1_006"": ""L1_ONLY""}",6,0,1,0.003139599999940401,proto_sw_2_3__seed_3906224916__global_l1_flow_v3__density_medium,proto_sw_2_3__seed_3906224916__global_l1_flow_v3__density_medium__unit_candidates_v2,eb74c711024636ee791ccd61e648e56e168df27d26ea19ab0212a2c35651ff1d
C045,proto_sw_2_3,compact,medium,1,100004,MB-L2,Ours@B,4,,4,2,1,success,,"[""proto_sw_2_3__seed_3906224916__global_l1_flow_v3__density_medium__selected_l1_004__L1-Only__independent_l1__context_preferred__sample_0102"", ""proto_sw_2_3__seed_3906224916__global_l1_flow_v3__density_medium__selected_l1_005__Y-2C__open_asymmetric__context_preferred__sample_0167"", ""proto_sw_2_3__seed_3906224916__global_l1_flow_v3__density_medium__selected_l1_006__Y-2C__open_asymmetric__context_preferred__sample_0192"", ""proto_sw_2_3__seed_3906224916__global_l1_flow_v3__density_medium__selected_l1_003__L1-Only__independent_l1__context_preferred__sample_0068"", ""proto_sw_2_3__seed_3906224916__global_l1_flow_v3__density_medium__selected_l1_002__L1-Only__independent_l1__context_preferred__sample_0034"", ""proto_sw_2_3__seed_3906224916__global_l1_flow_v3__density_medium__selected_l1_001__L1-Only__independent_l1__context_preferred__sample_0000""]","{""selected_l1_001"": ""L1_ONLY"", ""selected_l1_002"": ""L1_ONLY"", ""selected_l1_003"": ""L1_ONLY"", ""selected_l1_004"": ""L1_ONLY"", ""selected_l1_005"": ""OPPOSED_L2_PAIR"", ""selected_l1_006"": ""OPPOSED_L2_PAIR""}",1372,0,1,0.010050800000044546,proto_sw_2_3__seed_3906224916__global_l1_flow_v3__density_medium,proto_sw_2_3__seed_3906224916__global_l1_flow_v3__density_medium__unit_candidates_v2,eb74c711024636ee791ccd61e648e56e168df27d26ea19ab0212a2c35651ff1d
C046,proto_sw_2_3,compact,medium,2,100013,MB-L2,LocalGreedy@B,1,,1,1,1,success,,"[""proto_sw_2_3__seed_1575422959__global_l1_flow_v3__density_medium__selected_l1_002__L1-Only__independent_l1__context_preferred__sample_0034"", ""proto_sw_2_3__seed_1575422959__global_l1_flow_v3__density_medium__selected_l1_004__L1-Only__independent_l1__context_preferred__sample_0102"", ""proto_sw_2_3__seed_1575422959__global_l1_flow_v3__density_medium__selected_l1_003__Y-C__balanced_s__context_opposed__sample_0072"", ""proto_sw_2_3__seed_1575422959__global_l1_flow_v3__density_medium__selected_l1_005__L1-Only__independent_l1__context_preferred__sample_0136"", ""proto_sw_2_3__seed_1575422959__global_l1_flow_v3__density_medium__selected_l1_001__L1-Only__independent_l1__context_preferred__sample_0000"", ""proto_sw_2_3__seed_1575422959__global_l1_flow_v3__density_medium__selected_l1_006__L1-Only__independent_l1__context_preferred__sample_0170""]","{""selected_l1_001"": ""L1_ONLY"", ""selected_l1_002"": ""L1_ONLY"", ""selected_l1_003"": ""SINGLE_L2_RIGHT"", ""selected_l1_004"": ""L1_ONLY"", ""selected_l1_005"": ""L1_ONLY"", ""selected_l1_006"": ""L1_ONLY""}",6,0,1,0.002636500000335218,proto_sw_2_3__seed_1575422959__global_l1_flow_v3__density_medium,proto_sw_2_3__seed_1575422959__global_l1_flow_v3__density_medium__unit_candidates_v2,32b7206f4bfbdc9c545e34b4a1ee53a0e70b52e37ed547dd22f5b69575e51ad8
C046,proto_sw_2_3,compact,medium,2,100013,MB-L2,Ours@B,1,,1,1,1,success,,"[""proto_sw_2_3__seed_1575422959__global_l1_flow_v3__density_medium__selected_l1_002__L1-Only__independent_l1__context_preferred__sample_0034"", ""proto_sw_2_3__seed_1575422959__global_l1_flow_v3__density_medium__selected_l1_004__L1-Only__independent_l1__context_preferred__sample_0102"", ""proto_sw_2_3__seed_1575422959__global_l1_flow_v3__density_medium__selected_l1_003__L1-Only__independent_l1__context_preferred__sample_0068"", ""proto_sw_2_3__seed_1575422959__global_l1_flow_v3__density_medium__selected_l1_005__L1-Only__independent_l1__context_preferred__sample_0136"", ""proto_sw_2_3__seed_1575422959__global_l1_flow_v3__density_medium__selected_l1_001__L1-Only__independent_l1__context_preferred__sample_0000"", ""proto_sw_2_3__seed_1575422959__global_l1_flow_v3__density_medium__selected_l1_006__Y-C__compact_c__context_preferred__sample_0171""]","{""selected_l1_001"": ""L1_ONLY"", ""selected_l1_002"": ""L1_ONLY"", ""selected_l1_003"": ""L1_ONLY"", ""selected_l1_004"": ""L1_ONLY"", ""selected_l1_005"": ""L1_ONLY"", ""selected_l1_006"": ""SINGLE_L2_RIGHT""}",416,0,1,0.005101100000047154,proto_sw_2_3__seed_1575422959__global_l1_flow_v3__density_medium,proto_sw_2_3__seed_1575422959__global_l1_flow_v3__density_medium__unit_candidates_v2,32b7206f4bfbdc9c545e34b4a1ee53a0e70b52e37ed547dd22f5b69575e51ad8
C046,proto_sw_2_3,compact,medium,2,100013,MB-L2,LocalGreedy@B,2,,2,1,1,success,,"[""proto_sw_2_3__seed_1575422959__global_l1_flow_v3__density_medium__selected_l1_002__L1-Only__independent_l1__context_preferred__sample_0034"", ""proto_sw_2_3__seed_1575422959__global_l1_flow_v3__density_medium__selected_l1_004__L1-Only__independent_l1__context_preferred__sample_0102"", ""proto_sw_2_3__seed_1575422959__global_l1_flow_v3__density_medium__selected_l1_003__Y-2C__nested_s__context_preferred__sample_0078"", ""proto_sw_2_3__seed_1575422959__global_l1_flow_v3__density_medium__selected_l1_005__L1-Only__independent_l1__context_preferred__sample_0136"", ""proto_sw_2_3__seed_1575422959__global_l1_flow_v3__density_medium__selected_l1_001__L1-Only__independent_l1__context_preferred__sample_0000"", ""proto_sw_2_3__seed_1575422959__global_l1_flow_v3__density_medium__selected_l1_006__L1-Only__independent_l1__context_preferred__sample_0170""]","{""selected_l1_001"": ""L1_ONLY"", ""selected_l1_002"": ""L1_ONLY"", ""selected_l1_003"": ""OPPOSED_L2_PAIR"", ""selected_l1_004"": ""L1_ONLY"", ""selected_l1_005"": ""L1_ONLY"", ""selected_l1_006"": ""L1_ONLY""}",6,0,1,0.0019606999999268737,proto_sw_2_3__seed_1575422959__global_l1_flow_v3__density_medium,proto_sw_2_3__seed_1575422959__global_l1_flow_v3__density_medium__unit_candidates_v2,32b7206f4bfbdc9c545e34b4a1ee53a0e70b52e37ed547dd22f5b69575e51ad8
C046,proto_sw_2_3,compact,medium,2,100013,MB-L2,Ours@B,2,,2,1,1,success,,"[""proto_sw_2_3__seed_1575422959__global_l1_flow_v3__density_medium__selected_l1_002__L1-Only__independent_l1__context_preferred__sample_0034"", ""proto_sw_2_3__seed_1575422959__global_l1_flow_v3__density_medium__selected_l1_004__Y-2C__open_asymmetric__context_swapped__sample_0134"", ""proto_sw_2_3__seed_1575422959__global_l1_flow_v3__density_medium__selected_l1_003__L1-Only__independent_l1__context_preferred__sample_0068"", ""proto_sw_2_3__seed_1575422959__global_l1_flow_v3__density_medium__selected_l1_005__L1-Only__independent_l1__context_preferred__sample_0136"", ""proto_sw_2_3__seed_1575422959__global_l1_flow_v3__density_medium__selected_l1_001__L1-Only__independent_l1__context_preferred__sample_0000"", ""proto_sw_2_3__seed_1575422959__global_l1_flow_v3__density_medium__selected_l1_006__L1-Only__independent_l1__context_preferred__sample_0170""]","{""selected_l1_001"": ""L1_ONLY"", ""selected_l1_002"": ""L1_ONLY"", ""selected_l1_003"": ""L1_ONLY"", ""selected_l1_004"": ""OPPOSED_L2_PAIR"", ""selected_l1_005"": ""L1_ONLY"", ""selected_l1_006"": ""L1_ONLY""}",230,0,1,0.004916099999718426,proto_sw_2_3__seed_1575422959__global_l1_flow_v3__density_medium,proto_sw_2_3__seed_1575422959__global_l1_flow_v3__density_medium__unit_candidates_v2,32b7206f4bfbdc9c545e34b4a1ee53a0e70b52e37ed547dd22f5b69575e51ad8
C047,proto_sw_2_3,compact,rich,1,100014,MB-L2,LocalGreedy@B,1,,1,1,1,success,,"[""proto_sw_2_3__seed_3322687601__global_l1_flow_v3__density_rich__selected_l1_004__L1-Only__independent_l1__context_preferred__sample_0102"", ""proto_sw_2_3__seed_3322687601__global_l1_flow_v3__density_rich__selected_l1_003__L1-Only__independent_l1__context_preferred__sample_0068"", ""proto_sw_2_3__seed_3322687601__global_l1_flow_v3__density_rich__selected_l1_001__L1-Only__independent_l1__context_preferred__sample_0000"", ""proto_sw_2_3__seed_3322687601__global_l1_flow_v3__density_rich__selected_l1_005__L1-Only__independent_l1__context_preferred__sample_0136"", ""proto_sw_2_3__seed_3322687601__global_l1_flow_v3__density_rich__selected_l1_006__L1-Only__independent_l1__context_preferred__sample_0170"", ""proto_sw_2_3__seed_3322687601__global_l1_flow_v3__density_rich__selected_l1_002__Y-C__balanced_s__context_opposed__sample_0038""]","{""selected_l1_001"": ""L1_ONLY"", ""selected_l1_002"": ""SINGLE_L2_RIGHT"", ""selected_l1_003"": ""L1_ONLY"", ""selected_l1_004"": ""L1_ONLY"", ""selected_l1_005"": ""L1_ONLY"", ""selected_l1_006"": ""L1_ONLY""}",6,0,1,0.0019447999998192245,proto_sw_2_3__seed_3322687601__global_l1_flow_v3__density_rich,proto_sw_2_3__seed_3322687601__global_l1_flow_v3__density_rich__unit_candidates_v2,e7ac20b8ac41288eb7daab883e72421a66fa3b88d7f0b171b4340e81ad01f84e
C047,proto_sw_2_3,compact,rich,1,100014,MB-L2,Ours@B,1,,1,1,1,success,,"[""proto_sw_2_3__seed_3322687601__global_l1_flow_v3__density_rich__selected_l1_004__L1-Only__independent_l1__context_preferred__sample_0102"", ""proto_sw_2_3__seed_3322687601__global_l1_flow_v3__density_rich__selected_l1_003__L1-Only__independent_l1__context_preferred__sample_0068"", ""proto_sw_2_3__seed_3322687601__global_l1_flow_v3__density_rich__selected_l1_001__Y-C__open_c__context_opposed__sample_0006"", ""proto_sw_2_3__seed_3322687601__global_l1_flow_v3__density_rich__selected_l1_005__L1-Only__independent_l1__context_preferred__sample_0136"", ""proto_sw_2_3__seed_3322687601__global_l1_flow_v3__density_rich__selected_l1_006__L1-Only__independent_l1__context_preferred__sample_0170"", ""proto_sw_2_3__seed_3322687601__global_l1_flow_v3__density_rich__selected_l1_002__L1-Only__independent_l1__context_preferred__sample_0034""]","{""selected_l1_001"": ""SINGLE_L2_LEFT"", ""selected_l1_002"": ""L1_ONLY"", ""selected_l1_003"": ""L1_ONLY"", ""selected_l1_004"": ""L1_ONLY"", ""selected_l1_005"": ""L1_ONLY"", ""selected_l1_006"": ""L1_ONLY""}",1933,0,1,0.00887060000013662,proto_sw_2_3__seed_3322687601__global_l1_flow_v3__density_rich,proto_sw_2_3__seed_3322687601__global_l1_flow_v3__density_rich__unit_candidates_v2,e7ac20b8ac41288eb7daab883e72421a66fa3b88d7f0b171b4340e81ad01f84e
C047,proto_sw_2_3,compact,rich,1,100014,MB-L2,LocalGreedy@B,2,,2,1,1,success,,"[""proto_sw_2_3__seed_3322687601__global_l1_flow_v3__density_rich__selected_l1_004__L1-Only__independent_l1__context_preferred__sample_0102"", ""proto_sw_2_3__seed_3322687601__global_l1_flow_v3__density_rich__selected_l1_003__L1-Only__independent_l1__context_preferred__sample_0068"", ""proto_sw_2_3__seed_3322687601__global_l1_flow_v3__density_rich__selected_l1_001__L1-Only__independent_l1__context_preferred__sample_0000"", ""proto_sw_2_3__seed_3322687601__global_l1_flow_v3__density_rich__selected_l1_005__L1-Only__independent_l1__context_preferred__sample_0136"", ""proto_sw_2_3__seed_3322687601__global_l1_flow_v3__density_rich__selected_l1_006__L1-Only__independent_l1__context_preferred__sample_0170"", ""proto_sw_2_3__seed_3322687601__global_l1_flow_v3__density_rich__selected_l1_002__Y-2C__open_asymmetric__context_preferred__sample_0047""]","{""selected_l1_001"": ""L1_ONLY"", ""selected_l1_002"": ""OPPOSED_L2_PAIR"", ""selected_l1_003"": ""L1_ONLY"", ""selected_l1_004"": ""L1_ONLY"", ""selected_l1_005"": ""L1_ONLY"", ""selected_l1_006"": ""L1_ONLY""}",6,0,1,0.0030473000001620676,proto_sw_2_3__seed_3322687601__global_l1_flow_v3__density_rich,proto_sw_2_3__seed_3322687601__global_l1_flow_v3__density_rich__unit_candidates_v2,e7ac20b8ac41288eb7daab883e72421a66fa3b88d7f0b171b4340e81ad01f84e
C047,proto_sw_2_3,compact,rich,1,100014,MB-L2,Ours@B,2,,2,2,1,success,,"[""proto_sw_2_3__seed_3322687601__global_l1_flow_v3__density_rich__selected_l1_004__L1-Only__independent_l1__context_preferred__sample_0102"", ""proto_sw_2_3__seed_3322687601__global_l1_flow_v3__density_rich__selected_l1_003__L1-Only__independent_l1__context_preferred__sample_0068"", ""proto_sw_2_3__seed_3322687601__global_l1_flow_v3__density_rich__selected_l1_001__Y-C__open_c__context_preferred__sample_0005"", ""proto_sw_2_3__seed_3322687601__global_l1_flow_v3__density_rich__selected_l1_005__Y-C__open_c__context_preferred__sample_0141"", ""proto_sw_2_3__seed_3322687601__global_l1_flow_v3__density_rich__selected_l1_006__L1-Only__independent_l1__context_preferred__sample_0170"", ""proto_sw_2_3__seed_3322687601__global_l1_flow_v3__density_rich__selected_l1_002__L1-Only__independent_l1__context_preferred__sample_0034""]","{""selected_l1_001"": ""SINGLE_L2_RIGHT"", ""selected_l1_002"": ""L1_ONLY"", ""selected_l1_003"": ""L1_ONLY"", ""selected_l1_004"": ""L1_ONLY"", ""selected_l1_005"": ""SINGLE_L2_LEFT"", ""selected_l1_006"": ""L1_ONLY""}",4533,0,1,0.014890000000377768,proto_sw_2_3__seed_3322687601__global_l1_flow_v3__density_rich,proto_sw_2_3__seed_3322687601__global_l1_flow_v3__density_rich__unit_candidates_v2,e7ac20b8ac41288eb7daab883e72421a66fa3b88d7f0b171b4340e81ad01f84e
C047,proto_sw_2_3,compact,rich,1,100014,MB-L2,LocalGreedy@B,3,,3,2,1,success,,"[""proto_sw_2_3__seed_3322687601__global_l1_flow_v3__density_rich__selected_l1_004__L1-Only__independent_l1__context_preferred__sample_0102"", ""proto_sw_2_3__seed_3322687601__global_l1_flow_v3__density_rich__selected_l1_003__L1-Only__independent_l1__context_preferred__sample_0068"", ""proto_sw_2_3__seed_3322687601__global_l1_flow_v3__density_rich__selected_l1_001__L1-Only__independent_l1__context_preferred__sample_0000"", ""proto_sw_2_3__seed_3322687601__global_l1_flow_v3__density_rich__selected_l1_005__Y-C__balanced_s__context_opposed__sample_0140"", ""proto_sw_2_3__seed_3322687601__global_l1_flow_v3__density_rich__selected_l1_006__L1-Only__independent_l1__context_preferred__sample_0170"", ""proto_sw_2_3__seed_3322687601__global_l1_flow_v3__density_rich__selected_l1_002__Y-2C__open_asymmetric__context_preferred__sample_0047""]","{""selected_l1_001"": ""L1_ONLY"", ""selected_l1_002"": ""OPPOSED_L2_PAIR"", ""selected_l1_003"": ""L1_ONLY"", ""selected_l1_004"": ""L1_ONLY"", ""selected_l1_005"": ""SINGLE_L2_RIGHT"", ""selected_l1_006"": ""L1_ONLY""}",6,0,1,0.0016115999997055042,proto_sw_2_3__seed_3322687601__global_l1_flow_v3__density_rich,proto_sw_2_3__seed_3322687601__global_l1_flow_v3__density_rich__unit_candidates_v2,e7ac20b8ac41288eb7daab883e72421a66fa3b88d7f0b171b4340e81ad01f84e
C047,proto_sw_2_3,compact,rich,1,100014,MB-L2,Ours@B,3,,3,2,1,success,,"[""proto_sw_2_3__seed_3322687601__global_l1_flow_v3__density_rich__selected_l1_004__L1-Only__independent_l1__context_preferred__sample_0102"", ""proto_sw_2_3__seed_3322687601__global_l1_flow_v3__density_rich__selected_l1_003__L1-Only__independent_l1__context_preferred__sample_0068"", ""proto_sw_2_3__seed_3322687601__global_l1_flow_v3__density_rich__selected_l1_001__Y-2C__open_asymmetric__context_preferred__sample_0031"", ""proto_sw_2_3__seed_3322687601__global_l1_flow_v3__density_rich__selected_l1_005__Y-C__open_c__context_preferred__sample_0141"", ""proto_sw_2_3__seed_3322687601__global_l1_flow_v3__density_rich__selected_l1_006__L1-Only__independent_l1__context_preferred__sample_0170"", ""proto_sw_2_3__seed_3322687601__global_l1_flow_v3__density_rich__selected_l1_002__L1-Only__independent_l1__context_preferred__sample_0034""]","{""selected_l1_001"": ""OPPOSED_L2_PAIR"", ""selected_l1_002"": ""L1_ONLY"", ""selected_l1_003"": ""L1_ONLY"", ""selected_l1_004"": ""L1_ONLY"", ""selected_l1_005"": ""SINGLE_L2_LEFT"", ""selected_l1_006"": ""L1_ONLY""}",5830,0,1,0.025409899999885965,proto_sw_2_3__seed_3322687601__global_l1_flow_v3__density_rich,proto_sw_2_3__seed_3322687601__global_l1_flow_v3__density_rich__unit_candidates_v2,e7ac20b8ac41288eb7daab883e72421a66fa3b88d7f0b171b4340e81ad01f84e
C047,proto_sw_2_3,compact,rich,1,100014,MB-L2,LocalGreedy@B,4,,4,2,1,success,,"[""proto_sw_2_3__seed_3322687601__global_l1_flow_v3__density_rich__selected_l1_004__L1-Only__independent_l1__context_preferred__sample_0102"", ""proto_sw_2_3__seed_3322687601__global_l1_flow_v3__density_rich__selected_l1_003__L1-Only__independent_l1__context_preferred__sample_0068"", ""proto_sw_2_3__seed_3322687601__global_l1_flow_v3__density_rich__selected_l1_001__L1-Only__independent_l1__context_preferred__sample_0000"", ""proto_sw_2_3__seed_3322687601__global_l1_flow_v3__density_rich__selected_l1_005__Y-2C__nested_s__context_swapped__sample_0147"", ""proto_sw_2_3__seed_3322687601__global_l1_flow_v3__density_rich__selected_l1_006__L1-Only__independent_l1__context_preferred__sample_0170"", ""proto_sw_2_3__seed_3322687601__global_l1_flow_v3__density_rich__selected_l1_002__Y-2C__open_asymmetric__context_preferred__sample_0047""]","{""selected_l1_001"": ""L1_ONLY"", ""selected_l1_002"": ""OPPOSED_L2_PAIR"", ""selected_l1_003"": ""L1_ONLY"", ""selected_l1_004"": ""L1_ONLY"", ""selected_l1_005"": ""OPPOSED_L2_PAIR"", ""selected_l1_006"": ""L1_ONLY""}",6,0,1,0.0031348999996225757,proto_sw_2_3__seed_3322687601__global_l1_flow_v3__density_rich,proto_sw_2_3__seed_3322687601__global_l1_flow_v3__density_rich__unit_candidates_v2,e7ac20b8ac41288eb7daab883e72421a66fa3b88d7f0b171b4340e81ad01f84e
C047,proto_sw_2_3,compact,rich,1,100014,MB-L2,Ours@B,4,,4,2,1,success,,"[""proto_sw_2_3__seed_3322687601__global_l1_flow_v3__density_rich__selected_l1_004__L1-Only__independent_l1__context_preferred__sample_0102"", ""proto_sw_2_3__seed_3322687601__global_l1_flow_v3__density_rich__selected_l1_003__L1-Only__independent_l1__context_preferred__sample_0068"", ""proto_sw_2_3__seed_3322687601__global_l1_flow_v3__density_rich__selected_l1_001__Y-2C__open_asymmetric__context_preferred__sample_0031"", ""proto_sw_2_3__seed_3322687601__global_l1_flow_v3__density_rich__selected_l1_005__Y-2C__open_asymmetric__context_preferred__sample_0167"", ""proto_sw_2_3__seed_3322687601__global_l1_flow_v3__density_rich__selected_l1_006__L1-Only__independent_l1__context_preferred__sample_0170"", ""proto_sw_2_3__seed_3322687601__global_l1_flow_v3__density_rich__selected_l1_002__L1-Only__independent_l1__context_preferred__sample_0034""]","{""selected_l1_001"": ""OPPOSED_L2_PAIR"", ""selected_l1_002"": ""L1_ONLY"", ""selected_l1_003"": ""L1_ONLY"", ""selected_l1_004"": ""L1_ONLY"", ""selected_l1_005"": ""OPPOSED_L2_PAIR"", ""selected_l1_006"": ""L1_ONLY""}",3586,0,1,0.009843199999977514,proto_sw_2_3__seed_3322687601__global_l1_flow_v3__density_rich,proto_sw_2_3__seed_3322687601__global_l1_flow_v3__density_rich__unit_candidates_v2,e7ac20b8ac41288eb7daab883e72421a66fa3b88d7f0b171b4340e81ad01f84e
C048,proto_sw_2_3,compact,rich,2,100032,MB-L2,LocalGreedy@B,1,,1,1,1,success,,"[""proto_sw_2_3__seed_279600048__global_l1_flow_v3__density_rich__selected_l1_002__Y-C__balanced_s__context_opposed__sample_0038"", ""proto_sw_2_3__seed_279600048__global_l1_flow_v3__density_rich__selected_l1_004__L1-Only__independent_l1__context_preferred__sample_0102"", ""proto_sw_2_3__seed_279600048__global_l1_flow_v3__density_rich__selected_l1_005__L1-Only__independent_l1__context_preferred__sample_0136"", ""proto_sw_2_3__seed_279600048__global_l1_flow_v3__density_rich__selected_l1_001__L1-Only__independent_l1__context_preferred__sample_0000"", ""proto_sw_2_3__seed_279600048__global_l1_flow_v3__density_rich__selected_l1_006__L1-Only__independent_l1__context_preferred__sample_0170"", ""proto_sw_2_3__seed_279600048__global_l1_flow_v3__density_rich__selected_l1_003__L1-Only__independent_l1__context_preferred__sample_0068""]","{""selected_l1_001"": ""L1_ONLY"", ""selected_l1_002"": ""SINGLE_L2_RIGHT"", ""selected_l1_003"": ""L1_ONLY"", ""selected_l1_004"": ""L1_ONLY"", ""selected_l1_005"": ""L1_ONLY"", ""selected_l1_006"": ""L1_ONLY""}",6,0,1,0.003362399999787158,proto_sw_2_3__seed_279600048__global_l1_flow_v3__density_rich,proto_sw_2_3__seed_279600048__global_l1_flow_v3__density_rich__unit_candidates_v2,1163ae890eb204b1f7c1f79fd236ce9ae8588224ecf77a92dadf6557234ed577
C048,proto_sw_2_3,compact,rich,2,100032,MB-L2,Ours@B,1,,1,1,1,success,,"[""proto_sw_2_3__seed_279600048__global_l1_flow_v3__density_rich__selected_l1_002__L1-Only__independent_l1__context_preferred__sample_0034"", ""proto_sw_2_3__seed_279600048__global_l1_flow_v3__density_rich__selected_l1_004__L1-Only__independent_l1__context_preferred__sample_0102"", ""proto_sw_2_3__seed_279600048__global_l1_flow_v3__density_rich__selected_l1_005__Y-C__open_c__context_preferred__sample_0141"", ""proto_sw_2_3__seed_279600048__global_l1_flow_v3__density_rich__selected_l1_001__L1-Only__independent_l1__context_preferred__sample_0000"", ""proto_sw_2_3__seed_279600048__global_l1_flow_v3__density_rich__selected_l1_006__L1-Only__independent_l1__context_preferred__sample_0170"", ""proto_sw_2_3__seed_279600048__global_l1_flow_v3__density_rich__selected_l1_003__L1-Only__independent_l1__context_preferred__sample_0068""]","{""selected_l1_001"": ""L1_ONLY"", ""selected_l1_002"": ""L1_ONLY"", ""selected_l1_003"": ""L1_ONLY"", ""selected_l1_004"": ""L1_ONLY"", ""selected_l1_005"": ""SINGLE_L2_LEFT"", ""selected_l1_006"": ""L1_ONLY""}",2105,0,1,0.011401400000067952,proto_sw_2_3__seed_279600048__global_l1_flow_v3__density_rich,proto_sw_2_3__seed_279600048__global_l1_flow_v3__density_rich__unit_candidates_v2,1163ae890eb204b1f7c1f79fd236ce9ae8588224ecf77a92dadf6557234ed577
C048,proto_sw_2_3,compact,rich,2,100032,MB-L2,LocalGreedy@B,2,,2,2,1,success,,"[""proto_sw_2_3__seed_279600048__global_l1_flow_v3__density_rich__selected_l1_002__Y-C__balanced_s__context_opposed__sample_0038"", ""proto_sw_2_3__seed_279600048__global_l1_flow_v3__density_rich__selected_l1_004__L1-Only__independent_l1__context_preferred__sample_0102"", ""proto_sw_2_3__seed_279600048__global_l1_flow_v3__density_rich__selected_l1_005__L1-Only__independent_l1__context_preferred__sample_0136"", ""proto_sw_2_3__seed_279600048__global_l1_flow_v3__density_rich__selected_l1_001__L1-Only__independent_l1__context_preferred__sample_0000"", ""proto_sw_2_3__seed_279600048__global_l1_flow_v3__density_rich__selected_l1_006__Y-C__balanced_s__context_opposed__sample_0174"", ""proto_sw_2_3__seed_279600048__global_l1_flow_v3__density_rich__selected_l1_003__L1-Only__independent_l1__context_preferred__sample_0068""]","{""selected_l1_001"": ""L1_ONLY"", ""selected_l1_002"": ""SINGLE_L2_RIGHT"", ""selected_l1_003"": ""L1_ONLY"", ""selected_l1_004"": ""L1_ONLY"", ""selected_l1_005"": ""L1_ONLY"", ""selected_l1_006"": ""SINGLE_L2_LEFT""}",6,0,1,0.0021551999998337124,proto_sw_2_3__seed_279600048__global_l1_flow_v3__density_rich,proto_sw_2_3__seed_279600048__global_l1_flow_v3__density_rich__unit_candidates_v2,1163ae890eb204b1f7c1f79fd236ce9ae8588224ecf77a92dadf6557234ed577
C048,proto_sw_2_3,compact,rich,2,100032,MB-L2,Ours@B,2,,2,2,1,success,,"[""proto_sw_2_3__seed_279600048__global_l1_flow_v3__density_rich__selected_l1_002__L1-Only__independent_l1__context_preferred__sample_0034"", ""proto_sw_2_3__seed_279600048__global_l1_flow_v3__density_rich__selected_l1_004__L1-Only__independent_l1__context_preferred__sample_0102"", ""proto_sw_2_3__seed_279600048__global_l1_flow_v3__density_rich__selected_l1_005__Y-C__open_c__context_preferred__sample_0141"", ""proto_sw_2_3__seed_279600048__global_l1_flow_v3__density_rich__selected_l1_001__Y-C__open_c__context_opposed__sample_0006"", ""proto_sw_2_3__seed_279600048__global_l1_flow_v3__density_rich__selected_l1_006__L1-Only__independent_l1__context_preferred__sample_0170"", ""proto_sw_2_3__seed_279600048__global_l1_flow_v3__density_rich__selected_l1_003__L1-Only__independent_l1__context_preferred__sample_0068""]","{""selected_l1_001"": ""SINGLE_L2_LEFT"", ""selected_l1_002"": ""L1_ONLY"", ""selected_l1_003"": ""L1_ONLY"", ""selected_l1_004"": ""L1_ONLY"", ""selected_l1_005"": ""SINGLE_L2_LEFT"", ""selected_l1_006"": ""L1_ONLY""}",1378,0,1,0.009794199999760167,proto_sw_2_3__seed_279600048__global_l1_flow_v3__density_rich,proto_sw_2_3__seed_279600048__global_l1_flow_v3__density_rich__unit_candidates_v2,1163ae890eb204b1f7c1f79fd236ce9ae8588224ecf77a92dadf6557234ed577
C048,proto_sw_2_3,compact,rich,2,100032,MB-L2,LocalGreedy@B,3,,3,2,1,success,,"[""proto_sw_2_3__seed_279600048__global_l1_flow_v3__density_rich__selected_l1_002__Y-C__balanced_s__context_opposed__sample_0038"", ""proto_sw_2_3__seed_279600048__global_l1_flow_v3__density_rich__selected_l1_004__L1-Only__independent_l1__context_preferred__sample_0102"", ""proto_sw_2_3__seed_279600048__global_l1_flow_v3__density_rich__selected_l1_005__L1-Only__independent_l1__context_preferred__sample_0136"", ""proto_sw_2_3__seed_279600048__global_l1_flow_v3__density_rich__selected_l1_001__L1-Only__independent_l1__context_preferred__sample_0000"", ""proto_sw_2_3__seed_279600048__global_l1_flow_v3__density_rich__selected_l1_006__Y-2C__nested_s__context_preferred__sample_0180"", ""proto_sw_2_3__seed_279600048__global_l1_flow_v3__density_rich__selected_l1_003__L1-Only__independent_l1__context_preferred__sample_0068""]","{""selected_l1_001"": ""L1_ONLY"", ""selected_l1_002"": ""SINGLE_L2_RIGHT"", ""selected_l1_003"": ""L1_ONLY"", ""selected_l1_004"": ""L1_ONLY"", ""selected_l1_005"": ""L1_ONLY"", ""selected_l1_006"": ""OPPOSED_L2_PAIR""}",6,0,1,0.0028087000000596163,proto_sw_2_3__seed_279600048__global_l1_flow_v3__density_rich,proto_sw_2_3__seed_279600048__global_l1_flow_v3__density_rich__unit_candidates_v2,1163ae890eb204b1f7c1f79fd236ce9ae8588224ecf77a92dadf6557234ed577
C048,proto_sw_2_3,compact,rich,2,100032,MB-L2,Ours@B,3,,3,2,1,success,,"[""proto_sw_2_3__seed_279600048__global_l1_flow_v3__density_rich__selected_l1_002__L1-Only__independent_l1__context_preferred__sample_0034"", ""proto_sw_2_3__seed_279600048__global_l1_flow_v3__density_rich__selected_l1_004__L1-Only__independent_l1__context_preferred__sample_0102"", ""proto_sw_2_3__seed_279600048__global_l1_flow_v3__density_rich__selected_l1_005__Y-2C__open_asymmetric__context_preferred__sample_0167"", ""proto_sw_2_3__seed_279600048__global_l1_flow_v3__density_rich__selected_l1_001__Y-C__open_c__context_opposed__sample_0006"", ""proto_sw_2_3__seed_279600048__global_l1_flow_v3__density_rich__selected_l1_006__L1-Only__independent_l1__context_preferred__sample_0170"", ""proto_sw_2_3__seed_279600048__global_l1_flow_v3__density_rich__selected_l1_003__L1-Only__independent_l1__context_preferred__sample_0068""]","{""selected_l1_001"": ""SINGLE_L2_LEFT"", ""selected_l1_002"": ""L1_ONLY"", ""selected_l1_003"": ""L1_ONLY"", ""selected_l1_004"": ""L1_ONLY"", ""selected_l1_005"": ""OPPOSED_L2_PAIR"", ""selected_l1_006"": ""L1_ONLY""}",1858,0,1,0.012543499999992491,proto_sw_2_3__seed_279600048__global_l1_flow_v3__density_rich,proto_sw_2_3__seed_279600048__global_l1_flow_v3__density_rich__unit_candidates_v2,1163ae890eb204b1f7c1f79fd236ce9ae8588224ecf77a92dadf6557234ed577
C048,proto_sw_2_3,compact,rich,2,100032,MB-L2,LocalGreedy@B,4,,3,2,0,budget_not_attained,sequential irreversible pass ended below target B,"[""proto_sw_2_3__seed_279600048__global_l1_flow_v3__density_rich__selected_l1_002__Y-C__balanced_s__context_opposed__sample_0038"", ""proto_sw_2_3__seed_279600048__global_l1_flow_v3__density_rich__selected_l1_004__L1-Only__independent_l1__context_preferred__sample_0102"", ""proto_sw_2_3__seed_279600048__global_l1_flow_v3__density_rich__selected_l1_005__L1-Only__independent_l1__context_preferred__sample_0136"", ""proto_sw_2_3__seed_279600048__global_l1_flow_v3__density_rich__selected_l1_001__L1-Only__independent_l1__context_preferred__sample_0000"", ""proto_sw_2_3__seed_279600048__global_l1_flow_v3__density_rich__selected_l1_006__Y-2C__nested_s__context_preferred__sample_0180"", ""proto_sw_2_3__seed_279600048__global_l1_flow_v3__density_rich__selected_l1_003__L1-Only__independent_l1__context_preferred__sample_0068""]","{""selected_l1_001"": ""L1_ONLY"", ""selected_l1_002"": ""SINGLE_L2_RIGHT"", ""selected_l1_003"": ""L1_ONLY"", ""selected_l1_004"": ""L1_ONLY"", ""selected_l1_005"": ""L1_ONLY"", ""selected_l1_006"": ""OPPOSED_L2_PAIR""}",6,0,1,0.001862299999629613,proto_sw_2_3__seed_279600048__global_l1_flow_v3__density_rich,proto_sw_2_3__seed_279600048__global_l1_flow_v3__density_rich__unit_candidates_v2,1163ae890eb204b1f7c1f79fd236ce9ae8588224ecf77a92dadf6557234ed577
C048,proto_sw_2_3,compact,rich,2,100032,MB-L2,Ours@B,4,,4,2,1,success,,"[""proto_sw_2_3__seed_279600048__global_l1_flow_v3__density_rich__selected_l1_002__L1-Only__independent_l1__context_preferred__sample_0034"", ""proto_sw_2_3__seed_279600048__global_l1_flow_v3__density_rich__selected_l1_004__L1-Only__independent_l1__context_preferred__sample_0102"", ""proto_sw_2_3__seed_279600048__global_l1_flow_v3__density_rich__selected_l1_005__Y-2C__open_asymmetric__context_preferred__sample_0167"", ""proto_sw_2_3__seed_279600048__global_l1_flow_v3__density_rich__selected_l1_001__Y-2C__open_asymmetric__context_preferred__sample_0022"", ""proto_sw_2_3__seed_279600048__global_l1_flow_v3__density_rich__selected_l1_006__L1-Only__independent_l1__context_preferred__sample_0170"", ""proto_sw_2_3__seed_279600048__global_l1_flow_v3__density_rich__selected_l1_003__L1-Only__independent_l1__context_preferred__sample_0068""]","{""selected_l1_001"": ""OPPOSED_L2_PAIR"", ""selected_l1_002"": ""L1_ONLY"", ""selected_l1_003"": ""L1_ONLY"", ""selected_l1_004"": ""L1_ONLY"", ""selected_l1_005"": ""OPPOSED_L2_PAIR"", ""selected_l1_006"": ""L1_ONLY""}",1981,0,1,0.013662900000326772,proto_sw_2_3__seed_279600048__global_l1_flow_v3__density_rich,proto_sw_2_3__seed_279600048__global_l1_flow_v3__density_rich__unit_candidates_v2,1163ae890eb204b1f7c1f79fd236ce9ae8588224ecf77a92dadf6557234ed577
C049,proto_sw_2_3,swept,simple,1,100015,MB-L2,LocalGreedy@B,1,,1,1,1,success,,"[""proto_sw_2_3__seed_1105195513__global_l1_flow_v3__density_simple__selected_l1_003__L1-Only__independent_l1__context_preferred__sample_0068"", ""proto_sw_2_3__seed_1105195513__global_l1_flow_v3__density_simple__selected_l1_004__Y-C__balanced_s__context_opposed__sample_0106"", ""proto_sw_2_3__seed_1105195513__global_l1_flow_v3__density_simple__selected_l1_002__L1-Only__independent_l1__context_preferred__sample_0034"", ""proto_sw_2_3__seed_1105195513__global_l1_flow_v3__density_simple__selected_l1_005__L1-Only__independent_l1__context_preferred__sample_0136"", ""proto_sw_2_3__seed_1105195513__global_l1_flow_v3__density_simple__selected_l1_001__L1-Only__independent_l1__context_preferred__sample_0000"", ""proto_sw_2_3__seed_1105195513__global_l1_flow_v3__density_simple__selected_l1_006__L1-Only__independent_l1__context_preferred__sample_0170""]","{""selected_l1_001"": ""L1_ONLY"", ""selected_l1_002"": ""L1_ONLY"", ""selected_l1_003"": ""L1_ONLY"", ""selected_l1_004"": ""SINGLE_L2_RIGHT"", ""selected_l1_005"": ""L1_ONLY"", ""selected_l1_006"": ""L1_ONLY""}",6,0,1,0.002036100000168517,proto_sw_2_3__seed_1105195513__global_l1_flow_v3__density_simple,proto_sw_2_3__seed_1105195513__global_l1_flow_v3__density_simple__unit_candidates_v2,8e63785bca2494cd64898a8952db1a7825f582d3c80239824d6ae301fe91cca8
C049,proto_sw_2_3,swept,simple,1,100015,MB-L2,Ours@B,1,,1,1,1,success,,"[""proto_sw_2_3__seed_1105195513__global_l1_flow_v3__density_simple__selected_l1_003__L1-Only__independent_l1__context_preferred__sample_0068"", ""proto_sw_2_3__seed_1105195513__global_l1_flow_v3__density_simple__selected_l1_004__L1-Only__independent_l1__context_preferred__sample_0102"", ""proto_sw_2_3__seed_1105195513__global_l1_flow_v3__density_simple__selected_l1_002__L1-Only__independent_l1__context_preferred__sample_0034"", ""proto_sw_2_3__seed_1105195513__global_l1_flow_v3__density_simple__selected_l1_005__L1-Only__independent_l1__context_preferred__sample_0136"", ""proto_sw_2_3__seed_1105195513__global_l1_flow_v3__density_simple__selected_l1_001__L1-Only__independent_l1__context_preferred__sample_0000"", ""proto_sw_2_3__seed_1105195513__global_l1_flow_v3__density_simple__selected_l1_006__Y-C__open_c__context_preferred__sample_0175""]","{""selected_l1_001"": ""L1_ONLY"", ""selected_l1_002"": ""L1_ONLY"", ""selected_l1_003"": ""L1_ONLY"", ""selected_l1_004"": ""L1_ONLY"", ""selected_l1_005"": ""L1_ONLY"", ""selected_l1_006"": ""SINGLE_L2_LEFT""}",663,0,1,0.002874800000427058,proto_sw_2_3__seed_1105195513__global_l1_flow_v3__density_simple,proto_sw_2_3__seed_1105195513__global_l1_flow_v3__density_simple__unit_candidates_v2,8e63785bca2494cd64898a8952db1a7825f582d3c80239824d6ae301fe91cca8
C049,proto_sw_2_3,swept,simple,1,100015,MB-L2,LocalGreedy@B,2,,2,2,1,success,,"[""proto_sw_2_3__seed_1105195513__global_l1_flow_v3__density_simple__selected_l1_003__L1-Only__independent_l1__context_preferred__sample_0068"", ""proto_sw_2_3__seed_1105195513__global_l1_flow_v3__density_simple__selected_l1_004__Y-C__balanced_s__context_opposed__sample_0106"", ""proto_sw_2_3__seed_1105195513__global_l1_flow_v3__density_simple__selected_l1_002__L1-Only__independent_l1__context_preferred__sample_0034"", ""proto_sw_2_3__seed_1105195513__global_l1_flow_v3__density_simple__selected_l1_005__L1-Only__independent_l1__context_preferred__sample_0136"", ""proto_sw_2_3__seed_1105195513__global_l1_flow_v3__density_simple__selected_l1_001__L1-Only__independent_l1__context_preferred__sample_0000"", ""proto_sw_2_3__seed_1105195513__global_l1_flow_v3__density_simple__selected_l1_006__Y-C__balanced_s__context_preferred__sample_0173""]","{""selected_l1_001"": ""L1_ONLY"", ""selected_l1_002"": ""L1_ONLY"", ""selected_l1_003"": ""L1_ONLY"", ""selected_l1_004"": ""SINGLE_L2_RIGHT"", ""selected_l1_005"": ""L1_ONLY"", ""selected_l1_006"": ""SINGLE_L2_LEFT""}",6,0,1,0.0010105000001203734,proto_sw_2_3__seed_1105195513__global_l1_flow_v3__density_simple,proto_sw_2_3__seed_1105195513__global_l1_flow_v3__density_simple__unit_candidates_v2,8e63785bca2494cd64898a8952db1a7825f582d3c80239824d6ae301fe91cca8
C049,proto_sw_2_3,swept,simple,1,100015,MB-L2,Ours@B,2,,2,2,1,success,,"[""proto_sw_2_3__seed_1105195513__global_l1_flow_v3__density_simple__selected_l1_003__L1-Only__independent_l1__context_preferred__sample_0068"", ""proto_sw_2_3__seed_1105195513__global_l1_flow_v3__density_simple__selected_l1_004__L1-Only__independent_l1__context_preferred__sample_0102"", ""proto_sw_2_3__seed_1105195513__global_l1_flow_v3__density_simple__selected_l1_002__Y-C__open_c__context_opposed__sample_0040"", ""proto_sw_2_3__seed_1105195513__global_l1_flow_v3__density_simple__selected_l1_005__L1-Only__independent_l1__context_preferred__sample_0136"", ""proto_sw_2_3__seed_1105195513__global_l1_flow_v3__density_simple__selected_l1_001__L1-Only__independent_l1__context_preferred__sample_0000"", ""proto_sw_2_3__seed_1105195513__global_l1_flow_v3__density_simple__selected_l1_006__Y-C__open_c__context_preferred__sample_0175""]","{""selected_l1_001"": ""L1_ONLY"", ""selected_l1_002"": ""SINGLE_L2_RIGHT"", ""selected_l1_003"": ""L1_ONLY"", ""selected_l1_004"": ""L1_ONLY"", ""selected_l1_005"": ""L1_ONLY"", ""selected_l1_006"": ""SINGLE_L2_LEFT""}",966,0,1,0.003648700000212557,proto_sw_2_3__seed_1105195513__global_l1_flow_v3__density_simple,proto_sw_2_3__seed_1105195513__global_l1_flow_v3__density_simple__unit_candidates_v2,8e63785bca2494cd64898a8952db1a7825f582d3c80239824d6ae301fe91cca8
C049,proto_sw_2_3,swept,simple,1,100015,MB-L2,LocalGreedy@B,3,,3,2,1,success,,"[""proto_sw_2_3__seed_1105195513__global_l1_flow_v3__density_simple__selected_l1_003__L1-Only__independent_l1__context_preferred__sample_0068"", ""proto_sw_2_3__seed_1105195513__global_l1_flow_v3__density_simple__selected_l1_004__Y-C__balanced_s__context_opposed__sample_0106"", ""proto_sw_2_3__seed_1105195513__global_l1_flow_v3__density_simple__selected_l1_002__L1-Only__independent_l1__context_preferred__sample_0034"", ""proto_sw_2_3__seed_1105195513__global_l1_flow_v3__density_simple__selected_l1_005__L1-Only__independent_l1__context_preferred__sample_0136"", ""proto_sw_2_3__seed_1105195513__global_l1_flow_v3__density_simple__selected_l1_001__L1-Only__independent_l1__context_preferred__sample_0000"", ""proto_sw_2_3__seed_1105195513__global_l1_flow_v3__density_simple__selected_l1_006__Y-2C__open_asymmetric__context_preferred__sample_0183""]","{""selected_l1_001"": ""L1_ONLY"", ""selected_l1_002"": ""L1_ONLY"", ""selected_l1_003"": ""L1_ONLY"", ""selected_l1_004"": ""SINGLE_L2_RIGHT"", ""selected_l1_005"": ""L1_ONLY"", ""selected_l1_006"": ""OPPOSED_L2_PAIR""}",6,0,1,0.002030799999829469,proto_sw_2_3__seed_1105195513__global_l1_flow_v3__density_simple,proto_sw_2_3__seed_1105195513__global_l1_flow_v3__density_simple__unit_candidates_v2,8e63785bca2494cd64898a8952db1a7825f582d3c80239824d6ae301fe91cca8
C049,proto_sw_2_3,swept,simple,1,100015,MB-L2,Ours@B,3,,3,2,1,success,,"[""proto_sw_2_3__seed_1105195513__global_l1_flow_v3__density_simple__selected_l1_003__L1-Only__independent_l1__context_preferred__sample_0068"", ""proto_sw_2_3__seed_1105195513__global_l1_flow_v3__density_simple__selected_l1_004__L1-Only__independent_l1__context_preferred__sample_0102"", ""proto_sw_2_3__seed_1105195513__global_l1_flow_v3__density_simple__selected_l1_002__Y-2C__staggered_c__context_preferred__sample_0059"", ""proto_sw_2_3__seed_1105195513__global_l1_flow_v3__density_simple__selected_l1_005__L1-Only__independent_l1__context_preferred__sample_0136"", ""proto_sw_2_3__seed_1105195513__global_l1_flow_v3__density_simple__selected_l1_001__L1-Only__independent_l1__context_preferred__sample_0000"", ""proto_sw_2_3__seed_1105195513__global_l1_flow_v3__density_simple__selected_l1_006__Y-C__open_c__context_preferred__sample_0175""]","{""selected_l1_001"": ""L1_ONLY"", ""selected_l1_002"": ""OPPOSED_L2_PAIR"", ""selected_l1_003"": ""L1_ONLY"", ""selected_l1_004"": ""L1_ONLY"", ""selected_l1_005"": ""L1_ONLY"", ""selected_l1_006"": ""SINGLE_L2_LEFT""}",912,0,1,0.003734100000201579,proto_sw_2_3__seed_1105195513__global_l1_flow_v3__density_simple,proto_sw_2_3__seed_1105195513__global_l1_flow_v3__density_simple__unit_candidates_v2,8e63785bca2494cd64898a8952db1a7825f582d3c80239824d6ae301fe91cca8
C049,proto_sw_2_3,swept,simple,1,100015,MB-L2,LocalGreedy@B,4,,3,2,0,budget_not_attained,sequential irreversible pass ended below target B,"[""proto_sw_2_3__seed_1105195513__global_l1_flow_v3__density_simple__selected_l1_003__L1-Only__independent_l1__context_preferred__sample_0068"", ""proto_sw_2_3__seed_1105195513__global_l1_flow_v3__density_simple__selected_l1_004__Y-C__balanced_s__context_opposed__sample_0106"", ""proto_sw_2_3__seed_1105195513__global_l1_flow_v3__density_simple__selected_l1_002__L1-Only__independent_l1__context_preferred__sample_0034"", ""proto_sw_2_3__seed_1105195513__global_l1_flow_v3__density_simple__selected_l1_005__L1-Only__independent_l1__context_preferred__sample_0136"", ""proto_sw_2_3__seed_1105195513__global_l1_flow_v3__density_simple__selected_l1_001__L1-Only__independent_l1__context_preferred__sample_0000"", ""proto_sw_2_3__seed_1105195513__global_l1_flow_v3__density_simple__selected_l1_006__Y-2C__open_asymmetric__context_preferred__sample_0183""]","{""selected_l1_001"": ""L1_ONLY"", ""selected_l1_002"": ""L1_ONLY"", ""selected_l1_003"": ""L1_ONLY"", ""selected_l1_004"": ""SINGLE_L2_RIGHT"", ""selected_l1_005"": ""L1_ONLY"", ""selected_l1_006"": ""OPPOSED_L2_PAIR""}",6,0,1,0.0008505000000695873,proto_sw_2_3__seed_1105195513__global_l1_flow_v3__density_simple,proto_sw_2_3__seed_1105195513__global_l1_flow_v3__density_simple__unit_candidates_v2,8e63785bca2494cd64898a8952db1a7825f582d3c80239824d6ae301fe91cca8
C049,proto_sw_2_3,swept,simple,1,100015,MB-L2,Ours@B,4,,4,2,1,success,,"[""proto_sw_2_3__seed_1105195513__global_l1_flow_v3__density_simple__selected_l1_003__L1-Only__independent_l1__context_preferred__sample_0068"", ""proto_sw_2_3__seed_1105195513__global_l1_flow_v3__density_simple__selected_l1_004__L1-Only__independent_l1__context_preferred__sample_0102"", ""proto_sw_2_3__seed_1105195513__global_l1_flow_v3__density_simple__selected_l1_002__Y-2C__staggered_c__context_preferred__sample_0059"", ""proto_sw_2_3__seed_1105195513__global_l1_flow_v3__density_simple__selected_l1_005__Y-2C__open_asymmetric__context_preferred__sample_0149"", ""proto_sw_2_3__seed_1105195513__global_l1_flow_v3__density_simple__selected_l1_001__L1-Only__independent_l1__context_preferred__sample_0000"", ""proto_sw_2_3__seed_1105195513__global_l1_flow_v3__density_simple__selected_l1_006__L1-Only__independent_l1__context_preferred__sample_0170""]","{""selected_l1_001"": ""L1_ONLY"", ""selected_l1_002"": ""OPPOSED_L2_PAIR"", ""selected_l1_003"": ""L1_ONLY"", ""selected_l1_004"": ""L1_ONLY"", ""selected_l1_005"": ""OPPOSED_L2_PAIR"", ""selected_l1_006"": ""L1_ONLY""}",333,0,1,0.002123500000379863,proto_sw_2_3__seed_1105195513__global_l1_flow_v3__density_simple,proto_sw_2_3__seed_1105195513__global_l1_flow_v3__density_simple__unit_candidates_v2,8e63785bca2494cd64898a8952db1a7825f582d3c80239824d6ae301fe91cca8
C050,proto_sw_2_3,swept,simple,2,100022,MB-L2,LocalGreedy@B,1,,1,1,1,success,,"[""proto_sw_2_3__seed_1900972879__global_l1_flow_v3__density_simple__selected_l1_003__L1-Only__independent_l1__context_preferred__sample_0068"", ""proto_sw_2_3__seed_1900972879__global_l1_flow_v3__density_simple__selected_l1_001__Y-C__balanced_s__context_opposed__sample_0004"", ""proto_sw_2_3__seed_1900972879__global_l1_flow_v3__density_simple__selected_l1_002__L1-Only__independent_l1__context_preferred__sample_0034"", ""proto_sw_2_3__seed_1900972879__global_l1_flow_v3__density_simple__selected_l1_005__L1-Only__independent_l1__context_preferred__sample_0136"", ""proto_sw_2_3__seed_1900972879__global_l1_flow_v3__density_simple__selected_l1_004__L1-Only__independent_l1__context_preferred__sample_0102""]","{""selected_l1_001"": ""SINGLE_L2_RIGHT"", ""selected_l1_002"": ""L1_ONLY"", ""selected_l1_003"": ""L1_ONLY"", ""selected_l1_004"": ""L1_ONLY"", ""selected_l1_005"": ""L1_ONLY""}",5,0,1,0.0018556999998509127,proto_sw_2_3__seed_1900972879__global_l1_flow_v3__density_simple,proto_sw_2_3__seed_1900972879__global_l1_flow_v3__density_simple__unit_candidates_v2,b285e298c020b1bc9dbdd088c47f7d7c563d7be385a3ad54087e7da168322d9c
C050,proto_sw_2_3,swept,simple,2,100022,MB-L2,Ours@B,1,,1,1,1,success,,"[""proto_sw_2_3__seed_1900972879__global_l1_flow_v3__density_simple__selected_l1_003__L1-Only__independent_l1__context_preferred__sample_0068"", ""proto_sw_2_3__seed_1900972879__global_l1_flow_v3__density_simple__selected_l1_001__Y-C__open_c__context_opposed__sample_0006"", ""proto_sw_2_3__seed_1900972879__global_l1_flow_v3__density_simple__selected_l1_002__L1-Only__independent_l1__context_preferred__sample_0034"", ""proto_sw_2_3__seed_1900972879__global_l1_flow_v3__density_simple__selected_l1_005__L1-Only__independent_l1__context_preferred__sample_0136"", ""proto_sw_2_3__seed_1900972879__global_l1_flow_v3__density_simple__selected_l1_004__L1-Only__independent_l1__context_preferred__sample_0102""]","{""selected_l1_001"": ""SINGLE_L2_RIGHT"", ""selected_l1_002"": ""L1_ONLY"", ""selected_l1_003"": ""L1_ONLY"", ""selected_l1_004"": ""L1_ONLY"", ""selected_l1_005"": ""L1_ONLY""}",860,0,1,0.003936699999940174,proto_sw_2_3__seed_1900972879__global_l1_flow_v3__density_simple,proto_sw_2_3__seed_1900972879__global_l1_flow_v3__density_simple__unit_candidates_v2,b285e298c020b1bc9dbdd088c47f7d7c563d7be385a3ad54087e7da168322d9c
C050,proto_sw_2_3,swept,simple,2,100022,MB-L2,LocalGreedy@B,2,,2,1,1,success,,"[""proto_sw_2_3__seed_1900972879__global_l1_flow_v3__density_simple__selected_l1_003__L1-Only__independent_l1__context_preferred__sample_0068"", ""proto_sw_2_3__seed_1900972879__global_l1_flow_v3__density_simple__selected_l1_001__Y-2C__nested_s__context_preferred__sample_0010"", ""proto_sw_2_3__seed_1900972879__global_l1_flow_v3__density_simple__selected_l1_002__L1-Only__independent_l1__context_preferred__sample_0034"", ""proto_sw_2_3__seed_1900972879__global_l1_flow_v3__density_simple__selected_l1_005__L1-Only__independent_l1__context_preferred__sample_0136"", ""proto_sw_2_3__seed_1900972879__global_l1_flow_v3__density_simple__selected_l1_004__L1-Only__independent_l1__context_preferred__sample_0102""]","{""selected_l1_001"": ""OPPOSED_L2_PAIR"", ""selected_l1_002"": ""L1_ONLY"", ""selected_l1_003"": ""L1_ONLY"", ""selected_l1_004"": ""L1_ONLY"", ""selected_l1_005"": ""L1_ONLY""}",5,0,1,0.0023774999999659485,proto_sw_2_3__seed_1900972879__global_l1_flow_v3__density_simple,proto_sw_2_3__seed_1900972879__global_l1_flow_v3__density_simple__unit_candidates_v2,b285e298c020b1bc9dbdd088c47f7d7c563d7be385a3ad54087e7da168322d9c
C050,proto_sw_2_3,swept,simple,2,100022,MB-L2,Ours@B,2,,2,2,1,success,,"[""proto_sw_2_3__seed_1900972879__global_l1_flow_v3__density_simple__selected_l1_003__L1-Only__independent_l1__context_preferred__sample_0068"", ""proto_sw_2_3__seed_1900972879__global_l1_flow_v3__density_simple__selected_l1_001__Y-C__open_c__context_opposed__sample_0006"", ""proto_sw_2_3__seed_1900972879__global_l1_flow_v3__density_simple__selected_l1_002__L1-Only__independent_l1__context_preferred__sample_0034"", ""proto_sw_2_3__seed_1900972879__global_l1_flow_v3__density_simple__selected_l1_005__Y-C__open_c__context_opposed__sample_0142"", ""proto_sw_2_3__seed_1900972879__global_l1_flow_v3__density_simple__selected_l1_004__L1-Only__independent_l1__context_preferred__sample_0102""]","{""selected_l1_001"": ""SINGLE_L2_RIGHT"", ""selected_l1_002"": ""L1_ONLY"", ""selected_l1_003"": ""L1_ONLY"", ""selected_l1_004"": ""L1_ONLY"", ""selected_l1_005"": ""SINGLE_L2_LEFT""}",2746,0,1,0.007663699999739038,proto_sw_2_3__seed_1900972879__global_l1_flow_v3__density_simple,proto_sw_2_3__seed_1900972879__global_l1_flow_v3__density_simple__unit_candidates_v2,b285e298c020b1bc9dbdd088c47f7d7c563d7be385a3ad54087e7da168322d9c
C050,proto_sw_2_3,swept,simple,2,100022,MB-L2,LocalGreedy@B,3,,3,2,1,success,,"[""proto_sw_2_3__seed_1900972879__global_l1_flow_v3__density_simple__selected_l1_003__L1-Only__independent_l1__context_preferred__sample_0068"", ""proto_sw_2_3__seed_1900972879__global_l1_flow_v3__density_simple__selected_l1_001__Y-2C__nested_s__context_preferred__sample_0010"", ""proto_sw_2_3__seed_1900972879__global_l1_flow_v3__density_simple__selected_l1_002__Y-C__balanced_s__context_opposed__sample_0038"", ""proto_sw_2_3__seed_1900972879__global_l1_flow_v3__density_simple__selected_l1_005__L1-Only__independent_l1__context_preferred__sample_0136"", ""proto_sw_2_3__seed_1900972879__global_l1_flow_v3__density_simple__selected_l1_004__L1-Only__independent_l1__context_preferred__sample_0102""]","{""selected_l1_001"": ""OPPOSED_L2_PAIR"", ""selected_l1_002"": ""SINGLE_L2_LEFT"", ""selected_l1_003"": ""L1_ONLY"", ""selected_l1_004"": ""L1_ONLY"", ""selected_l1_005"": ""L1_ONLY""}",5,0,1,0.0020008000001325854,proto_sw_2_3__seed_1900972879__global_l1_flow_v3__density_simple,proto_sw_2_3__seed_1900972879__global_l1_flow_v3__density_simple__unit_candidates_v2,b285e298c020b1bc9dbdd088c47f7d7c563d7be385a3ad54087e7da168322d9c
C050,proto_sw_2_3,swept,simple,2,100022,MB-L2,Ours@B,3,,3,2,1,success,,"[""proto_sw_2_3__seed_1900972879__global_l1_flow_v3__density_simple__selected_l1_003__L1-Only__independent_l1__context_preferred__sample_0068"", ""proto_sw_2_3__seed_1900972879__global_l1_flow_v3__density_simple__selected_l1_001__Y-2C__nested_s__context_preferred__sample_0010"", ""proto_sw_2_3__seed_1900972879__global_l1_flow_v3__density_simple__selected_l1_002__L1-Only__independent_l1__context_preferred__sample_0034"", ""proto_sw_2_3__seed_1900972879__global_l1_flow_v3__density_simple__selected_l1_005__Y-C__open_c__context_opposed__sample_0142"", ""proto_sw_2_3__seed_1900972879__global_l1_flow_v3__density_simple__selected_l1_004__L1-Only__independent_l1__context_preferred__sample_0102""]","{""selected_l1_001"": ""OPPOSED_L2_PAIR"", ""selected_l1_002"": ""L1_ONLY"", ""selected_l1_003"": ""L1_ONLY"", ""selected_l1_004"": ""L1_ONLY"", ""selected_l1_005"": ""SINGLE_L2_LEFT""}",7188,0,1,0.013793099999929836,proto_sw_2_3__seed_1900972879__global_l1_flow_v3__density_simple,proto_sw_2_3__seed_1900972879__global_l1_flow_v3__density_simple__unit_candidates_v2,b285e298c020b1bc9dbdd088c47f7d7c563d7be385a3ad54087e7da168322d9c
C050,proto_sw_2_3,swept,simple,2,100022,MB-L2,LocalGreedy@B,4,,3,2,0,budget_not_attained,sequential irreversible pass ended below target B,"[""proto_sw_2_3__seed_1900972879__global_l1_flow_v3__density_simple__selected_l1_003__L1-Only__independent_l1__context_preferred__sample_0068"", ""proto_sw_2_3__seed_1900972879__global_l1_flow_v3__density_simple__selected_l1_001__Y-2C__nested_s__context_preferred__sample_0010"", ""proto_sw_2_3__seed_1900972879__global_l1_flow_v3__density_simple__selected_l1_002__Y-C__balanced_s__context_opposed__sample_0038"", ""proto_sw_2_3__seed_1900972879__global_l1_flow_v3__density_simple__selected_l1_005__L1-Only__independent_l1__context_preferred__sample_0136"", ""proto_sw_2_3__seed_1900972879__global_l1_flow_v3__density_simple__selected_l1_004__L1-Only__independent_l1__context_preferred__sample_0102""]","{""selected_l1_001"": ""OPPOSED_L2_PAIR"", ""selected_l1_002"": ""SINGLE_L2_LEFT"", ""selected_l1_003"": ""L1_ONLY"", ""selected_l1_004"": ""L1_ONLY"", ""selected_l1_005"": ""L1_ONLY""}",5,0,1,0.002054500000213011,proto_sw_2_3__seed_1900972879__global_l1_flow_v3__density_simple,proto_sw_2_3__seed_1900972879__global_l1_flow_v3__density_simple__unit_candidates_v2,b285e298c020b1bc9dbdd088c47f7d7c563d7be385a3ad54087e7da168322d9c
C050,proto_sw_2_3,swept,simple,2,100022,MB-L2,Ours@B,4,,4,2,1,success,,"[""proto_sw_2_3__seed_1900972879__global_l1_flow_v3__density_simple__selected_l1_003__L1-Only__independent_l1__context_preferred__sample_0068"", ""proto_sw_2_3__seed_1900972879__global_l1_flow_v3__density_simple__selected_l1_001__Y-2C__nested_s__context_preferred__sample_0010"", ""proto_sw_2_3__seed_1900972879__global_l1_flow_v3__density_simple__selected_l1_002__L1-Only__independent_l1__context_preferred__sample_0034"", ""proto_sw_2_3__seed_1900972879__global_l1_flow_v3__density_simple__selected_l1_005__Y-2C__nested_s__context_swapped__sample_0156"", ""proto_sw_2_3__seed_1900972879__global_l1_flow_v3__density_simple__selected_l1_004__L1-Only__independent_l1__context_preferred__sample_0102""]","{""selected_l1_001"": ""OPPOSED_L2_PAIR"", ""selected_l1_002"": ""L1_ONLY"", ""selected_l1_003"": ""L1_ONLY"", ""selected_l1_004"": ""L1_ONLY"", ""selected_l1_005"": ""OPPOSED_L2_PAIR""}",2048,0,1,0.009263599999940197,proto_sw_2_3__seed_1900972879__global_l1_flow_v3__density_simple,proto_sw_2_3__seed_1900972879__global_l1_flow_v3__density_simple__unit_candidates_v2,b285e298c020b1bc9dbdd088c47f7d7c563d7be385a3ad54087e7da168322d9c
C051,proto_sw_2_3,swept,medium,1,100001,MB-L2,LocalGreedy@B,1,,1,1,1,success,,"[""proto_sw_2_3__seed_302128940__global_l1_flow_v3__density_medium__selected_l1_002__L1-Only__independent_l1__context_preferred__sample_0034"", ""proto_sw_2_3__seed_302128940__global_l1_flow_v3__density_medium__selected_l1_004__Y-C__balanced_s__context_opposed__sample_0106"", ""proto_sw_2_3__seed_302128940__global_l1_flow_v3__density_medium__selected_l1_003__L1-Only__independent_l1__context_preferred__sample_0068"", ""proto_sw_2_3__seed_302128940__global_l1_flow_v3__density_medium__selected_l1_001__L1-Only__independent_l1__context_preferred__sample_0000"", ""proto_sw_2_3__seed_302128940__global_l1_flow_v3__density_medium__selected_l1_005__L1-Only__independent_l1__context_preferred__sample_0136"", ""proto_sw_2_3__seed_302128940__global_l1_flow_v3__density_medium__selected_l1_006__L1-Only__independent_l1__context_preferred__sample_0170""]","{""selected_l1_001"": ""L1_ONLY"", ""selected_l1_002"": ""L1_ONLY"", ""selected_l1_003"": ""L1_ONLY"", ""selected_l1_004"": ""SINGLE_L2_LEFT"", ""selected_l1_005"": ""L1_ONLY"", ""selected_l1_006"": ""L1_ONLY""}",6,0,1,0.0019572000001062406,proto_sw_2_3__seed_302128940__global_l1_flow_v3__density_medium,proto_sw_2_3__seed_302128940__global_l1_flow_v3__density_medium__unit_candidates_v2,a758e961dcb65cbe4def28fe1f457f60f9b6059e2e87ab2b48d8ad0c676c7227
C051,proto_sw_2_3,swept,medium,1,100001,MB-L2,Ours@B,1,,1,1,1,success,,"[""proto_sw_2_3__seed_302128940__global_l1_flow_v3__density_medium__selected_l1_002__L1-Only__independent_l1__context_preferred__sample_0034"", ""proto_sw_2_3__seed_302128940__global_l1_flow_v3__density_medium__selected_l1_004__L1-Only__independent_l1__context_preferred__sample_0102"", ""proto_sw_2_3__seed_302128940__global_l1_flow_v3__density_medium__selected_l1_003__L1-Only__independent_l1__context_preferred__sample_0068"", ""proto_sw_2_3__seed_302128940__global_l1_flow_v3__density_medium__selected_l1_001__L1-Only__independent_l1__context_preferred__sample_0000"", ""proto_sw_2_3__seed_302128940__global_l1_flow_v3__density_medium__selected_l1_005__Y-C__open_c__context_preferred__sample_0141"", ""proto_sw_2_3__seed_302128940__global_l1_flow_v3__density_medium__selected_l1_006__L1-Only__independent_l1__context_preferred__sample_0170""]","{""selected_l1_001"": ""L1_ONLY"", ""selected_l1_002"": ""L1_ONLY"", ""selected_l1_003"": ""L1_ONLY"", ""selected_l1_004"": ""L1_ONLY"", ""selected_l1_005"": ""SINGLE_L2_LEFT"", ""selected_l1_006"": ""L1_ONLY""}",328,0,1,0.004471999999623222,proto_sw_2_3__seed_302128940__global_l1_flow_v3__density_medium,proto_sw_2_3__seed_302128940__global_l1_flow_v3__density_medium__unit_candidates_v2,a758e961dcb65cbe4def28fe1f457f60f9b6059e2e87ab2b48d8ad0c676c7227
C051,proto_sw_2_3,swept,medium,1,100001,MB-L2,LocalGreedy@B,2,,2,1,1,success,,"[""proto_sw_2_3__seed_302128940__global_l1_flow_v3__density_medium__selected_l1_002__L1-Only__independent_l1__context_preferred__sample_0034"", ""proto_sw_2_3__seed_302128940__global_l1_flow_v3__density_medium__selected_l1_004__Y-2C__open_asymmetric__context_preferred__sample_0124"", ""proto_sw_2_3__seed_302128940__global_l1_flow_v3__density_medium__selected_l1_003__L1-Only__independent_l1__context_preferred__sample_0068"", ""proto_sw_2_3__seed_302128940__global_l1_flow_v3__density_medium__selected_l1_001__L1-Only__independent_l1__context_preferred__sample_0000"", ""proto_sw_2_3__seed_302128940__global_l1_flow_v3__density_medium__selected_l1_005__L1-Only__independent_l1__context_preferred__sample_0136"", ""proto_sw_2_3__seed_302128940__global_l1_flow_v3__density_medium__selected_l1_006__L1-Only__independent_l1__context_preferred__sample_0170""]","{""selected_l1_001"": ""L1_ONLY"", ""selected_l1_002"": ""L1_ONLY"", ""selected_l1_003"": ""L1_ONLY"", ""selected_l1_004"": ""OPPOSED_L2_PAIR"", ""selected_l1_005"": ""L1_ONLY"", ""selected_l1_006"": ""L1_ONLY""}",6,0,1,0.0013515999999071937,proto_sw_2_3__seed_302128940__global_l1_flow_v3__density_medium,proto_sw_2_3__seed_302128940__global_l1_flow_v3__density_medium__unit_candidates_v2,a758e961dcb65cbe4def28fe1f457f60f9b6059e2e87ab2b48d8ad0c676c7227
C051,proto_sw_2_3,swept,medium,1,100001,MB-L2,Ours@B,2,,2,1,1,success,,"[""proto_sw_2_3__seed_302128940__global_l1_flow_v3__density_medium__selected_l1_002__L1-Only__independent_l1__context_preferred__sample_0034"", ""proto_sw_2_3__seed_302128940__global_l1_flow_v3__density_medium__selected_l1_004__Y-2C__staggered_c__context_preferred__sample_0109"", ""proto_sw_2_3__seed_302128940__global_l1_flow_v3__density_medium__selected_l1_003__L1-Only__independent_l1__context_preferred__sample_0068"", ""proto_sw_2_3__seed_302128940__global_l1_flow_v3__density_medium__selected_l1_001__L1-Only__independent_l1__context_preferred__sample_0000"", ""proto_sw_2_3__seed_302128940__global_l1_flow_v3__density_medium__selected_l1_005__L1-Only__independent_l1__context_preferred__sample_0136"", ""proto_sw_2_3__seed_302128940__global_l1_flow_v3__density_medium__selected_l1_006__L1-Only__independent_l1__context_preferred__sample_0170""]","{""selected_l1_001"": ""L1_ONLY"", ""selected_l1_002"": ""L1_ONLY"", ""selected_l1_003"": ""L1_ONLY"", ""selected_l1_004"": ""OPPOSED_L2_PAIR"", ""selected_l1_005"": ""L1_ONLY"", ""selected_l1_006"": ""L1_ONLY""}",354,0,1,0.00288829999999507,proto_sw_2_3__seed_302128940__global_l1_flow_v3__density_medium,proto_sw_2_3__seed_302128940__global_l1_flow_v3__density_medium__unit_candidates_v2,a758e961dcb65cbe4def28fe1f457f60f9b6059e2e87ab2b48d8ad0c676c7227
C052,proto_sw_2_3,swept,medium,2,100009,MB-L2,LocalGreedy@B,1,,1,1,1,success,,"[""proto_sw_2_3__seed_548579369__global_l1_flow_v3__density_medium__selected_l1_002__L1-Only__independent_l1__context_preferred__sample_0034"", ""proto_sw_2_3__seed_548579369__global_l1_flow_v3__density_medium__selected_l1_005__L1-Only__independent_l1__context_preferred__sample_0136"", ""proto_sw_2_3__seed_548579369__global_l1_flow_v3__density_medium__selected_l1_006__L1-Only__independent_l1__context_preferred__sample_0170"", ""proto_sw_2_3__seed_548579369__global_l1_flow_v3__density_medium__selected_l1_003__L1-Only__independent_l1__context_preferred__sample_0068"", ""proto_sw_2_3__seed_548579369__global_l1_flow_v3__density_medium__selected_l1_001__Y-C__balanced_s__context_preferred__sample_0003"", ""proto_sw_2_3__seed_548579369__global_l1_flow_v3__density_medium__selected_l1_004__L1-Only__independent_l1__context_preferred__sample_0102""]","{""selected_l1_001"": ""SINGLE_L2_LEFT"", ""selected_l1_002"": ""L1_ONLY"", ""selected_l1_003"": ""L1_ONLY"", ""selected_l1_004"": ""L1_ONLY"", ""selected_l1_005"": ""L1_ONLY"", ""selected_l1_006"": ""L1_ONLY""}",6,0,1,0.002001699999709672,proto_sw_2_3__seed_548579369__global_l1_flow_v3__density_medium,proto_sw_2_3__seed_548579369__global_l1_flow_v3__density_medium__unit_candidates_v2,b74756aefc2eafe34a6fa83e0758f368d27470eacf6510105e9c4c05cb344a74
C052,proto_sw_2_3,swept,medium,2,100009,MB-L2,Ours@B,1,,1,1,1,success,,"[""proto_sw_2_3__seed_548579369__global_l1_flow_v3__density_medium__selected_l1_002__L1-Only__independent_l1__context_preferred__sample_0034"", ""proto_sw_2_3__seed_548579369__global_l1_flow_v3__density_medium__selected_l1_005__L1-Only__independent_l1__context_preferred__sample_0136"", ""proto_sw_2_3__seed_548579369__global_l1_flow_v3__density_medium__selected_l1_006__L1-Only__independent_l1__context_preferred__sample_0170"", ""proto_sw_2_3__seed_548579369__global_l1_flow_v3__density_medium__selected_l1_003__L1-Only__independent_l1__context_preferred__sample_0068"", ""proto_sw_2_3__seed_548579369__global_l1_flow_v3__density_medium__selected_l1_001__L1-Only__independent_l1__context_preferred__sample_0000"", ""proto_sw_2_3__seed_548579369__global_l1_flow_v3__density_medium__selected_l1_004__Y-C__compact_c__context_opposed__sample_0104""]","{""selected_l1_001"": ""L1_ONLY"", ""selected_l1_002"": ""L1_ONLY"", ""selected_l1_003"": ""L1_ONLY"", ""selected_l1_004"": ""SINGLE_L2_LEFT"", ""selected_l1_005"": ""L1_ONLY"", ""selected_l1_006"": ""L1_ONLY""}",868,0,1,0.00511899999992238,proto_sw_2_3__seed_548579369__global_l1_flow_v3__density_medium,proto_sw_2_3__seed_548579369__global_l1_flow_v3__density_medium__unit_candidates_v2,b74756aefc2eafe34a6fa83e0758f368d27470eacf6510105e9c4c05cb344a74
C052,proto_sw_2_3,swept,medium,2,100009,MB-L2,LocalGreedy@B,2,,2,2,1,success,,"[""proto_sw_2_3__seed_548579369__global_l1_flow_v3__density_medium__selected_l1_002__Y-C__balanced_s__context_opposed__sample_0038"", ""proto_sw_2_3__seed_548579369__global_l1_flow_v3__density_medium__selected_l1_005__L1-Only__independent_l1__context_preferred__sample_0136"", ""proto_sw_2_3__seed_548579369__global_l1_flow_v3__density_medium__selected_l1_006__L1-Only__independent_l1__context_preferred__sample_0170"", ""proto_sw_2_3__seed_548579369__global_l1_flow_v3__density_medium__selected_l1_003__L1-Only__independent_l1__context_preferred__sample_0068"", ""proto_sw_2_3__seed_548579369__global_l1_flow_v3__density_medium__selected_l1_001__Y-C__balanced_s__context_preferred__sample_0003"", ""proto_sw_2_3__seed_548579369__global_l1_flow_v3__density_medium__selected_l1_004__L1-Only__independent_l1__context_preferred__sample_0102""]","{""selected_l1_001"": ""SINGLE_L2_LEFT"", ""selected_l1_002"": ""SINGLE_L2_LEFT"", ""selected_l1_003"": ""L1_ONLY"", ""selected_l1_004"": ""L1_ONLY"", ""selected_l1_005"": ""L1_ONLY"", ""selected_l1_006"": ""L1_ONLY""}",6,0,1,0.001307999999880849,proto_sw_2_3__seed_548579369__global_l1_flow_v3__density_medium,proto_sw_2_3__seed_548579369__global_l1_flow_v3__density_medium__unit_candidates_v2,b74756aefc2eafe34a6fa83e0758f368d27470eacf6510105e9c4c05cb344a74
C052,proto_sw_2_3,swept,medium,2,100009,MB-L2,Ours@B,2,,2,2,1,success,,"[""proto_sw_2_3__seed_548579369__global_l1_flow_v3__density_medium__selected_l1_002__L1-Only__independent_l1__context_preferred__sample_0034"", ""proto_sw_2_3__seed_548579369__global_l1_flow_v3__density_medium__selected_l1_005__L1-Only__independent_l1__context_preferred__sample_0136"", ""proto_sw_2_3__seed_548579369__global_l1_flow_v3__density_medium__selected_l1_006__L1-Only__independent_l1__context_preferred__sample_0170"", ""proto_sw_2_3__seed_548579369__global_l1_flow_v3__density_medium__selected_l1_003__L1-Only__independent_l1__context_preferred__sample_0068"", ""proto_sw_2_3__seed_548579369__global_l1_flow_v3__density_medium__selected_l1_001__Y-C__open_c__context_preferred__sample_0005"", ""proto_sw_2_3__seed_548579369__global_l1_flow_v3__density_medium__selected_l1_004__Y-C__compact_c__context_opposed__sample_0104""]","{""selected_l1_001"": ""SINGLE_L2_LEFT"", ""selected_l1_002"": ""L1_ONLY"", ""selected_l1_003"": ""L1_ONLY"", ""selected_l1_004"": ""SINGLE_L2_LEFT"", ""selected_l1_005"": ""L1_ONLY"", ""selected_l1_006"": ""L1_ONLY""}",419,0,1,0.005429299999832438,proto_sw_2_3__seed_548579369__global_l1_flow_v3__density_medium,proto_sw_2_3__seed_548579369__global_l1_flow_v3__density_medium__unit_candidates_v2,b74756aefc2eafe34a6fa83e0758f368d27470eacf6510105e9c4c05cb344a74
C052,proto_sw_2_3,swept,medium,2,100009,MB-L2,LocalGreedy@B,3,,3,2,1,success,,"[""proto_sw_2_3__seed_548579369__global_l1_flow_v3__density_medium__selected_l1_002__Y-2C__open_asymmetric__context_swapped__sample_0066"", ""proto_sw_2_3__seed_548579369__global_l1_flow_v3__density_medium__selected_l1_005__L1-Only__independent_l1__context_preferred__sample_0136"", ""proto_sw_2_3__seed_548579369__global_l1_flow_v3__density_medium__selected_l1_006__L1-Only__independent_l1__context_preferred__sample_0170"", ""proto_sw_2_3__seed_548579369__global_l1_flow_v3__density_medium__selected_l1_003__L1-Only__independent_l1__context_preferred__sample_0068"", ""proto_sw_2_3__seed_548579369__global_l1_flow_v3__density_medium__selected_l1_001__Y-C__balanced_s__context_preferred__sample_0003"", ""proto_sw_2_3__seed_548579369__global_l1_flow_v3__density_medium__selected_l1_004__L1-Only__independent_l1__context_preferred__sample_0102""]","{""selected_l1_001"": ""SINGLE_L2_LEFT"", ""selected_l1_002"": ""OPPOSED_L2_PAIR"", ""selected_l1_003"": ""L1_ONLY"", ""selected_l1_004"": ""L1_ONLY"", ""selected_l1_005"": ""L1_ONLY"", ""selected_l1_006"": ""L1_ONLY""}",6,0,1,0.0018009000000347442,proto_sw_2_3__seed_548579369__global_l1_flow_v3__density_medium,proto_sw_2_3__seed_548579369__global_l1_flow_v3__density_medium__unit_candidates_v2,b74756aefc2eafe34a6fa83e0758f368d27470eacf6510105e9c4c05cb344a74
C052,proto_sw_2_3,swept,medium,2,100009,MB-L2,Ours@B,3,,3,2,1,success,,"[""proto_sw_2_3__seed_548579369__global_l1_flow_v3__density_medium__selected_l1_002__L1-Only__independent_l1__context_preferred__sample_0034"", ""proto_sw_2_3__seed_548579369__global_l1_flow_v3__density_medium__selected_l1_005__L1-Only__independent_l1__context_preferred__sample_0136"", ""proto_sw_2_3__seed_548579369__global_l1_flow_v3__density_medium__selected_l1_006__L1-Only__independent_l1__context_preferred__sample_0170"", ""proto_sw_2_3__seed_548579369__global_l1_flow_v3__density_medium__selected_l1_003__L1-Only__independent_l1__context_preferred__sample_0068"", ""proto_sw_2_3__seed_548579369__global_l1_flow_v3__density_medium__selected_l1_001__Y-2C__open_asymmetric__context_swapped__sample_0032"", ""proto_sw_2_3__seed_548579369__global_l1_flow_v3__density_medium__selected_l1_004__Y-C__compact_c__context_opposed__sample_0104""]","{""selected_l1_001"": ""OPPOSED_L2_PAIR"", ""selected_l1_002"": ""L1_ONLY"", ""selected_l1_003"": ""L1_ONLY"", ""selected_l1_004"": ""SINGLE_L2_LEFT"", ""selected_l1_005"": ""L1_ONLY"", ""selected_l1_006"": ""L1_ONLY""}",1127,0,1,0.008046599999943282,proto_sw_2_3__seed_548579369__global_l1_flow_v3__density_medium,proto_sw_2_3__seed_548579369__global_l1_flow_v3__density_medium__unit_candidates_v2,b74756aefc2eafe34a6fa83e0758f368d27470eacf6510105e9c4c05cb344a74
C052,proto_sw_2_3,swept,medium,2,100009,MB-L2,LocalGreedy@B,4,,3,2,0,budget_not_attained,sequential irreversible pass ended below target B,"[""proto_sw_2_3__seed_548579369__global_l1_flow_v3__density_medium__selected_l1_002__Y-2C__open_asymmetric__context_swapped__sample_0066"", ""proto_sw_2_3__seed_548579369__global_l1_flow_v3__density_medium__selected_l1_005__L1-Only__independent_l1__context_preferred__sample_0136"", ""proto_sw_2_3__seed_548579369__global_l1_flow_v3__density_medium__selected_l1_006__L1-Only__independent_l1__context_preferred__sample_0170"", ""proto_sw_2_3__seed_548579369__global_l1_flow_v3__density_medium__selected_l1_003__L1-Only__independent_l1__context_preferred__sample_0068"", ""proto_sw_2_3__seed_548579369__global_l1_flow_v3__density_medium__selected_l1_001__Y-C__balanced_s__context_preferred__sample_0003"", ""proto_sw_2_3__seed_548579369__global_l1_flow_v3__density_medium__selected_l1_004__L1-Only__independent_l1__context_preferred__sample_0102""]","{""selected_l1_001"": ""SINGLE_L2_LEFT"", ""selected_l1_002"": ""OPPOSED_L2_PAIR"", ""selected_l1_003"": ""L1_ONLY"", ""selected_l1_004"": ""L1_ONLY"", ""selected_l1_005"": ""L1_ONLY"", ""selected_l1_006"": ""L1_ONLY""}",6,0,1,0.0017917000000124972,proto_sw_2_3__seed_548579369__global_l1_flow_v3__density_medium,proto_sw_2_3__seed_548579369__global_l1_flow_v3__density_medium__unit_candidates_v2,b74756aefc2eafe34a6fa83e0758f368d27470eacf6510105e9c4c05cb344a74
C052,proto_sw_2_3,swept,medium,2,100009,MB-L2,Ours@B,4,,4,2,1,success,,"[""proto_sw_2_3__seed_548579369__global_l1_flow_v3__density_medium__selected_l1_002__L1-Only__independent_l1__context_preferred__sample_0034"", ""proto_sw_2_3__seed_548579369__global_l1_flow_v3__density_medium__selected_l1_005__Y-2C__staggered_c__context_preferred__sample_0152"", ""proto_sw_2_3__seed_548579369__global_l1_flow_v3__density_medium__selected_l1_006__L1-Only__independent_l1__context_preferred__sample_0170"", ""proto_sw_2_3__seed_548579369__global_l1_flow_v3__density_medium__selected_l1_003__L1-Only__independent_l1__context_preferred__sample_0068"", ""proto_sw_2_3__seed_548579369__global_l1_flow_v3__density_medium__selected_l1_001__Y-2C__open_asymmetric__context_swapped__sample_0032"", ""proto_sw_2_3__seed_548579369__global_l1_flow_v3__density_medium__selected_l1_004__L1-Only__independent_l1__context_preferred__sample_0102""]","{""selected_l1_001"": ""OPPOSED_L2_PAIR"", ""selected_l1_002"": ""L1_ONLY"", ""selected_l1_003"": ""L1_ONLY"", ""selected_l1_004"": ""L1_ONLY"", ""selected_l1_005"": ""OPPOSED_L2_PAIR"", ""selected_l1_006"": ""L1_ONLY""}",1310,0,1,0.009356300000035844,proto_sw_2_3__seed_548579369__global_l1_flow_v3__density_medium,proto_sw_2_3__seed_548579369__global_l1_flow_v3__density_medium__unit_candidates_v2,b74756aefc2eafe34a6fa83e0758f368d27470eacf6510105e9c4c05cb344a74
C053,proto_sw_2_3,swept,rich,1,100007,MB-L2,LocalGreedy@B,1,,1,1,1,success,,"[""proto_sw_2_3__seed_3756345937__global_l1_flow_v3__density_rich__selected_l1_004__L1-Only__independent_l1__context_preferred__sample_0102"", ""proto_sw_2_3__seed_3756345937__global_l1_flow_v3__density_rich__selected_l1_001__Y-C__balanced_s__context_preferred__sample_0003"", ""proto_sw_2_3__seed_3756345937__global_l1_flow_v3__density_rich__selected_l1_006__L1-Only__independent_l1__context_preferred__sample_0170"", ""proto_sw_2_3__seed_3756345937__global_l1_flow_v3__density_rich__selected_l1_002__L1-Only__independent_l1__context_preferred__sample_0034"", ""proto_sw_2_3__seed_3756345937__global_l1_flow_v3__density_rich__selected_l1_005__L1-Only__independent_l1__context_preferred__sample_0136"", ""proto_sw_2_3__seed_3756345937__global_l1_flow_v3__density_rich__selected_l1_003__L1-Only__independent_l1__context_preferred__sample_0068""]","{""selected_l1_001"": ""SINGLE_L2_RIGHT"", ""selected_l1_002"": ""L1_ONLY"", ""selected_l1_003"": ""L1_ONLY"", ""selected_l1_004"": ""L1_ONLY"", ""selected_l1_005"": ""L1_ONLY"", ""selected_l1_006"": ""L1_ONLY""}",6,0,1,0.003594599999814818,proto_sw_2_3__seed_3756345937__global_l1_flow_v3__density_rich,proto_sw_2_3__seed_3756345937__global_l1_flow_v3__density_rich__unit_candidates_v2,bf80d3c02d90d756003a52bf2ba67d4e0f81539ab8c139de18d283d581f13529
C053,proto_sw_2_3,swept,rich,1,100007,MB-L2,Ours@B,1,,1,1,1,success,,"[""proto_sw_2_3__seed_3756345937__global_l1_flow_v3__density_rich__selected_l1_004__L1-Only__independent_l1__context_preferred__sample_0102"", ""proto_sw_2_3__seed_3756345937__global_l1_flow_v3__density_rich__selected_l1_001__L1-Only__independent_l1__context_preferred__sample_0000"", ""proto_sw_2_3__seed_3756345937__global_l1_flow_v3__density_rich__selected_l1_006__L1-Only__independent_l1__context_preferred__sample_0170"", ""proto_sw_2_3__seed_3756345937__global_l1_flow_v3__density_rich__selected_l1_002__Y-C__open_c__context_opposed__sample_0040"", ""proto_sw_2_3__seed_3756345937__global_l1_flow_v3__density_rich__selected_l1_005__L1-Only__independent_l1__context_preferred__sample_0136"", ""proto_sw_2_3__seed_3756345937__global_l1_flow_v3__density_rich__selected_l1_003__L1-Only__independent_l1__context_preferred__sample_0068""]","{""selected_l1_001"": ""L1_ONLY"", ""selected_l1_002"": ""SINGLE_L2_LEFT"", ""selected_l1_003"": ""L1_ONLY"", ""selected_l1_004"": ""L1_ONLY"", ""selected_l1_005"": ""L1_ONLY"", ""selected_l1_006"": ""L1_ONLY""}",1974,0,1,0.007826099999874714,proto_sw_2_3__seed_3756345937__global_l1_flow_v3__density_rich,proto_sw_2_3__seed_3756345937__global_l1_flow_v3__density_rich__unit_candidates_v2,bf80d3c02d90d756003a52bf2ba67d4e0f81539ab8c139de18d283d581f13529
C053,proto_sw_2_3,swept,rich,1,100007,MB-L2,LocalGreedy@B,2,,2,2,1,success,,"[""proto_sw_2_3__seed_3756345937__global_l1_flow_v3__density_rich__selected_l1_004__L1-Only__independent_l1__context_preferred__sample_0102"", ""proto_sw_2_3__seed_3756345937__global_l1_flow_v3__density_rich__selected_l1_001__Y-C__balanced_s__context_preferred__sample_0003"", ""proto_sw_2_3__seed_3756345937__global_l1_flow_v3__density_rich__selected_l1_006__L1-Only__independent_l1__context_preferred__sample_0170"", ""proto_sw_2_3__seed_3756345937__global_l1_flow_v3__density_rich__selected_l1_002__L1-Only__independent_l1__context_preferred__sample_0034"", ""proto_sw_2_3__seed_3756345937__global_l1_flow_v3__density_rich__selected_l1_005__Y-C__balanced_s__context_opposed__sample_0140"", ""proto_sw_2_3__seed_3756345937__global_l1_flow_v3__density_rich__selected_l1_003__L1-Only__independent_l1__context_preferred__sample_0068""]","{""selected_l1_001"": ""SINGLE_L2_RIGHT"", ""selected_l1_002"": ""L1_ONLY"", ""selected_l1_003"": ""L1_ONLY"", ""selected_l1_004"": ""L1_ONLY"", ""selected_l1_005"": ""SINGLE_L2_RIGHT"", ""selected_l1_006"": ""L1_ONLY""}",6,0,1,0.0019142000001011183,proto_sw_2_3__seed_3756345937__global_l1_flow_v3__density_rich,proto_sw_2_3__seed_3756345937__global_l1_flow_v3__density_rich__unit_candidates_v2,bf80d3c02d90d756003a52bf2ba67d4e0f81539ab8c139de18d283d581f13529
C053,proto_sw_2_3,swept,rich,1,100007,MB-L2,Ours@B,2,,2,2,1,success,,"[""proto_sw_2_3__seed_3756345937__global_l1_flow_v3__density_rich__selected_l1_004__L1-Only__independent_l1__context_preferred__sample_0102"", ""proto_sw_2_3__seed_3756345937__global_l1_flow_v3__density_rich__selected_l1_001__L1-Only__independent_l1__context_preferred__sample_0000"", ""proto_sw_2_3__seed_3756345937__global_l1_flow_v3__density_rich__selected_l1_006__L1-Only__independent_l1__context_preferred__sample_0170"", ""proto_sw_2_3__seed_3756345937__global_l1_flow_v3__density_rich__selected_l1_002__Y-C__open_c__context_opposed__sample_0040"", ""proto_sw_2_3__seed_3756345937__global_l1_flow_v3__density_rich__selected_l1_005__Y-C__open_c__context_opposed__sample_0142"", ""proto_sw_2_3__seed_3756345937__global_l1_flow_v3__density_rich__selected_l1_003__L1-Only__independent_l1__context_preferred__sample_0068""]","{""selected_l1_001"": ""L1_ONLY"", ""selected_l1_002"": ""SINGLE_L2_LEFT"", ""selected_l1_003"": ""L1_ONLY"", ""selected_l1_004"": ""L1_ONLY"", ""selected_l1_005"": ""SINGLE_L2_RIGHT"", ""selected_l1_006"": ""L1_ONLY""}",4165,0,1,0.01117370000019946,proto_sw_2_3__seed_3756345937__global_l1_flow_v3__density_rich,proto_sw_2_3__seed_3756345937__global_l1_flow_v3__density_rich__unit_candidates_v2,bf80d3c02d90d756003a52bf2ba67d4e0f81539ab8c139de18d283d581f13529
C053,proto_sw_2_3,swept,rich,1,100007,MB-L2,LocalGreedy@B,3,,3,2,1,success,,"[""proto_sw_2_3__seed_3756345937__global_l1_flow_v3__density_rich__selected_l1_004__L1-Only__independent_l1__context_preferred__sample_0102"", ""proto_sw_2_3__seed_3756345937__global_l1_flow_v3__density_rich__selected_l1_001__Y-C__balanced_s__context_preferred__sample_0003"", ""proto_sw_2_3__seed_3756345937__global_l1_flow_v3__density_rich__selected_l1_006__L1-Only__independent_l1__context_preferred__sample_0170"", ""proto_sw_2_3__seed_3756345937__global_l1_flow_v3__density_rich__selected_l1_002__L1-Only__independent_l1__context_preferred__sample_0034"", ""proto_sw_2_3__seed_3756345937__global_l1_flow_v3__density_rich__selected_l1_005__Y-2C__nested_s__context_preferred__sample_0146"", ""proto_sw_2_3__seed_3756345937__global_l1_flow_v3__density_rich__selected_l1_003__L1-Only__independent_l1__context_preferred__sample_0068""]","{""selected_l1_001"": ""SINGLE_L2_RIGHT"", ""selected_l1_002"": ""L1_ONLY"", ""selected_l1_003"": ""L1_ONLY"", ""selected_l1_004"": ""L1_ONLY"", ""selected_l1_005"": ""OPPOSED_L2_PAIR"", ""selected_l1_006"": ""L1_ONLY""}",6,0,1,0.003060599999571423,proto_sw_2_3__seed_3756345937__global_l1_flow_v3__density_rich,proto_sw_2_3__seed_3756345937__global_l1_flow_v3__density_rich__unit_candidates_v2,bf80d3c02d90d756003a52bf2ba67d4e0f81539ab8c139de18d283d581f13529
C053,proto_sw_2_3,swept,rich,1,100007,MB-L2,Ours@B,3,,3,2,1,success,,"[""proto_sw_2_3__seed_3756345937__global_l1_flow_v3__density_rich__selected_l1_004__L1-Only__independent_l1__context_preferred__sample_0102"", ""proto_sw_2_3__seed_3756345937__global_l1_flow_v3__density_rich__selected_l1_001__L1-Only__independent_l1__context_preferred__sample_0000"", ""proto_sw_2_3__seed_3756345937__global_l1_flow_v3__density_rich__selected_l1_006__Y-2C__staggered_c__context_swapped__sample_0196"", ""proto_sw_2_3__seed_3756345937__global_l1_flow_v3__density_rich__selected_l1_002__Y-C__open_c__context_opposed__sample_0040"", ""proto_sw_2_3__seed_3756345937__global_l1_flow_v3__density_rich__selected_l1_005__L1-Only__independent_l1__context_preferred__sample_0136"", ""proto_sw_2_3__seed_3756345937__global_l1_flow_v3__density_rich__selected_l1_003__L1-Only__independent_l1__context_preferred__sample_0068""]","{""selected_l1_001"": ""L1_ONLY"", ""selected_l1_002"": ""SINGLE_L2_LEFT"", ""selected_l1_003"": ""L1_ONLY"", ""selected_l1_004"": ""L1_ONLY"", ""selected_l1_005"": ""L1_ONLY"", ""selected_l1_006"": ""OPPOSED_L2_PAIR""}",7124,0,1,0.02457430000004024,proto_sw_2_3__seed_3756345937__global_l1_flow_v3__density_rich,proto_sw_2_3__seed_3756345937__global_l1_flow_v3__density_rich__unit_candidates_v2,bf80d3c02d90d756003a52bf2ba67d4e0f81539ab8c139de18d283d581f13529
C053,proto_sw_2_3,swept,rich,1,100007,MB-L2,LocalGreedy@B,4,,3,2,0,budget_not_attained,sequential irreversible pass ended below target B,"[""proto_sw_2_3__seed_3756345937__global_l1_flow_v3__density_rich__selected_l1_004__L1-Only__independent_l1__context_preferred__sample_0102"", ""proto_sw_2_3__seed_3756345937__global_l1_flow_v3__density_rich__selected_l1_001__Y-C__balanced_s__context_preferred__sample_0003"", ""proto_sw_2_3__seed_3756345937__global_l1_flow_v3__density_rich__selected_l1_006__L1-Only__independent_l1__context_preferred__sample_0170"", ""proto_sw_2_3__seed_3756345937__global_l1_flow_v3__density_rich__selected_l1_002__L1-Only__independent_l1__context_preferred__sample_0034"", ""proto_sw_2_3__seed_3756345937__global_l1_flow_v3__density_rich__selected_l1_005__Y-2C__nested_s__context_preferred__sample_0146"", ""proto_sw_2_3__seed_3756345937__global_l1_flow_v3__density_rich__selected_l1_003__L1-Only__independent_l1__context_preferred__sample_0068""]","{""selected_l1_001"": ""SINGLE_L2_RIGHT"", ""selected_l1_002"": ""L1_ONLY"", ""selected_l1_003"": ""L1_ONLY"", ""selected_l1_004"": ""L1_ONLY"", ""selected_l1_005"": ""OPPOSED_L2_PAIR"", ""selected_l1_006"": ""L1_ONLY""}",6,0,1,0.0028857000002062705,proto_sw_2_3__seed_3756345937__global_l1_flow_v3__density_rich,proto_sw_2_3__seed_3756345937__global_l1_flow_v3__density_rich__unit_candidates_v2,bf80d3c02d90d756003a52bf2ba67d4e0f81539ab8c139de18d283d581f13529
C053,proto_sw_2_3,swept,rich,1,100007,MB-L2,Ours@B,4,,4,2,1,success,,"[""proto_sw_2_3__seed_3756345937__global_l1_flow_v3__density_rich__selected_l1_004__Y-2C__staggered_c__context_swapped__sample_0110"", ""proto_sw_2_3__seed_3756345937__global_l1_flow_v3__density_rich__selected_l1_001__L1-Only__independent_l1__context_preferred__sample_0000"", ""proto_sw_2_3__seed_3756345937__global_l1_flow_v3__density_rich__selected_l1_006__Y-2C__staggered_c__context_swapped__sample_0196"", ""proto_sw_2_3__seed_3756345937__global_l1_flow_v3__density_rich__selected_l1_002__L1-Only__independent_l1__context_preferred__sample_0034"", ""proto_sw_2_3__seed_3756345937__global_l1_flow_v3__density_rich__selected_l1_005__L1-Only__independent_l1__context_preferred__sample_0136"", ""proto_sw_2_3__seed_3756345937__global_l1_flow_v3__density_rich__selected_l1_003__L1-Only__independent_l1__context_preferred__sample_0068""]","{""selected_l1_001"": ""L1_ONLY"", ""selected_l1_002"": ""L1_ONLY"", ""selected_l1_003"": ""L1_ONLY"", ""selected_l1_004"": ""OPPOSED_L2_PAIR"", ""selected_l1_005"": ""L1_ONLY"", ""selected_l1_006"": ""OPPOSED_L2_PAIR""}",4818,0,1,0.015401099999962753,proto_sw_2_3__seed_3756345937__global_l1_flow_v3__density_rich,proto_sw_2_3__seed_3756345937__global_l1_flow_v3__density_rich__unit_candidates_v2,bf80d3c02d90d756003a52bf2ba67d4e0f81539ab8c139de18d283d581f13529
C054,proto_sw_2_3,swept,rich,2,100008,MB-L2,LocalGreedy@B,1,,1,1,1,success,,"[""proto_sw_2_3__seed_399132903__global_l1_flow_v3__density_rich__selected_l1_004__L1-Only__independent_l1__context_preferred__sample_0102"", ""proto_sw_2_3__seed_399132903__global_l1_flow_v3__density_rich__selected_l1_001__L1-Only__independent_l1__context_preferred__sample_0000"", ""proto_sw_2_3__seed_399132903__global_l1_flow_v3__density_rich__selected_l1_005__L1-Only__independent_l1__context_preferred__sample_0136"", ""proto_sw_2_3__seed_399132903__global_l1_flow_v3__density_rich__selected_l1_002__Y-C__balanced_s__context_opposed__sample_0038"", ""proto_sw_2_3__seed_399132903__global_l1_flow_v3__density_rich__selected_l1_006__L1-Only__independent_l1__context_preferred__sample_0170"", ""proto_sw_2_3__seed_399132903__global_l1_flow_v3__density_rich__selected_l1_003__L1-Only__independent_l1__context_preferred__sample_0068""]","{""selected_l1_001"": ""L1_ONLY"", ""selected_l1_002"": ""SINGLE_L2_LEFT"", ""selected_l1_003"": ""L1_ONLY"", ""selected_l1_004"": ""L1_ONLY"", ""selected_l1_005"": ""L1_ONLY"", ""selected_l1_006"": ""L1_ONLY""}",6,0,1,0.004590899999584508,proto_sw_2_3__seed_399132903__global_l1_flow_v3__density_rich,proto_sw_2_3__seed_399132903__global_l1_flow_v3__density_rich__unit_candidates_v2,cdd038bff0d3c46a71ec0adf7c637130104f8c38e39b4492c285019815d9147f
C054,proto_sw_2_3,swept,rich,2,100008,MB-L2,Ours@B,1,,1,1,1,success,,"[""proto_sw_2_3__seed_399132903__global_l1_flow_v3__density_rich__selected_l1_004__Y-C__compact_c__context_opposed__sample_0104"", ""proto_sw_2_3__seed_399132903__global_l1_flow_v3__density_rich__selected_l1_001__L1-Only__independent_l1__context_preferred__sample_0000"", ""proto_sw_2_3__seed_399132903__global_l1_flow_v3__density_rich__selected_l1_005__L1-Only__independent_l1__context_preferred__sample_0136"", ""proto_sw_2_3__seed_399132903__global_l1_flow_v3__density_rich__selected_l1_002__L1-Only__independent_l1__context_preferred__sample_0034"", ""proto_sw_2_3__seed_399132903__global_l1_flow_v3__density_rich__selected_l1_006__L1-Only__independent_l1__context_preferred__sample_0170"", ""proto_sw_2_3__seed_399132903__global_l1_flow_v3__density_rich__selected_l1_003__L1-Only__independent_l1__context_preferred__sample_0068""]","{""selected_l1_001"": ""L1_ONLY"", ""selected_l1_002"": ""L1_ONLY"", ""selected_l1_003"": ""L1_ONLY"", ""selected_l1_004"": ""SINGLE_L2_RIGHT"", ""selected_l1_005"": ""L1_ONLY"", ""selected_l1_006"": ""L1_ONLY""}",1943,0,1,0.00923560000001089,proto_sw_2_3__seed_399132903__global_l1_flow_v3__density_rich,proto_sw_2_3__seed_399132903__global_l1_flow_v3__density_rich__unit_candidates_v2,cdd038bff0d3c46a71ec0adf7c637130104f8c38e39b4492c285019815d9147f
C054,proto_sw_2_3,swept,rich,2,100008,MB-L2,LocalGreedy@B,2,,2,1,1,success,,"[""proto_sw_2_3__seed_399132903__global_l1_flow_v3__density_rich__selected_l1_004__L1-Only__independent_l1__context_preferred__sample_0102"", ""proto_sw_2_3__seed_399132903__global_l1_flow_v3__density_rich__selected_l1_001__L1-Only__independent_l1__context_preferred__sample_0000"", ""proto_sw_2_3__seed_399132903__global_l1_flow_v3__density_rich__selected_l1_005__L1-Only__independent_l1__context_preferred__sample_0136"", ""proto_sw_2_3__seed_399132903__global_l1_flow_v3__density_rich__selected_l1_002__Y-2C__nested_s__context_swapped__sample_0063"", ""proto_sw_2_3__seed_399132903__global_l1_flow_v3__density_rich__selected_l1_006__L1-Only__independent_l1__context_preferred__sample_0170"", ""proto_sw_2_3__seed_399132903__global_l1_flow_v3__density_rich__selected_l1_003__L1-Only__independent_l1__context_preferred__sample_0068""]","{""selected_l1_001"": ""L1_ONLY"", ""selected_l1_002"": ""OPPOSED_L2_PAIR"", ""selected_l1_003"": ""L1_ONLY"", ""selected_l1_004"": ""L1_ONLY"", ""selected_l1_005"": ""L1_ONLY"", ""selected_l1_006"": ""L1_ONLY""}",6,0,1,0.004109699999844452,proto_sw_2_3__seed_399132903__global_l1_flow_v3__density_rich,proto_sw_2_3__seed_399132903__global_l1_flow_v3__density_rich__unit_candidates_v2,cdd038bff0d3c46a71ec0adf7c637130104f8c38e39b4492c285019815d9147f
C054,proto_sw_2_3,swept,rich,2,100008,MB-L2,Ours@B,2,,2,2,1,success,,"[""proto_sw_2_3__seed_399132903__global_l1_flow_v3__density_rich__selected_l1_004__Y-C__compact_c__context_opposed__sample_0104"", ""proto_sw_2_3__seed_399132903__global_l1_flow_v3__density_rich__selected_l1_001__L1-Only__independent_l1__context_preferred__sample_0000"", ""proto_sw_2_3__seed_399132903__global_l1_flow_v3__density_rich__selected_l1_005__Y-C__open_c__context_preferred__sample_0141"", ""proto_sw_2_3__seed_399132903__global_l1_flow_v3__density_rich__selected_l1_002__L1-Only__independent_l1__context_preferred__sample_0034"", ""proto_sw_2_3__seed_399132903__global_l1_flow_v3__density_rich__selected_l1_006__L1-Only__independent_l1__context_preferred__sample_0170"", ""proto_sw_2_3__seed_399132903__global_l1_flow_v3__density_rich__selected_l1_003__L1-Only__independent_l1__context_preferred__sample_0068""]","{""selected_l1_001"": ""L1_ONLY"", ""selected_l1_002"": ""L1_ONLY"", ""selected_l1_003"": ""L1_ONLY"", ""selected_l1_004"": ""SINGLE_L2_RIGHT"", ""selected_l1_005"": ""SINGLE_L2_LEFT"", ""selected_l1_006"": ""L1_ONLY""}",2122,0,1,0.011888399999861576,proto_sw_2_3__seed_399132903__global_l1_flow_v3__density_rich,proto_sw_2_3__seed_399132903__global_l1_flow_v3__density_rich__unit_candidates_v2,cdd038bff0d3c46a71ec0adf7c637130104f8c38e39b4492c285019815d9147f
C054,proto_sw_2_3,swept,rich,2,100008,MB-L2,LocalGreedy@B,3,,3,2,1,success,,"[""proto_sw_2_3__seed_399132903__global_l1_flow_v3__density_rich__selected_l1_004__L1-Only__independent_l1__context_preferred__sample_0102"", ""proto_sw_2_3__seed_399132903__global_l1_flow_v3__density_rich__selected_l1_001__Y-C__balanced_s__context_preferred__sample_0003"", ""proto_sw_2_3__seed_399132903__global_l1_flow_v3__density_rich__selected_l1_005__L1-Only__independent_l1__context_preferred__sample_0136"", ""proto_sw_2_3__seed_399132903__global_l1_flow_v3__density_rich__selected_l1_002__Y-2C__nested_s__context_swapped__sample_0063"", ""proto_sw_2_3__seed_399132903__global_l1_flow_v3__density_rich__selected_l1_006__L1-Only__independent_l1__context_preferred__sample_0170"", ""proto_sw_2_3__seed_399132903__global_l1_flow_v3__density_rich__selected_l1_003__L1-Only__independent_l1__context_preferred__sample_0068""]","{""selected_l1_001"": ""SINGLE_L2_RIGHT"", ""selected_l1_002"": ""OPPOSED_L2_PAIR"", ""selected_l1_003"": ""L1_ONLY"", ""selected_l1_004"": ""L1_ONLY"", ""selected_l1_005"": ""L1_ONLY"", ""selected_l1_006"": ""L1_ONLY""}",6,0,1,0.0029505999996217724,proto_sw_2_3__seed_399132903__global_l1_flow_v3__density_rich,proto_sw_2_3__seed_399132903__global_l1_flow_v3__density_rich__unit_candidates_v2,cdd038bff0d3c46a71ec0adf7c637130104f8c38e39b4492c285019815d9147f
C054,proto_sw_2_3,swept,rich,2,100008,MB-L2,Ours@B,3,,3,2,1,success,,"[""proto_sw_2_3__seed_399132903__global_l1_flow_v3__density_rich__selected_l1_004__Y-C__compact_c__context_opposed__sample_0104"", ""proto_sw_2_3__seed_399132903__global_l1_flow_v3__density_rich__selected_l1_001__L1-Only__independent_l1__context_preferred__sample_0000"", ""proto_sw_2_3__seed_399132903__global_l1_flow_v3__density_rich__selected_l1_005__Y-2C__open_asymmetric__context_preferred__sample_0158"", ""proto_sw_2_3__seed_399132903__global_l1_flow_v3__density_rich__selected_l1_002__L1-Only__independent_l1__context_preferred__sample_0034"", ""proto_sw_2_3__seed_399132903__global_l1_flow_v3__density_rich__selected_l1_006__L1-Only__independent_l1__context_preferred__sample_0170"", ""proto_sw_2_3__seed_399132903__global_l1_flow_v3__density_rich__selected_l1_003__L1-Only__independent_l1__context_preferred__sample_0068""]","{""selected_l1_001"": ""L1_ONLY"", ""selected_l1_002"": ""L1_ONLY"", ""selected_l1_003"": ""L1_ONLY"", ""selected_l1_004"": ""SINGLE_L2_RIGHT"", ""selected_l1_005"": ""OPPOSED_L2_PAIR"", ""selected_l1_006"": ""L1_ONLY""}",2678,0,1,0.011662200000046141,proto_sw_2_3__seed_399132903__global_l1_flow_v3__density_rich,proto_sw_2_3__seed_399132903__global_l1_flow_v3__density_rich__unit_candidates_v2,cdd038bff0d3c46a71ec0adf7c637130104f8c38e39b4492c285019815d9147f
C054,proto_sw_2_3,swept,rich,2,100008,MB-L2,LocalGreedy@B,4,,3,2,0,budget_not_attained,sequential irreversible pass ended below target B,"[""proto_sw_2_3__seed_399132903__global_l1_flow_v3__density_rich__selected_l1_004__L1-Only__independent_l1__context_preferred__sample_0102"", ""proto_sw_2_3__seed_399132903__global_l1_flow_v3__density_rich__selected_l1_001__Y-C__balanced_s__context_preferred__sample_0003"", ""proto_sw_2_3__seed_399132903__global_l1_flow_v3__density_rich__selected_l1_005__L1-Only__independent_l1__context_preferred__sample_0136"", ""proto_sw_2_3__seed_399132903__global_l1_flow_v3__density_rich__selected_l1_002__Y-2C__nested_s__context_swapped__sample_0063"", ""proto_sw_2_3__seed_399132903__global_l1_flow_v3__density_rich__selected_l1_006__L1-Only__independent_l1__context_preferred__sample_0170"", ""proto_sw_2_3__seed_399132903__global_l1_flow_v3__density_rich__selected_l1_003__L1-Only__independent_l1__context_preferred__sample_0068""]","{""selected_l1_001"": ""SINGLE_L2_RIGHT"", ""selected_l1_002"": ""OPPOSED_L2_PAIR"", ""selected_l1_003"": ""L1_ONLY"", ""selected_l1_004"": ""L1_ONLY"", ""selected_l1_005"": ""L1_ONLY"", ""selected_l1_006"": ""L1_ONLY""}",6,0,1,0.00395170000001599,proto_sw_2_3__seed_399132903__global_l1_flow_v3__density_rich,proto_sw_2_3__seed_399132903__global_l1_flow_v3__density_rich__unit_candidates_v2,cdd038bff0d3c46a71ec0adf7c637130104f8c38e39b4492c285019815d9147f
C054,proto_sw_2_3,swept,rich,2,100008,MB-L2,Ours@B,4,,4,2,1,success,,"[""proto_sw_2_3__seed_399132903__global_l1_flow_v3__density_rich__selected_l1_004__Y-2C__staggered_c__context_swapped__sample_0128"", ""proto_sw_2_3__seed_399132903__global_l1_flow_v3__density_rich__selected_l1_001__L1-Only__independent_l1__context_preferred__sample_0000"", ""proto_sw_2_3__seed_399132903__global_l1_flow_v3__density_rich__selected_l1_005__Y-2C__open_asymmetric__context_preferred__sample_0158"", ""proto_sw_2_3__seed_399132903__global_l1_flow_v3__density_rich__selected_l1_002__L1-Only__independent_l1__context_preferred__sample_0034"", ""proto_sw_2_3__seed_399132903__global_l1_flow_v3__density_rich__selected_l1_006__L1-Only__independent_l1__context_preferred__sample_0170"", ""proto_sw_2_3__seed_399132903__global_l1_flow_v3__density_rich__selected_l1_003__L1-Only__independent_l1__context_preferred__sample_0068""]","{""selected_l1_001"": ""L1_ONLY"", ""selected_l1_002"": ""L1_ONLY"", ""selected_l1_003"": ""L1_ONLY"", ""selected_l1_004"": ""OPPOSED_L2_PAIR"", ""selected_l1_005"": ""OPPOSED_L2_PAIR"", ""selected_l1_006"": ""L1_ONLY""}",6971,0,1,0.019559099999696627,proto_sw_2_3__seed_399132903__global_l1_flow_v3__density_rich,proto_sw_2_3__seed_399132903__global_l1_flow_v3__density_rich__unit_candidates_v2,cdd038bff0d3c46a71ec0adf7c637130104f8c38e39b4492c285019815d9147f
C055,proto_sw_3_1,expanded,simple,1,100011,MB-L2,LocalGreedy@B,1,,1,1,1,success,,"[""proto_sw_3_1__seed_1548718105__global_l1_flow_v3__density_simple__selected_l1_002__L1-Only__independent_l1__context_preferred__sample_0025"", ""proto_sw_3_1__seed_1548718105__global_l1_flow_v3__density_simple__selected_l1_005__L1-Only__independent_l1__context_preferred__sample_0100"", ""proto_sw_3_1__seed_1548718105__global_l1_flow_v3__density_simple__selected_l1_001__L1-Only__independent_l1__context_preferred__sample_0000"", ""proto_sw_3_1__seed_1548718105__global_l1_flow_v3__density_simple__selected_l1_004__L1-Only__independent_l1__context_preferred__sample_0075"", ""proto_sw_3_1__seed_1548718105__global_l1_flow_v3__density_simple__selected_l1_006__Y-C__balanced_s__context_opposed__sample_0129"", ""proto_sw_3_1__seed_1548718105__global_l1_flow_v3__density_simple__selected_l1_003__L1-Only__independent_l1__context_preferred__sample_0050""]","{""selected_l1_001"": ""L1_ONLY"", ""selected_l1_002"": ""L1_ONLY"", ""selected_l1_003"": ""L1_ONLY"", ""selected_l1_004"": ""L1_ONLY"", ""selected_l1_005"": ""L1_ONLY"", ""selected_l1_006"": ""SINGLE_L2_LEFT""}",6,0,1,0.0021110000002408924,proto_sw_3_1__seed_1548718105__global_l1_flow_v3__density_simple,proto_sw_3_1__seed_1548718105__global_l1_flow_v3__density_simple__unit_candidates_v2,3430371443eee0505a49a52ba1b00a5531c0b07612527022370fb0bc5921a4f1
C055,proto_sw_3_1,expanded,simple,1,100011,MB-L2,Ours@B,1,,1,1,1,success,,"[""proto_sw_3_1__seed_1548718105__global_l1_flow_v3__density_simple__selected_l1_002__Y-C__open_c__context_opposed__sample_0031"", ""proto_sw_3_1__seed_1548718105__global_l1_flow_v3__density_simple__selected_l1_005__L1-Only__independent_l1__context_preferred__sample_0100"", ""proto_sw_3_1__seed_1548718105__global_l1_flow_v3__density_simple__selected_l1_001__L1-Only__independent_l1__context_preferred__sample_0000"", ""proto_sw_3_1__seed_1548718105__global_l1_flow_v3__density_simple__selected_l1_004__L1-Only__independent_l1__context_preferred__sample_0075"", ""proto_sw_3_1__seed_1548718105__global_l1_flow_v3__density_simple__selected_l1_006__L1-Only__independent_l1__context_preferred__sample_0125"", ""proto_sw_3_1__seed_1548718105__global_l1_flow_v3__density_simple__selected_l1_003__L1-Only__independent_l1__context_preferred__sample_0050""]","{""selected_l1_001"": ""L1_ONLY"", ""selected_l1_002"": ""SINGLE_L2_RIGHT"", ""selected_l1_003"": ""L1_ONLY"", ""selected_l1_004"": ""L1_ONLY"", ""selected_l1_005"": ""L1_ONLY"", ""selected_l1_006"": ""L1_ONLY""}",176,0,1,0.003374299999904906,proto_sw_3_1__seed_1548718105__global_l1_flow_v3__density_simple,proto_sw_3_1__seed_1548718105__global_l1_flow_v3__density_simple__unit_candidates_v2,3430371443eee0505a49a52ba1b00a5531c0b07612527022370fb0bc5921a4f1
C055,proto_sw_3_1,expanded,simple,1,100011,MB-L2,LocalGreedy@B,2,,2,1,1,success,,"[""proto_sw_3_1__seed_1548718105__global_l1_flow_v3__density_simple__selected_l1_002__L1-Only__independent_l1__context_preferred__sample_0025"", ""proto_sw_3_1__seed_1548718105__global_l1_flow_v3__density_simple__selected_l1_005__L1-Only__independent_l1__context_preferred__sample_0100"", ""proto_sw_3_1__seed_1548718105__global_l1_flow_v3__density_simple__selected_l1_001__L1-Only__independent_l1__context_preferred__sample_0000"", ""proto_sw_3_1__seed_1548718105__global_l1_flow_v3__density_simple__selected_l1_004__L1-Only__independent_l1__context_preferred__sample_0075"", ""proto_sw_3_1__seed_1548718105__global_l1_flow_v3__density_simple__selected_l1_006__Y-2C__nested_s__context_preferred__sample_0134"", ""proto_sw_3_1__seed_1548718105__global_l1_flow_v3__density_simple__selected_l1_003__L1-Only__independent_l1__context_preferred__sample_0050""]","{""selected_l1_001"": ""L1_ONLY"", ""selected_l1_002"": ""L1_ONLY"", ""selected_l1_003"": ""L1_ONLY"", ""selected_l1_004"": ""L1_ONLY"", ""selected_l1_005"": ""L1_ONLY"", ""selected_l1_006"": ""OPPOSED_L2_PAIR""}",6,0,1,0.0017373999999108491,proto_sw_3_1__seed_1548718105__global_l1_flow_v3__density_simple,proto_sw_3_1__seed_1548718105__global_l1_flow_v3__density_simple__unit_candidates_v2,3430371443eee0505a49a52ba1b00a5531c0b07612527022370fb0bc5921a4f1
C055,proto_sw_3_1,expanded,simple,1,100011,MB-L2,Ours@B,2,,2,1,1,success,,"[""proto_sw_3_1__seed_1548718105__global_l1_flow_v3__density_simple__selected_l1_002__L1-Only__independent_l1__context_preferred__sample_0025"", ""proto_sw_3_1__seed_1548718105__global_l1_flow_v3__density_simple__selected_l1_005__Y-2C__open_asymmetric__context_preferred__sample_0117"", ""proto_sw_3_1__seed_1548718105__global_l1_flow_v3__density_simple__selected_l1_001__L1-Only__independent_l1__context_preferred__sample_0000"", ""proto_sw_3_1__seed_1548718105__global_l1_flow_v3__density_simple__selected_l1_004__L1-Only__independent_l1__context_preferred__sample_0075"", ""proto_sw_3_1__seed_1548718105__global_l1_flow_v3__density_simple__selected_l1_006__L1-Only__independent_l1__context_preferred__sample_0125"", ""proto_sw_3_1__seed_1548718105__global_l1_flow_v3__density_simple__selected_l1_003__L1-Only__independent_l1__context_preferred__sample_0050""]","{""selected_l1_001"": ""L1_ONLY"", ""selected_l1_002"": ""L1_ONLY"", ""selected_l1_003"": ""L1_ONLY"", ""selected_l1_004"": ""L1_ONLY"", ""selected_l1_005"": ""OPPOSED_L2_PAIR"", ""selected_l1_006"": ""L1_ONLY""}",250,0,1,0.0038960999995651946,proto_sw_3_1__seed_1548718105__global_l1_flow_v3__density_simple,proto_sw_3_1__seed_1548718105__global_l1_flow_v3__density_simple__unit_candidates_v2,3430371443eee0505a49a52ba1b00a5531c0b07612527022370fb0bc5921a4f1
C056,proto_sw_3_1,expanded,simple,2,100013,MB-L2,LocalGreedy@B,1,,1,1,1,success,,"[""proto_sw_3_1__seed_1575422959__global_l1_flow_v3__density_simple__selected_l1_003__L1-Only__independent_l1__context_preferred__sample_0050"", ""proto_sw_3_1__seed_1575422959__global_l1_flow_v3__density_simple__selected_l1_002__L1-Only__independent_l1__context_preferred__sample_0025"", ""proto_sw_3_1__seed_1575422959__global_l1_flow_v3__density_simple__selected_l1_004__Y-C__balanced_s__context_preferred__sample_0078"", ""proto_sw_3_1__seed_1575422959__global_l1_flow_v3__density_simple__selected_l1_001__L1-Only__independent_l1__context_preferred__sample_0000"", ""proto_sw_3_1__seed_1575422959__global_l1_flow_v3__density_simple__selected_l1_005__L1-Only__independent_l1__context_preferred__sample_0100""]","{""selected_l1_001"": ""L1_ONLY"", ""selected_l1_002"": ""L1_ONLY"", ""selected_l1_003"": ""L1_ONLY"", ""selected_l1_004"": ""SINGLE_L2_LEFT"", ""selected_l1_005"": ""L1_ONLY""}",5,0,1,0.00206320000006599,proto_sw_3_1__seed_1575422959__global_l1_flow_v3__density_simple,proto_sw_3_1__seed_1575422959__global_l1_flow_v3__density_simple__unit_candidates_v2,97ea8de0580188d69ed0dc87cdbeb658fb82c7be06472d4e5924dc7895013c63
C056,proto_sw_3_1,expanded,simple,2,100013,MB-L2,Ours@B,1,,1,1,1,success,,"[""proto_sw_3_1__seed_1575422959__global_l1_flow_v3__density_simple__selected_l1_003__L1-Only__independent_l1__context_preferred__sample_0050"", ""proto_sw_3_1__seed_1575422959__global_l1_flow_v3__density_simple__selected_l1_002__L1-Only__independent_l1__context_preferred__sample_0025"", ""proto_sw_3_1__seed_1575422959__global_l1_flow_v3__density_simple__selected_l1_004__Y-C__compact_c__context_preferred__sample_0076"", ""proto_sw_3_1__seed_1575422959__global_l1_flow_v3__density_simple__selected_l1_001__L1-Only__independent_l1__context_preferred__sample_0000"", ""proto_sw_3_1__seed_1575422959__global_l1_flow_v3__density_simple__selected_l1_005__L1-Only__independent_l1__context_preferred__sample_0100""]","{""selected_l1_001"": ""L1_ONLY"", ""selected_l1_002"": ""L1_ONLY"", ""selected_l1_003"": ""L1_ONLY"", ""selected_l1_004"": ""SINGLE_L2_LEFT"", ""selected_l1_005"": ""L1_ONLY""}",306,0,1,0.0031259000002137327,proto_sw_3_1__seed_1575422959__global_l1_flow_v3__density_simple,proto_sw_3_1__seed_1575422959__global_l1_flow_v3__density_simple__unit_candidates_v2,97ea8de0580188d69ed0dc87cdbeb658fb82c7be06472d4e5924dc7895013c63
C056,proto_sw_3_1,expanded,simple,2,100013,MB-L2,LocalGreedy@B,2,,2,1,1,success,,"[""proto_sw_3_1__seed_1575422959__global_l1_flow_v3__density_simple__selected_l1_003__L1-Only__independent_l1__context_preferred__sample_0050"", ""proto_sw_3_1__seed_1575422959__global_l1_flow_v3__density_simple__selected_l1_002__L1-Only__independent_l1__context_preferred__sample_0025"", ""proto_sw_3_1__seed_1575422959__global_l1_flow_v3__density_simple__selected_l1_004__Y-2C__open_asymmetric__context_swapped__sample_0099"", ""proto_sw_3_1__seed_1575422959__global_l1_flow_v3__density_simple__selected_l1_001__L1-Only__independent_l1__context_preferred__sample_0000"", ""proto_sw_3_1__seed_1575422959__global_l1_flow_v3__density_simple__selected_l1_005__L1-Only__independent_l1__context_preferred__sample_0100""]","{""selected_l1_001"": ""L1_ONLY"", ""selected_l1_002"": ""L1_ONLY"", ""selected_l1_003"": ""L1_ONLY"", ""selected_l1_004"": ""OPPOSED_L2_PAIR"", ""selected_l1_005"": ""L1_ONLY""}",5,0,1,0.0019940000001952285,proto_sw_3_1__seed_1575422959__global_l1_flow_v3__density_simple,proto_sw_3_1__seed_1575422959__global_l1_flow_v3__density_simple__unit_candidates_v2,97ea8de0580188d69ed0dc87cdbeb658fb82c7be06472d4e5924dc7895013c63
C056,proto_sw_3_1,expanded,simple,2,100013,MB-L2,Ours@B,2,,2,1,1,success,,"[""proto_sw_3_1__seed_1575422959__global_l1_flow_v3__density_simple__selected_l1_003__L1-Only__independent_l1__context_preferred__sample_0050"", ""proto_sw_3_1__seed_1575422959__global_l1_flow_v3__density_simple__selected_l1_002__L1-Only__independent_l1__context_preferred__sample_0025"", ""proto_sw_3_1__seed_1575422959__global_l1_flow_v3__density_simple__selected_l1_004__L1-Only__independent_l1__context_preferred__sample_0075"", ""proto_sw_3_1__seed_1575422959__global_l1_flow_v3__density_simple__selected_l1_001__L1-Only__independent_l1__context_preferred__sample_0000"", ""proto_sw_3_1__seed_1575422959__global_l1_flow_v3__density_simple__selected_l1_005__Y-2C__staggered_c__context_swapped__sample_0114""]","{""selected_l1_001"": ""L1_ONLY"", ""selected_l1_002"": ""L1_ONLY"", ""selected_l1_003"": ""L1_ONLY"", ""selected_l1_004"": ""L1_ONLY"", ""selected_l1_005"": ""OPPOSED_L2_PAIR""}",522,0,1,0.0056696999999985565,proto_sw_3_1__seed_1575422959__global_l1_flow_v3__density_simple,proto_sw_3_1__seed_1575422959__global_l1_flow_v3__density_simple__unit_candidates_v2,97ea8de0580188d69ed0dc87cdbeb658fb82c7be06472d4e5924dc7895013c63
C057,proto_sw_3_1,expanded,medium,1,100005,MB-L2,LocalGreedy@B,1,,1,1,1,success,,"[""proto_sw_3_1__seed_1160715944__global_l1_flow_v3__density_medium__selected_l1_005__Y-C__compact_c__context_opposed__sample_0102"", ""proto_sw_3_1__seed_1160715944__global_l1_flow_v3__density_medium__selected_l1_002__L1-Only__independent_l1__context_preferred__sample_0025"", ""proto_sw_3_1__seed_1160715944__global_l1_flow_v3__density_medium__selected_l1_003__L1-Only__independent_l1__context_preferred__sample_0050"", ""proto_sw_3_1__seed_1160715944__global_l1_flow_v3__density_medium__selected_l1_004__L1-Only__independent_l1__context_preferred__sample_0075"", ""proto_sw_3_1__seed_1160715944__global_l1_flow_v3__density_medium__selected_l1_006__L1-Only__independent_l1__context_preferred__sample_0125"", ""proto_sw_3_1__seed_1160715944__global_l1_flow_v3__density_medium__selected_l1_001__L1-Only__independent_l1__context_preferred__sample_0000""]","{""selected_l1_001"": ""L1_ONLY"", ""selected_l1_002"": ""L1_ONLY"", ""selected_l1_003"": ""L1_ONLY"", ""selected_l1_004"": ""L1_ONLY"", ""selected_l1_005"": ""SINGLE_L2_RIGHT"", ""selected_l1_006"": ""L1_ONLY""}",6,0,1,0.001664100000198232,proto_sw_3_1__seed_1160715944__global_l1_flow_v3__density_medium,proto_sw_3_1__seed_1160715944__global_l1_flow_v3__density_medium__unit_candidates_v2,7843bb762520ffe18e0325c663a100a00c7453c29a6ce38e5d721f2af103d880
C057,proto_sw_3_1,expanded,medium,1,100005,MB-L2,Ours@B,1,,1,1,1,success,,"[""proto_sw_3_1__seed_1160715944__global_l1_flow_v3__density_medium__selected_l1_005__L1-Only__independent_l1__context_preferred__sample_0100"", ""proto_sw_3_1__seed_1160715944__global_l1_flow_v3__density_medium__selected_l1_002__L1-Only__independent_l1__context_preferred__sample_0025"", ""proto_sw_3_1__seed_1160715944__global_l1_flow_v3__density_medium__selected_l1_003__L1-Only__independent_l1__context_preferred__sample_0050"", ""proto_sw_3_1__seed_1160715944__global_l1_flow_v3__density_medium__selected_l1_004__Y-C__open_c__context_preferred__sample_0080"", ""proto_sw_3_1__seed_1160715944__global_l1_flow_v3__density_medium__selected_l1_006__L1-Only__independent_l1__context_preferred__sample_0125"", ""proto_sw_3_1__seed_1160715944__global_l1_flow_v3__density_medium__selected_l1_001__L1-Only__independent_l1__context_preferred__sample_0000""]","{""selected_l1_001"": ""L1_ONLY"", ""selected_l1_002"": ""L1_ONLY"", ""selected_l1_003"": ""L1_ONLY"", ""selected_l1_004"": ""SINGLE_L2_LEFT"", ""selected_l1_005"": ""L1_ONLY"", ""selected_l1_006"": ""L1_ONLY""}",183,0,1,0.004294400000162568,proto_sw_3_1__seed_1160715944__global_l1_flow_v3__density_medium,proto_sw_3_1__seed_1160715944__global_l1_flow_v3__density_medium__unit_candidates_v2,7843bb762520ffe18e0325c663a100a00c7453c29a6ce38e5d721f2af103d880
C057,proto_sw_3_1,expanded,medium,1,100005,MB-L2,LocalGreedy@B,2,,2,1,1,success,,"[""proto_sw_3_1__seed_1160715944__global_l1_flow_v3__density_medium__selected_l1_005__Y-2C__open_asymmetric__context_preferred__sample_0111"", ""proto_sw_3_1__seed_1160715944__global_l1_flow_v3__density_medium__selected_l1_002__L1-Only__independent_l1__context_preferred__sample_0025"", ""proto_sw_3_1__seed_1160715944__global_l1_flow_v3__density_medium__selected_l1_003__L1-Only__independent_l1__context_preferred__sample_0050"", ""proto_sw_3_1__seed_1160715944__global_l1_flow_v3__density_medium__selected_l1_004__L1-Only__independent_l1__context_preferred__sample_0075"", ""proto_sw_3_1__seed_1160715944__global_l1_flow_v3__density_medium__selected_l1_006__L1-Only__independent_l1__context_preferred__sample_0125"", ""proto_sw_3_1__seed_1160715944__global_l1_flow_v3__density_medium__selected_l1_001__L1-Only__independent_l1__context_preferred__sample_0000""]","{""selected_l1_001"": ""L1_ONLY"", ""selected_l1_002"": ""L1_ONLY"", ""selected_l1_003"": ""L1_ONLY"", ""selected_l1_004"": ""L1_ONLY"", ""selected_l1_005"": ""OPPOSED_L2_PAIR"", ""selected_l1_006"": ""L1_ONLY""}",6,0,1,0.0016941999997470703,proto_sw_3_1__seed_1160715944__global_l1_flow_v3__density_medium,proto_sw_3_1__seed_1160715944__global_l1_flow_v3__density_medium__unit_candidates_v2,7843bb762520ffe18e0325c663a100a00c7453c29a6ce38e5d721f2af103d880
C057,proto_sw_3_1,expanded,medium,1,100005,MB-L2,Ours@B,2,,2,1,1,success,,"[""proto_sw_3_1__seed_1160715944__global_l1_flow_v3__density_medium__selected_l1_005__L1-Only__independent_l1__context_preferred__sample_0100"", ""proto_sw_3_1__seed_1160715944__global_l1_flow_v3__density_medium__selected_l1_002__Y-2C__staggered_c__context_swapped__sample_0045"", ""proto_sw_3_1__seed_1160715944__global_l1_flow_v3__density_medium__selected_l1_003__L1-Only__independent_l1__context_preferred__sample_0050"", ""proto_sw_3_1__seed_1160715944__global_l1_flow_v3__density_medium__selected_l1_004__L1-Only__independent_l1__context_preferred__sample_0075"", ""proto_sw_3_1__seed_1160715944__global_l1_flow_v3__density_medium__selected_l1_006__L1-Only__independent_l1__context_preferred__sample_0125"", ""proto_sw_3_1__seed_1160715944__global_l1_flow_v3__density_medium__selected_l1_001__L1-Only__independent_l1__context_preferred__sample_0000""]","{""selected_l1_001"": ""L1_ONLY"", ""selected_l1_002"": ""OPPOSED_L2_PAIR"", ""selected_l1_003"": ""L1_ONLY"", ""selected_l1_004"": ""L1_ONLY"", ""selected_l1_005"": ""L1_ONLY"", ""selected_l1_006"": ""L1_ONLY""}",356,0,1,0.004727399999865156,proto_sw_3_1__seed_1160715944__global_l1_flow_v3__density_medium,proto_sw_3_1__seed_1160715944__global_l1_flow_v3__density_medium__unit_candidates_v2,7843bb762520ffe18e0325c663a100a00c7453c29a6ce38e5d721f2af103d880
C058,proto_sw_3_1,expanded,medium,2,100006,MB-L2,LocalGreedy@B,1,,1,1,1,success,,"[""proto_sw_3_1__seed_4182263884__global_l1_flow_v3__density_medium__selected_l1_005__L1-Only__independent_l1__context_preferred__sample_0100"", ""proto_sw_3_1__seed_4182263884__global_l1_flow_v3__density_medium__selected_l1_002__L1-Only__independent_l1__context_preferred__sample_0025"", ""proto_sw_3_1__seed_4182263884__global_l1_flow_v3__density_medium__selected_l1_004__L1-Only__independent_l1__context_preferred__sample_0075"", ""proto_sw_3_1__seed_4182263884__global_l1_flow_v3__density_medium__selected_l1_006__L1-Only__independent_l1__context_preferred__sample_0125"", ""proto_sw_3_1__seed_4182263884__global_l1_flow_v3__density_medium__selected_l1_001__Y-C__balanced_s__context_opposed__sample_0004"", ""proto_sw_3_1__seed_4182263884__global_l1_flow_v3__density_medium__selected_l1_003__L1-Only__independent_l1__context_preferred__sample_0050""]","{""selected_l1_001"": ""SINGLE_L2_LEFT"", ""selected_l1_002"": ""L1_ONLY"", ""selected_l1_003"": ""L1_ONLY"", ""selected_l1_004"": ""L1_ONLY"", ""selected_l1_005"": ""L1_ONLY"", ""selected_l1_006"": ""L1_ONLY""}",6,0,1,0.0012979999996787228,proto_sw_3_1__seed_4182263884__global_l1_flow_v3__density_medium,proto_sw_3_1__seed_4182263884__global_l1_flow_v3__density_medium__unit_candidates_v2,c6214a58e18f47f2679c1e5ed8f58d3ad995c1392c74d7caf732505f6f6e6682
C058,proto_sw_3_1,expanded,medium,2,100006,MB-L2,Ours@B,1,,1,1,1,success,,"[""proto_sw_3_1__seed_4182263884__global_l1_flow_v3__density_medium__selected_l1_005__L1-Only__independent_l1__context_preferred__sample_0100"", ""proto_sw_3_1__seed_4182263884__global_l1_flow_v3__density_medium__selected_l1_002__L1-Only__independent_l1__context_preferred__sample_0025"", ""proto_sw_3_1__seed_4182263884__global_l1_flow_v3__density_medium__selected_l1_004__L1-Only__independent_l1__context_preferred__sample_0075"", ""proto_sw_3_1__seed_4182263884__global_l1_flow_v3__density_medium__selected_l1_006__L1-Only__independent_l1__context_preferred__sample_0125"", ""proto_sw_3_1__seed_4182263884__global_l1_flow_v3__density_medium__selected_l1_001__L1-Only__independent_l1__context_preferred__sample_0000"", ""proto_sw_3_1__seed_4182263884__global_l1_flow_v3__density_medium__selected_l1_003__Y-C__compact_c__context_opposed__sample_0052""]","{""selected_l1_001"": ""L1_ONLY"", ""selected_l1_002"": ""L1_ONLY"", ""selected_l1_003"": ""SINGLE_L2_RIGHT"", ""selected_l1_004"": ""L1_ONLY"", ""selected_l1_005"": ""L1_ONLY"", ""selected_l1_006"": ""L1_ONLY""}",349,0,1,0.0038368000000446045,proto_sw_3_1__seed_4182263884__global_l1_flow_v3__density_medium,proto_sw_3_1__seed_4182263884__global_l1_flow_v3__density_medium__unit_candidates_v2,c6214a58e18f47f2679c1e5ed8f58d3ad995c1392c74d7caf732505f6f6e6682
C058,proto_sw_3_1,expanded,medium,2,100006,MB-L2,LocalGreedy@B,2,,2,1,1,success,,"[""proto_sw_3_1__seed_4182263884__global_l1_flow_v3__density_medium__selected_l1_005__L1-Only__independent_l1__context_preferred__sample_0100"", ""proto_sw_3_1__seed_4182263884__global_l1_flow_v3__density_medium__selected_l1_002__L1-Only__independent_l1__context_preferred__sample_0025"", ""proto_sw_3_1__seed_4182263884__global_l1_flow_v3__density_medium__selected_l1_004__L1-Only__independent_l1__context_preferred__sample_0075"", ""proto_sw_3_1__seed_4182263884__global_l1_flow_v3__density_medium__selected_l1_006__L1-Only__independent_l1__context_preferred__sample_0125"", ""proto_sw_3_1__seed_4182263884__global_l1_flow_v3__density_medium__selected_l1_001__Y-2C__nested_s__context_preferred__sample_0009"", ""proto_sw_3_1__seed_4182263884__global_l1_flow_v3__density_medium__selected_l1_003__L1-Only__independent_l1__context_preferred__sample_0050""]","{""selected_l1_001"": ""OPPOSED_L2_PAIR"", ""selected_l1_002"": ""L1_ONLY"", ""selected_l1_003"": ""L1_ONLY"", ""selected_l1_004"": ""L1_ONLY"", ""selected_l1_005"": ""L1_ONLY"", ""selected_l1_006"": ""L1_ONLY""}",6,0,1,0.0017709999997350678,proto_sw_3_1__seed_4182263884__global_l1_flow_v3__density_medium,proto_sw_3_1__seed_4182263884__global_l1_flow_v3__density_medium__unit_candidates_v2,c6214a58e18f47f2679c1e5ed8f58d3ad995c1392c74d7caf732505f6f6e6682
C058,proto_sw_3_1,expanded,medium,2,100006,MB-L2,Ours@B,2,,2,1,1,success,,"[""proto_sw_3_1__seed_4182263884__global_l1_flow_v3__density_medium__selected_l1_005__L1-Only__independent_l1__context_preferred__sample_0100"", ""proto_sw_3_1__seed_4182263884__global_l1_flow_v3__density_medium__selected_l1_002__L1-Only__independent_l1__context_preferred__sample_0025"", ""proto_sw_3_1__seed_4182263884__global_l1_flow_v3__density_medium__selected_l1_004__L1-Only__independent_l1__context_preferred__sample_0075"", ""proto_sw_3_1__seed_4182263884__global_l1_flow_v3__density_medium__selected_l1_006__Y-2C__open_asymmetric__context_preferred__sample_0148"", ""proto_sw_3_1__seed_4182263884__global_l1_flow_v3__density_medium__selected_l1_001__L1-Only__independent_l1__context_preferred__sample_0000"", ""proto_sw_3_1__seed_4182263884__global_l1_flow_v3__density_medium__selected_l1_003__L1-Only__independent_l1__context_preferred__sample_0050""]","{""selected_l1_001"": ""L1_ONLY"", ""selected_l1_002"": ""L1_ONLY"", ""selected_l1_003"": ""L1_ONLY"", ""selected_l1_004"": ""L1_ONLY"", ""selected_l1_005"": ""L1_ONLY"", ""selected_l1_006"": ""OPPOSED_L2_PAIR""}",259,0,1,0.003633500000432832,proto_sw_3_1__seed_4182263884__global_l1_flow_v3__density_medium,proto_sw_3_1__seed_4182263884__global_l1_flow_v3__density_medium__unit_candidates_v2,c6214a58e18f47f2679c1e5ed8f58d3ad995c1392c74d7caf732505f6f6e6682
C059,proto_sw_3_1,expanded,rich,1,100003,MB-L2,LocalGreedy@B,1,,1,1,1,success,,"[""proto_sw_3_1__seed_1964058663__global_l1_flow_v3__density_rich__selected_l1_005__L1-Only__independent_l1__context_preferred__sample_0100"", ""proto_sw_3_1__seed_1964058663__global_l1_flow_v3__density_rich__selected_l1_003__L1-Only__independent_l1__context_preferred__sample_0050"", ""proto_sw_3_1__seed_1964058663__global_l1_flow_v3__density_rich__selected_l1_001__L1-Only__independent_l1__context_preferred__sample_0000"", ""proto_sw_3_1__seed_1964058663__global_l1_flow_v3__density_rich__selected_l1_002__L1-Only__independent_l1__context_preferred__sample_0025"", ""proto_sw_3_1__seed_1964058663__global_l1_flow_v3__density_rich__selected_l1_004__L1-Only__independent_l1__context_preferred__sample_0075"", ""proto_sw_3_1__seed_1964058663__global_l1_flow_v3__density_rich__selected_l1_006__Y-C__open_c__context_opposed__sample_0131""]","{""selected_l1_001"": ""L1_ONLY"", ""selected_l1_002"": ""L1_ONLY"", ""selected_l1_003"": ""L1_ONLY"", ""selected_l1_004"": ""L1_ONLY"", ""selected_l1_005"": ""L1_ONLY"", ""selected_l1_006"": ""SINGLE_L2_LEFT""}",6,0,1,0.001250499999969179,proto_sw_3_1__seed_1964058663__global_l1_flow_v3__density_rich,proto_sw_3_1__seed_1964058663__global_l1_flow_v3__density_rich__unit_candidates_v2,1da856d438f55bb76267d49a2cbc514c7b2161d8b5739cd19c612136943c54e8
C059,proto_sw_3_1,expanded,rich,1,100003,MB-L2,Ours@B,1,,1,1,1,success,,"[""proto_sw_3_1__seed_1964058663__global_l1_flow_v3__density_rich__selected_l1_005__L1-Only__independent_l1__context_preferred__sample_0100"", ""proto_sw_3_1__seed_1964058663__global_l1_flow_v3__density_rich__selected_l1_003__L1-Only__independent_l1__context_preferred__sample_0050"", ""proto_sw_3_1__seed_1964058663__global_l1_flow_v3__density_rich__selected_l1_001__L1-Only__independent_l1__context_preferred__sample_0000"", ""proto_sw_3_1__seed_1964058663__global_l1_flow_v3__density_rich__selected_l1_002__L1-Only__independent_l1__context_preferred__sample_0025"", ""proto_sw_3_1__seed_1964058663__global_l1_flow_v3__density_rich__selected_l1_004__L1-Only__independent_l1__context_preferred__sample_0075"", ""proto_sw_3_1__seed_1964058663__global_l1_flow_v3__density_rich__selected_l1_006__Y-C__open_c__context_preferred__sample_0130""]","{""selected_l1_001"": ""L1_ONLY"", ""selected_l1_002"": ""L1_ONLY"", ""selected_l1_003"": ""L1_ONLY"", ""selected_l1_004"": ""L1_ONLY"", ""selected_l1_005"": ""L1_ONLY"", ""selected_l1_006"": ""SINGLE_L2_RIGHT""}",921,0,1,0.005132400000093185,proto_sw_3_1__seed_1964058663__global_l1_flow_v3__density_rich,proto_sw_3_1__seed_1964058663__global_l1_flow_v3__density_rich__unit_candidates_v2,1da856d438f55bb76267d49a2cbc514c7b2161d8b5739cd19c612136943c54e8
C059,proto_sw_3_1,expanded,rich,1,100003,MB-L2,LocalGreedy@B,2,,2,1,1,success,,"[""proto_sw_3_1__seed_1964058663__global_l1_flow_v3__density_rich__selected_l1_005__L1-Only__independent_l1__context_preferred__sample_0100"", ""proto_sw_3_1__seed_1964058663__global_l1_flow_v3__density_rich__selected_l1_003__L1-Only__independent_l1__context_preferred__sample_0050"", ""proto_sw_3_1__seed_1964058663__global_l1_flow_v3__density_rich__selected_l1_001__L1-Only__independent_l1__context_preferred__sample_0000"", ""proto_sw_3_1__seed_1964058663__global_l1_flow_v3__density_rich__selected_l1_002__L1-Only__independent_l1__context_preferred__sample_0025"", ""proto_sw_3_1__seed_1964058663__global_l1_flow_v3__density_rich__selected_l1_004__L1-Only__independent_l1__context_preferred__sample_0075"", ""proto_sw_3_1__seed_1964058663__global_l1_flow_v3__density_rich__selected_l1_006__Y-2C__staggered_c__context_preferred__sample_0144""]","{""selected_l1_001"": ""L1_ONLY"", ""selected_l1_002"": ""L1_ONLY"", ""selected_l1_003"": ""L1_ONLY"", ""selected_l1_004"": ""L1_ONLY"", ""selected_l1_005"": ""L1_ONLY"", ""selected_l1_006"": ""OPPOSED_L2_PAIR""}",6,0,1,0.0016868999996404455,proto_sw_3_1__seed_1964058663__global_l1_flow_v3__density_rich,proto_sw_3_1__seed_1964058663__global_l1_flow_v3__density_rich__unit_candidates_v2,1da856d438f55bb76267d49a2cbc514c7b2161d8b5739cd19c612136943c54e8
C059,proto_sw_3_1,expanded,rich,1,100003,MB-L2,Ours@B,2,,2,2,1,success,,"[""proto_sw_3_1__seed_1964058663__global_l1_flow_v3__density_rich__selected_l1_005__L1-Only__independent_l1__context_preferred__sample_0100"", ""proto_sw_3_1__seed_1964058663__global_l1_flow_v3__density_rich__selected_l1_003__Y-C__balanced_s__context_preferred__sample_0053"", ""proto_sw_3_1__seed_1964058663__global_l1_flow_v3__density_rich__selected_l1_001__L1-Only__independent_l1__context_preferred__sample_0000"", ""proto_sw_3_1__seed_1964058663__global_l1_flow_v3__density_rich__selected_l1_002__L1-Only__independent_l1__context_preferred__sample_0025"", ""proto_sw_3_1__seed_1964058663__global_l1_flow_v3__density_rich__selected_l1_004__L1-Only__independent_l1__context_preferred__sample_0075"", ""proto_sw_3_1__seed_1964058663__global_l1_flow_v3__density_rich__selected_l1_006__Y-C__open_c__context_preferred__sample_0130""]","{""selected_l1_001"": ""L1_ONLY"", ""selected_l1_002"": ""L1_ONLY"", ""selected_l1_003"": ""SINGLE_L2_LEFT"", ""selected_l1_004"": ""L1_ONLY"", ""selected_l1_005"": ""L1_ONLY"", ""selected_l1_006"": ""SINGLE_L2_RIGHT""}",412,0,1,0.0034917999996650906,proto_sw_3_1__seed_1964058663__global_l1_flow_v3__density_rich,proto_sw_3_1__seed_1964058663__global_l1_flow_v3__density_rich__unit_candidates_v2,1da856d438f55bb76267d49a2cbc514c7b2161d8b5739cd19c612136943c54e8
C059,proto_sw_3_1,expanded,rich,1,100003,MB-L2,LocalGreedy@B,3,,3,2,1,success,,"[""proto_sw_3_1__seed_1964058663__global_l1_flow_v3__density_rich__selected_l1_005__Y-C__balanced_s__context_opposed__sample_0104"", ""proto_sw_3_1__seed_1964058663__global_l1_flow_v3__density_rich__selected_l1_003__L1-Only__independent_l1__context_preferred__sample_0050"", ""proto_sw_3_1__seed_1964058663__global_l1_flow_v3__density_rich__selected_l1_001__L1-Only__independent_l1__context_preferred__sample_0000"", ""proto_sw_3_1__seed_1964058663__global_l1_flow_v3__density_rich__selected_l1_002__L1-Only__independent_l1__context_preferred__sample_0025"", ""proto_sw_3_1__seed_1964058663__global_l1_flow_v3__density_rich__selected_l1_004__L1-Only__independent_l1__context_preferred__sample_0075"", ""proto_sw_3_1__seed_1964058663__global_l1_flow_v3__density_rich__selected_l1_006__Y-2C__staggered_c__context_preferred__sample_0144""]","{""selected_l1_001"": ""L1_ONLY"", ""selected_l1_002"": ""L1_ONLY"", ""selected_l1_003"": ""L1_ONLY"", ""selected_l1_004"": ""L1_ONLY"", ""selected_l1_005"": ""SINGLE_L2_LEFT"", ""selected_l1_006"": ""OPPOSED_L2_PAIR""}",6,0,1,0.0013620999998238403,proto_sw_3_1__seed_1964058663__global_l1_flow_v3__density_rich,proto_sw_3_1__seed_1964058663__global_l1_flow_v3__density_rich__unit_candidates_v2,1da856d438f55bb76267d49a2cbc514c7b2161d8b5739cd19c612136943c54e8
C059,proto_sw_3_1,expanded,rich,1,100003,MB-L2,Ours@B,3,,3,2,1,success,,"[""proto_sw_3_1__seed_1964058663__global_l1_flow_v3__density_rich__selected_l1_005__Y-2C__nested_s__context_swapped__sample_0110"", ""proto_sw_3_1__seed_1964058663__global_l1_flow_v3__density_rich__selected_l1_003__L1-Only__independent_l1__context_preferred__sample_0050"", ""proto_sw_3_1__seed_1964058663__global_l1_flow_v3__density_rich__selected_l1_001__L1-Only__independent_l1__context_preferred__sample_0000"", ""proto_sw_3_1__seed_1964058663__global_l1_flow_v3__density_rich__selected_l1_002__L1-Only__independent_l1__context_preferred__sample_0025"", ""proto_sw_3_1__seed_1964058663__global_l1_flow_v3__density_rich__selected_l1_004__L1-Only__independent_l1__context_preferred__sample_0075"", ""proto_sw_3_1__seed_1964058663__global_l1_flow_v3__density_rich__selected_l1_006__Y-C__open_c__context_preferred__sample_0130""]","{""selected_l1_001"": ""L1_ONLY"", ""selected_l1_002"": ""L1_ONLY"", ""selected_l1_003"": ""L1_ONLY"", ""selected_l1_004"": ""L1_ONLY"", ""selected_l1_005"": ""OPPOSED_L2_PAIR"", ""selected_l1_006"": ""SINGLE_L2_RIGHT""}",272,0,1,0.003709800000251562,proto_sw_3_1__seed_1964058663__global_l1_flow_v3__density_rich,proto_sw_3_1__seed_1964058663__global_l1_flow_v3__density_rich__unit_candidates_v2,1da856d438f55bb76267d49a2cbc514c7b2161d8b5739cd19c612136943c54e8
C059,proto_sw_3_1,expanded,rich,1,100003,MB-L2,LocalGreedy@B,4,,4,2,1,success,,"[""proto_sw_3_1__seed_1964058663__global_l1_flow_v3__density_rich__selected_l1_005__Y-2C__nested_s__context_swapped__sample_0110"", ""proto_sw_3_1__seed_1964058663__global_l1_flow_v3__density_rich__selected_l1_003__L1-Only__independent_l1__context_preferred__sample_0050"", ""proto_sw_3_1__seed_1964058663__global_l1_flow_v3__density_rich__selected_l1_001__L1-Only__independent_l1__context_preferred__sample_0000"", ""proto_sw_3_1__seed_1964058663__global_l1_flow_v3__density_rich__selected_l1_002__L1-Only__independent_l1__context_preferred__sample_0025"", ""proto_sw_3_1__seed_1964058663__global_l1_flow_v3__density_rich__selected_l1_004__L1-Only__independent_l1__context_preferred__sample_0075"", ""proto_sw_3_1__seed_1964058663__global_l1_flow_v3__density_rich__selected_l1_006__Y-2C__staggered_c__context_preferred__sample_0144""]","{""selected_l1_001"": ""L1_ONLY"", ""selected_l1_002"": ""L1_ONLY"", ""selected_l1_003"": ""L1_ONLY"", ""selected_l1_004"": ""L1_ONLY"", ""selected_l1_005"": ""OPPOSED_L2_PAIR"", ""selected_l1_006"": ""OPPOSED_L2_PAIR""}",6,0,1,0.0012267000001884298,proto_sw_3_1__seed_1964058663__global_l1_flow_v3__density_rich,proto_sw_3_1__seed_1964058663__global_l1_flow_v3__density_rich__unit_candidates_v2,1da856d438f55bb76267d49a2cbc514c7b2161d8b5739cd19c612136943c54e8
C059,proto_sw_3_1,expanded,rich,1,100003,MB-L2,Ours@B,4,,4,2,1,success,,"[""proto_sw_3_1__seed_1964058663__global_l1_flow_v3__density_rich__selected_l1_005__Y-2C__nested_s__context_swapped__sample_0110"", ""proto_sw_3_1__seed_1964058663__global_l1_flow_v3__density_rich__selected_l1_003__L1-Only__independent_l1__context_preferred__sample_0050"", ""proto_sw_3_1__seed_1964058663__global_l1_flow_v3__density_rich__selected_l1_001__L1-Only__independent_l1__context_preferred__sample_0000"", ""proto_sw_3_1__seed_1964058663__global_l1_flow_v3__density_rich__selected_l1_002__L1-Only__independent_l1__context_preferred__sample_0025"", ""proto_sw_3_1__seed_1964058663__global_l1_flow_v3__density_rich__selected_l1_004__L1-Only__independent_l1__context_preferred__sample_0075"", ""proto_sw_3_1__seed_1964058663__global_l1_flow_v3__density_rich__selected_l1_006__Y-2C__staggered_c__context_swapped__sample_0133""]","{""selected_l1_001"": ""L1_ONLY"", ""selected_l1_002"": ""L1_ONLY"", ""selected_l1_003"": ""L1_ONLY"", ""selected_l1_004"": ""L1_ONLY"", ""selected_l1_005"": ""OPPOSED_L2_PAIR"", ""selected_l1_006"": ""OPPOSED_L2_PAIR""}",196,0,1,0.003490600000077393,proto_sw_3_1__seed_1964058663__global_l1_flow_v3__density_rich,proto_sw_3_1__seed_1964058663__global_l1_flow_v3__density_rich__unit_candidates_v2,1da856d438f55bb76267d49a2cbc514c7b2161d8b5739cd19c612136943c54e8
C060,proto_sw_3_1,expanded,rich,2,100019,MB-L2,LocalGreedy@B,1,,1,1,1,success,,"[""proto_sw_3_1__seed_898415462__global_l1_flow_v3__density_rich__selected_l1_005__L1-Only__independent_l1__context_preferred__sample_0100"", ""proto_sw_3_1__seed_898415462__global_l1_flow_v3__density_rich__selected_l1_004__Y-C__balanced_s__context_preferred__sample_0078"", ""proto_sw_3_1__seed_898415462__global_l1_flow_v3__density_rich__selected_l1_002__L1-Only__independent_l1__context_preferred__sample_0025"", ""proto_sw_3_1__seed_898415462__global_l1_flow_v3__density_rich__selected_l1_003__L1-Only__independent_l1__context_preferred__sample_0050"", ""proto_sw_3_1__seed_898415462__global_l1_flow_v3__density_rich__selected_l1_006__L1-Only__independent_l1__context_preferred__sample_0125"", ""proto_sw_3_1__seed_898415462__global_l1_flow_v3__density_rich__selected_l1_001__L1-Only__independent_l1__context_preferred__sample_0000""]","{""selected_l1_001"": ""L1_ONLY"", ""selected_l1_002"": ""L1_ONLY"", ""selected_l1_003"": ""L1_ONLY"", ""selected_l1_004"": ""SINGLE_L2_LEFT"", ""selected_l1_005"": ""L1_ONLY"", ""selected_l1_006"": ""L1_ONLY""}",6,0,1,0.0031580999998368497,proto_sw_3_1__seed_898415462__global_l1_flow_v3__density_rich,proto_sw_3_1__seed_898415462__global_l1_flow_v3__density_rich__unit_candidates_v2,831f234bbd1318c00e6e3e700676e0840a09a5aa01fafdda4d6af2ad17baed1c
C060,proto_sw_3_1,expanded,rich,2,100019,MB-L2,Ours@B,1,,1,1,1,success,,"[""proto_sw_3_1__seed_898415462__global_l1_flow_v3__density_rich__selected_l1_005__L1-Only__independent_l1__context_preferred__sample_0100"", ""proto_sw_3_1__seed_898415462__global_l1_flow_v3__density_rich__selected_l1_004__L1-Only__independent_l1__context_preferred__sample_0075"", ""proto_sw_3_1__seed_898415462__global_l1_flow_v3__density_rich__selected_l1_002__Y-C__compact_c__context_opposed__sample_0027"", ""proto_sw_3_1__seed_898415462__global_l1_flow_v3__density_rich__selected_l1_003__L1-Only__independent_l1__context_preferred__sample_0050"", ""proto_sw_3_1__seed_898415462__global_l1_flow_v3__density_rich__selected_l1_006__L1-Only__independent_l1__context_preferred__sample_0125"", ""proto_sw_3_1__seed_898415462__global_l1_flow_v3__density_rich__selected_l1_001__L1-Only__independent_l1__context_preferred__sample_0000""]","{""selected_l1_001"": ""L1_ONLY"", ""selected_l1_002"": ""SINGLE_L2_RIGHT"", ""selected_l1_003"": ""L1_ONLY"", ""selected_l1_004"": ""L1_ONLY"", ""selected_l1_005"": ""L1_ONLY"", ""selected_l1_006"": ""L1_ONLY""}",323,0,1,0.005112000000281114,proto_sw_3_1__seed_898415462__global_l1_flow_v3__density_rich,proto_sw_3_1__seed_898415462__global_l1_flow_v3__density_rich__unit_candidates_v2,831f234bbd1318c00e6e3e700676e0840a09a5aa01fafdda4d6af2ad17baed1c
C060,proto_sw_3_1,expanded,rich,2,100019,MB-L2,LocalGreedy@B,2,,2,1,1,success,,"[""proto_sw_3_1__seed_898415462__global_l1_flow_v3__density_rich__selected_l1_005__L1-Only__independent_l1__context_preferred__sample_0100"", ""proto_sw_3_1__seed_898415462__global_l1_flow_v3__density_rich__selected_l1_004__Y-2C__nested_s__context_preferred__sample_0090"", ""proto_sw_3_1__seed_898415462__global_l1_flow_v3__density_rich__selected_l1_002__L1-Only__independent_l1__context_preferred__sample_0025"", ""proto_sw_3_1__seed_898415462__global_l1_flow_v3__density_rich__selected_l1_003__L1-Only__independent_l1__context_preferred__sample_0050"", ""proto_sw_3_1__seed_898415462__global_l1_flow_v3__density_rich__selected_l1_006__L1-Only__independent_l1__context_preferred__sample_0125"", ""proto_sw_3_1__seed_898415462__global_l1_flow_v3__density_rich__selected_l1_001__L1-Only__independent_l1__context_preferred__sample_0000""]","{""selected_l1_001"": ""L1_ONLY"", ""selected_l1_002"": ""L1_ONLY"", ""selected_l1_003"": ""L1_ONLY"", ""selected_l1_004"": ""OPPOSED_L2_PAIR"", ""selected_l1_005"": ""L1_ONLY"", ""selected_l1_006"": ""L1_ONLY""}",6,0,1,0.002962000000025,proto_sw_3_1__seed_898415462__global_l1_flow_v3__density_rich,proto_sw_3_1__seed_898415462__global_l1_flow_v3__density_rich__unit_candidates_v2,831f234bbd1318c00e6e3e700676e0840a09a5aa01fafdda4d6af2ad17baed1c
C060,proto_sw_3_1,expanded,rich,2,100019,MB-L2,Ours@B,2,,2,1,1,success,,"[""proto_sw_3_1__seed_898415462__global_l1_flow_v3__density_rich__selected_l1_005__L1-Only__independent_l1__context_preferred__sample_0100"", ""proto_sw_3_1__seed_898415462__global_l1_flow_v3__density_rich__selected_l1_004__L1-Only__independent_l1__context_preferred__sample_0075"", ""proto_sw_3_1__seed_898415462__global_l1_flow_v3__density_rich__selected_l1_002__Y-2C__open_asymmetric__context_preferred__sample_0048"", ""proto_sw_3_1__seed_898415462__global_l1_flow_v3__density_rich__selected_l1_003__L1-Only__independent_l1__context_preferred__sample_0050"", ""proto_sw_3_1__seed_898415462__global_l1_flow_v3__density_rich__selected_l1_006__L1-Only__independent_l1__context_preferred__sample_0125"", ""proto_sw_3_1__seed_898415462__global_l1_flow_v3__density_rich__selected_l1_001__L1-Only__independent_l1__context_preferred__sample_0000""]","{""selected_l1_001"": ""L1_ONLY"", ""selected_l1_002"": ""OPPOSED_L2_PAIR"", ""selected_l1_003"": ""L1_ONLY"", ""selected_l1_004"": ""L1_ONLY"", ""selected_l1_005"": ""L1_ONLY"", ""selected_l1_006"": ""L1_ONLY""}",393,0,1,0.004656699999941338,proto_sw_3_1__seed_898415462__global_l1_flow_v3__density_rich,proto_sw_3_1__seed_898415462__global_l1_flow_v3__density_rich__unit_candidates_v2,831f234bbd1318c00e6e3e700676e0840a09a5aa01fafdda4d6af2ad17baed1c
C061,proto_sw_3_1,compact,simple,1,100001,MB-L2,LocalGreedy@B,1,,1,1,1,success,,"[""proto_sw_3_1__seed_302128940__global_l1_flow_v3__density_simple__selected_l1_005__L1-Only__independent_l1__context_preferred__sample_0100"", ""proto_sw_3_1__seed_302128940__global_l1_flow_v3__density_simple__selected_l1_001__Y-C__balanced_s__context_preferred__sample_0003"", ""proto_sw_3_1__seed_302128940__global_l1_flow_v3__density_simple__selected_l1_002__L1-Only__independent_l1__context_preferred__sample_0025"", ""proto_sw_3_1__seed_302128940__global_l1_flow_v3__density_simple__selected_l1_006__L1-Only__independent_l1__context_preferred__sample_0125"", ""proto_sw_3_1__seed_302128940__global_l1_flow_v3__density_simple__selected_l1_003__L1-Only__independent_l1__context_preferred__sample_0050"", ""proto_sw_3_1__seed_302128940__global_l1_flow_v3__density_simple__selected_l1_004__L1-Only__independent_l1__context_preferred__sample_0075""]","{""selected_l1_001"": ""SINGLE_L2_LEFT"", ""selected_l1_002"": ""L1_ONLY"", ""selected_l1_003"": ""L1_ONLY"", ""selected_l1_004"": ""L1_ONLY"", ""selected_l1_005"": ""L1_ONLY"", ""selected_l1_006"": ""L1_ONLY""}",6,0,1,0.001790199999959441,proto_sw_3_1__seed_302128940__global_l1_flow_v3__density_simple,proto_sw_3_1__seed_302128940__global_l1_flow_v3__density_simple__unit_candidates_v2,54d36bd891b08f74f77c39efe2db646bb2f90fba9337a94abe9d21a6f012d303
C061,proto_sw_3_1,compact,simple,1,100001,MB-L2,Ours@B,1,,1,1,1,success,,"[""proto_sw_3_1__seed_302128940__global_l1_flow_v3__density_simple__selected_l1_005__L1-Only__independent_l1__context_preferred__sample_0100"", ""proto_sw_3_1__seed_302128940__global_l1_flow_v3__density_simple__selected_l1_001__L1-Only__independent_l1__context_preferred__sample_0000"", ""proto_sw_3_1__seed_302128940__global_l1_flow_v3__density_simple__selected_l1_002__L1-Only__independent_l1__context_preferred__sample_0025"", ""proto_sw_3_1__seed_302128940__global_l1_flow_v3__density_simple__selected_l1_006__Y-C__compact_c__context_preferred__sample_0126"", ""proto_sw_3_1__seed_302128940__global_l1_flow_v3__density_simple__selected_l1_003__L1-Only__independent_l1__context_preferred__sample_0050"", ""proto_sw_3_1__seed_302128940__global_l1_flow_v3__density_simple__selected_l1_004__L1-Only__independent_l1__context_preferred__sample_0075""]","{""selected_l1_001"": ""L1_ONLY"", ""selected_l1_002"": ""L1_ONLY"", ""selected_l1_003"": ""L1_ONLY"", ""selected_l1_004"": ""L1_ONLY"", ""selected_l1_005"": ""L1_ONLY"", ""selected_l1_006"": ""SINGLE_L2_RIGHT""}",147,0,1,0.0026562000002741115,proto_sw_3_1__seed_302128940__global_l1_flow_v3__density_simple,proto_sw_3_1__seed_302128940__global_l1_flow_v3__density_simple__unit_candidates_v2,54d36bd891b08f74f77c39efe2db646bb2f90fba9337a94abe9d21a6f012d303
C061,proto_sw_3_1,compact,simple,1,100001,MB-L2,LocalGreedy@B,2,,2,1,1,success,,"[""proto_sw_3_1__seed_302128940__global_l1_flow_v3__density_simple__selected_l1_005__L1-Only__independent_l1__context_preferred__sample_0100"", ""proto_sw_3_1__seed_302128940__global_l1_flow_v3__density_simple__selected_l1_001__Y-2C__nested_s__context_preferred__sample_0009"", ""proto_sw_3_1__seed_302128940__global_l1_flow_v3__density_simple__selected_l1_002__L1-Only__independent_l1__context_preferred__sample_0025"", ""proto_sw_3_1__seed_302128940__global_l1_flow_v3__density_simple__selected_l1_006__L1-Only__independent_l1__context_preferred__sample_0125"", ""proto_sw_3_1__seed_302128940__global_l1_flow_v3__density_simple__selected_l1_003__L1-Only__independent_l1__context_preferred__sample_0050"", ""proto_sw_3_1__seed_302128940__global_l1_flow_v3__density_simple__selected_l1_004__L1-Only__independent_l1__context_preferred__sample_0075""]","{""selected_l1_001"": ""OPPOSED_L2_PAIR"", ""selected_l1_002"": ""L1_ONLY"", ""selected_l1_003"": ""L1_ONLY"", ""selected_l1_004"": ""L1_ONLY"", ""selected_l1_005"": ""L1_ONLY"", ""selected_l1_006"": ""L1_ONLY""}",6,0,1,0.0013708000001315668,proto_sw_3_1__seed_302128940__global_l1_flow_v3__density_simple,proto_sw_3_1__seed_302128940__global_l1_flow_v3__density_simple__unit_candidates_v2,54d36bd891b08f74f77c39efe2db646bb2f90fba9337a94abe9d21a6f012d303
C061,proto_sw_3_1,compact,simple,1,100001,MB-L2,Ours@B,2,,2,1,1,success,,"[""proto_sw_3_1__seed_302128940__global_l1_flow_v3__density_simple__selected_l1_005__L1-Only__independent_l1__context_preferred__sample_0100"", ""proto_sw_3_1__seed_302128940__global_l1_flow_v3__density_simple__selected_l1_001__L1-Only__independent_l1__context_preferred__sample_0000"", ""proto_sw_3_1__seed_302128940__global_l1_flow_v3__density_simple__selected_l1_002__L1-Only__independent_l1__context_preferred__sample_0025"", ""proto_sw_3_1__seed_302128940__global_l1_flow_v3__density_simple__selected_l1_006__L1-Only__independent_l1__context_preferred__sample_0125"", ""proto_sw_3_1__seed_302128940__global_l1_flow_v3__density_simple__selected_l1_003__Y-2C__open_asymmetric__context_swapped__sample_0074"", ""proto_sw_3_1__seed_302128940__global_l1_flow_v3__density_simple__selected_l1_004__L1-Only__independent_l1__context_preferred__sample_0075""]","{""selected_l1_001"": ""L1_ONLY"", ""selected_l1_002"": ""L1_ONLY"", ""selected_l1_003"": ""OPPOSED_L2_PAIR"", ""selected_l1_004"": ""L1_ONLY"", ""selected_l1_005"": ""L1_ONLY"", ""selected_l1_006"": ""L1_ONLY""}",648,0,1,0.0038184000000001106,proto_sw_3_1__seed_302128940__global_l1_flow_v3__density_simple,proto_sw_3_1__seed_302128940__global_l1_flow_v3__density_simple__unit_candidates_v2,54d36bd891b08f74f77c39efe2db646bb2f90fba9337a94abe9d21a6f012d303
C062,proto_sw_3_1,compact,simple,2,100066,MB-L2,LocalGreedy@B,1,,1,1,1,success,,"[""proto_sw_3_1__seed_3724261499__global_l1_flow_v3__density_simple__selected_l1_001__L1-Only__independent_l1__context_preferred__sample_0000"", ""proto_sw_3_1__seed_3724261499__global_l1_flow_v3__density_simple__selected_l1_002__L1-Only__independent_l1__context_preferred__sample_0025"", ""proto_sw_3_1__seed_3724261499__global_l1_flow_v3__density_simple__selected_l1_003__L1-Only__independent_l1__context_preferred__sample_0050"", ""proto_sw_3_1__seed_3724261499__global_l1_flow_v3__density_simple__selected_l1_004__L1-Only__independent_l1__context_preferred__sample_0075"", ""proto_sw_3_1__seed_3724261499__global_l1_flow_v3__density_simple__selected_l1_005__L1-Only__independent_l1__context_preferred__sample_0100"", ""proto_sw_3_1__seed_3724261499__global_l1_flow_v3__density_simple__selected_l1_006__Y-C__balanced_s__context_opposed__sample_0129""]","{""selected_l1_001"": ""L1_ONLY"", ""selected_l1_002"": ""L1_ONLY"", ""selected_l1_003"": ""L1_ONLY"", ""selected_l1_004"": ""L1_ONLY"", ""selected_l1_005"": ""L1_ONLY"", ""selected_l1_006"": ""SINGLE_L2_LEFT""}",6,0,1,0.0013684000000466767,proto_sw_3_1__seed_3724261499__global_l1_flow_v3__density_simple,proto_sw_3_1__seed_3724261499__global_l1_flow_v3__density_simple__unit_candidates_v2,44e11c471fbd29cb594285f158959780dbb73df151c85441f490b8c5ee3a198e
C062,proto_sw_3_1,compact,simple,2,100066,MB-L2,Ours@B,1,,1,1,1,success,,"[""proto_sw_3_1__seed_3724261499__global_l1_flow_v3__density_simple__selected_l1_001__L1-Only__independent_l1__context_preferred__sample_0000"", ""proto_sw_3_1__seed_3724261499__global_l1_flow_v3__density_simple__selected_l1_002__L1-Only__independent_l1__context_preferred__sample_0025"", ""proto_sw_3_1__seed_3724261499__global_l1_flow_v3__density_simple__selected_l1_003__L1-Only__independent_l1__context_preferred__sample_0050"", ""proto_sw_3_1__seed_3724261499__global_l1_flow_v3__density_simple__selected_l1_004__L1-Only__independent_l1__context_preferred__sample_0075"", ""proto_sw_3_1__seed_3724261499__global_l1_flow_v3__density_simple__selected_l1_005__L1-Only__independent_l1__context_preferred__sample_0100"", ""proto_sw_3_1__seed_3724261499__global_l1_flow_v3__density_simple__selected_l1_006__Y-C__compact_c__context_preferred__sample_0126""]","{""selected_l1_001"": ""L1_ONLY"", ""selected_l1_002"": ""L1_ONLY"", ""selected_l1_003"": ""L1_ONLY"", ""selected_l1_004"": ""L1_ONLY"", ""selected_l1_005"": ""L1_ONLY"", ""selected_l1_006"": ""SINGLE_L2_RIGHT""}",970,0,1,0.005210100000113016,proto_sw_3_1__seed_3724261499__global_l1_flow_v3__density_simple,proto_sw_3_1__seed_3724261499__global_l1_flow_v3__density_simple__unit_candidates_v2,44e11c471fbd29cb594285f158959780dbb73df151c85441f490b8c5ee3a198e
C062,proto_sw_3_1,compact,simple,2,100066,MB-L2,LocalGreedy@B,2,,2,1,1,success,,"[""proto_sw_3_1__seed_3724261499__global_l1_flow_v3__density_simple__selected_l1_001__L1-Only__independent_l1__context_preferred__sample_0000"", ""proto_sw_3_1__seed_3724261499__global_l1_flow_v3__density_simple__selected_l1_002__L1-Only__independent_l1__context_preferred__sample_0025"", ""proto_sw_3_1__seed_3724261499__global_l1_flow_v3__density_simple__selected_l1_003__L1-Only__independent_l1__context_preferred__sample_0050"", ""proto_sw_3_1__seed_3724261499__global_l1_flow_v3__density_simple__selected_l1_004__L1-Only__independent_l1__context_preferred__sample_0075"", ""proto_sw_3_1__seed_3724261499__global_l1_flow_v3__density_simple__selected_l1_005__L1-Only__independent_l1__context_preferred__sample_0100"", ""proto_sw_3_1__seed_3724261499__global_l1_flow_v3__density_simple__selected_l1_006__Y-2C__nested_s__context_preferred__sample_0134""]","{""selected_l1_001"": ""L1_ONLY"", ""selected_l1_002"": ""L1_ONLY"", ""selected_l1_003"": ""L1_ONLY"", ""selected_l1_004"": ""L1_ONLY"", ""selected_l1_005"": ""L1_ONLY"", ""selected_l1_006"": ""OPPOSED_L2_PAIR""}",6,0,1,0.0011696999999912805,proto_sw_3_1__seed_3724261499__global_l1_flow_v3__density_simple,proto_sw_3_1__seed_3724261499__global_l1_flow_v3__density_simple__unit_candidates_v2,44e11c471fbd29cb594285f158959780dbb73df151c85441f490b8c5ee3a198e
C062,proto_sw_3_1,compact,simple,2,100066,MB-L2,Ours@B,2,,2,2,1,success,,"[""proto_sw_3_1__seed_3724261499__global_l1_flow_v3__density_simple__selected_l1_001__L1-Only__independent_l1__context_preferred__sample_0000"", ""proto_sw_3_1__seed_3724261499__global_l1_flow_v3__density_simple__selected_l1_002__Y-C__open_c__context_preferred__sample_0030"", ""proto_sw_3_1__seed_3724261499__global_l1_flow_v3__density_simple__selected_l1_003__L1-Only__independent_l1__context_preferred__sample_0050"", ""proto_sw_3_1__seed_3724261499__global_l1_flow_v3__density_simple__selected_l1_004__L1-Only__independent_l1__context_preferred__sample_0075"", ""proto_sw_3_1__seed_3724261499__global_l1_flow_v3__density_simple__selected_l1_005__L1-Only__independent_l1__context_preferred__sample_0100"", ""proto_sw_3_1__seed_3724261499__global_l1_flow_v3__density_simple__selected_l1_006__Y-C__compact_c__context_preferred__sample_0126""]","{""selected_l1_001"": ""L1_ONLY"", ""selected_l1_002"": ""SINGLE_L2_LEFT"", ""selected_l1_003"": ""L1_ONLY"", ""selected_l1_004"": ""L1_ONLY"", ""selected_l1_005"": ""L1_ONLY"", ""selected_l1_006"": ""SINGLE_L2_RIGHT""}",353,0,1,0.004123900000195135,proto_sw_3_1__seed_3724261499__global_l1_flow_v3__density_simple,proto_sw_3_1__seed_3724261499__global_l1_flow_v3__density_simple__unit_candidates_v2,44e11c471fbd29cb594285f158959780dbb73df151c85441f490b8c5ee3a198e
C062,proto_sw_3_1,compact,simple,2,100066,MB-L2,LocalGreedy@B,3,,3,2,1,success,,"[""proto_sw_3_1__seed_3724261499__global_l1_flow_v3__density_simple__selected_l1_001__L1-Only__independent_l1__context_preferred__sample_0000"", ""proto_sw_3_1__seed_3724261499__global_l1_flow_v3__density_simple__selected_l1_002__L1-Only__independent_l1__context_preferred__sample_0025"", ""proto_sw_3_1__seed_3724261499__global_l1_flow_v3__density_simple__selected_l1_003__L1-Only__independent_l1__context_preferred__sample_0050"", ""proto_sw_3_1__seed_3724261499__global_l1_flow_v3__density_simple__selected_l1_004__Y-C__balanced_s__context_opposed__sample_0079"", ""proto_sw_3_1__seed_3724261499__global_l1_flow_v3__density_simple__selected_l1_005__L1-Only__independent_l1__context_preferred__sample_0100"", ""proto_sw_3_1__seed_3724261499__global_l1_flow_v3__density_simple__selected_l1_006__Y-2C__nested_s__context_preferred__sample_0134""]","{""selected_l1_001"": ""L1_ONLY"", ""selected_l1_002"": ""L1_ONLY"", ""selected_l1_003"": ""L1_ONLY"", ""selected_l1_004"": ""SINGLE_L2_LEFT"", ""selected_l1_005"": ""L1_ONLY"", ""selected_l1_006"": ""OPPOSED_L2_PAIR""}",6,0,1,0.001482900000155496,proto_sw_3_1__seed_3724261499__global_l1_flow_v3__density_simple,proto_sw_3_1__seed_3724261499__global_l1_flow_v3__density_simple__unit_candidates_v2,44e11c471fbd29cb594285f158959780dbb73df151c85441f490b8c5ee3a198e
C062,proto_sw_3_1,compact,simple,2,100066,MB-L2,Ours@B,3,,3,2,1,success,,"[""proto_sw_3_1__seed_3724261499__global_l1_flow_v3__density_simple__selected_l1_001__L1-Only__independent_l1__context_preferred__sample_0000"", ""proto_sw_3_1__seed_3724261499__global_l1_flow_v3__density_simple__selected_l1_002__L1-Only__independent_l1__context_preferred__sample_0025"", ""proto_sw_3_1__seed_3724261499__global_l1_flow_v3__density_simple__selected_l1_003__Y-2C__open_asymmetric__context_preferred__sample_0073"", ""proto_sw_3_1__seed_3724261499__global_l1_flow_v3__density_simple__selected_l1_004__L1-Only__independent_l1__context_preferred__sample_0075"", ""proto_sw_3_1__seed_3724261499__global_l1_flow_v3__density_simple__selected_l1_005__L1-Only__independent_l1__context_preferred__sample_0100"", ""proto_sw_3_1__seed_3724261499__global_l1_flow_v3__density_simple__selected_l1_006__Y-C__compact_c__context_preferred__sample_0126""]","{""selected_l1_001"": ""L1_ONLY"", ""selected_l1_002"": ""L1_ONLY"", ""selected_l1_003"": ""OPPOSED_L2_PAIR"", ""selected_l1_004"": ""L1_ONLY"", ""selected_l1_005"": ""L1_ONLY"", ""selected_l1_006"": ""SINGLE_L2_RIGHT""}",676,0,1,0.00498890000017127,proto_sw_3_1__seed_3724261499__global_l1_flow_v3__density_simple,proto_sw_3_1__seed_3724261499__global_l1_flow_v3__density_simple__unit_candidates_v2,44e11c471fbd29cb594285f158959780dbb73df151c85441f490b8c5ee3a198e
C062,proto_sw_3_1,compact,simple,2,100066,MB-L2,LocalGreedy@B,4,,4,2,1,success,,"[""proto_sw_3_1__seed_3724261499__global_l1_flow_v3__density_simple__selected_l1_001__L1-Only__independent_l1__context_preferred__sample_0000"", ""proto_sw_3_1__seed_3724261499__global_l1_flow_v3__density_simple__selected_l1_002__L1-Only__independent_l1__context_preferred__sample_0025"", ""proto_sw_3_1__seed_3724261499__global_l1_flow_v3__density_simple__selected_l1_003__L1-Only__independent_l1__context_preferred__sample_0050"", ""proto_sw_3_1__seed_3724261499__global_l1_flow_v3__density_simple__selected_l1_004__Y-2C__nested_s__context_swapped__sample_0085"", ""proto_sw_3_1__seed_3724261499__global_l1_flow_v3__density_simple__selected_l1_005__L1-Only__independent_l1__context_preferred__sample_0100"", ""proto_sw_3_1__seed_3724261499__global_l1_flow_v3__density_simple__selected_l1_006__Y-2C__nested_s__context_preferred__sample_0134""]","{""selected_l1_001"": ""L1_ONLY"", ""selected_l1_002"": ""L1_ONLY"", ""selected_l1_003"": ""L1_ONLY"", ""selected_l1_004"": ""OPPOSED_L2_PAIR"", ""selected_l1_005"": ""L1_ONLY"", ""selected_l1_006"": ""OPPOSED_L2_PAIR""}",6,0,1,0.0014595000002373126,proto_sw_3_1__seed_3724261499__global_l1_flow_v3__density_simple,proto_sw_3_1__seed_3724261499__global_l1_flow_v3__density_simple__unit_candidates_v2,44e11c471fbd29cb594285f158959780dbb73df151c85441f490b8c5ee3a198e
C062,proto_sw_3_1,compact,simple,2,100066,MB-L2,Ours@B,4,,4,2,1,success,,"[""proto_sw_3_1__seed_3724261499__global_l1_flow_v3__density_simple__selected_l1_001__L1-Only__independent_l1__context_preferred__sample_0000"", ""proto_sw_3_1__seed_3724261499__global_l1_flow_v3__density_simple__selected_l1_002__L1-Only__independent_l1__context_preferred__sample_0025"", ""proto_sw_3_1__seed_3724261499__global_l1_flow_v3__density_simple__selected_l1_003__Y-2C__open_asymmetric__context_preferred__sample_0073"", ""proto_sw_3_1__seed_3724261499__global_l1_flow_v3__density_simple__selected_l1_004__L1-Only__independent_l1__context_preferred__sample_0075"", ""proto_sw_3_1__seed_3724261499__global_l1_flow_v3__density_simple__selected_l1_005__L1-Only__independent_l1__context_preferred__sample_0100"", ""proto_sw_3_1__seed_3724261499__global_l1_flow_v3__density_simple__selected_l1_006__Y-2C__open_asymmetric__context_swapped__sample_0149""]","{""selected_l1_001"": ""L1_ONLY"", ""selected_l1_002"": ""L1_ONLY"", ""selected_l1_003"": ""OPPOSED_L2_PAIR"", ""selected_l1_004"": ""L1_ONLY"", ""selected_l1_005"": ""L1_ONLY"", ""selected_l1_006"": ""OPPOSED_L2_PAIR""}",512,0,1,0.004774300000008225,proto_sw_3_1__seed_3724261499__global_l1_flow_v3__density_simple,proto_sw_3_1__seed_3724261499__global_l1_flow_v3__density_simple__unit_candidates_v2,44e11c471fbd29cb594285f158959780dbb73df151c85441f490b8c5ee3a198e
C063,proto_sw_3_1,compact,medium,1,100010,MB-L2,LocalGreedy@B,1,,1,1,1,success,,"[""proto_sw_3_1__seed_1989963110__global_l1_flow_v3__density_medium__selected_l1_005__L1-Only__independent_l1__context_preferred__sample_0100"", ""proto_sw_3_1__seed_1989963110__global_l1_flow_v3__density_medium__selected_l1_001__L1-Only__independent_l1__context_preferred__sample_0000"", ""proto_sw_3_1__seed_1989963110__global_l1_flow_v3__density_medium__selected_l1_002__L1-Only__independent_l1__context_preferred__sample_0025"", ""proto_sw_3_1__seed_1989963110__global_l1_flow_v3__density_medium__selected_l1_004__Y-C__balanced_s__context_opposed__sample_0079"", ""proto_sw_3_1__seed_1989963110__global_l1_flow_v3__density_medium__selected_l1_003__L1-Only__independent_l1__context_preferred__sample_0050"", ""proto_sw_3_1__seed_1989963110__global_l1_flow_v3__density_medium__selected_l1_006__L1-Only__independent_l1__context_preferred__sample_0125""]","{""selected_l1_001"": ""L1_ONLY"", ""selected_l1_002"": ""L1_ONLY"", ""selected_l1_003"": ""L1_ONLY"", ""selected_l1_004"": ""SINGLE_L2_RIGHT"", ""selected_l1_005"": ""L1_ONLY"", ""selected_l1_006"": ""L1_ONLY""}",6,0,1,0.001790899999832618,proto_sw_3_1__seed_1989963110__global_l1_flow_v3__density_medium,proto_sw_3_1__seed_1989963110__global_l1_flow_v3__density_medium__unit_candidates_v2,4bdd10e5f263a1191cb6b63a036d2639e6bacf7920bc802c46928e37d7fdaefa
C063,proto_sw_3_1,compact,medium,1,100010,MB-L2,Ours@B,1,,1,1,1,success,,"[""proto_sw_3_1__seed_1989963110__global_l1_flow_v3__density_medium__selected_l1_005__L1-Only__independent_l1__context_preferred__sample_0100"", ""proto_sw_3_1__seed_1989963110__global_l1_flow_v3__density_medium__selected_l1_001__L1-Only__independent_l1__context_preferred__sample_0000"", ""proto_sw_3_1__seed_1989963110__global_l1_flow_v3__density_medium__selected_l1_002__L1-Only__independent_l1__context_preferred__sample_0025"", ""proto_sw_3_1__seed_1989963110__global_l1_flow_v3__density_medium__selected_l1_004__L1-Only__independent_l1__context_preferred__sample_0075"", ""proto_sw_3_1__seed_1989963110__global_l1_flow_v3__density_medium__selected_l1_003__L1-Only__independent_l1__context_preferred__sample_0050"", ""proto_sw_3_1__seed_1989963110__global_l1_flow_v3__density_medium__selected_l1_006__Y-C__open_c__context_preferred__sample_0130""]","{""selected_l1_001"": ""L1_ONLY"", ""selected_l1_002"": ""L1_ONLY"", ""selected_l1_003"": ""L1_ONLY"", ""selected_l1_004"": ""L1_ONLY"", ""selected_l1_005"": ""L1_ONLY"", ""selected_l1_006"": ""SINGLE_L2_RIGHT""}",344,0,1,0.004224499999963882,proto_sw_3_1__seed_1989963110__global_l1_flow_v3__density_medium,proto_sw_3_1__seed_1989963110__global_l1_flow_v3__density_medium__unit_candidates_v2,4bdd10e5f263a1191cb6b63a036d2639e6bacf7920bc802c46928e37d7fdaefa
C063,proto_sw_3_1,compact,medium,1,100010,MB-L2,LocalGreedy@B,2,,2,1,1,success,,"[""proto_sw_3_1__seed_1989963110__global_l1_flow_v3__density_medium__selected_l1_005__L1-Only__independent_l1__context_preferred__sample_0100"", ""proto_sw_3_1__seed_1989963110__global_l1_flow_v3__density_medium__selected_l1_001__L1-Only__independent_l1__context_preferred__sample_0000"", ""proto_sw_3_1__seed_1989963110__global_l1_flow_v3__density_medium__selected_l1_002__L1-Only__independent_l1__context_preferred__sample_0025"", ""proto_sw_3_1__seed_1989963110__global_l1_flow_v3__density_medium__selected_l1_004__Y-2C__nested_s__context_preferred__sample_0096"", ""proto_sw_3_1__seed_1989963110__global_l1_flow_v3__density_medium__selected_l1_003__L1-Only__independent_l1__context_preferred__sample_0050"", ""proto_sw_3_1__seed_1989963110__global_l1_flow_v3__density_medium__selected_l1_006__L1-Only__independent_l1__context_preferred__sample_0125""]","{""selected_l1_001"": ""L1_ONLY"", ""selected_l1_002"": ""L1_ONLY"", ""selected_l1_003"": ""L1_ONLY"", ""selected_l1_004"": ""OPPOSED_L2_PAIR"", ""selected_l1_005"": ""L1_ONLY"", ""selected_l1_006"": ""L1_ONLY""}",6,0,1,0.0017944999999599531,proto_sw_3_1__seed_1989963110__global_l1_flow_v3__density_medium,proto_sw_3_1__seed_1989963110__global_l1_flow_v3__density_medium__unit_candidates_v2,4bdd10e5f263a1191cb6b63a036d2639e6bacf7920bc802c46928e37d7fdaefa
C063,proto_sw_3_1,compact,medium,1,100010,MB-L2,Ours@B,2,,2,1,1,success,,"[""proto_sw_3_1__seed_1989963110__global_l1_flow_v3__density_medium__selected_l1_005__L1-Only__independent_l1__context_preferred__sample_0100"", ""proto_sw_3_1__seed_1989963110__global_l1_flow_v3__density_medium__selected_l1_001__L1-Only__independent_l1__context_preferred__sample_0000"", ""proto_sw_3_1__seed_1989963110__global_l1_flow_v3__density_medium__selected_l1_002__L1-Only__independent_l1__context_preferred__sample_0025"", ""proto_sw_3_1__seed_1989963110__global_l1_flow_v3__density_medium__selected_l1_004__L1-Only__independent_l1__context_preferred__sample_0075"", ""proto_sw_3_1__seed_1989963110__global_l1_flow_v3__density_medium__selected_l1_003__L1-Only__independent_l1__context_preferred__sample_0050"", ""proto_sw_3_1__seed_1989963110__global_l1_flow_v3__density_medium__selected_l1_006__Y-2C__open_asymmetric__context_swapped__sample_0149""]","{""selected_l1_001"": ""L1_ONLY"", ""selected_l1_002"": ""L1_ONLY"", ""selected_l1_003"": ""L1_ONLY"", ""selected_l1_004"": ""L1_ONLY"", ""selected_l1_005"": ""L1_ONLY"", ""selected_l1_006"": ""OPPOSED_L2_PAIR""}",359,0,1,0.0043685000000550644,proto_sw_3_1__seed_1989963110__global_l1_flow_v3__density_medium,proto_sw_3_1__seed_1989963110__global_l1_flow_v3__density_medium__unit_candidates_v2,4bdd10e5f263a1191cb6b63a036d2639e6bacf7920bc802c46928e37d7fdaefa
C064,proto_sw_3_1,compact,medium,2,100012,MB-L2,LocalGreedy@B,1,,1,1,1,success,,"[""proto_sw_3_1__seed_608345505__global_l1_flow_v3__density_medium__selected_l1_005__L1-Only__independent_l1__context_preferred__sample_0100"", ""proto_sw_3_1__seed_608345505__global_l1_flow_v3__density_medium__selected_l1_001__L1-Only__independent_l1__context_preferred__sample_0000"", ""proto_sw_3_1__seed_608345505__global_l1_flow_v3__density_medium__selected_l1_003__L1-Only__independent_l1__context_preferred__sample_0050"", ""proto_sw_3_1__seed_608345505__global_l1_flow_v3__density_medium__selected_l1_004__L1-Only__independent_l1__context_preferred__sample_0075"", ""proto_sw_3_1__seed_608345505__global_l1_flow_v3__density_medium__selected_l1_006__L1-Only__independent_l1__context_preferred__sample_0125"", ""proto_sw_3_1__seed_608345505__global_l1_flow_v3__density_medium__selected_l1_002__Y-C__balanced_s__context_preferred__sample_0028""]","{""selected_l1_001"": ""L1_ONLY"", ""selected_l1_002"": ""SINGLE_L2_RIGHT"", ""selected_l1_003"": ""L1_ONLY"", ""selected_l1_004"": ""L1_ONLY"", ""selected_l1_005"": ""L1_ONLY"", ""selected_l1_006"": ""L1_ONLY""}",6,0,1,0.001450100000056409,proto_sw_3_1__seed_608345505__global_l1_flow_v3__density_medium,proto_sw_3_1__seed_608345505__global_l1_flow_v3__density_medium__unit_candidates_v2,89f1b8487c6168611a0a2f739dde7764893d26c3854819020bb9d7d736798494
C064,proto_sw_3_1,compact,medium,2,100012,MB-L2,Ours@B,1,,1,1,1,success,,"[""proto_sw_3_1__seed_608345505__global_l1_flow_v3__density_medium__selected_l1_005__L1-Only__independent_l1__context_preferred__sample_0100"", ""proto_sw_3_1__seed_608345505__global_l1_flow_v3__density_medium__selected_l1_001__L1-Only__independent_l1__context_preferred__sample_0000"", ""proto_sw_3_1__seed_608345505__global_l1_flow_v3__density_medium__selected_l1_003__L1-Only__independent_l1__context_preferred__sample_0050"", ""proto_sw_3_1__seed_608345505__global_l1_flow_v3__density_medium__selected_l1_004__L1-Only__independent_l1__context_preferred__sample_0075"", ""proto_sw_3_1__seed_608345505__global_l1_flow_v3__density_medium__selected_l1_006__Y-C__compact_c__context_preferred__sample_0126"", ""proto_sw_3_1__seed_608345505__global_l1_flow_v3__density_medium__selected_l1_002__L1-Only__independent_l1__context_preferred__sample_0025""]","{""selected_l1_001"": ""L1_ONLY"", ""selected_l1_002"": ""L1_ONLY"", ""selected_l1_003"": ""L1_ONLY"", ""selected_l1_004"": ""L1_ONLY"", ""selected_l1_005"": ""L1_ONLY"", ""selected_l1_006"": ""SINGLE_L2_RIGHT""}",1042,0,1,0.004683400000430993,proto_sw_3_1__seed_608345505__global_l1_flow_v3__density_medium,proto_sw_3_1__seed_608345505__global_l1_flow_v3__density_medium__unit_candidates_v2,89f1b8487c6168611a0a2f739dde7764893d26c3854819020bb9d7d736798494
C064,proto_sw_3_1,compact,medium,2,100012,MB-L2,LocalGreedy@B,2,,2,2,1,success,,"[""proto_sw_3_1__seed_608345505__global_l1_flow_v3__density_medium__selected_l1_005__Y-C__balanced_s__context_opposed__sample_0104"", ""proto_sw_3_1__seed_608345505__global_l1_flow_v3__density_medium__selected_l1_001__L1-Only__independent_l1__context_preferred__sample_0000"", ""proto_sw_3_1__seed_608345505__global_l1_flow_v3__density_medium__selected_l1_003__L1-Only__independent_l1__context_preferred__sample_0050"", ""proto_sw_3_1__seed_608345505__global_l1_flow_v3__density_medium__selected_l1_004__L1-Only__independent_l1__context_preferred__sample_0075"", ""proto_sw_3_1__seed_608345505__global_l1_flow_v3__density_medium__selected_l1_006__L1-Only__independent_l1__context_preferred__sample_0125"", ""proto_sw_3_1__seed_608345505__global_l1_flow_v3__density_medium__selected_l1_002__Y-C__balanced_s__context_preferred__sample_0028""]","{""selected_l1_001"": ""L1_ONLY"", ""selected_l1_002"": ""SINGLE_L2_RIGHT"", ""selected_l1_003"": ""L1_ONLY"", ""selected_l1_004"": ""L1_ONLY"", ""selected_l1_005"": ""SINGLE_L2_RIGHT"", ""selected_l1_006"": ""L1_ONLY""}",6,0,1,0.0009801999999581312,proto_sw_3_1__seed_608345505__global_l1_flow_v3__density_medium,proto_sw_3_1__seed_608345505__global_l1_flow_v3__density_medium__unit_candidates_v2,89f1b8487c6168611a0a2f739dde7764893d26c3854819020bb9d7d736798494
C064,proto_sw_3_1,compact,medium,2,100012,MB-L2,Ours@B,2,,2,2,1,success,,"[""proto_sw_3_1__seed_608345505__global_l1_flow_v3__density_medium__selected_l1_005__L1-Only__independent_l1__context_preferred__sample_0100"", ""proto_sw_3_1__seed_608345505__global_l1_flow_v3__density_medium__selected_l1_001__L1-Only__independent_l1__context_preferred__sample_0000"", ""proto_sw_3_1__seed_608345505__global_l1_flow_v3__density_medium__selected_l1_003__L1-Only__independent_l1__context_preferred__sample_0050"", ""proto_sw_3_1__seed_608345505__global_l1_flow_v3__density_medium__selected_l1_004__Y-C__open_c__context_preferred__sample_0080"", ""proto_sw_3_1__seed_608345505__global_l1_flow_v3__density_medium__selected_l1_006__Y-C__compact_c__context_preferred__sample_0126"", ""proto_sw_3_1__seed_608345505__global_l1_flow_v3__density_medium__selected_l1_002__L1-Only__independent_l1__context_preferred__sample_0025""]","{""selected_l1_001"": ""L1_ONLY"", ""selected_l1_002"": ""L1_ONLY"", ""selected_l1_003"": ""L1_ONLY"", ""selected_l1_004"": ""SINGLE_L2_RIGHT"", ""selected_l1_005"": ""L1_ONLY"", ""selected_l1_006"": ""SINGLE_L2_RIGHT""}",566,0,1,0.005959000000075321,proto_sw_3_1__seed_608345505__global_l1_flow_v3__density_medium,proto_sw_3_1__seed_608345505__global_l1_flow_v3__density_medium__unit_candidates_v2,89f1b8487c6168611a0a2f739dde7764893d26c3854819020bb9d7d736798494
C064,proto_sw_3_1,compact,medium,2,100012,MB-L2,LocalGreedy@B,3,,2,2,0,budget_not_attained,sequential irreversible pass ended below target B,"[""proto_sw_3_1__seed_608345505__global_l1_flow_v3__density_medium__selected_l1_005__Y-C__balanced_s__context_opposed__sample_0104"", ""proto_sw_3_1__seed_608345505__global_l1_flow_v3__density_medium__selected_l1_001__L1-Only__independent_l1__context_preferred__sample_0000"", ""proto_sw_3_1__seed_608345505__global_l1_flow_v3__density_medium__selected_l1_003__L1-Only__independent_l1__context_preferred__sample_0050"", ""proto_sw_3_1__seed_608345505__global_l1_flow_v3__density_medium__selected_l1_004__L1-Only__independent_l1__context_preferred__sample_0075"", ""proto_sw_3_1__seed_608345505__global_l1_flow_v3__density_medium__selected_l1_006__L1-Only__independent_l1__context_preferred__sample_0125"", ""proto_sw_3_1__seed_608345505__global_l1_flow_v3__density_medium__selected_l1_002__Y-C__balanced_s__context_preferred__sample_0028""]","{""selected_l1_001"": ""L1_ONLY"", ""selected_l1_002"": ""SINGLE_L2_RIGHT"", ""selected_l1_003"": ""L1_ONLY"", ""selected_l1_004"": ""L1_ONLY"", ""selected_l1_005"": ""SINGLE_L2_RIGHT"", ""selected_l1_006"": ""L1_ONLY""}",6,0,1,0.0018500999999560008,proto_sw_3_1__seed_608345505__global_l1_flow_v3__density_medium,proto_sw_3_1__seed_608345505__global_l1_flow_v3__density_medium__unit_candidates_v2,89f1b8487c6168611a0a2f739dde7764893d26c3854819020bb9d7d736798494
C064,proto_sw_3_1,compact,medium,2,100012,MB-L2,Ours@B,3,,3,2,1,success,,"[""proto_sw_3_1__seed_608345505__global_l1_flow_v3__density_medium__selected_l1_005__L1-Only__independent_l1__context_preferred__sample_0100"", ""proto_sw_3_1__seed_608345505__global_l1_flow_v3__density_medium__selected_l1_001__L1-Only__independent_l1__context_preferred__sample_0000"", ""proto_sw_3_1__seed_608345505__global_l1_flow_v3__density_medium__selected_l1_003__L1-Only__independent_l1__context_preferred__sample_0050"", ""proto_sw_3_1__seed_608345505__global_l1_flow_v3__density_medium__selected_l1_004__Y-2C__open_asymmetric__context_swapped__sample_0099"", ""proto_sw_3_1__seed_608345505__global_l1_flow_v3__density_medium__selected_l1_006__Y-C__compact_c__context_preferred__sample_0126"", ""proto_sw_3_1__seed_608345505__global_l1_flow_v3__density_medium__selected_l1_002__L1-Only__independent_l1__context_preferred__sample_0025""]","{""selected_l1_001"": ""L1_ONLY"", ""selected_l1_002"": ""L1_ONLY"", ""selected_l1_003"": ""L1_ONLY"", ""selected_l1_004"": ""OPPOSED_L2_PAIR"", ""selected_l1_005"": ""L1_ONLY"", ""selected_l1_006"": ""SINGLE_L2_RIGHT""}",1254,0,1,0.006472900000062509,proto_sw_3_1__seed_608345505__global_l1_flow_v3__density_medium,proto_sw_3_1__seed_608345505__global_l1_flow_v3__density_medium__unit_candidates_v2,89f1b8487c6168611a0a2f739dde7764893d26c3854819020bb9d7d736798494
C064,proto_sw_3_1,compact,medium,2,100012,MB-L2,LocalGreedy@B,4,,2,2,0,budget_not_attained,sequential irreversible pass ended below target B,"[""proto_sw_3_1__seed_608345505__global_l1_flow_v3__density_medium__selected_l1_005__Y-C__balanced_s__context_opposed__sample_0104"", ""proto_sw_3_1__seed_608345505__global_l1_flow_v3__density_medium__selected_l1_001__L1-Only__independent_l1__context_preferred__sample_0000"", ""proto_sw_3_1__seed_608345505__global_l1_flow_v3__density_medium__selected_l1_003__L1-Only__independent_l1__context_preferred__sample_0050"", ""proto_sw_3_1__seed_608345505__global_l1_flow_v3__density_medium__selected_l1_004__L1-Only__independent_l1__context_preferred__sample_0075"", ""proto_sw_3_1__seed_608345505__global_l1_flow_v3__density_medium__selected_l1_006__L1-Only__independent_l1__context_preferred__sample_0125"", ""proto_sw_3_1__seed_608345505__global_l1_flow_v3__density_medium__selected_l1_002__Y-C__balanced_s__context_preferred__sample_0028""]","{""selected_l1_001"": ""L1_ONLY"", ""selected_l1_002"": ""SINGLE_L2_RIGHT"", ""selected_l1_003"": ""L1_ONLY"", ""selected_l1_004"": ""L1_ONLY"", ""selected_l1_005"": ""SINGLE_L2_RIGHT"", ""selected_l1_006"": ""L1_ONLY""}",6,0,1,0.0014020000003256428,proto_sw_3_1__seed_608345505__global_l1_flow_v3__density_medium,proto_sw_3_1__seed_608345505__global_l1_flow_v3__density_medium__unit_candidates_v2,89f1b8487c6168611a0a2f739dde7764893d26c3854819020bb9d7d736798494
C064,proto_sw_3_1,compact,medium,2,100012,MB-L2,Ours@B,4,,4,2,1,success,,"[""proto_sw_3_1__seed_608345505__global_l1_flow_v3__density_medium__selected_l1_005__L1-Only__independent_l1__context_preferred__sample_0100"", ""proto_sw_3_1__seed_608345505__global_l1_flow_v3__density_medium__selected_l1_001__L1-Only__independent_l1__context_preferred__sample_0000"", ""proto_sw_3_1__seed_608345505__global_l1_flow_v3__density_medium__selected_l1_003__L1-Only__independent_l1__context_preferred__sample_0050"", ""proto_sw_3_1__seed_608345505__global_l1_flow_v3__density_medium__selected_l1_004__Y-2C__open_asymmetric__context_swapped__sample_0099"", ""proto_sw_3_1__seed_608345505__global_l1_flow_v3__density_medium__selected_l1_006__Y-2C__open_asymmetric__context_preferred__sample_0136"", ""proto_sw_3_1__seed_608345505__global_l1_flow_v3__density_medium__selected_l1_002__L1-Only__independent_l1__context_preferred__sample_0025""]","{""selected_l1_001"": ""L1_ONLY"", ""selected_l1_002"": ""L1_ONLY"", ""selected_l1_003"": ""L1_ONLY"", ""selected_l1_004"": ""OPPOSED_L2_PAIR"", ""selected_l1_005"": ""L1_ONLY"", ""selected_l1_006"": ""OPPOSED_L2_PAIR""}",5598,0,1,0.01132610000013301,proto_sw_3_1__seed_608345505__global_l1_flow_v3__density_medium,proto_sw_3_1__seed_608345505__global_l1_flow_v3__density_medium__unit_candidates_v2,89f1b8487c6168611a0a2f739dde7764893d26c3854819020bb9d7d736798494
C065,proto_sw_3_1,compact,rich,1,100004,MB-L2,LocalGreedy@B,1,,1,1,1,success,,"[""proto_sw_3_1__seed_3906224916__global_l1_flow_v3__density_rich__selected_l1_003__L1-Only__independent_l1__context_preferred__sample_0050"", ""proto_sw_3_1__seed_3906224916__global_l1_flow_v3__density_rich__selected_l1_001__L1-Only__independent_l1__context_preferred__sample_0000"", ""proto_sw_3_1__seed_3906224916__global_l1_flow_v3__density_rich__selected_l1_004__L1-Only__independent_l1__context_preferred__sample_0075"", ""proto_sw_3_1__seed_3906224916__global_l1_flow_v3__density_rich__selected_l1_005__L1-Only__independent_l1__context_preferred__sample_0100"", ""proto_sw_3_1__seed_3906224916__global_l1_flow_v3__density_rich__selected_l1_002__L1-Only__independent_l1__context_preferred__sample_0025"", ""proto_sw_3_1__seed_3906224916__global_l1_flow_v3__density_rich__selected_l1_006__Y-C__balanced_s__context_opposed__sample_0129""]","{""selected_l1_001"": ""L1_ONLY"", ""selected_l1_002"": ""L1_ONLY"", ""selected_l1_003"": ""L1_ONLY"", ""selected_l1_004"": ""L1_ONLY"", ""selected_l1_005"": ""L1_ONLY"", ""selected_l1_006"": ""SINGLE_L2_LEFT""}",6,0,1,0.0018887000001086562,proto_sw_3_1__seed_3906224916__global_l1_flow_v3__density_rich,proto_sw_3_1__seed_3906224916__global_l1_flow_v3__density_rich__unit_candidates_v2,96b1a33c42a1d88ba042337ae4ff7d761d4dba2dc8737fa5ebf595db1e4a05f3
C065,proto_sw_3_1,compact,rich,1,100004,MB-L2,Ours@B,1,,1,1,1,success,,"[""proto_sw_3_1__seed_3906224916__global_l1_flow_v3__density_rich__selected_l1_003__L1-Only__independent_l1__context_preferred__sample_0050"", ""proto_sw_3_1__seed_3906224916__global_l1_flow_v3__density_rich__selected_l1_001__L1-Only__independent_l1__context_preferred__sample_0000"", ""proto_sw_3_1__seed_3906224916__global_l1_flow_v3__density_rich__selected_l1_004__L1-Only__independent_l1__context_preferred__sample_0075"", ""proto_sw_3_1__seed_3906224916__global_l1_flow_v3__density_rich__selected_l1_005__L1-Only__independent_l1__context_preferred__sample_0100"", ""proto_sw_3_1__seed_3906224916__global_l1_flow_v3__density_rich__selected_l1_002__L1-Only__independent_l1__context_preferred__sample_0025"", ""proto_sw_3_1__seed_3906224916__global_l1_flow_v3__density_rich__selected_l1_006__Y-C__open_c__context_preferred__sample_0130""]","{""selected_l1_001"": ""L1_ONLY"", ""selected_l1_002"": ""L1_ONLY"", ""selected_l1_003"": ""L1_ONLY"", ""selected_l1_004"": ""L1_ONLY"", ""selected_l1_005"": ""L1_ONLY"", ""selected_l1_006"": ""SINGLE_L2_RIGHT""}",694,0,1,0.00479429999995773,proto_sw_3_1__seed_3906224916__global_l1_flow_v3__density_rich,proto_sw_3_1__seed_3906224916__global_l1_flow_v3__density_rich__unit_candidates_v2,96b1a33c42a1d88ba042337ae4ff7d761d4dba2dc8737fa5ebf595db1e4a05f3
C065,proto_sw_3_1,compact,rich,1,100004,MB-L2,LocalGreedy@B,2,,2,1,1,success,,"[""proto_sw_3_1__seed_3906224916__global_l1_flow_v3__density_rich__selected_l1_003__L1-Only__independent_l1__context_preferred__sample_0050"", ""proto_sw_3_1__seed_3906224916__global_l1_flow_v3__density_rich__selected_l1_001__L1-Only__independent_l1__context_preferred__sample_0000"", ""proto_sw_3_1__seed_3906224916__global_l1_flow_v3__density_rich__selected_l1_004__L1-Only__independent_l1__context_preferred__sample_0075"", ""proto_sw_3_1__seed_3906224916__global_l1_flow_v3__density_rich__selected_l1_005__L1-Only__independent_l1__context_preferred__sample_0100"", ""proto_sw_3_1__seed_3906224916__global_l1_flow_v3__density_rich__selected_l1_002__L1-Only__independent_l1__context_preferred__sample_0025"", ""proto_sw_3_1__seed_3906224916__global_l1_flow_v3__density_rich__selected_l1_006__Y-2C__nested_s__context_preferred__sample_0134""]","{""selected_l1_001"": ""L1_ONLY"", ""selected_l1_002"": ""L1_ONLY"", ""selected_l1_003"": ""L1_ONLY"", ""selected_l1_004"": ""L1_ONLY"", ""selected_l1_005"": ""L1_ONLY"", ""selected_l1_006"": ""OPPOSED_L2_PAIR""}",6,0,1,0.0024932000001172128,proto_sw_3_1__seed_3906224916__global_l1_flow_v3__density_rich,proto_sw_3_1__seed_3906224916__global_l1_flow_v3__density_rich__unit_candidates_v2,96b1a33c42a1d88ba042337ae4ff7d761d4dba2dc8737fa5ebf595db1e4a05f3
C065,proto_sw_3_1,compact,rich,1,100004,MB-L2,Ours@B,2,,2,2,1,success,,"[""proto_sw_3_1__seed_3906224916__global_l1_flow_v3__density_rich__selected_l1_003__L1-Only__independent_l1__context_preferred__sample_0050"", ""proto_sw_3_1__seed_3906224916__global_l1_flow_v3__density_rich__selected_l1_001__L1-Only__independent_l1__context_preferred__sample_0000"", ""proto_sw_3_1__seed_3906224916__global_l1_flow_v3__density_rich__selected_l1_004__L1-Only__independent_l1__context_preferred__sample_0075"", ""proto_sw_3_1__seed_3906224916__global_l1_flow_v3__density_rich__selected_l1_005__Y-C__open_c__context_preferred__sample_0105"", ""proto_sw_3_1__seed_3906224916__global_l1_flow_v3__density_rich__selected_l1_002__L1-Only__independent_l1__context_preferred__sample_0025"", ""proto_sw_3_1__seed_3906224916__global_l1_flow_v3__density_rich__selected_l1_006__Y-C__open_c__context_preferred__sample_0130""]","{""selected_l1_001"": ""L1_ONLY"", ""selected_l1_002"": ""L1_ONLY"", ""selected_l1_003"": ""L1_ONLY"", ""selected_l1_004"": ""L1_ONLY"", ""selected_l1_005"": ""SINGLE_L2_RIGHT"", ""selected_l1_006"": ""SINGLE_L2_RIGHT""}",886,0,1,0.0047906999998303945,proto_sw_3_1__seed_3906224916__global_l1_flow_v3__density_rich,proto_sw_3_1__seed_3906224916__global_l1_flow_v3__density_rich__unit_candidates_v2,96b1a33c42a1d88ba042337ae4ff7d761d4dba2dc8737fa5ebf595db1e4a05f3
C065,proto_sw_3_1,compact,rich,1,100004,MB-L2,LocalGreedy@B,3,,3,2,1,success,,"[""proto_sw_3_1__seed_3906224916__global_l1_flow_v3__density_rich__selected_l1_003__Y-C__balanced_s__context_preferred__sample_0053"", ""proto_sw_3_1__seed_3906224916__global_l1_flow_v3__density_rich__selected_l1_001__L1-Only__independent_l1__context_preferred__sample_0000"", ""proto_sw_3_1__seed_3906224916__global_l1_flow_v3__density_rich__selected_l1_004__L1-Only__independent_l1__context_preferred__sample_0075"", ""proto_sw_3_1__seed_3906224916__global_l1_flow_v3__density_rich__selected_l1_005__L1-Only__independent_l1__context_preferred__sample_0100"", ""proto_sw_3_1__seed_3906224916__global_l1_flow_v3__density_rich__selected_l1_002__L1-Only__independent_l1__context_preferred__sample_0025"", ""proto_sw_3_1__seed_3906224916__global_l1_flow_v3__density_rich__selected_l1_006__Y-2C__nested_s__context_preferred__sample_0134""]","{""selected_l1_001"": ""L1_ONLY"", ""selected_l1_002"": ""L1_ONLY"", ""selected_l1_003"": ""SINGLE_L2_RIGHT"", ""selected_l1_004"": ""L1_ONLY"", ""selected_l1_005"": ""L1_ONLY"", ""selected_l1_006"": ""OPPOSED_L2_PAIR""}",6,0,1,0.001691200000095705,proto_sw_3_1__seed_3906224916__global_l1_flow_v3__density_rich,proto_sw_3_1__seed_3906224916__global_l1_flow_v3__density_rich__unit_candidates_v2,96b1a33c42a1d88ba042337ae4ff7d761d4dba2dc8737fa5ebf595db1e4a05f3
C065,proto_sw_3_1,compact,rich,1,100004,MB-L2,Ours@B,3,,3,2,1,success,,"[""proto_sw_3_1__seed_3906224916__global_l1_flow_v3__density_rich__selected_l1_003__L1-Only__independent_l1__context_preferred__sample_0050"", ""proto_sw_3_1__seed_3906224916__global_l1_flow_v3__density_rich__selected_l1_001__L1-Only__independent_l1__context_preferred__sample_0000"", ""proto_sw_3_1__seed_3906224916__global_l1_flow_v3__density_rich__selected_l1_004__L1-Only__independent_l1__context_preferred__sample_0075"", ""proto_sw_3_1__seed_3906224916__global_l1_flow_v3__density_rich__selected_l1_005__Y-C__open_c__context_preferred__sample_0105"", ""proto_sw_3_1__seed_3906224916__global_l1_flow_v3__density_rich__selected_l1_002__L1-Only__independent_l1__context_preferred__sample_0025"", ""proto_sw_3_1__seed_3906224916__global_l1_flow_v3__density_rich__selected_l1_006__Y-2C__staggered_c__context_swapped__sample_0139""]","{""selected_l1_001"": ""L1_ONLY"", ""selected_l1_002"": ""L1_ONLY"", ""selected_l1_003"": ""L1_ONLY"", ""selected_l1_004"": ""L1_ONLY"", ""selected_l1_005"": ""SINGLE_L2_RIGHT"", ""selected_l1_006"": ""OPPOSED_L2_PAIR""}",1415,0,1,0.006366200000229583,proto_sw_3_1__seed_3906224916__global_l1_flow_v3__density_rich,proto_sw_3_1__seed_3906224916__global_l1_flow_v3__density_rich__unit_candidates_v2,96b1a33c42a1d88ba042337ae4ff7d761d4dba2dc8737fa5ebf595db1e4a05f3
C065,proto_sw_3_1,compact,rich,1,100004,MB-L2,LocalGreedy@B,4,,4,2,1,success,,"[""proto_sw_3_1__seed_3906224916__global_l1_flow_v3__density_rich__selected_l1_003__L1-Only__independent_l1__context_preferred__sample_0050"", ""proto_sw_3_1__seed_3906224916__global_l1_flow_v3__density_rich__selected_l1_001__L1-Only__independent_l1__context_preferred__sample_0000"", ""proto_sw_3_1__seed_3906224916__global_l1_flow_v3__density_rich__selected_l1_004__Y-2C__open_asymmetric__context_preferred__sample_0086"", ""proto_sw_3_1__seed_3906224916__global_l1_flow_v3__density_rich__selected_l1_005__L1-Only__independent_l1__context_preferred__sample_0100"", ""proto_sw_3_1__seed_3906224916__global_l1_flow_v3__density_rich__selected_l1_002__L1-Only__independent_l1__context_preferred__sample_0025"", ""proto_sw_3_1__seed_3906224916__global_l1_flow_v3__density_rich__selected_l1_006__Y-2C__nested_s__context_preferred__sample_0134""]","{""selected_l1_001"": ""L1_ONLY"", ""selected_l1_002"": ""L1_ONLY"", ""selected_l1_003"": ""L1_ONLY"", ""selected_l1_004"": ""OPPOSED_L2_PAIR"", ""selected_l1_005"": ""L1_ONLY"", ""selected_l1_006"": ""OPPOSED_L2_PAIR""}",6,0,1,0.0017404999998689163,proto_sw_3_1__seed_3906224916__global_l1_flow_v3__density_rich,proto_sw_3_1__seed_3906224916__global_l1_flow_v3__density_rich__unit_candidates_v2,96b1a33c42a1d88ba042337ae4ff7d761d4dba2dc8737fa5ebf595db1e4a05f3
C065,proto_sw_3_1,compact,rich,1,100004,MB-L2,Ours@B,4,,4,2,1,success,,"[""proto_sw_3_1__seed_3906224916__global_l1_flow_v3__density_rich__selected_l1_003__L1-Only__independent_l1__context_preferred__sample_0050"", ""proto_sw_3_1__seed_3906224916__global_l1_flow_v3__density_rich__selected_l1_001__L1-Only__independent_l1__context_preferred__sample_0000"", ""proto_sw_3_1__seed_3906224916__global_l1_flow_v3__density_rich__selected_l1_004__L1-Only__independent_l1__context_preferred__sample_0075"", ""proto_sw_3_1__seed_3906224916__global_l1_flow_v3__density_rich__selected_l1_005__Y-2C__open_asymmetric__context_preferred__sample_0111"", ""proto_sw_3_1__seed_3906224916__global_l1_flow_v3__density_rich__selected_l1_002__L1-Only__independent_l1__context_preferred__sample_0025"", ""proto_sw_3_1__seed_3906224916__global_l1_flow_v3__density_rich__selected_l1_006__Y-2C__staggered_c__context_swapped__sample_0145""]","{""selected_l1_001"": ""L1_ONLY"", ""selected_l1_002"": ""L1_ONLY"", ""selected_l1_003"": ""L1_ONLY"", ""selected_l1_004"": ""L1_ONLY"", ""selected_l1_005"": ""OPPOSED_L2_PAIR"", ""selected_l1_006"": ""OPPOSED_L2_PAIR""}",2101,0,1,0.005441100000098231,proto_sw_3_1__seed_3906224916__global_l1_flow_v3__density_rich,proto_sw_3_1__seed_3906224916__global_l1_flow_v3__density_rich__unit_candidates_v2,96b1a33c42a1d88ba042337ae4ff7d761d4dba2dc8737fa5ebf595db1e4a05f3
C066,proto_sw_3_1,compact,rich,2,100015,MB-L2,LocalGreedy@B,1,,1,1,1,success,,"[""proto_sw_3_1__seed_1105195513__global_l1_flow_v3__density_rich__selected_l1_003__L1-Only__independent_l1__context_preferred__sample_0050"", ""proto_sw_3_1__seed_1105195513__global_l1_flow_v3__density_rich__selected_l1_005__Y-C__balanced_s__context_preferred__sample_0103"", ""proto_sw_3_1__seed_1105195513__global_l1_flow_v3__density_rich__selected_l1_001__L1-Only__independent_l1__context_preferred__sample_0000"", ""proto_sw_3_1__seed_1105195513__global_l1_flow_v3__density_rich__selected_l1_006__L1-Only__independent_l1__context_preferred__sample_0125"", ""proto_sw_3_1__seed_1105195513__global_l1_flow_v3__density_rich__selected_l1_004__L1-Only__independent_l1__context_preferred__sample_0075"", ""proto_sw_3_1__seed_1105195513__global_l1_flow_v3__density_rich__selected_l1_002__L1-Only__independent_l1__context_preferred__sample_0025""]","{""selected_l1_001"": ""L1_ONLY"", ""selected_l1_002"": ""L1_ONLY"", ""selected_l1_003"": ""L1_ONLY"", ""selected_l1_004"": ""L1_ONLY"", ""selected_l1_005"": ""SINGLE_L2_LEFT"", ""selected_l1_006"": ""L1_ONLY""}",6,0,1,0.001499700000294979,proto_sw_3_1__seed_1105195513__global_l1_flow_v3__density_rich,proto_sw_3_1__seed_1105195513__global_l1_flow_v3__density_rich__unit_candidates_v2,1581b013aca365da6efe2f3947bd8758af954dc44efc9c85f285d1a324b4679b
C066,proto_sw_3_1,compact,rich,2,100015,MB-L2,Ours@B,1,,1,1,1,success,,"[""proto_sw_3_1__seed_1105195513__global_l1_flow_v3__density_rich__selected_l1_003__L1-Only__independent_l1__context_preferred__sample_0050"", ""proto_sw_3_1__seed_1105195513__global_l1_flow_v3__density_rich__selected_l1_005__L1-Only__independent_l1__context_preferred__sample_0100"", ""proto_sw_3_1__seed_1105195513__global_l1_flow_v3__density_rich__selected_l1_001__L1-Only__independent_l1__context_preferred__sample_0000"", ""proto_sw_3_1__seed_1105195513__global_l1_flow_v3__density_rich__selected_l1_006__L1-Only__independent_l1__context_preferred__sample_0125"", ""proto_sw_3_1__seed_1105195513__global_l1_flow_v3__density_rich__selected_l1_004__Y-C__open_c__context_preferred__sample_0080"", ""proto_sw_3_1__seed_1105195513__global_l1_flow_v3__density_rich__selected_l1_002__L1-Only__independent_l1__context_preferred__sample_0025""]","{""selected_l1_001"": ""L1_ONLY"", ""selected_l1_002"": ""L1_ONLY"", ""selected_l1_003"": ""L1_ONLY"", ""selected_l1_004"": ""SINGLE_L2_RIGHT"", ""selected_l1_005"": ""L1_ONLY"", ""selected_l1_006"": ""L1_ONLY""}",874,0,1,0.004769799999849056,proto_sw_3_1__seed_1105195513__global_l1_flow_v3__density_rich,proto_sw_3_1__seed_1105195513__global_l1_flow_v3__density_rich__unit_candidates_v2,1581b013aca365da6efe2f3947bd8758af954dc44efc9c85f285d1a324b4679b
C066,proto_sw_3_1,compact,rich,2,100015,MB-L2,LocalGreedy@B,2,,2,2,1,success,,"[""proto_sw_3_1__seed_1105195513__global_l1_flow_v3__density_rich__selected_l1_003__L1-Only__independent_l1__context_preferred__sample_0050"", ""proto_sw_3_1__seed_1105195513__global_l1_flow_v3__density_rich__selected_l1_005__Y-C__balanced_s__context_preferred__sample_0103"", ""proto_sw_3_1__seed_1105195513__global_l1_flow_v3__density_rich__selected_l1_001__L1-Only__independent_l1__context_preferred__sample_0000"", ""proto_sw_3_1__seed_1105195513__global_l1_flow_v3__density_rich__selected_l1_006__L1-Only__independent_l1__context_preferred__sample_0125"", ""proto_sw_3_1__seed_1105195513__global_l1_flow_v3__density_rich__selected_l1_004__L1-Only__independent_l1__context_preferred__sample_0075"", ""proto_sw_3_1__seed_1105195513__global_l1_flow_v3__density_rich__selected_l1_002__Y-C__balanced_s__context_preferred__sample_0028""]","{""selected_l1_001"": ""L1_ONLY"", ""selected_l1_002"": ""SINGLE_L2_LEFT"", ""selected_l1_003"": ""L1_ONLY"", ""selected_l1_004"": ""L1_ONLY"", ""selected_l1_005"": ""SINGLE_L2_LEFT"", ""selected_l1_006"": ""L1_ONLY""}",6,0,1,0.001252200000180892,proto_sw_3_1__seed_1105195513__global_l1_flow_v3__density_rich,proto_sw_3_1__seed_1105195513__global_l1_flow_v3__density_rich__unit_candidates_v2,1581b013aca365da6efe2f3947bd8758af954dc44efc9c85f285d1a324b4679b
C066,proto_sw_3_1,compact,rich,2,100015,MB-L2,Ours@B,2,,2,2,1,success,,"[""proto_sw_3_1__seed_1105195513__global_l1_flow_v3__density_rich__selected_l1_003__L1-Only__independent_l1__context_preferred__sample_0050"", ""proto_sw_3_1__seed_1105195513__global_l1_flow_v3__density_rich__selected_l1_005__L1-Only__independent_l1__context_preferred__sample_0100"", ""proto_sw_3_1__seed_1105195513__global_l1_flow_v3__density_rich__selected_l1_001__Y-C__compact_c__context_preferred__sample_0001"", ""proto_sw_3_1__seed_1105195513__global_l1_flow_v3__density_rich__selected_l1_006__L1-Only__independent_l1__context_preferred__sample_0125"", ""proto_sw_3_1__seed_1105195513__global_l1_flow_v3__density_rich__selected_l1_004__Y-C__open_c__context_preferred__sample_0080"", ""proto_sw_3_1__seed_1105195513__global_l1_flow_v3__density_rich__selected_l1_002__L1-Only__independent_l1__context_preferred__sample_0025""]","{""selected_l1_001"": ""SINGLE_L2_LEFT"", ""selected_l1_002"": ""L1_ONLY"", ""selected_l1_003"": ""L1_ONLY"", ""selected_l1_004"": ""SINGLE_L2_RIGHT"", ""selected_l1_005"": ""L1_ONLY"", ""selected_l1_006"": ""L1_ONLY""}",733,0,1,0.004906300000129704,proto_sw_3_1__seed_1105195513__global_l1_flow_v3__density_rich,proto_sw_3_1__seed_1105195513__global_l1_flow_v3__density_rich__unit_candidates_v2,1581b013aca365da6efe2f3947bd8758af954dc44efc9c85f285d1a324b4679b
C066,proto_sw_3_1,compact,rich,2,100015,MB-L2,LocalGreedy@B,3,,3,2,1,success,,"[""proto_sw_3_1__seed_1105195513__global_l1_flow_v3__density_rich__selected_l1_003__L1-Only__independent_l1__context_preferred__sample_0050"", ""proto_sw_3_1__seed_1105195513__global_l1_flow_v3__density_rich__selected_l1_005__Y-C__balanced_s__context_preferred__sample_0103"", ""proto_sw_3_1__seed_1105195513__global_l1_flow_v3__density_rich__selected_l1_001__L1-Only__independent_l1__context_preferred__sample_0000"", ""proto_sw_3_1__seed_1105195513__global_l1_flow_v3__density_rich__selected_l1_006__L1-Only__independent_l1__context_preferred__sample_0125"", ""proto_sw_3_1__seed_1105195513__global_l1_flow_v3__density_rich__selected_l1_004__L1-Only__independent_l1__context_preferred__sample_0075"", ""proto_sw_3_1__seed_1105195513__global_l1_flow_v3__density_rich__selected_l1_002__Y-2C__nested_s__context_preferred__sample_0034""]","{""selected_l1_001"": ""L1_ONLY"", ""selected_l1_002"": ""OPPOSED_L2_PAIR"", ""selected_l1_003"": ""L1_ONLY"", ""selected_l1_004"": ""L1_ONLY"", ""selected_l1_005"": ""SINGLE_L2_LEFT"", ""selected_l1_006"": ""L1_ONLY""}",6,0,1,0.0012790000000677537,proto_sw_3_1__seed_1105195513__global_l1_flow_v3__density_rich,proto_sw_3_1__seed_1105195513__global_l1_flow_v3__density_rich__unit_candidates_v2,1581b013aca365da6efe2f3947bd8758af954dc44efc9c85f285d1a324b4679b
C066,proto_sw_3_1,compact,rich,2,100015,MB-L2,Ours@B,3,,3,2,1,success,,"[""proto_sw_3_1__seed_1105195513__global_l1_flow_v3__density_rich__selected_l1_003__L1-Only__independent_l1__context_preferred__sample_0050"", ""proto_sw_3_1__seed_1105195513__global_l1_flow_v3__density_rich__selected_l1_005__L1-Only__independent_l1__context_preferred__sample_0100"", ""proto_sw_3_1__seed_1105195513__global_l1_flow_v3__density_rich__selected_l1_001__Y-C__compact_c__context_preferred__sample_0001"", ""proto_sw_3_1__seed_1105195513__global_l1_flow_v3__density_rich__selected_l1_006__L1-Only__independent_l1__context_preferred__sample_0125"", ""proto_sw_3_1__seed_1105195513__global_l1_flow_v3__density_rich__selected_l1_004__Y-2C__open_asymmetric__context_swapped__sample_0099"", ""proto_sw_3_1__seed_1105195513__global_l1_flow_v3__density_rich__selected_l1_002__L1-Only__independent_l1__context_preferred__sample_0025""]","{""selected_l1_001"": ""SINGLE_L2_LEFT"", ""selected_l1_002"": ""L1_ONLY"", ""selected_l1_003"": ""L1_ONLY"", ""selected_l1_004"": ""OPPOSED_L2_PAIR"", ""selected_l1_005"": ""L1_ONLY"", ""selected_l1_006"": ""L1_ONLY""}",611,0,1,0.005079500000192638,proto_sw_3_1__seed_1105195513__global_l1_flow_v3__density_rich,proto_sw_3_1__seed_1105195513__global_l1_flow_v3__density_rich__unit_candidates_v2,1581b013aca365da6efe2f3947bd8758af954dc44efc9c85f285d1a324b4679b
C066,proto_sw_3_1,compact,rich,2,100015,MB-L2,LocalGreedy@B,4,,3,2,0,budget_not_attained,sequential irreversible pass ended below target B,"[""proto_sw_3_1__seed_1105195513__global_l1_flow_v3__density_rich__selected_l1_003__L1-Only__independent_l1__context_preferred__sample_0050"", ""proto_sw_3_1__seed_1105195513__global_l1_flow_v3__density_rich__selected_l1_005__Y-C__balanced_s__context_preferred__sample_0103"", ""proto_sw_3_1__seed_1105195513__global_l1_flow_v3__density_rich__selected_l1_001__L1-Only__independent_l1__context_preferred__sample_0000"", ""proto_sw_3_1__seed_1105195513__global_l1_flow_v3__density_rich__selected_l1_006__L1-Only__independent_l1__context_preferred__sample_0125"", ""proto_sw_3_1__seed_1105195513__global_l1_flow_v3__density_rich__selected_l1_004__L1-Only__independent_l1__context_preferred__sample_0075"", ""proto_sw_3_1__seed_1105195513__global_l1_flow_v3__density_rich__selected_l1_002__Y-2C__nested_s__context_preferred__sample_0034""]","{""selected_l1_001"": ""L1_ONLY"", ""selected_l1_002"": ""OPPOSED_L2_PAIR"", ""selected_l1_003"": ""L1_ONLY"", ""selected_l1_004"": ""L1_ONLY"", ""selected_l1_005"": ""SINGLE_L2_LEFT"", ""selected_l1_006"": ""L1_ONLY""}",6,0,1,0.0012126000001444481,proto_sw_3_1__seed_1105195513__global_l1_flow_v3__density_rich,proto_sw_3_1__seed_1105195513__global_l1_flow_v3__density_rich__unit_candidates_v2,1581b013aca365da6efe2f3947bd8758af954dc44efc9c85f285d1a324b4679b
C066,proto_sw_3_1,compact,rich,2,100015,MB-L2,Ours@B,4,,4,2,1,success,,"[""proto_sw_3_1__seed_1105195513__global_l1_flow_v3__density_rich__selected_l1_003__L1-Only__independent_l1__context_preferred__sample_0050"", ""proto_sw_3_1__seed_1105195513__global_l1_flow_v3__density_rich__selected_l1_005__L1-Only__independent_l1__context_preferred__sample_0100"", ""proto_sw_3_1__seed_1105195513__global_l1_flow_v3__density_rich__selected_l1_001__Y-2C__open_asymmetric__context_preferred__sample_0011"", ""proto_sw_3_1__seed_1105195513__global_l1_flow_v3__density_rich__selected_l1_006__L1-Only__independent_l1__context_preferred__sample_0125"", ""proto_sw_3_1__seed_1105195513__global_l1_flow_v3__density_rich__selected_l1_004__Y-2C__open_asymmetric__context_swapped__sample_0099"", ""proto_sw_3_1__seed_1105195513__global_l1_flow_v3__density_rich__selected_l1_002__L1-Only__independent_l1__context_preferred__sample_0025""]","{""selected_l1_001"": ""OPPOSED_L2_PAIR"", ""selected_l1_002"": ""L1_ONLY"", ""selected_l1_003"": ""L1_ONLY"", ""selected_l1_004"": ""OPPOSED_L2_PAIR"", ""selected_l1_005"": ""L1_ONLY"", ""selected_l1_006"": ""L1_ONLY""}",447,0,1,0.003942700000152399,proto_sw_3_1__seed_1105195513__global_l1_flow_v3__density_rich,proto_sw_3_1__seed_1105195513__global_l1_flow_v3__density_rich__unit_candidates_v2,1581b013aca365da6efe2f3947bd8758af954dc44efc9c85f285d1a324b4679b
C067,proto_sw_3_1,swept,simple,1,100021,MB-L2,LocalGreedy@B,1,,1,1,1,success,,"[""proto_sw_3_1__seed_686836685__global_l1_flow_v3__density_simple__selected_l1_001__Y-C__compact_c__context_preferred__sample_0001"", ""proto_sw_3_1__seed_686836685__global_l1_flow_v3__density_simple__selected_l1_003__L1-Only__independent_l1__context_preferred__sample_0050"", ""proto_sw_3_1__seed_686836685__global_l1_flow_v3__density_simple__selected_l1_004__L1-Only__independent_l1__context_preferred__sample_0075"", ""proto_sw_3_1__seed_686836685__global_l1_flow_v3__density_simple__selected_l1_005__L1-Only__independent_l1__context_preferred__sample_0100"", ""proto_sw_3_1__seed_686836685__global_l1_flow_v3__density_simple__selected_l1_006__L1-Only__independent_l1__context_preferred__sample_0125"", ""proto_sw_3_1__seed_686836685__global_l1_flow_v3__density_simple__selected_l1_002__L1-Only__independent_l1__context_preferred__sample_0025""]","{""selected_l1_001"": ""SINGLE_L2_LEFT"", ""selected_l1_002"": ""L1_ONLY"", ""selected_l1_003"": ""L1_ONLY"", ""selected_l1_004"": ""L1_ONLY"", ""selected_l1_005"": ""L1_ONLY"", ""selected_l1_006"": ""L1_ONLY""}",6,0,1,0.0014848000000711181,proto_sw_3_1__seed_686836685__global_l1_flow_v3__density_simple,proto_sw_3_1__seed_686836685__global_l1_flow_v3__density_simple__unit_candidates_v2,e92fea577b4c57723cddc0c5b924380da29fd14d1fa254fcc0a4db006e371e07
C067,proto_sw_3_1,swept,simple,1,100021,MB-L2,Ours@B,1,,1,1,1,success,,"[""proto_sw_3_1__seed_686836685__global_l1_flow_v3__density_simple__selected_l1_001__L1-Only__independent_l1__context_preferred__sample_0000"", ""proto_sw_3_1__seed_686836685__global_l1_flow_v3__density_simple__selected_l1_003__L1-Only__independent_l1__context_preferred__sample_0050"", ""proto_sw_3_1__seed_686836685__global_l1_flow_v3__density_simple__selected_l1_004__L1-Only__independent_l1__context_preferred__sample_0075"", ""proto_sw_3_1__seed_686836685__global_l1_flow_v3__density_simple__selected_l1_005__L1-Only__independent_l1__context_preferred__sample_0100"", ""proto_sw_3_1__seed_686836685__global_l1_flow_v3__density_simple__selected_l1_006__L1-Only__independent_l1__context_preferred__sample_0125"", ""proto_sw_3_1__seed_686836685__global_l1_flow_v3__density_simple__selected_l1_002__Y-C__compact_c__context_preferred__sample_0026""]","{""selected_l1_001"": ""L1_ONLY"", ""selected_l1_002"": ""SINGLE_L2_LEFT"", ""selected_l1_003"": ""L1_ONLY"", ""selected_l1_004"": ""L1_ONLY"", ""selected_l1_005"": ""L1_ONLY"", ""selected_l1_006"": ""L1_ONLY""}",696,0,1,0.003555300000243733,proto_sw_3_1__seed_686836685__global_l1_flow_v3__density_simple,proto_sw_3_1__seed_686836685__global_l1_flow_v3__density_simple__unit_candidates_v2,e92fea577b4c57723cddc0c5b924380da29fd14d1fa254fcc0a4db006e371e07
C067,proto_sw_3_1,swept,simple,1,100021,MB-L2,LocalGreedy@B,2,,2,2,1,success,,"[""proto_sw_3_1__seed_686836685__global_l1_flow_v3__density_simple__selected_l1_001__Y-C__compact_c__context_preferred__sample_0001"", ""proto_sw_3_1__seed_686836685__global_l1_flow_v3__density_simple__selected_l1_003__L1-Only__independent_l1__context_preferred__sample_0050"", ""proto_sw_3_1__seed_686836685__global_l1_flow_v3__density_simple__selected_l1_004__L1-Only__independent_l1__context_preferred__sample_0075"", ""proto_sw_3_1__seed_686836685__global_l1_flow_v3__density_simple__selected_l1_005__L1-Only__independent_l1__context_preferred__sample_0100"", ""proto_sw_3_1__seed_686836685__global_l1_flow_v3__density_simple__selected_l1_006__L1-Only__independent_l1__context_preferred__sample_0125"", ""proto_sw_3_1__seed_686836685__global_l1_flow_v3__density_simple__selected_l1_002__Y-C__compact_c__context_preferred__sample_0026""]","{""selected_l1_001"": ""SINGLE_L2_LEFT"", ""selected_l1_002"": ""SINGLE_L2_LEFT"", ""selected_l1_003"": ""L1_ONLY"", ""selected_l1_004"": ""L1_ONLY"", ""selected_l1_005"": ""L1_ONLY"", ""selected_l1_006"": ""L1_ONLY""}",6,0,1,0.0008040000002438319,proto_sw_3_1__seed_686836685__global_l1_flow_v3__density_simple,proto_sw_3_1__seed_686836685__global_l1_flow_v3__density_simple__unit_candidates_v2,e92fea577b4c57723cddc0c5b924380da29fd14d1fa254fcc0a4db006e371e07
C067,proto_sw_3_1,swept,simple,1,100021,MB-L2,Ours@B,2,,2,2,1,success,,"[""proto_sw_3_1__seed_686836685__global_l1_flow_v3__density_simple__selected_l1_001__L1-Only__independent_l1__context_preferred__sample_0000"", ""proto_sw_3_1__seed_686836685__global_l1_flow_v3__density_simple__selected_l1_003__Y-C__compact_c__context_opposed__sample_0052"", ""proto_sw_3_1__seed_686836685__global_l1_flow_v3__density_simple__selected_l1_004__L1-Only__independent_l1__context_preferred__sample_0075"", ""proto_sw_3_1__seed_686836685__global_l1_flow_v3__density_simple__selected_l1_005__L1-Only__independent_l1__context_preferred__sample_0100"", ""proto_sw_3_1__seed_686836685__global_l1_flow_v3__density_simple__selected_l1_006__L1-Only__independent_l1__context_preferred__sample_0125"", ""proto_sw_3_1__seed_686836685__global_l1_flow_v3__density_simple__selected_l1_002__Y-C__compact_c__context_preferred__sample_0026""]","{""selected_l1_001"": ""L1_ONLY"", ""selected_l1_002"": ""SINGLE_L2_LEFT"", ""selected_l1_003"": ""SINGLE_L2_LEFT"", ""selected_l1_004"": ""L1_ONLY"", ""selected_l1_005"": ""L1_ONLY"", ""selected_l1_006"": ""L1_ONLY""}",760,0,1,0.002189299999827199,proto_sw_3_1__seed_686836685__global_l1_flow_v3__density_simple,proto_sw_3_1__seed_686836685__global_l1_flow_v3__density_simple__unit_candidates_v2,e92fea577b4c57723cddc0c5b924380da29fd14d1fa254fcc0a4db006e371e07
C067,proto_sw_3_1,swept,simple,1,100021,MB-L2,LocalGreedy@B,3,,2,2,0,budget_not_attained,sequential irreversible pass ended below target B,"[""proto_sw_3_1__seed_686836685__global_l1_flow_v3__density_simple__selected_l1_001__Y-C__compact_c__context_preferred__sample_0001"", ""proto_sw_3_1__seed_686836685__global_l1_flow_v3__density_simple__selected_l1_003__L1-Only__independent_l1__context_preferred__sample_0050"", ""proto_sw_3_1__seed_686836685__global_l1_flow_v3__density_simple__selected_l1_004__L1-Only__independent_l1__context_preferred__sample_0075"", ""proto_sw_3_1__seed_686836685__global_l1_flow_v3__density_simple__selected_l1_005__L1-Only__independent_l1__context_preferred__sample_0100"", ""proto_sw_3_1__seed_686836685__global_l1_flow_v3__density_simple__selected_l1_006__L1-Only__independent_l1__context_preferred__sample_0125"", ""proto_sw_3_1__seed_686836685__global_l1_flow_v3__density_simple__selected_l1_002__Y-C__compact_c__context_preferred__sample_0026""]","{""selected_l1_001"": ""SINGLE_L2_LEFT"", ""selected_l1_002"": ""SINGLE_L2_LEFT"", ""selected_l1_003"": ""L1_ONLY"", ""selected_l1_004"": ""L1_ONLY"", ""selected_l1_005"": ""L1_ONLY"", ""selected_l1_006"": ""L1_ONLY""}",6,0,1,0.0011450000001786975,proto_sw_3_1__seed_686836685__global_l1_flow_v3__density_simple,proto_sw_3_1__seed_686836685__global_l1_flow_v3__density_simple__unit_candidates_v2,e92fea577b4c57723cddc0c5b924380da29fd14d1fa254fcc0a4db006e371e07
C067,proto_sw_3_1,swept,simple,1,100021,MB-L2,Ours@B,3,,3,2,1,success,,"[""proto_sw_3_1__seed_686836685__global_l1_flow_v3__density_simple__selected_l1_001__L1-Only__independent_l1__context_preferred__sample_0000"", ""proto_sw_3_1__seed_686836685__global_l1_flow_v3__density_simple__selected_l1_003__L1-Only__independent_l1__context_preferred__sample_0050"", ""proto_sw_3_1__seed_686836685__global_l1_flow_v3__density_simple__selected_l1_004__Y-2C__staggered_c__context_preferred__sample_0094"", ""proto_sw_3_1__seed_686836685__global_l1_flow_v3__density_simple__selected_l1_005__L1-Only__independent_l1__context_preferred__sample_0100"", ""proto_sw_3_1__seed_686836685__global_l1_flow_v3__density_simple__selected_l1_006__L1-Only__independent_l1__context_preferred__sample_0125"", ""proto_sw_3_1__seed_686836685__global_l1_flow_v3__density_simple__selected_l1_002__Y-C__compact_c__context_preferred__sample_0026""]","{""selected_l1_001"": ""L1_ONLY"", ""selected_l1_002"": ""SINGLE_L2_LEFT"", ""selected_l1_003"": ""L1_ONLY"", ""selected_l1_004"": ""OPPOSED_L2_PAIR"", ""selected_l1_005"": ""L1_ONLY"", ""selected_l1_006"": ""L1_ONLY""}",559,0,1,0.0031964999998308485,proto_sw_3_1__seed_686836685__global_l1_flow_v3__density_simple,proto_sw_3_1__seed_686836685__global_l1_flow_v3__density_simple__unit_candidates_v2,e92fea577b4c57723cddc0c5b924380da29fd14d1fa254fcc0a4db006e371e07
C067,proto_sw_3_1,swept,simple,1,100021,MB-L2,LocalGreedy@B,4,,2,2,0,budget_not_attained,sequential irreversible pass ended below target B,"[""proto_sw_3_1__seed_686836685__global_l1_flow_v3__density_simple__selected_l1_001__Y-C__compact_c__context_preferred__sample_0001"", ""proto_sw_3_1__seed_686836685__global_l1_flow_v3__density_simple__selected_l1_003__L1-Only__independent_l1__context_preferred__sample_0050"", ""proto_sw_3_1__seed_686836685__global_l1_flow_v3__density_simple__selected_l1_004__L1-Only__independent_l1__context_preferred__sample_0075"", ""proto_sw_3_1__seed_686836685__global_l1_flow_v3__density_simple__selected_l1_005__L1-Only__independent_l1__context_preferred__sample_0100"", ""proto_sw_3_1__seed_686836685__global_l1_flow_v3__density_simple__selected_l1_006__L1-Only__independent_l1__context_preferred__sample_0125"", ""proto_sw_3_1__seed_686836685__global_l1_flow_v3__density_simple__selected_l1_002__Y-C__compact_c__context_preferred__sample_0026""]","{""selected_l1_001"": ""SINGLE_L2_LEFT"", ""selected_l1_002"": ""SINGLE_L2_LEFT"", ""selected_l1_003"": ""L1_ONLY"", ""selected_l1_004"": ""L1_ONLY"", ""selected_l1_005"": ""L1_ONLY"", ""selected_l1_006"": ""L1_ONLY""}",6,0,1,0.0008602000002611021,proto_sw_3_1__seed_686836685__global_l1_flow_v3__density_simple,proto_sw_3_1__seed_686836685__global_l1_flow_v3__density_simple__unit_candidates_v2,e92fea577b4c57723cddc0c5b924380da29fd14d1fa254fcc0a4db006e371e07
C067,proto_sw_3_1,swept,simple,1,100021,MB-L2,Ours@B,4,,4,2,1,success,,"[""proto_sw_3_1__seed_686836685__global_l1_flow_v3__density_simple__selected_l1_001__L1-Only__independent_l1__context_preferred__sample_0000"", ""proto_sw_3_1__seed_686836685__global_l1_flow_v3__density_simple__selected_l1_003__L1-Only__independent_l1__context_preferred__sample_0050"", ""proto_sw_3_1__seed_686836685__global_l1_flow_v3__density_simple__selected_l1_004__Y-2C__staggered_c__context_preferred__sample_0094"", ""proto_sw_3_1__seed_686836685__global_l1_flow_v3__density_simple__selected_l1_005__Y-2C__open_asymmetric__context_preferred__sample_0111"", ""proto_sw_3_1__seed_686836685__global_l1_flow_v3__density_simple__selected_l1_006__L1-Only__independent_l1__context_preferred__sample_0125"", ""proto_sw_3_1__seed_686836685__global_l1_flow_v3__density_simple__selected_l1_002__L1-Only__independent_l1__context_preferred__sample_0025""]","{""selected_l1_001"": ""L1_ONLY"", ""selected_l1_002"": ""L1_ONLY"", ""selected_l1_003"": ""L1_ONLY"", ""selected_l1_004"": ""OPPOSED_L2_PAIR"", ""selected_l1_005"": ""OPPOSED_L2_PAIR"", ""selected_l1_006"": ""L1_ONLY""}",292,0,1,0.0022176000002218643,proto_sw_3_1__seed_686836685__global_l1_flow_v3__density_simple,proto_sw_3_1__seed_686836685__global_l1_flow_v3__density_simple__unit_candidates_v2,e92fea577b4c57723cddc0c5b924380da29fd14d1fa254fcc0a4db006e371e07
C068,proto_sw_3_1,swept,simple,2,100032,MB-L2,LocalGreedy@B,1,,1,1,1,success,,"[""proto_sw_3_1__seed_279600048__global_l1_flow_v3__density_simple__selected_l1_001__Y-C__balanced_s__context_preferred__sample_0003"", ""proto_sw_3_1__seed_279600048__global_l1_flow_v3__density_simple__selected_l1_005__L1-Only__independent_l1__context_preferred__sample_0100"", ""proto_sw_3_1__seed_279600048__global_l1_flow_v3__density_simple__selected_l1_004__L1-Only__independent_l1__context_preferred__sample_0075"", ""proto_sw_3_1__seed_279600048__global_l1_flow_v3__density_simple__selected_l1_002__L1-Only__independent_l1__context_preferred__sample_0025"", ""proto_sw_3_1__seed_279600048__global_l1_flow_v3__density_simple__selected_l1_003__L1-Only__independent_l1__context_preferred__sample_0050"", ""proto_sw_3_1__seed_279600048__global_l1_flow_v3__density_simple__selected_l1_006__L1-Only__independent_l1__context_preferred__sample_0125""]","{""selected_l1_001"": ""SINGLE_L2_RIGHT"", ""selected_l1_002"": ""L1_ONLY"", ""selected_l1_003"": ""L1_ONLY"", ""selected_l1_004"": ""L1_ONLY"", ""selected_l1_005"": ""L1_ONLY"", ""selected_l1_006"": ""L1_ONLY""}",6,0,1,0.0022503000000142492,proto_sw_3_1__seed_279600048__global_l1_flow_v3__density_simple,proto_sw_3_1__seed_279600048__global_l1_flow_v3__density_simple__unit_candidates_v2,f9d5136fa956b8a1de5bd3f8bbc90af92f63e06e2efc3518418abfa8b69b622b
C068,proto_sw_3_1,swept,simple,2,100032,MB-L2,Ours@B,1,,1,1,1,success,,"[""proto_sw_3_1__seed_279600048__global_l1_flow_v3__density_simple__selected_l1_001__L1-Only__independent_l1__context_preferred__sample_0000"", ""proto_sw_3_1__seed_279600048__global_l1_flow_v3__density_simple__selected_l1_005__L1-Only__independent_l1__context_preferred__sample_0100"", ""proto_sw_3_1__seed_279600048__global_l1_flow_v3__density_simple__selected_l1_004__L1-Only__independent_l1__context_preferred__sample_0075"", ""proto_sw_3_1__seed_279600048__global_l1_flow_v3__density_simple__selected_l1_002__L1-Only__independent_l1__context_preferred__sample_0025"", ""proto_sw_3_1__seed_279600048__global_l1_flow_v3__density_simple__selected_l1_003__Y-C__open_c__context_preferred__sample_0055"", ""proto_sw_3_1__seed_279600048__global_l1_flow_v3__density_simple__selected_l1_006__L1-Only__independent_l1__context_preferred__sample_0125""]","{""selected_l1_001"": ""L1_ONLY"", ""selected_l1_002"": ""L1_ONLY"", ""selected_l1_003"": ""SINGLE_L2_LEFT"", ""selected_l1_004"": ""L1_ONLY"", ""selected_l1_005"": ""L1_ONLY"", ""selected_l1_006"": ""L1_ONLY""}",1113,0,1,0.005480300000272109,proto_sw_3_1__seed_279600048__global_l1_flow_v3__density_simple,proto_sw_3_1__seed_279600048__global_l1_flow_v3__density_simple__unit_candidates_v2,f9d5136fa956b8a1de5bd3f8bbc90af92f63e06e2efc3518418abfa8b69b622b
C068,proto_sw_3_1,swept,simple,2,100032,MB-L2,LocalGreedy@B,2,,2,1,1,success,,"[""proto_sw_3_1__seed_279600048__global_l1_flow_v3__density_simple__selected_l1_001__Y-2C__nested_s__context_preferred__sample_0009"", ""proto_sw_3_1__seed_279600048__global_l1_flow_v3__density_simple__selected_l1_005__L1-Only__independent_l1__context_preferred__sample_0100"", ""proto_sw_3_1__seed_279600048__global_l1_flow_v3__density_simple__selected_l1_004__L1-Only__independent_l1__context_preferred__sample_0075"", ""proto_sw_3_1__seed_279600048__global_l1_flow_v3__density_simple__selected_l1_002__L1-Only__independent_l1__context_preferred__sample_0025"", ""proto_sw_3_1__seed_279600048__global_l1_flow_v3__density_simple__selected_l1_003__L1-Only__independent_l1__context_preferred__sample_0050"", ""proto_sw_3_1__seed_279600048__global_l1_flow_v3__density_simple__selected_l1_006__L1-Only__independent_l1__context_preferred__sample_0125""]","{""selected_l1_001"": ""OPPOSED_L2_PAIR"", ""selected_l1_002"": ""L1_ONLY"", ""selected_l1_003"": ""L1_ONLY"", ""selected_l1_004"": ""L1_ONLY"", ""selected_l1_005"": ""L1_ONLY"", ""selected_l1_006"": ""L1_ONLY""}",6,0,1,0.002093799999784096,proto_sw_3_1__seed_279600048__global_l1_flow_v3__density_simple,proto_sw_3_1__seed_279600048__global_l1_flow_v3__density_simple__unit_candidates_v2,f9d5136fa956b8a1de5bd3f8bbc90af92f63e06e2efc3518418abfa8b69b622b
C068,proto_sw_3_1,swept,simple,2,100032,MB-L2,Ours@B,2,,2,2,1,success,,"[""proto_sw_3_1__seed_279600048__global_l1_flow_v3__density_simple__selected_l1_001__L1-Only__independent_l1__context_preferred__sample_0000"", ""proto_sw_3_1__seed_279600048__global_l1_flow_v3__density_simple__selected_l1_005__Y-C__compact_c__context_opposed__sample_0102"", ""proto_sw_3_1__seed_279600048__global_l1_flow_v3__density_simple__selected_l1_004__L1-Only__independent_l1__context_preferred__sample_0075"", ""proto_sw_3_1__seed_279600048__global_l1_flow_v3__density_simple__selected_l1_002__L1-Only__independent_l1__context_preferred__sample_0025"", ""proto_sw_3_1__seed_279600048__global_l1_flow_v3__density_simple__selected_l1_003__Y-C__open_c__context_preferred__sample_0055"", ""proto_sw_3_1__seed_279600048__global_l1_flow_v3__density_simple__selected_l1_006__L1-Only__independent_l1__context_preferred__sample_0125""]","{""selected_l1_001"": ""L1_ONLY"", ""selected_l1_002"": ""L1_ONLY"", ""selected_l1_003"": ""SINGLE_L2_LEFT"", ""selected_l1_004"": ""L1_ONLY"", ""selected_l1_005"": ""SINGLE_L2_RIGHT"", ""selected_l1_006"": ""L1_ONLY""}",488,0,1,0.0035824999999931606,proto_sw_3_1__seed_279600048__global_l1_flow_v3__density_simple,proto_sw_3_1__seed_279600048__global_l1_flow_v3__density_simple__unit_candidates_v2,f9d5136fa956b8a1de5bd3f8bbc90af92f63e06e2efc3518418abfa8b69b622b
C068,proto_sw_3_1,swept,simple,2,100032,MB-L2,LocalGreedy@B,3,,3,2,1,success,,"[""proto_sw_3_1__seed_279600048__global_l1_flow_v3__density_simple__selected_l1_001__Y-2C__nested_s__context_preferred__sample_0009"", ""proto_sw_3_1__seed_279600048__global_l1_flow_v3__density_simple__selected_l1_005__L1-Only__independent_l1__context_preferred__sample_0100"", ""proto_sw_3_1__seed_279600048__global_l1_flow_v3__density_simple__selected_l1_004__L1-Only__independent_l1__context_preferred__sample_0075"", ""proto_sw_3_1__seed_279600048__global_l1_flow_v3__density_simple__selected_l1_002__L1-Only__independent_l1__context_preferred__sample_0025"", ""proto_sw_3_1__seed_279600048__global_l1_flow_v3__density_simple__selected_l1_003__Y-C__balanced_s__context_preferred__sample_0053"", ""proto_sw_3_1__seed_279600048__global_l1_flow_v3__density_simple__selected_l1_006__L1-Only__independent_l1__context_preferred__sample_0125""]","{""selected_l1_001"": ""OPPOSED_L2_PAIR"", ""selected_l1_002"": ""L1_ONLY"", ""selected_l1_003"": ""SINGLE_L2_LEFT"", ""selected_l1_004"": ""L1_ONLY"", ""selected_l1_005"": ""L1_ONLY"", ""selected_l1_006"": ""L1_ONLY""}",6,0,1,0.002094400000260066,proto_sw_3_1__seed_279600048__global_l1_flow_v3__density_simple,proto_sw_3_1__seed_279600048__global_l1_flow_v3__density_simple__unit_candidates_v2,f9d5136fa956b8a1de5bd3f8bbc90af92f63e06e2efc3518418abfa8b69b622b
C068,proto_sw_3_1,swept,simple,2,100032,MB-L2,Ours@B,3,,3,2,1,success,,"[""proto_sw_3_1__seed_279600048__global_l1_flow_v3__density_simple__selected_l1_001__Y-2C__open_asymmetric__context_preferred__sample_0011"", ""proto_sw_3_1__seed_279600048__global_l1_flow_v3__density_simple__selected_l1_005__L1-Only__independent_l1__context_preferred__sample_0100"", ""proto_sw_3_1__seed_279600048__global_l1_flow_v3__density_simple__selected_l1_004__L1-Only__independent_l1__context_preferred__sample_0075"", ""proto_sw_3_1__seed_279600048__global_l1_flow_v3__density_simple__selected_l1_002__L1-Only__independent_l1__context_preferred__sample_0025"", ""proto_sw_3_1__seed_279600048__global_l1_flow_v3__density_simple__selected_l1_003__Y-C__open_c__context_preferred__sample_0055"", ""proto_sw_3_1__seed_279600048__global_l1_flow_v3__density_simple__selected_l1_006__L1-Only__independent_l1__context_preferred__sample_0125""]","{""selected_l1_001"": ""OPPOSED_L2_PAIR"", ""selected_l1_002"": ""L1_ONLY"", ""selected_l1_003"": ""SINGLE_L2_LEFT"", ""selected_l1_004"": ""L1_ONLY"", ""selected_l1_005"": ""L1_ONLY"", ""selected_l1_006"": ""L1_ONLY""}",427,0,1,0.003507700000227487,proto_sw_3_1__seed_279600048__global_l1_flow_v3__density_simple,proto_sw_3_1__seed_279600048__global_l1_flow_v3__density_simple__unit_candidates_v2,f9d5136fa956b8a1de5bd3f8bbc90af92f63e06e2efc3518418abfa8b69b622b
C068,proto_sw_3_1,swept,simple,2,100032,MB-L2,LocalGreedy@B,4,,4,2,1,success,,"[""proto_sw_3_1__seed_279600048__global_l1_flow_v3__density_simple__selected_l1_001__Y-2C__nested_s__context_preferred__sample_0009"", ""proto_sw_3_1__seed_279600048__global_l1_flow_v3__density_simple__selected_l1_005__L1-Only__independent_l1__context_preferred__sample_0100"", ""proto_sw_3_1__seed_279600048__global_l1_flow_v3__density_simple__selected_l1_004__L1-Only__independent_l1__context_preferred__sample_0075"", ""proto_sw_3_1__seed_279600048__global_l1_flow_v3__density_simple__selected_l1_002__L1-Only__independent_l1__context_preferred__sample_0025"", ""proto_sw_3_1__seed_279600048__global_l1_flow_v3__density_simple__selected_l1_003__Y-2C__open_asymmetric__context_preferred__sample_0061"", ""proto_sw_3_1__seed_279600048__global_l1_flow_v3__density_simple__selected_l1_006__L1-Only__independent_l1__context_preferred__sample_0125""]","{""selected_l1_001"": ""OPPOSED_L2_PAIR"", ""selected_l1_002"": ""L1_ONLY"", ""selected_l1_003"": ""OPPOSED_L2_PAIR"", ""selected_l1_004"": ""L1_ONLY"", ""selected_l1_005"": ""L1_ONLY"", ""selected_l1_006"": ""L1_ONLY""}",6,0,1,0.002133800000137853,proto_sw_3_1__seed_279600048__global_l1_flow_v3__density_simple,proto_sw_3_1__seed_279600048__global_l1_flow_v3__density_simple__unit_candidates_v2,f9d5136fa956b8a1de5bd3f8bbc90af92f63e06e2efc3518418abfa8b69b622b
C068,proto_sw_3_1,swept,simple,2,100032,MB-L2,Ours@B,4,,4,2,1,success,,"[""proto_sw_3_1__seed_279600048__global_l1_flow_v3__density_simple__selected_l1_001__Y-2C__open_asymmetric__context_preferred__sample_0011"", ""proto_sw_3_1__seed_279600048__global_l1_flow_v3__density_simple__selected_l1_005__L1-Only__independent_l1__context_preferred__sample_0100"", ""proto_sw_3_1__seed_279600048__global_l1_flow_v3__density_simple__selected_l1_004__Y-2C__nested_s__context_preferred__sample_0084"", ""proto_sw_3_1__seed_279600048__global_l1_flow_v3__density_simple__selected_l1_002__L1-Only__independent_l1__context_preferred__sample_0025"", ""proto_sw_3_1__seed_279600048__global_l1_flow_v3__density_simple__selected_l1_003__L1-Only__independent_l1__context_preferred__sample_0050"", ""proto_sw_3_1__seed_279600048__global_l1_flow_v3__density_simple__selected_l1_006__L1-Only__independent_l1__context_preferred__sample_0125""]","{""selected_l1_001"": ""OPPOSED_L2_PAIR"", ""selected_l1_002"": ""L1_ONLY"", ""selected_l1_003"": ""L1_ONLY"", ""selected_l1_004"": ""OPPOSED_L2_PAIR"", ""selected_l1_005"": ""L1_ONLY"", ""selected_l1_006"": ""L1_ONLY""}",919,0,1,0.006803299999774026,proto_sw_3_1__seed_279600048__global_l1_flow_v3__density_simple,proto_sw_3_1__seed_279600048__global_l1_flow_v3__density_simple__unit_candidates_v2,f9d5136fa956b8a1de5bd3f8bbc90af92f63e06e2efc3518418abfa8b69b622b
C069,proto_sw_3_1,swept,medium,1,100008,MB-L2,LocalGreedy@B,1,,1,1,1,success,,"[""proto_sw_3_1__seed_399132903__global_l1_flow_v3__density_medium__selected_l1_005__L1-Only__independent_l1__context_preferred__sample_0100"", ""proto_sw_3_1__seed_399132903__global_l1_flow_v3__density_medium__selected_l1_004__L1-Only__independent_l1__context_preferred__sample_0075"", ""proto_sw_3_1__seed_399132903__global_l1_flow_v3__density_medium__selected_l1_003__L1-Only__independent_l1__context_preferred__sample_0050"", ""proto_sw_3_1__seed_399132903__global_l1_flow_v3__density_medium__selected_l1_001__L1-Only__independent_l1__context_preferred__sample_0000"", ""proto_sw_3_1__seed_399132903__global_l1_flow_v3__density_medium__selected_l1_002__Y-C__balanced_s__context_opposed__sample_0029""]","{""selected_l1_001"": ""L1_ONLY"", ""selected_l1_002"": ""SINGLE_L2_RIGHT"", ""selected_l1_003"": ""L1_ONLY"", ""selected_l1_004"": ""L1_ONLY"", ""selected_l1_005"": ""L1_ONLY""}",5,0,1,0.0014039999996384722,proto_sw_3_1__seed_399132903__global_l1_flow_v3__density_medium,proto_sw_3_1__seed_399132903__global_l1_flow_v3__density_medium__unit_candidates_v2,e26ccf1194830f1a0d71885a8f86967f0f7a096d0f93ce0d12d39519dc978eb6
C069,proto_sw_3_1,swept,medium,1,100008,MB-L2,Ours@B,1,,1,1,1,success,,"[""proto_sw_3_1__seed_399132903__global_l1_flow_v3__density_medium__selected_l1_005__L1-Only__independent_l1__context_preferred__sample_0100"", ""proto_sw_3_1__seed_399132903__global_l1_flow_v3__density_medium__selected_l1_004__L1-Only__independent_l1__context_preferred__sample_0075"", ""proto_sw_3_1__seed_399132903__global_l1_flow_v3__density_medium__selected_l1_003__L1-Only__independent_l1__context_preferred__sample_0050"", ""proto_sw_3_1__seed_399132903__global_l1_flow_v3__density_medium__selected_l1_001__L1-Only__independent_l1__context_preferred__sample_0000"", ""proto_sw_3_1__seed_399132903__global_l1_flow_v3__density_medium__selected_l1_002__Y-C__open_c__context_preferred__sample_0030""]","{""selected_l1_001"": ""L1_ONLY"", ""selected_l1_002"": ""SINGLE_L2_LEFT"", ""selected_l1_003"": ""L1_ONLY"", ""selected_l1_004"": ""L1_ONLY"", ""selected_l1_005"": ""L1_ONLY""}",1116,0,1,0.0051732000001720735,proto_sw_3_1__seed_399132903__global_l1_flow_v3__density_medium,proto_sw_3_1__seed_399132903__global_l1_flow_v3__density_medium__unit_candidates_v2,e26ccf1194830f1a0d71885a8f86967f0f7a096d0f93ce0d12d39519dc978eb6
C069,proto_sw_3_1,swept,medium,1,100008,MB-L2,LocalGreedy@B,2,,2,2,1,success,,"[""proto_sw_3_1__seed_399132903__global_l1_flow_v3__density_medium__selected_l1_005__L1-Only__independent_l1__context_preferred__sample_0100"", ""proto_sw_3_1__seed_399132903__global_l1_flow_v3__density_medium__selected_l1_004__Y-C__balanced_s__context_opposed__sample_0079"", ""proto_sw_3_1__seed_399132903__global_l1_flow_v3__density_medium__selected_l1_003__L1-Only__independent_l1__context_preferred__sample_0050"", ""proto_sw_3_1__seed_399132903__global_l1_flow_v3__density_medium__selected_l1_001__L1-Only__independent_l1__context_preferred__sample_0000"", ""proto_sw_3_1__seed_399132903__global_l1_flow_v3__density_medium__selected_l1_002__Y-C__balanced_s__context_opposed__sample_0029""]","{""selected_l1_001"": ""L1_ONLY"", ""selected_l1_002"": ""SINGLE_L2_RIGHT"", ""selected_l1_003"": ""L1_ONLY"", ""selected_l1_004"": ""SINGLE_L2_LEFT"", ""selected_l1_005"": ""L1_ONLY""}",5,0,1,0.001684800000020914,proto_sw_3_1__seed_399132903__global_l1_flow_v3__density_medium,proto_sw_3_1__seed_399132903__global_l1_flow_v3__density_medium__unit_candidates_v2,e26ccf1194830f1a0d71885a8f86967f0f7a096d0f93ce0d12d39519dc978eb6
C069,proto_sw_3_1,swept,medium,1,100008,MB-L2,Ours@B,2,,2,2,1,success,,"[""proto_sw_3_1__seed_399132903__global_l1_flow_v3__density_medium__selected_l1_005__L1-Only__independent_l1__context_preferred__sample_0100"", ""proto_sw_3_1__seed_399132903__global_l1_flow_v3__density_medium__selected_l1_004__Y-C__compact_c__context_opposed__sample_0077"", ""proto_sw_3_1__seed_399132903__global_l1_flow_v3__density_medium__selected_l1_003__L1-Only__independent_l1__context_preferred__sample_0050"", ""proto_sw_3_1__seed_399132903__global_l1_flow_v3__density_medium__selected_l1_001__L1-Only__independent_l1__context_preferred__sample_0000"", ""proto_sw_3_1__seed_399132903__global_l1_flow_v3__density_medium__selected_l1_002__Y-C__open_c__context_preferred__sample_0030""]","{""selected_l1_001"": ""L1_ONLY"", ""selected_l1_002"": ""SINGLE_L2_LEFT"", ""selected_l1_003"": ""L1_ONLY"", ""selected_l1_004"": ""SINGLE_L2_LEFT"", ""selected_l1_005"": ""L1_ONLY""}",360,0,1,0.0025961999999708496,proto_sw_3_1__seed_399132903__global_l1_flow_v3__density_medium,proto_sw_3_1__seed_399132903__global_l1_flow_v3__density_medium__unit_candidates_v2,e26ccf1194830f1a0d71885a8f86967f0f7a096d0f93ce0d12d39519dc978eb6
C069,proto_sw_3_1,swept,medium,1,100008,MB-L2,LocalGreedy@B,3,,3,2,1,success,,"[""proto_sw_3_1__seed_399132903__global_l1_flow_v3__density_medium__selected_l1_005__L1-Only__independent_l1__context_preferred__sample_0100"", ""proto_sw_3_1__seed_399132903__global_l1_flow_v3__density_medium__selected_l1_004__Y-2C__staggered_c__context_swapped__sample_0095"", ""proto_sw_3_1__seed_399132903__global_l1_flow_v3__density_medium__selected_l1_003__L1-Only__independent_l1__context_preferred__sample_0050"", ""proto_sw_3_1__seed_399132903__global_l1_flow_v3__density_medium__selected_l1_001__L1-Only__independent_l1__context_preferred__sample_0000"", ""proto_sw_3_1__seed_399132903__global_l1_flow_v3__density_medium__selected_l1_002__Y-C__balanced_s__context_opposed__sample_0029""]","{""selected_l1_001"": ""L1_ONLY"", ""selected_l1_002"": ""SINGLE_L2_RIGHT"", ""selected_l1_003"": ""L1_ONLY"", ""selected_l1_004"": ""OPPOSED_L2_PAIR"", ""selected_l1_005"": ""L1_ONLY""}",5,0,1,0.0009872999999060994,proto_sw_3_1__seed_399132903__global_l1_flow_v3__density_medium,proto_sw_3_1__seed_399132903__global_l1_flow_v3__density_medium__unit_candidates_v2,e26ccf1194830f1a0d71885a8f86967f0f7a096d0f93ce0d12d39519dc978eb6
C069,proto_sw_3_1,swept,medium,1,100008,MB-L2,Ours@B,3,,3,2,1,success,,"[""proto_sw_3_1__seed_399132903__global_l1_flow_v3__density_medium__selected_l1_005__L1-Only__independent_l1__context_preferred__sample_0100"", ""proto_sw_3_1__seed_399132903__global_l1_flow_v3__density_medium__selected_l1_004__Y-C__compact_c__context_opposed__sample_0077"", ""proto_sw_3_1__seed_399132903__global_l1_flow_v3__density_medium__selected_l1_003__L1-Only__independent_l1__context_preferred__sample_0050"", ""proto_sw_3_1__seed_399132903__global_l1_flow_v3__density_medium__selected_l1_001__L1-Only__independent_l1__context_preferred__sample_0000"", ""proto_sw_3_1__seed_399132903__global_l1_flow_v3__density_medium__selected_l1_002__Y-2C__open_asymmetric__context_preferred__sample_0036""]","{""selected_l1_001"": ""L1_ONLY"", ""selected_l1_002"": ""OPPOSED_L2_PAIR"", ""selected_l1_003"": ""L1_ONLY"", ""selected_l1_004"": ""SINGLE_L2_LEFT"", ""selected_l1_005"": ""L1_ONLY""}",508,0,1,0.003782000000228436,proto_sw_3_1__seed_399132903__global_l1_flow_v3__density_medium,proto_sw_3_1__seed_399132903__global_l1_flow_v3__density_medium__unit_candidates_v2,e26ccf1194830f1a0d71885a8f86967f0f7a096d0f93ce0d12d39519dc978eb6
C069,proto_sw_3_1,swept,medium,1,100008,MB-L2,LocalGreedy@B,4,,3,2,0,budget_not_attained,sequential irreversible pass ended below target B,"[""proto_sw_3_1__seed_399132903__global_l1_flow_v3__density_medium__selected_l1_005__L1-Only__independent_l1__context_preferred__sample_0100"", ""proto_sw_3_1__seed_399132903__global_l1_flow_v3__density_medium__selected_l1_004__Y-2C__staggered_c__context_swapped__sample_0095"", ""proto_sw_3_1__seed_399132903__global_l1_flow_v3__density_medium__selected_l1_003__L1-Only__independent_l1__context_preferred__sample_0050"", ""proto_sw_3_1__seed_399132903__global_l1_flow_v3__density_medium__selected_l1_001__L1-Only__independent_l1__context_preferred__sample_0000"", ""proto_sw_3_1__seed_399132903__global_l1_flow_v3__density_medium__selected_l1_002__Y-C__balanced_s__context_opposed__sample_0029""]","{""selected_l1_001"": ""L1_ONLY"", ""selected_l1_002"": ""SINGLE_L2_RIGHT"", ""selected_l1_003"": ""L1_ONLY"", ""selected_l1_004"": ""OPPOSED_L2_PAIR"", ""selected_l1_005"": ""L1_ONLY""}",5,0,1,0.0019286000001557113,proto_sw_3_1__seed_399132903__global_l1_flow_v3__density_medium,proto_sw_3_1__seed_399132903__global_l1_flow_v3__density_medium__unit_candidates_v2,e26ccf1194830f1a0d71885a8f86967f0f7a096d0f93ce0d12d39519dc978eb6
C069,proto_sw_3_1,swept,medium,1,100008,MB-L2,Ours@B,4,,4,2,1,success,,"[""proto_sw_3_1__seed_399132903__global_l1_flow_v3__density_medium__selected_l1_005__Y-2C__open_asymmetric__context_swapped__sample_0124"", ""proto_sw_3_1__seed_399132903__global_l1_flow_v3__density_medium__selected_l1_004__L1-Only__independent_l1__context_preferred__sample_0075"", ""proto_sw_3_1__seed_399132903__global_l1_flow_v3__density_medium__selected_l1_003__L1-Only__independent_l1__context_preferred__sample_0050"", ""proto_sw_3_1__seed_399132903__global_l1_flow_v3__density_medium__selected_l1_001__L1-Only__independent_l1__context_preferred__sample_0000"", ""proto_sw_3_1__seed_399132903__global_l1_flow_v3__density_medium__selected_l1_002__Y-2C__open_asymmetric__context_preferred__sample_0036""]","{""selected_l1_001"": ""L1_ONLY"", ""selected_l1_002"": ""OPPOSED_L2_PAIR"", ""selected_l1_003"": ""L1_ONLY"", ""selected_l1_004"": ""L1_ONLY"", ""selected_l1_005"": ""OPPOSED_L2_PAIR""}",260,0,1,0.0032976000002236106,proto_sw_3_1__seed_399132903__global_l1_flow_v3__density_medium,proto_sw_3_1__seed_399132903__global_l1_flow_v3__density_medium__unit_candidates_v2,e26ccf1194830f1a0d71885a8f86967f0f7a096d0f93ce0d12d39519dc978eb6
C070,proto_sw_3_1,swept,medium,2,100014,MB-L2,LocalGreedy@B,1,,1,1,1,success,,"[""proto_sw_3_1__seed_3322687601__global_l1_flow_v3__density_medium__selected_l1_003__L1-Only__independent_l1__context_preferred__sample_0050"", ""proto_sw_3_1__seed_3322687601__global_l1_flow_v3__density_medium__selected_l1_005__L1-Only__independent_l1__context_preferred__sample_0100"", ""proto_sw_3_1__seed_3322687601__global_l1_flow_v3__density_medium__selected_l1_002__L1-Only__independent_l1__context_preferred__sample_0025"", ""proto_sw_3_1__seed_3322687601__global_l1_flow_v3__density_medium__selected_l1_001__L1-Only__independent_l1__context_preferred__sample_0000"", ""proto_sw_3_1__seed_3322687601__global_l1_flow_v3__density_medium__selected_l1_004__L1-Only__independent_l1__context_preferred__sample_0075"", ""proto_sw_3_1__seed_3322687601__global_l1_flow_v3__density_medium__selected_l1_006__Y-C__balanced_s__context_opposed__sample_0129""]","{""selected_l1_001"": ""L1_ONLY"", ""selected_l1_002"": ""L1_ONLY"", ""selected_l1_003"": ""L1_ONLY"", ""selected_l1_004"": ""L1_ONLY"", ""selected_l1_005"": ""L1_ONLY"", ""selected_l1_006"": ""SINGLE_L2_LEFT""}",6,0,1,0.002500699999927747,proto_sw_3_1__seed_3322687601__global_l1_flow_v3__density_medium,proto_sw_3_1__seed_3322687601__global_l1_flow_v3__density_medium__unit_candidates_v2,f98357e1354d34c81706406f61ef22a90f82c6ae225b5256141bc49af22b9df0
C070,proto_sw_3_1,swept,medium,2,100014,MB-L2,Ours@B,1,,1,1,1,success,,"[""proto_sw_3_1__seed_3322687601__global_l1_flow_v3__density_medium__selected_l1_003__L1-Only__independent_l1__context_preferred__sample_0050"", ""proto_sw_3_1__seed_3322687601__global_l1_flow_v3__density_medium__selected_l1_005__L1-Only__independent_l1__context_preferred__sample_0100"", ""proto_sw_3_1__seed_3322687601__global_l1_flow_v3__density_medium__selected_l1_002__L1-Only__independent_l1__context_preferred__sample_0025"", ""proto_sw_3_1__seed_3322687601__global_l1_flow_v3__density_medium__selected_l1_001__Y-C__compact_c__context_opposed__sample_0002"", ""proto_sw_3_1__seed_3322687601__global_l1_flow_v3__density_medium__selected_l1_004__L1-Only__independent_l1__context_preferred__sample_0075"", ""proto_sw_3_1__seed_3322687601__global_l1_flow_v3__density_medium__selected_l1_006__L1-Only__independent_l1__context_preferred__sample_0125""]","{""selected_l1_001"": ""SINGLE_L2_LEFT"", ""selected_l1_002"": ""L1_ONLY"", ""selected_l1_003"": ""L1_ONLY"", ""selected_l1_004"": ""L1_ONLY"", ""selected_l1_005"": ""L1_ONLY"", ""selected_l1_006"": ""L1_ONLY""}",1497,0,1,0.006560099999660451,proto_sw_3_1__seed_3322687601__global_l1_flow_v3__density_medium,proto_sw_3_1__seed_3322687601__global_l1_flow_v3__density_medium__unit_candidates_v2,f98357e1354d34c81706406f61ef22a90f82c6ae225b5256141bc49af22b9df0
C070,proto_sw_3_1,swept,medium,2,100014,MB-L2,LocalGreedy@B,2,,2,1,1,success,,"[""proto_sw_3_1__seed_3322687601__global_l1_flow_v3__density_medium__selected_l1_003__L1-Only__independent_l1__context_preferred__sample_0050"", ""proto_sw_3_1__seed_3322687601__global_l1_flow_v3__density_medium__selected_l1_005__L1-Only__independent_l1__context_preferred__sample_0100"", ""proto_sw_3_1__seed_3322687601__global_l1_flow_v3__density_medium__selected_l1_002__L1-Only__independent_l1__context_preferred__sample_0025"", ""proto_sw_3_1__seed_3322687601__global_l1_flow_v3__density_medium__selected_l1_001__L1-Only__independent_l1__context_preferred__sample_0000"", ""proto_sw_3_1__seed_3322687601__global_l1_flow_v3__density_medium__selected_l1_004__L1-Only__independent_l1__context_preferred__sample_0075"", ""proto_sw_3_1__seed_3322687601__global_l1_flow_v3__density_medium__selected_l1_006__Y-2C__nested_s__context_swapped__sample_0135""]","{""selected_l1_001"": ""L1_ONLY"", ""selected_l1_002"": ""L1_ONLY"", ""selected_l1_003"": ""L1_ONLY"", ""selected_l1_004"": ""L1_ONLY"", ""selected_l1_005"": ""L1_ONLY"", ""selected_l1_006"": ""OPPOSED_L2_PAIR""}",6,0,1,0.0025891000000228814,proto_sw_3_1__seed_3322687601__global_l1_flow_v3__density_medium,proto_sw_3_1__seed_3322687601__global_l1_flow_v3__density_medium__unit_candidates_v2,f98357e1354d34c81706406f61ef22a90f82c6ae225b5256141bc49af22b9df0
C070,proto_sw_3_1,swept,medium,2,100014,MB-L2,Ours@B,2,,2,2,1,success,,"[""proto_sw_3_1__seed_3322687601__global_l1_flow_v3__density_medium__selected_l1_003__L1-Only__independent_l1__context_preferred__sample_0050"", ""proto_sw_3_1__seed_3322687601__global_l1_flow_v3__density_medium__selected_l1_005__L1-Only__independent_l1__context_preferred__sample_0100"", ""proto_sw_3_1__seed_3322687601__global_l1_flow_v3__density_medium__selected_l1_002__L1-Only__independent_l1__context_preferred__sample_0025"", ""proto_sw_3_1__seed_3322687601__global_l1_flow_v3__density_medium__selected_l1_001__Y-C__compact_c__context_opposed__sample_0002"", ""proto_sw_3_1__seed_3322687601__global_l1_flow_v3__density_medium__selected_l1_004__L1-Only__independent_l1__context_preferred__sample_0075"", ""proto_sw_3_1__seed_3322687601__global_l1_flow_v3__density_medium__selected_l1_006__Y-C__open_c__context_opposed__sample_0131""]","{""selected_l1_001"": ""SINGLE_L2_LEFT"", ""selected_l1_002"": ""L1_ONLY"", ""selected_l1_003"": ""L1_ONLY"", ""selected_l1_004"": ""L1_ONLY"", ""selected_l1_005"": ""L1_ONLY"", ""selected_l1_006"": ""SINGLE_L2_LEFT""}",2117,0,1,0.007472700000107579,proto_sw_3_1__seed_3322687601__global_l1_flow_v3__density_medium,proto_sw_3_1__seed_3322687601__global_l1_flow_v3__density_medium__unit_candidates_v2,f98357e1354d34c81706406f61ef22a90f82c6ae225b5256141bc49af22b9df0
C070,proto_sw_3_1,swept,medium,2,100014,MB-L2,LocalGreedy@B,3,,3,2,1,success,,"[""proto_sw_3_1__seed_3322687601__global_l1_flow_v3__density_medium__selected_l1_003__L1-Only__independent_l1__context_preferred__sample_0050"", ""proto_sw_3_1__seed_3322687601__global_l1_flow_v3__density_medium__selected_l1_005__L1-Only__independent_l1__context_preferred__sample_0100"", ""proto_sw_3_1__seed_3322687601__global_l1_flow_v3__density_medium__selected_l1_002__L1-Only__independent_l1__context_preferred__sample_0025"", ""proto_sw_3_1__seed_3322687601__global_l1_flow_v3__density_medium__selected_l1_001__Y-C__balanced_s__context_preferred__sample_0003"", ""proto_sw_3_1__seed_3322687601__global_l1_flow_v3__density_medium__selected_l1_004__L1-Only__independent_l1__context_preferred__sample_0075"", ""proto_sw_3_1__seed_3322687601__global_l1_flow_v3__density_medium__selected_l1_006__Y-2C__nested_s__context_swapped__sample_0135""]","{""selected_l1_001"": ""SINGLE_L2_RIGHT"", ""selected_l1_002"": ""L1_ONLY"", ""selected_l1_003"": ""L1_ONLY"", ""selected_l1_004"": ""L1_ONLY"", ""selected_l1_005"": ""L1_ONLY"", ""selected_l1_006"": ""OPPOSED_L2_PAIR""}",6,0,1,0.0018153999999412918,proto_sw_3_1__seed_3322687601__global_l1_flow_v3__density_medium,proto_sw_3_1__seed_3322687601__global_l1_flow_v3__density_medium__unit_candidates_v2,f98357e1354d34c81706406f61ef22a90f82c6ae225b5256141bc49af22b9df0
C070,proto_sw_3_1,swept,medium,2,100014,MB-L2,Ours@B,3,,3,2,1,success,,"[""proto_sw_3_1__seed_3322687601__global_l1_flow_v3__density_medium__selected_l1_003__L1-Only__independent_l1__context_preferred__sample_0050"", ""proto_sw_3_1__seed_3322687601__global_l1_flow_v3__density_medium__selected_l1_005__L1-Only__independent_l1__context_preferred__sample_0100"", ""proto_sw_3_1__seed_3322687601__global_l1_flow_v3__density_medium__selected_l1_002__L1-Only__independent_l1__context_preferred__sample_0025"", ""proto_sw_3_1__seed_3322687601__global_l1_flow_v3__density_medium__selected_l1_001__Y-C__compact_c__context_opposed__sample_0002"", ""proto_sw_3_1__seed_3322687601__global_l1_flow_v3__density_medium__selected_l1_004__Y-2C__open_asymmetric__context_preferred__sample_0098"", ""proto_sw_3_1__seed_3322687601__global_l1_flow_v3__density_medium__selected_l1_006__L1-Only__independent_l1__context_preferred__sample_0125""]","{""selected_l1_001"": ""SINGLE_L2_LEFT"", ""selected_l1_002"": ""L1_ONLY"", ""selected_l1_003"": ""L1_ONLY"", ""selected_l1_004"": ""OPPOSED_L2_PAIR"", ""selected_l1_005"": ""L1_ONLY"", ""selected_l1_006"": ""L1_ONLY""}",2616,0,1,0.010999900000115304,proto_sw_3_1__seed_3322687601__global_l1_flow_v3__density_medium,proto_sw_3_1__seed_3322687601__global_l1_flow_v3__density_medium__unit_candidates_v2,f98357e1354d34c81706406f61ef22a90f82c6ae225b5256141bc49af22b9df0
C070,proto_sw_3_1,swept,medium,2,100014,MB-L2,LocalGreedy@B,4,,4,2,1,success,,"[""proto_sw_3_1__seed_3322687601__global_l1_flow_v3__density_medium__selected_l1_003__L1-Only__independent_l1__context_preferred__sample_0050"", ""proto_sw_3_1__seed_3322687601__global_l1_flow_v3__density_medium__selected_l1_005__L1-Only__independent_l1__context_preferred__sample_0100"", ""proto_sw_3_1__seed_3322687601__global_l1_flow_v3__density_medium__selected_l1_002__L1-Only__independent_l1__context_preferred__sample_0025"", ""proto_sw_3_1__seed_3322687601__global_l1_flow_v3__density_medium__selected_l1_001__Y-2C__nested_s__context_preferred__sample_0009"", ""proto_sw_3_1__seed_3322687601__global_l1_flow_v3__density_medium__selected_l1_004__L1-Only__independent_l1__context_preferred__sample_0075"", ""proto_sw_3_1__seed_3322687601__global_l1_flow_v3__density_medium__selected_l1_006__Y-2C__nested_s__context_swapped__sample_0135""]","{""selected_l1_001"": ""OPPOSED_L2_PAIR"", ""selected_l1_002"": ""L1_ONLY"", ""selected_l1_003"": ""L1_ONLY"", ""selected_l1_004"": ""L1_ONLY"", ""selected_l1_005"": ""L1_ONLY"", ""selected_l1_006"": ""OPPOSED_L2_PAIR""}",6,0,1,0.002278400000250258,proto_sw_3_1__seed_3322687601__global_l1_flow_v3__density_medium,proto_sw_3_1__seed_3322687601__global_l1_flow_v3__density_medium__unit_candidates_v2,f98357e1354d34c81706406f61ef22a90f82c6ae225b5256141bc49af22b9df0
C070,proto_sw_3_1,swept,medium,2,100014,MB-L2,Ours@B,4,,4,2,1,success,,"[""proto_sw_3_1__seed_3322687601__global_l1_flow_v3__density_medium__selected_l1_003__Y-2C__staggered_c__context_preferred__sample_0063"", ""proto_sw_3_1__seed_3322687601__global_l1_flow_v3__density_medium__selected_l1_005__L1-Only__independent_l1__context_preferred__sample_0100"", ""proto_sw_3_1__seed_3322687601__global_l1_flow_v3__density_medium__selected_l1_002__L1-Only__independent_l1__context_preferred__sample_0025"", ""proto_sw_3_1__seed_3322687601__global_l1_flow_v3__density_medium__selected_l1_001__L1-Only__independent_l1__context_preferred__sample_0000"", ""proto_sw_3_1__seed_3322687601__global_l1_flow_v3__density_medium__selected_l1_004__Y-2C__open_asymmetric__context_preferred__sample_0098"", ""proto_sw_3_1__seed_3322687601__global_l1_flow_v3__density_medium__selected_l1_006__L1-Only__independent_l1__context_preferred__sample_0125""]","{""selected_l1_001"": ""L1_ONLY"", ""selected_l1_002"": ""L1_ONLY"", ""selected_l1_003"": ""OPPOSED_L2_PAIR"", ""selected_l1_004"": ""OPPOSED_L2_PAIR"", ""selected_l1_005"": ""L1_ONLY"", ""selected_l1_006"": ""L1_ONLY""}",2644,0,1,0.013890700000047218,proto_sw_3_1__seed_3322687601__global_l1_flow_v3__density_medium,proto_sw_3_1__seed_3322687601__global_l1_flow_v3__density_medium__unit_candidates_v2,f98357e1354d34c81706406f61ef22a90f82c6ae225b5256141bc49af22b9df0
C071,proto_sw_3_1,swept,rich,1,100000,MB-L2,LocalGreedy@B,1,,1,1,1,success,,"[""proto_sw_3_1__seed_2781254137__global_l1_flow_v3__density_rich__selected_l1_002__L1-Only__independent_l1__context_preferred__sample_0025"", ""proto_sw_3_1__seed_2781254137__global_l1_flow_v3__density_rich__selected_l1_001__L1-Only__independent_l1__context_preferred__sample_0000"", ""proto_sw_3_1__seed_2781254137__global_l1_flow_v3__density_rich__selected_l1_004__Y-C__open_c__context_opposed__sample_0081"", ""proto_sw_3_1__seed_2781254137__global_l1_flow_v3__density_rich__selected_l1_006__L1-Only__independent_l1__context_preferred__sample_0125"", ""proto_sw_3_1__seed_2781254137__global_l1_flow_v3__density_rich__selected_l1_005__L1-Only__independent_l1__context_preferred__sample_0100"", ""proto_sw_3_1__seed_2781254137__global_l1_flow_v3__density_rich__selected_l1_007__L1-Only__independent_l1__context_preferred__sample_0150"", ""proto_sw_3_1__seed_2781254137__global_l1_flow_v3__density_rich__selected_l1_003__L1-Only__independent_l1__context_preferred__sample_0050""]","{""selected_l1_001"": ""L1_ONLY"", ""selected_l1_002"": ""L1_ONLY"", ""selected_l1_003"": ""L1_ONLY"", ""selected_l1_004"": ""SINGLE_L2_RIGHT"", ""selected_l1_005"": ""L1_ONLY"", ""selected_l1_006"": ""L1_ONLY"", ""selected_l1_007"": ""L1_ONLY""}",7,0,1,0.0031847000000198022,proto_sw_3_1__seed_2781254137__global_l1_flow_v3__density_rich,proto_sw_3_1__seed_2781254137__global_l1_flow_v3__density_rich__unit_candidates_v2,ba9e8963a240a79e61b329e995304d557e67b08e31260ab1e119114a92b798e8
C071,proto_sw_3_1,swept,rich,1,100000,MB-L2,Ours@B,1,,1,1,1,success,,"[""proto_sw_3_1__seed_2781254137__global_l1_flow_v3__density_rich__selected_l1_002__L1-Only__independent_l1__context_preferred__sample_0025"", ""proto_sw_3_1__seed_2781254137__global_l1_flow_v3__density_rich__selected_l1_001__Y-C__compact_c__context_preferred__sample_0001"", ""proto_sw_3_1__seed_2781254137__global_l1_flow_v3__density_rich__selected_l1_004__L1-Only__independent_l1__context_preferred__sample_0075"", ""proto_sw_3_1__seed_2781254137__global_l1_flow_v3__density_rich__selected_l1_006__L1-Only__independent_l1__context_preferred__sample_0125"", ""proto_sw_3_1__seed_2781254137__global_l1_flow_v3__density_rich__selected_l1_005__L1-Only__independent_l1__context_preferred__sample_0100"", ""proto_sw_3_1__seed_2781254137__global_l1_flow_v3__density_rich__selected_l1_007__L1-Only__independent_l1__context_preferred__sample_0150"", ""proto_sw_3_1__seed_2781254137__global_l1_flow_v3__density_rich__selected_l1_003__L1-Only__independent_l1__context_preferred__sample_0050""]","{""selected_l1_001"": ""SINGLE_L2_RIGHT"", ""selected_l1_002"": ""L1_ONLY"", ""selected_l1_003"": ""L1_ONLY"", ""selected_l1_004"": ""L1_ONLY"", ""selected_l1_005"": ""L1_ONLY"", ""selected_l1_006"": ""L1_ONLY"", ""selected_l1_007"": ""L1_ONLY""}",1758,0,1,0.007761800000025687,proto_sw_3_1__seed_2781254137__global_l1_flow_v3__density_rich,proto_sw_3_1__seed_2781254137__global_l1_flow_v3__density_rich__unit_candidates_v2,ba9e8963a240a79e61b329e995304d557e67b08e31260ab1e119114a92b798e8
C071,proto_sw_3_1,swept,rich,1,100000,MB-L2,LocalGreedy@B,2,,2,2,1,success,,"[""proto_sw_3_1__seed_2781254137__global_l1_flow_v3__density_rich__selected_l1_002__L1-Only__independent_l1__context_preferred__sample_0025"", ""proto_sw_3_1__seed_2781254137__global_l1_flow_v3__density_rich__selected_l1_001__L1-Only__independent_l1__context_preferred__sample_0000"", ""proto_sw_3_1__seed_2781254137__global_l1_flow_v3__density_rich__selected_l1_004__Y-C__open_c__context_opposed__sample_0081"", ""proto_sw_3_1__seed_2781254137__global_l1_flow_v3__density_rich__selected_l1_006__L1-Only__independent_l1__context_preferred__sample_0125"", ""proto_sw_3_1__seed_2781254137__global_l1_flow_v3__density_rich__selected_l1_005__Y-C__compact_c__context_preferred__sample_0101"", ""proto_sw_3_1__seed_2781254137__global_l1_flow_v3__density_rich__selected_l1_007__L1-Only__independent_l1__context_preferred__sample_0150"", ""proto_sw_3_1__seed_2781254137__global_l1_flow_v3__density_rich__selected_l1_003__L1-Only__independent_l1__context_preferred__sample_0050""]","{""selected_l1_001"": ""L1_ONLY"", ""selected_l1_002"": ""L1_ONLY"", ""selected_l1_003"": ""L1_ONLY"", ""selected_l1_004"": ""SINGLE_L2_RIGHT"", ""selected_l1_005"": ""SINGLE_L2_LEFT"", ""selected_l1_006"": ""L1_ONLY"", ""selected_l1_007"": ""L1_ONLY""}",7,0,1,0.0029909999998380954,proto_sw_3_1__seed_2781254137__global_l1_flow_v3__density_rich,proto_sw_3_1__seed_2781254137__global_l1_flow_v3__density_rich__unit_candidates_v2,ba9e8963a240a79e61b329e995304d557e67b08e31260ab1e119114a92b798e8
C071,proto_sw_3_1,swept,rich,1,100000,MB-L2,Ours@B,2,,2,2,1,success,,"[""proto_sw_3_1__seed_2781254137__global_l1_flow_v3__density_rich__selected_l1_002__L1-Only__independent_l1__context_preferred__sample_0025"", ""proto_sw_3_1__seed_2781254137__global_l1_flow_v3__density_rich__selected_l1_001__Y-C__compact_c__context_preferred__sample_0001"", ""proto_sw_3_1__seed_2781254137__global_l1_flow_v3__density_rich__selected_l1_004__L1-Only__independent_l1__context_preferred__sample_0075"", ""proto_sw_3_1__seed_2781254137__global_l1_flow_v3__density_rich__selected_l1_006__Y-C__open_c__context_preferred__sample_0130"", ""proto_sw_3_1__seed_2781254137__global_l1_flow_v3__density_rich__selected_l1_005__L1-Only__independent_l1__context_preferred__sample_0100"", ""proto_sw_3_1__seed_2781254137__global_l1_flow_v3__density_rich__selected_l1_007__L1-Only__independent_l1__context_preferred__sample_0150"", ""proto_sw_3_1__seed_2781254137__global_l1_flow_v3__density_rich__selected_l1_003__L1-Only__independent_l1__context_preferred__sample_0050""]","{""selected_l1_001"": ""SINGLE_L2_RIGHT"", ""selected_l1_002"": ""L1_ONLY"", ""selected_l1_003"": ""L1_ONLY"", ""selected_l1_004"": ""L1_ONLY"", ""selected_l1_005"": ""L1_ONLY"", ""selected_l1_006"": ""SINGLE_L2_RIGHT"", ""selected_l1_007"": ""L1_ONLY""}",13779,0,1,0.025535900000249967,proto_sw_3_1__seed_2781254137__global_l1_flow_v3__density_rich,proto_sw_3_1__seed_2781254137__global_l1_flow_v3__density_rich__unit_candidates_v2,ba9e8963a240a79e61b329e995304d557e67b08e31260ab1e119114a92b798e8
C071,proto_sw_3_1,swept,rich,1,100000,MB-L2,LocalGreedy@B,3,,3,3,1,success,,"[""proto_sw_3_1__seed_2781254137__global_l1_flow_v3__density_rich__selected_l1_002__L1-Only__independent_l1__context_preferred__sample_0025"", ""proto_sw_3_1__seed_2781254137__global_l1_flow_v3__density_rich__selected_l1_001__L1-Only__independent_l1__context_preferred__sample_0000"", ""proto_sw_3_1__seed_2781254137__global_l1_flow_v3__density_rich__selected_l1_004__Y-C__open_c__context_opposed__sample_0081"", ""proto_sw_3_1__seed_2781254137__global_l1_flow_v3__density_rich__selected_l1_006__L1-Only__independent_l1__context_preferred__sample_0125"", ""proto_sw_3_1__seed_2781254137__global_l1_flow_v3__density_rich__selected_l1_005__Y-C__compact_c__context_preferred__sample_0101"", ""proto_sw_3_1__seed_2781254137__global_l1_flow_v3__density_rich__selected_l1_007__L1-Only__independent_l1__context_preferred__sample_0150"", ""proto_sw_3_1__seed_2781254137__global_l1_flow_v3__density_rich__selected_l1_003__Y-C__balanced_s__context_preferred__sample_0053""]","{""selected_l1_001"": ""L1_ONLY"", ""selected_l1_002"": ""L1_ONLY"", ""selected_l1_003"": ""SINGLE_L2_RIGHT"", ""selected_l1_004"": ""SINGLE_L2_RIGHT"", ""selected_l1_005"": ""SINGLE_L2_LEFT"", ""selected_l1_006"": ""L1_ONLY"", ""selected_l1_007"": ""L1_ONLY""}",7,0,1,0.0021634999998241256,proto_sw_3_1__seed_2781254137__global_l1_flow_v3__density_rich,proto_sw_3_1__seed_2781254137__global_l1_flow_v3__density_rich__unit_candidates_v2,ba9e8963a240a79e61b329e995304d557e67b08e31260ab1e119114a92b798e8
C071,proto_sw_3_1,swept,rich,1,100000,MB-L2,Ours@B,3,,3,3,1,success,,"[""proto_sw_3_1__seed_2781254137__global_l1_flow_v3__density_rich__selected_l1_002__L1-Only__independent_l1__context_preferred__sample_0025"", ""proto_sw_3_1__seed_2781254137__global_l1_flow_v3__density_rich__selected_l1_001__Y-C__compact_c__context_preferred__sample_0001"", ""proto_sw_3_1__seed_2781254137__global_l1_flow_v3__density_rich__selected_l1_004__L1-Only__independent_l1__context_preferred__sample_0075"", ""proto_sw_3_1__seed_2781254137__global_l1_flow_v3__density_rich__selected_l1_006__Y-C__open_c__context_preferred__sample_0130"", ""proto_sw_3_1__seed_2781254137__global_l1_flow_v3__density_rich__selected_l1_005__Y-C__compact_c__context_preferred__sample_0101"", ""proto_sw_3_1__seed_2781254137__global_l1_flow_v3__density_rich__selected_l1_007__L1-Only__independent_l1__context_preferred__sample_0150"", ""proto_sw_3_1__seed_2781254137__global_l1_flow_v3__density_rich__selected_l1_003__L1-Only__independent_l1__context_preferred__sample_0050""]","{""selected_l1_001"": ""SINGLE_L2_RIGHT"", ""selected_l1_002"": ""L1_ONLY"", ""selected_l1_003"": ""L1_ONLY"", ""selected_l1_004"": ""L1_ONLY"", ""selected_l1_005"": ""SINGLE_L2_LEFT"", ""selected_l1_006"": ""SINGLE_L2_RIGHT"", ""selected_l1_007"": ""L1_ONLY""}",44023,0,1,0.04490230000010342,proto_sw_3_1__seed_2781254137__global_l1_flow_v3__density_rich,proto_sw_3_1__seed_2781254137__global_l1_flow_v3__density_rich__unit_candidates_v2,ba9e8963a240a79e61b329e995304d557e67b08e31260ab1e119114a92b798e8
C071,proto_sw_3_1,swept,rich,1,100000,MB-L2,LocalGreedy@B,4,,4,3,1,success,,"[""proto_sw_3_1__seed_2781254137__global_l1_flow_v3__density_rich__selected_l1_002__L1-Only__independent_l1__context_preferred__sample_0025"", ""proto_sw_3_1__seed_2781254137__global_l1_flow_v3__density_rich__selected_l1_001__L1-Only__independent_l1__context_preferred__sample_0000"", ""proto_sw_3_1__seed_2781254137__global_l1_flow_v3__density_rich__selected_l1_004__Y-C__open_c__context_opposed__sample_0081"", ""proto_sw_3_1__seed_2781254137__global_l1_flow_v3__density_rich__selected_l1_006__L1-Only__independent_l1__context_preferred__sample_0125"", ""proto_sw_3_1__seed_2781254137__global_l1_flow_v3__density_rich__selected_l1_005__Y-C__compact_c__context_preferred__sample_0101"", ""proto_sw_3_1__seed_2781254137__global_l1_flow_v3__density_rich__selected_l1_007__L1-Only__independent_l1__context_preferred__sample_0150"", ""proto_sw_3_1__seed_2781254137__global_l1_flow_v3__density_rich__selected_l1_003__Y-2C__nested_s__context_preferred__sample_0059""]","{""selected_l1_001"": ""L1_ONLY"", ""selected_l1_002"": ""L1_ONLY"", ""selected_l1_003"": ""OPPOSED_L2_PAIR"", ""selected_l1_004"": ""SINGLE_L2_RIGHT"", ""selected_l1_005"": ""SINGLE_L2_LEFT"", ""selected_l1_006"": ""L1_ONLY"", ""selected_l1_007"": ""L1_ONLY""}",7,0,1,0.0016989000000648957,proto_sw_3_1__seed_2781254137__global_l1_flow_v3__density_rich,proto_sw_3_1__seed_2781254137__global_l1_flow_v3__density_rich__unit_candidates_v2,ba9e8963a240a79e61b329e995304d557e67b08e31260ab1e119114a92b798e8
C071,proto_sw_3_1,swept,rich,1,100000,MB-L2,Ours@B,4,,4,3,1,success,,"[""proto_sw_3_1__seed_2781254137__global_l1_flow_v3__density_rich__selected_l1_002__L1-Only__independent_l1__context_preferred__sample_0025"", ""proto_sw_3_1__seed_2781254137__global_l1_flow_v3__density_rich__selected_l1_001__Y-C__compact_c__context_preferred__sample_0001"", ""proto_sw_3_1__seed_2781254137__global_l1_flow_v3__density_rich__selected_l1_004__L1-Only__independent_l1__context_preferred__sample_0075"", ""proto_sw_3_1__seed_2781254137__global_l1_flow_v3__density_rich__selected_l1_006__Y-C__open_c__context_preferred__sample_0130"", ""proto_sw_3_1__seed_2781254137__global_l1_flow_v3__density_rich__selected_l1_005__L1-Only__independent_l1__context_preferred__sample_0100"", ""proto_sw_3_1__seed_2781254137__global_l1_flow_v3__density_rich__selected_l1_007__Y-2C__staggered_c__context_swapped__sample_0164"", ""proto_sw_3_1__seed_2781254137__global_l1_flow_v3__density_rich__selected_l1_003__L1-Only__independent_l1__context_preferred__sample_0050""]","{""selected_l1_001"": ""SINGLE_L2_RIGHT"", ""selected_l1_002"": ""L1_ONLY"", ""selected_l1_003"": ""L1_ONLY"", ""selected_l1_004"": ""L1_ONLY"", ""selected_l1_005"": ""L1_ONLY"", ""selected_l1_006"": ""SINGLE_L2_RIGHT"", ""selected_l1_007"": ""OPPOSED_L2_PAIR""}",67949,0,1,0.08157690000007278,proto_sw_3_1__seed_2781254137__global_l1_flow_v3__density_rich,proto_sw_3_1__seed_2781254137__global_l1_flow_v3__density_rich__unit_candidates_v2,ba9e8963a240a79e61b329e995304d557e67b08e31260ab1e119114a92b798e8
C071,proto_sw_3_1,swept,rich,1,100000,MB-L2,LocalGreedy@B,5,,4,3,0,budget_not_attained,sequential irreversible pass ended below target B,"[""proto_sw_3_1__seed_2781254137__global_l1_flow_v3__density_rich__selected_l1_002__L1-Only__independent_l1__context_preferred__sample_0025"", ""proto_sw_3_1__seed_2781254137__global_l1_flow_v3__density_rich__selected_l1_001__L1-Only__independent_l1__context_preferred__sample_0000"", ""proto_sw_3_1__seed_2781254137__global_l1_flow_v3__density_rich__selected_l1_004__Y-C__open_c__context_opposed__sample_0081"", ""proto_sw_3_1__seed_2781254137__global_l1_flow_v3__density_rich__selected_l1_006__L1-Only__independent_l1__context_preferred__sample_0125"", ""proto_sw_3_1__seed_2781254137__global_l1_flow_v3__density_rich__selected_l1_005__Y-C__compact_c__context_preferred__sample_0101"", ""proto_sw_3_1__seed_2781254137__global_l1_flow_v3__density_rich__selected_l1_007__L1-Only__independent_l1__context_preferred__sample_0150"", ""proto_sw_3_1__seed_2781254137__global_l1_flow_v3__density_rich__selected_l1_003__Y-2C__nested_s__context_preferred__sample_0059""]","{""selected_l1_001"": ""L1_ONLY"", ""selected_l1_002"": ""L1_ONLY"", ""selected_l1_003"": ""OPPOSED_L2_PAIR"", ""selected_l1_004"": ""SINGLE_L2_RIGHT"", ""selected_l1_005"": ""SINGLE_L2_LEFT"", ""selected_l1_006"": ""L1_ONLY"", ""selected_l1_007"": ""L1_ONLY""}",7,0,1,0.002815499999996973,proto_sw_3_1__seed_2781254137__global_l1_flow_v3__density_rich,proto_sw_3_1__seed_2781254137__global_l1_flow_v3__density_rich__unit_candidates_v2,ba9e8963a240a79e61b329e995304d557e67b08e31260ab1e119114a92b798e8
C071,proto_sw_3_1,swept,rich,1,100000,MB-L2,Ours@B,5,,5,3,1,success,,"[""proto_sw_3_1__seed_2781254137__global_l1_flow_v3__density_rich__selected_l1_002__L1-Only__independent_l1__context_preferred__sample_0025"", ""proto_sw_3_1__seed_2781254137__global_l1_flow_v3__density_rich__selected_l1_001__Y-C__compact_c__context_preferred__sample_0001"", ""proto_sw_3_1__seed_2781254137__global_l1_flow_v3__density_rich__selected_l1_004__L1-Only__independent_l1__context_preferred__sample_0075"", ""proto_sw_3_1__seed_2781254137__global_l1_flow_v3__density_rich__selected_l1_006__Y-2C__open_asymmetric__context_swapped__sample_0143"", ""proto_sw_3_1__seed_2781254137__global_l1_flow_v3__density_rich__selected_l1_005__L1-Only__independent_l1__context_preferred__sample_0100"", ""proto_sw_3_1__seed_2781254137__global_l1_flow_v3__density_rich__selected_l1_007__Y-2C__staggered_c__context_swapped__sample_0164"", ""proto_sw_3_1__seed_2781254137__global_l1_flow_v3__density_rich__selected_l1_003__L1-Only__independent_l1__context_preferred__sample_0050""]","{""selected_l1_001"": ""SINGLE_L2_RIGHT"", ""selected_l1_002"": ""L1_ONLY"", ""selected_l1_003"": ""L1_ONLY"", ""selected_l1_004"": ""L1_ONLY"", ""selected_l1_005"": ""L1_ONLY"", ""selected_l1_006"": ""OPPOSED_L2_PAIR"", ""selected_l1_007"": ""OPPOSED_L2_PAIR""}",31343,0,1,0.04363809999995283,proto_sw_3_1__seed_2781254137__global_l1_flow_v3__density_rich,proto_sw_3_1__seed_2781254137__global_l1_flow_v3__density_rich__unit_candidates_v2,ba9e8963a240a79e61b329e995304d557e67b08e31260ab1e119114a92b798e8
C071,proto_sw_3_1,swept,rich,1,100000,MB-L2,LocalGreedy@B,6,,4,3,0,budget_not_attained,sequential irreversible pass ended below target B,"[""proto_sw_3_1__seed_2781254137__global_l1_flow_v3__density_rich__selected_l1_002__L1-Only__independent_l1__context_preferred__sample_0025"", ""proto_sw_3_1__seed_2781254137__global_l1_flow_v3__density_rich__selected_l1_001__L1-Only__independent_l1__context_preferred__sample_0000"", ""proto_sw_3_1__seed_2781254137__global_l1_flow_v3__density_rich__selected_l1_004__Y-C__open_c__context_opposed__sample_0081"", ""proto_sw_3_1__seed_2781254137__global_l1_flow_v3__density_rich__selected_l1_006__L1-Only__independent_l1__context_preferred__sample_0125"", ""proto_sw_3_1__seed_2781254137__global_l1_flow_v3__density_rich__selected_l1_005__Y-C__compact_c__context_preferred__sample_0101"", ""proto_sw_3_1__seed_2781254137__global_l1_flow_v3__density_rich__selected_l1_007__L1-Only__independent_l1__context_preferred__sample_0150"", ""proto_sw_3_1__seed_2781254137__global_l1_flow_v3__density_rich__selected_l1_003__Y-2C__nested_s__context_preferred__sample_0059""]","{""selected_l1_001"": ""L1_ONLY"", ""selected_l1_002"": ""L1_ONLY"", ""selected_l1_003"": ""OPPOSED_L2_PAIR"", ""selected_l1_004"": ""SINGLE_L2_RIGHT"", ""selected_l1_005"": ""SINGLE_L2_LEFT"", ""selected_l1_006"": ""L1_ONLY"", ""selected_l1_007"": ""L1_ONLY""}",7,0,1,0.0016539000002921966,proto_sw_3_1__seed_2781254137__global_l1_flow_v3__density_rich,proto_sw_3_1__seed_2781254137__global_l1_flow_v3__density_rich__unit_candidates_v2,ba9e8963a240a79e61b329e995304d557e67b08e31260ab1e119114a92b798e8
C071,proto_sw_3_1,swept,rich,1,100000,MB-L2,Ours@B,6,,6,3,1,success,,"[""proto_sw_3_1__seed_2781254137__global_l1_flow_v3__density_rich__selected_l1_002__L1-Only__independent_l1__context_preferred__sample_0025"", ""proto_sw_3_1__seed_2781254137__global_l1_flow_v3__density_rich__selected_l1_001__Y-2C__staggered_c__context_swapped__sample_0014"", ""proto_sw_3_1__seed_2781254137__global_l1_flow_v3__density_rich__selected_l1_004__L1-Only__independent_l1__context_preferred__sample_0075"", ""proto_sw_3_1__seed_2781254137__global_l1_flow_v3__density_rich__selected_l1_006__Y-2C__open_asymmetric__context_swapped__sample_0143"", ""proto_sw_3_1__seed_2781254137__global_l1_flow_v3__density_rich__selected_l1_005__L1-Only__independent_l1__context_preferred__sample_0100"", ""proto_sw_3_1__seed_2781254137__global_l1_flow_v3__density_rich__selected_l1_007__Y-2C__staggered_c__context_swapped__sample_0164"", ""proto_sw_3_1__seed_2781254137__global_l1_flow_v3__density_rich__selected_l1_003__L1-Only__independent_l1__context_preferred__sample_0050""]","{""selected_l1_001"": ""OPPOSED_L2_PAIR"", ""selected_l1_002"": ""L1_ONLY"", ""selected_l1_003"": ""L1_ONLY"", ""selected_l1_004"": ""L1_ONLY"", ""selected_l1_005"": ""L1_ONLY"", ""selected_l1_006"": ""OPPOSED_L2_PAIR"", ""selected_l1_007"": ""OPPOSED_L2_PAIR""}",4719,0,1,0.009434600000076898,proto_sw_3_1__seed_2781254137__global_l1_flow_v3__density_rich,proto_sw_3_1__seed_2781254137__global_l1_flow_v3__density_rich__unit_candidates_v2,ba9e8963a240a79e61b329e995304d557e67b08e31260ab1e119114a92b798e8
C072,proto_sw_3_1,swept,rich,2,100002,MB-L2,LocalGreedy@B,1,,1,1,1,success,,"[""proto_sw_3_1__seed_1978891010__global_l1_flow_v3__density_rich__selected_l1_003__Y-C__balanced_s__context_opposed__sample_0054"", ""proto_sw_3_1__seed_1978891010__global_l1_flow_v3__density_rich__selected_l1_006__L1-Only__independent_l1__context_preferred__sample_0125"", ""proto_sw_3_1__seed_1978891010__global_l1_flow_v3__density_rich__selected_l1_002__L1-Only__independent_l1__context_preferred__sample_0025"", ""proto_sw_3_1__seed_1978891010__global_l1_flow_v3__density_rich__selected_l1_007__L1-Only__independent_l1__context_preferred__sample_0150"", ""proto_sw_3_1__seed_1978891010__global_l1_flow_v3__density_rich__selected_l1_005__L1-Only__independent_l1__context_preferred__sample_0100"", ""proto_sw_3_1__seed_1978891010__global_l1_flow_v3__density_rich__selected_l1_004__L1-Only__independent_l1__context_preferred__sample_0075"", ""proto_sw_3_1__seed_1978891010__global_l1_flow_v3__density_rich__selected_l1_001__L1-Only__independent_l1__context_preferred__sample_0000""]","{""selected_l1_001"": ""L1_ONLY"", ""selected_l1_002"": ""L1_ONLY"", ""selected_l1_003"": ""SINGLE_L2_LEFT"", ""selected_l1_004"": ""L1_ONLY"", ""selected_l1_005"": ""L1_ONLY"", ""selected_l1_006"": ""L1_ONLY"", ""selected_l1_007"": ""L1_ONLY""}",7,0,1,0.0025095999999393825,proto_sw_3_1__seed_1978891010__global_l1_flow_v3__density_rich,proto_sw_3_1__seed_1978891010__global_l1_flow_v3__density_rich__unit_candidates_v2,31d339eda7cb0e2199eb473f5ab5bd301b6b1bdff7434223ed2da47fc7880fac
C072,proto_sw_3_1,swept,rich,2,100002,MB-L2,Ours@B,1,,1,1,1,success,,"[""proto_sw_3_1__seed_1978891010__global_l1_flow_v3__density_rich__selected_l1_003__L1-Only__independent_l1__context_preferred__sample_0050"", ""proto_sw_3_1__seed_1978891010__global_l1_flow_v3__density_rich__selected_l1_006__Y-C__compact_c__context_preferred__sample_0126"", ""proto_sw_3_1__seed_1978891010__global_l1_flow_v3__density_rich__selected_l1_002__L1-Only__independent_l1__context_preferred__sample_0025"", ""proto_sw_3_1__seed_1978891010__global_l1_flow_v3__density_rich__selected_l1_007__L1-Only__independent_l1__context_preferred__sample_0150"", ""proto_sw_3_1__seed_1978891010__global_l1_flow_v3__density_rich__selected_l1_005__L1-Only__independent_l1__context_preferred__sample_0100"", ""proto_sw_3_1__seed_1978891010__global_l1_flow_v3__density_rich__selected_l1_004__L1-Only__independent_l1__context_preferred__sample_0075"", ""proto_sw_3_1__seed_1978891010__global_l1_flow_v3__density_rich__selected_l1_001__L1-Only__independent_l1__context_preferred__sample_0000""]","{""selected_l1_001"": ""L1_ONLY"", ""selected_l1_002"": ""L1_ONLY"", ""selected_l1_003"": ""L1_ONLY"", ""selected_l1_004"": ""L1_ONLY"", ""selected_l1_005"": ""L1_ONLY"", ""selected_l1_006"": ""SINGLE_L2_RIGHT"", ""selected_l1_007"": ""L1_ONLY""}",2229,0,1,0.00923770000008517,proto_sw_3_1__seed_1978891010__global_l1_flow_v3__density_rich,proto_sw_3_1__seed_1978891010__global_l1_flow_v3__density_rich__unit_candidates_v2,31d339eda7cb0e2199eb473f5ab5bd301b6b1bdff7434223ed2da47fc7880fac
C072,proto_sw_3_1,swept,rich,2,100002,MB-L2,LocalGreedy@B,2,,2,1,1,success,,"[""proto_sw_3_1__seed_1978891010__global_l1_flow_v3__density_rich__selected_l1_003__Y-2C__open_asymmetric__context_preferred__sample_0073"", ""proto_sw_3_1__seed_1978891010__global_l1_flow_v3__density_rich__selected_l1_006__L1-Only__independent_l1__context_preferred__sample_0125"", ""proto_sw_3_1__seed_1978891010__global_l1_flow_v3__density_rich__selected_l1_002__L1-Only__independent_l1__context_preferred__sample_0025"", ""proto_sw_3_1__seed_1978891010__global_l1_flow_v3__density_rich__selected_l1_007__L1-Only__independent_l1__context_preferred__sample_0150"", ""proto_sw_3_1__seed_1978891010__global_l1_flow_v3__density_rich__selected_l1_005__L1-Only__independent_l1__context_preferred__sample_0100"", ""proto_sw_3_1__seed_1978891010__global_l1_flow_v3__density_rich__selected_l1_004__L1-Only__independent_l1__context_preferred__sample_0075"", ""proto_sw_3_1__seed_1978891010__global_l1_flow_v3__density_rich__selected_l1_001__L1-Only__independent_l1__context_preferred__sample_0000""]","{""selected_l1_001"": ""L1_ONLY"", ""selected_l1_002"": ""L1_ONLY"", ""selected_l1_003"": ""OPPOSED_L2_PAIR"", ""selected_l1_004"": ""L1_ONLY"", ""selected_l1_005"": ""L1_ONLY"", ""selected_l1_006"": ""L1_ONLY"", ""selected_l1_007"": ""L1_ONLY""}",7,0,1,0.002700600000025588,proto_sw_3_1__seed_1978891010__global_l1_flow_v3__density_rich,proto_sw_3_1__seed_1978891010__global_l1_flow_v3__density_rich__unit_candidates_v2,31d339eda7cb0e2199eb473f5ab5bd301b6b1bdff7434223ed2da47fc7880fac
C072,proto_sw_3_1,swept,rich,2,100002,MB-L2,Ours@B,2,,2,2,1,success,,"[""proto_sw_3_1__seed_1978891010__global_l1_flow_v3__density_rich__selected_l1_003__L1-Only__independent_l1__context_preferred__sample_0050"", ""proto_sw_3_1__seed_1978891010__global_l1_flow_v3__density_rich__selected_l1_006__Y-C__compact_c__context_preferred__sample_0126"", ""proto_sw_3_1__seed_1978891010__global_l1_flow_v3__density_rich__selected_l1_002__L1-Only__independent_l1__context_preferred__sample_0025"", ""proto_sw_3_1__seed_1978891010__global_l1_flow_v3__density_rich__selected_l1_007__L1-Only__independent_l1__context_preferred__sample_0150"", ""proto_sw_3_1__seed_1978891010__global_l1_flow_v3__density_rich__selected_l1_005__Y-C__compact_c__context_opposed__sample_0102"", ""proto_sw_3_1__seed_1978891010__global_l1_flow_v3__density_rich__selected_l1_004__L1-Only__independent_l1__context_preferred__sample_0075"", ""proto_sw_3_1__seed_1978891010__global_l1_flow_v3__density_rich__selected_l1_001__L1-Only__independent_l1__context_preferred__sample_0000""]","{""selected_l1_001"": ""L1_ONLY"", ""selected_l1_002"": ""L1_ONLY"", ""selected_l1_003"": ""L1_ONLY"", ""selected_l1_004"": ""L1_ONLY"", ""selected_l1_005"": ""SINGLE_L2_LEFT"", ""selected_l1_006"": ""SINGLE_L2_RIGHT"", ""selected_l1_007"": ""L1_ONLY""}",1197,0,1,0.006910699999934877,proto_sw_3_1__seed_1978891010__global_l1_flow_v3__density_rich,proto_sw_3_1__seed_1978891010__global_l1_flow_v3__density_rich__unit_candidates_v2,31d339eda7cb0e2199eb473f5ab5bd301b6b1bdff7434223ed2da47fc7880fac
C072,proto_sw_3_1,swept,rich,2,100002,MB-L2,LocalGreedy@B,3,,3,2,1,success,,"[""proto_sw_3_1__seed_1978891010__global_l1_flow_v3__density_rich__selected_l1_003__Y-2C__open_asymmetric__context_preferred__sample_0073"", ""proto_sw_3_1__seed_1978891010__global_l1_flow_v3__density_rich__selected_l1_006__L1-Only__independent_l1__context_preferred__sample_0125"", ""proto_sw_3_1__seed_1978891010__global_l1_flow_v3__density_rich__selected_l1_002__L1-Only__independent_l1__context_preferred__sample_0025"", ""proto_sw_3_1__seed_1978891010__global_l1_flow_v3__density_rich__selected_l1_007__Y-C__balanced_s__context_preferred__sample_0153"", ""proto_sw_3_1__seed_1978891010__global_l1_flow_v3__density_rich__selected_l1_005__L1-Only__independent_l1__context_preferred__sample_0100"", ""proto_sw_3_1__seed_1978891010__global_l1_flow_v3__density_rich__selected_l1_004__L1-Only__independent_l1__context_preferred__sample_0075"", ""proto_sw_3_1__seed_1978891010__global_l1_flow_v3__density_rich__selected_l1_001__L1-Only__independent_l1__context_preferred__sample_0000""]","{""selected_l1_001"": ""L1_ONLY"", ""selected_l1_002"": ""L1_ONLY"", ""selected_l1_003"": ""OPPOSED_L2_PAIR"", ""selected_l1_004"": ""L1_ONLY"", ""selected_l1_005"": ""L1_ONLY"", ""selected_l1_006"": ""L1_ONLY"", ""selected_l1_007"": ""SINGLE_L2_RIGHT""}",7,0,1,0.002132899999651272,proto_sw_3_1__seed_1978891010__global_l1_flow_v3__density_rich,proto_sw_3_1__seed_1978891010__global_l1_flow_v3__density_rich__unit_candidates_v2,31d339eda7cb0e2199eb473f5ab5bd301b6b1bdff7434223ed2da47fc7880fac
C072,proto_sw_3_1,swept,rich,2,100002,MB-L2,Ours@B,3,,3,2,1,success,,"[""proto_sw_3_1__seed_1978891010__global_l1_flow_v3__density_rich__selected_l1_003__L1-Only__independent_l1__context_preferred__sample_0050"", ""proto_sw_3_1__seed_1978891010__global_l1_flow_v3__density_rich__selected_l1_006__Y-C__compact_c__context_preferred__sample_0126"", ""proto_sw_3_1__seed_1978891010__global_l1_flow_v3__density_rich__selected_l1_002__L1-Only__independent_l1__context_preferred__sample_0025"", ""proto_sw_3_1__seed_1978891010__global_l1_flow_v3__density_rich__selected_l1_007__L1-Only__independent_l1__context_preferred__sample_0150"", ""proto_sw_3_1__seed_1978891010__global_l1_flow_v3__density_rich__selected_l1_005__Y-2C__open_asymmetric__context_swapped__sample_0124"", ""proto_sw_3_1__seed_1978891010__global_l1_flow_v3__density_rich__selected_l1_004__L1-Only__independent_l1__context_preferred__sample_0075"", ""proto_sw_3_1__seed_1978891010__global_l1_flow_v3__density_rich__selected_l1_001__L1-Only__independent_l1__context_preferred__sample_0000""]","{""selected_l1_001"": ""L1_ONLY"", ""selected_l1_002"": ""L1_ONLY"", ""selected_l1_003"": ""L1_ONLY"", ""selected_l1_004"": ""L1_ONLY"", ""selected_l1_005"": ""OPPOSED_L2_PAIR"", ""selected_l1_006"": ""SINGLE_L2_RIGHT"", ""selected_l1_007"": ""L1_ONLY""}",3261,0,1,0.013146300000244082,proto_sw_3_1__seed_1978891010__global_l1_flow_v3__density_rich,proto_sw_3_1__seed_1978891010__global_l1_flow_v3__density_rich__unit_candidates_v2,31d339eda7cb0e2199eb473f5ab5bd301b6b1bdff7434223ed2da47fc7880fac
C072,proto_sw_3_1,swept,rich,2,100002,MB-L2,LocalGreedy@B,4,,4,2,1,success,,"[""proto_sw_3_1__seed_1978891010__global_l1_flow_v3__density_rich__selected_l1_003__Y-2C__open_asymmetric__context_preferred__sample_0073"", ""proto_sw_3_1__seed_1978891010__global_l1_flow_v3__density_rich__selected_l1_006__L1-Only__independent_l1__context_preferred__sample_0125"", ""proto_sw_3_1__seed_1978891010__global_l1_flow_v3__density_rich__selected_l1_002__L1-Only__independent_l1__context_preferred__sample_0025"", ""proto_sw_3_1__seed_1978891010__global_l1_flow_v3__density_rich__selected_l1_007__Y-2C__nested_s__context_swapped__sample_0166"", ""proto_sw_3_1__seed_1978891010__global_l1_flow_v3__density_rich__selected_l1_005__L1-Only__independent_l1__context_preferred__sample_0100"", ""proto_sw_3_1__seed_1978891010__global_l1_flow_v3__density_rich__selected_l1_004__L1-Only__independent_l1__context_preferred__sample_0075"", ""proto_sw_3_1__seed_1978891010__global_l1_flow_v3__density_rich__selected_l1_001__L1-Only__independent_l1__context_preferred__sample_0000""]","{""selected_l1_001"": ""L1_ONLY"", ""selected_l1_002"": ""L1_ONLY"", ""selected_l1_003"": ""OPPOSED_L2_PAIR"", ""selected_l1_004"": ""L1_ONLY"", ""selected_l1_005"": ""L1_ONLY"", ""selected_l1_006"": ""L1_ONLY"", ""selected_l1_007"": ""OPPOSED_L2_PAIR""}",7,0,1,0.0024580999997851904,proto_sw_3_1__seed_1978891010__global_l1_flow_v3__density_rich,proto_sw_3_1__seed_1978891010__global_l1_flow_v3__density_rich__unit_candidates_v2,31d339eda7cb0e2199eb473f5ab5bd301b6b1bdff7434223ed2da47fc7880fac
C072,proto_sw_3_1,swept,rich,2,100002,MB-L2,Ours@B,4,,4,2,1,success,,"[""proto_sw_3_1__seed_1978891010__global_l1_flow_v3__density_rich__selected_l1_003__Y-2C__staggered_c__context_preferred__sample_0057"", ""proto_sw_3_1__seed_1978891010__global_l1_flow_v3__density_rich__selected_l1_006__L1-Only__independent_l1__context_preferred__sample_0125"", ""proto_sw_3_1__seed_1978891010__global_l1_flow_v3__density_rich__selected_l1_002__L1-Only__independent_l1__context_preferred__sample_0025"", ""proto_sw_3_1__seed_1978891010__global_l1_flow_v3__density_rich__selected_l1_007__L1-Only__independent_l1__context_preferred__sample_0150"", ""proto_sw_3_1__seed_1978891010__global_l1_flow_v3__density_rich__selected_l1_005__Y-2C__open_asymmetric__context_swapped__sample_0124"", ""proto_sw_3_1__seed_1978891010__global_l1_flow_v3__density_rich__selected_l1_004__L1-Only__independent_l1__context_preferred__sample_0075"", ""proto_sw_3_1__seed_1978891010__global_l1_flow_v3__density_rich__selected_l1_001__L1-Only__independent_l1__context_preferred__sample_0000""]","{""selected_l1_001"": ""L1_ONLY"", ""selected_l1_002"": ""L1_ONLY"", ""selected_l1_003"": ""OPPOSED_L2_PAIR"", ""selected_l1_004"": ""L1_ONLY"", ""selected_l1_005"": ""OPPOSED_L2_PAIR"", ""selected_l1_006"": ""L1_ONLY"", ""selected_l1_007"": ""L1_ONLY""}",5165,0,1,0.015200299999833078,proto_sw_3_1__seed_1978891010__global_l1_flow_v3__density_rich,proto_sw_3_1__seed_1978891010__global_l1_flow_v3__density_rich__unit_candidates_v2,31d339eda7cb0e2199eb473f5ab5bd301b6b1bdff7434223ed2da47fc7880fac
C073,proto_sw_3_2,expanded,simple,1,100004,MB-L2,LocalGreedy@B,1,,1,1,1,success,,"[""proto_sw_3_2__seed_3906224916__global_l1_flow_v3__density_simple__selected_l1_003__L1-Only__independent_l1__context_preferred__sample_0050"", ""proto_sw_3_2__seed_3906224916__global_l1_flow_v3__density_simple__selected_l1_002__L1-Only__independent_l1__context_preferred__sample_0025"", ""proto_sw_3_2__seed_3906224916__global_l1_flow_v3__density_simple__selected_l1_001__Y-C__balanced_s__context_opposed__sample_0004"", ""proto_sw_3_2__seed_3906224916__global_l1_flow_v3__density_simple__selected_l1_004__L1-Only__independent_l1__context_preferred__sample_0075"", ""proto_sw_3_2__seed_3906224916__global_l1_flow_v3__density_simple__selected_l1_005__L1-Only__independent_l1__context_preferred__sample_0100""]","{""selected_l1_001"": ""SINGLE_L2_LEFT"", ""selected_l1_002"": ""L1_ONLY"", ""selected_l1_003"": ""L1_ONLY"", ""selected_l1_004"": ""L1_ONLY"", ""selected_l1_005"": ""L1_ONLY""}",5,0,1,0.000833399999919493,proto_sw_3_2__seed_3906224916__global_l1_flow_v3__density_simple,proto_sw_3_2__seed_3906224916__global_l1_flow_v3__density_simple__unit_candidates_v2,5909ae1cde16ffceef1e3653741e895c262cb0bde947b19989dd7bbc468b1eec
C073,proto_sw_3_2,expanded,simple,1,100004,MB-L2,Ours@B,1,,1,1,1,success,,"[""proto_sw_3_2__seed_3906224916__global_l1_flow_v3__density_simple__selected_l1_003__Y-C__open_c__context_opposed__sample_0056"", ""proto_sw_3_2__seed_3906224916__global_l1_flow_v3__density_simple__selected_l1_002__L1-Only__independent_l1__context_preferred__sample_0025"", ""proto_sw_3_2__seed_3906224916__global_l1_flow_v3__density_simple__selected_l1_001__L1-Only__independent_l1__context_preferred__sample_0000"", ""proto_sw_3_2__seed_3906224916__global_l1_flow_v3__density_simple__selected_l1_004__L1-Only__independent_l1__context_preferred__sample_0075"", ""proto_sw_3_2__seed_3906224916__global_l1_flow_v3__density_simple__selected_l1_005__L1-Only__independent_l1__context_preferred__sample_0100""]","{""selected_l1_001"": ""L1_ONLY"", ""selected_l1_002"": ""L1_ONLY"", ""selected_l1_003"": ""SINGLE_L2_LEFT"", ""selected_l1_004"": ""L1_ONLY"", ""selected_l1_005"": ""L1_ONLY""}",429,0,1,0.0030145999999149353,proto_sw_3_2__seed_3906224916__global_l1_flow_v3__density_simple,proto_sw_3_2__seed_3906224916__global_l1_flow_v3__density_simple__unit_candidates_v2,5909ae1cde16ffceef1e3653741e895c262cb0bde947b19989dd7bbc468b1eec
C073,proto_sw_3_2,expanded,simple,1,100004,MB-L2,LocalGreedy@B,2,,2,2,1,success,,"[""proto_sw_3_2__seed_3906224916__global_l1_flow_v3__density_simple__selected_l1_003__L1-Only__independent_l1__context_preferred__sample_0050"", ""proto_sw_3_2__seed_3906224916__global_l1_flow_v3__density_simple__selected_l1_002__L1-Only__independent_l1__context_preferred__sample_0025"", ""proto_sw_3_2__seed_3906224916__global_l1_flow_v3__density_simple__selected_l1_001__Y-C__balanced_s__context_opposed__sample_0004"", ""proto_sw_3_2__seed_3906224916__global_l1_flow_v3__density_simple__selected_l1_004__L1-Only__independent_l1__context_preferred__sample_0075"", ""proto_sw_3_2__seed_3906224916__global_l1_flow_v3__density_simple__selected_l1_005__Y-C__balanced_s__context_opposed__sample_0104""]","{""selected_l1_001"": ""SINGLE_L2_LEFT"", ""selected_l1_002"": ""L1_ONLY"", ""selected_l1_003"": ""L1_ONLY"", ""selected_l1_004"": ""L1_ONLY"", ""selected_l1_005"": ""SINGLE_L2_LEFT""}",5,0,1,0.0006855999999970663,proto_sw_3_2__seed_3906224916__global_l1_flow_v3__density_simple,proto_sw_3_2__seed_3906224916__global_l1_flow_v3__density_simple__unit_candidates_v2,5909ae1cde16ffceef1e3653741e895c262cb0bde947b19989dd7bbc468b1eec
C073,proto_sw_3_2,expanded,simple,1,100004,MB-L2,Ours@B,2,,2,2,1,success,,"[""proto_sw_3_2__seed_3906224916__global_l1_flow_v3__density_simple__selected_l1_003__Y-C__open_c__context_opposed__sample_0056"", ""proto_sw_3_2__seed_3906224916__global_l1_flow_v3__density_simple__selected_l1_002__Y-C__open_c__context_opposed__sample_0031"", ""proto_sw_3_2__seed_3906224916__global_l1_flow_v3__density_simple__selected_l1_001__L1-Only__independent_l1__context_preferred__sample_0000"", ""proto_sw_3_2__seed_3906224916__global_l1_flow_v3__density_simple__selected_l1_004__L1-Only__independent_l1__context_preferred__sample_0075"", ""proto_sw_3_2__seed_3906224916__global_l1_flow_v3__density_simple__selected_l1_005__L1-Only__independent_l1__context_preferred__sample_0100""]","{""selected_l1_001"": ""L1_ONLY"", ""selected_l1_002"": ""SINGLE_L2_RIGHT"", ""selected_l1_003"": ""SINGLE_L2_LEFT"", ""selected_l1_004"": ""L1_ONLY"", ""selected_l1_005"": ""L1_ONLY""}",110,0,1,0.0012953000000379689,proto_sw_3_2__seed_3906224916__global_l1_flow_v3__density_simple,proto_sw_3_2__seed_3906224916__global_l1_flow_v3__density_simple__unit_candidates_v2,5909ae1cde16ffceef1e3653741e895c262cb0bde947b19989dd7bbc468b1eec
C073,proto_sw_3_2,expanded,simple,1,100004,MB-L2,LocalGreedy@B,3,,3,2,1,success,,"[""proto_sw_3_2__seed_3906224916__global_l1_flow_v3__density_simple__selected_l1_003__L1-Only__independent_l1__context_preferred__sample_0050"", ""proto_sw_3_2__seed_3906224916__global_l1_flow_v3__density_simple__selected_l1_002__L1-Only__independent_l1__context_preferred__sample_0025"", ""proto_sw_3_2__seed_3906224916__global_l1_flow_v3__density_simple__selected_l1_001__Y-C__balanced_s__context_opposed__sample_0004"", ""proto_sw_3_2__seed_3906224916__global_l1_flow_v3__density_simple__selected_l1_004__L1-Only__independent_l1__context_preferred__sample_0075"", ""proto_sw_3_2__seed_3906224916__global_l1_flow_v3__density_simple__selected_l1_005__Y-2C__nested_s__context_preferred__sample_0115""]","{""selected_l1_001"": ""SINGLE_L2_LEFT"", ""selected_l1_002"": ""L1_ONLY"", ""selected_l1_003"": ""L1_ONLY"", ""selected_l1_004"": ""L1_ONLY"", ""selected_l1_005"": ""OPPOSED_L2_PAIR""}",5,0,1,0.0008566999999857217,proto_sw_3_2__seed_3906224916__global_l1_flow_v3__density_simple,proto_sw_3_2__seed_3906224916__global_l1_flow_v3__density_simple__unit_candidates_v2,5909ae1cde16ffceef1e3653741e895c262cb0bde947b19989dd7bbc468b1eec
C073,proto_sw_3_2,expanded,simple,1,100004,MB-L2,Ours@B,3,,3,2,1,success,,"[""proto_sw_3_2__seed_3906224916__global_l1_flow_v3__density_simple__selected_l1_003__Y-C__open_c__context_opposed__sample_0056"", ""proto_sw_3_2__seed_3906224916__global_l1_flow_v3__density_simple__selected_l1_002__L1-Only__independent_l1__context_preferred__sample_0025"", ""proto_sw_3_2__seed_3906224916__global_l1_flow_v3__density_simple__selected_l1_001__L1-Only__independent_l1__context_preferred__sample_0000"", ""proto_sw_3_2__seed_3906224916__global_l1_flow_v3__density_simple__selected_l1_004__Y-2C__staggered_c__context_preferred__sample_0088"", ""proto_sw_3_2__seed_3906224916__global_l1_flow_v3__density_simple__selected_l1_005__L1-Only__independent_l1__context_preferred__sample_0100""]","{""selected_l1_001"": ""L1_ONLY"", ""selected_l1_002"": ""L1_ONLY"", ""selected_l1_003"": ""SINGLE_L2_LEFT"", ""selected_l1_004"": ""OPPOSED_L2_PAIR"", ""selected_l1_005"": ""L1_ONLY""}",402,0,1,0.0022902000000613043,proto_sw_3_2__seed_3906224916__global_l1_flow_v3__density_simple,proto_sw_3_2__seed_3906224916__global_l1_flow_v3__density_simple__unit_candidates_v2,5909ae1cde16ffceef1e3653741e895c262cb0bde947b19989dd7bbc468b1eec
C073,proto_sw_3_2,expanded,simple,1,100004,MB-L2,LocalGreedy@B,4,,3,2,0,budget_not_attained,sequential irreversible pass ended below target B,"[""proto_sw_3_2__seed_3906224916__global_l1_flow_v3__density_simple__selected_l1_003__L1-Only__independent_l1__context_preferred__sample_0050"", ""proto_sw_3_2__seed_3906224916__global_l1_flow_v3__density_simple__selected_l1_002__L1-Only__independent_l1__context_preferred__sample_0025"", ""proto_sw_3_2__seed_3906224916__global_l1_flow_v3__density_simple__selected_l1_001__Y-C__balanced_s__context_opposed__sample_0004"", ""proto_sw_3_2__seed_3906224916__global_l1_flow_v3__density_simple__selected_l1_004__L1-Only__independent_l1__context_preferred__sample_0075"", ""proto_sw_3_2__seed_3906224916__global_l1_flow_v3__density_simple__selected_l1_005__Y-2C__nested_s__context_preferred__sample_0115""]","{""selected_l1_001"": ""SINGLE_L2_LEFT"", ""selected_l1_002"": ""L1_ONLY"", ""selected_l1_003"": ""L1_ONLY"", ""selected_l1_004"": ""L1_ONLY"", ""selected_l1_005"": ""OPPOSED_L2_PAIR""}",5,0,1,0.0005083000000922766,proto_sw_3_2__seed_3906224916__global_l1_flow_v3__density_simple,proto_sw_3_2__seed_3906224916__global_l1_flow_v3__density_simple__unit_candidates_v2,5909ae1cde16ffceef1e3653741e895c262cb0bde947b19989dd7bbc468b1eec
C073,proto_sw_3_2,expanded,simple,1,100004,MB-L2,Ours@B,4,,4,2,1,success,,"[""proto_sw_3_2__seed_3906224916__global_l1_flow_v3__density_simple__selected_l1_003__L1-Only__independent_l1__context_preferred__sample_0050"", ""proto_sw_3_2__seed_3906224916__global_l1_flow_v3__density_simple__selected_l1_002__L1-Only__independent_l1__context_preferred__sample_0025"", ""proto_sw_3_2__seed_3906224916__global_l1_flow_v3__density_simple__selected_l1_001__L1-Only__independent_l1__context_preferred__sample_0000"", ""proto_sw_3_2__seed_3906224916__global_l1_flow_v3__density_simple__selected_l1_004__Y-2C__staggered_c__context_preferred__sample_0088"", ""proto_sw_3_2__seed_3906224916__global_l1_flow_v3__density_simple__selected_l1_005__Y-2C__open_asymmetric__context_preferred__sample_0111""]","{""selected_l1_001"": ""L1_ONLY"", ""selected_l1_002"": ""L1_ONLY"", ""selected_l1_003"": ""L1_ONLY"", ""selected_l1_004"": ""OPPOSED_L2_PAIR"", ""selected_l1_005"": ""OPPOSED_L2_PAIR""}",69,0,1,0.0014958000001570326,proto_sw_3_2__seed_3906224916__global_l1_flow_v3__density_simple,proto_sw_3_2__seed_3906224916__global_l1_flow_v3__density_simple__unit_candidates_v2,5909ae1cde16ffceef1e3653741e895c262cb0bde947b19989dd7bbc468b1eec
C074,proto_sw_3_2,expanded,simple,2,100036,MB-L2,LocalGreedy@B,1,,1,1,1,success,,"[""proto_sw_3_2__seed_1462814306__global_l1_flow_v3__density_simple__selected_l1_003__L1-Only__independent_l1__context_preferred__sample_0050"", ""proto_sw_3_2__seed_1462814306__global_l1_flow_v3__density_simple__selected_l1_001__L1-Only__independent_l1__context_preferred__sample_0000"", ""proto_sw_3_2__seed_1462814306__global_l1_flow_v3__density_simple__selected_l1_002__L1-Only__independent_l1__context_preferred__sample_0025"", ""proto_sw_3_2__seed_1462814306__global_l1_flow_v3__density_simple__selected_l1_005__L1-Only__independent_l1__context_preferred__sample_0100"", ""proto_sw_3_2__seed_1462814306__global_l1_flow_v3__density_simple__selected_l1_004__Y-C__balanced_s__context_opposed__sample_0079""]","{""selected_l1_001"": ""L1_ONLY"", ""selected_l1_002"": ""L1_ONLY"", ""selected_l1_003"": ""L1_ONLY"", ""selected_l1_004"": ""SINGLE_L2_LEFT"", ""selected_l1_005"": ""L1_ONLY""}",5,0,1,0.0012254000002940302,proto_sw_3_2__seed_1462814306__global_l1_flow_v3__density_simple,proto_sw_3_2__seed_1462814306__global_l1_flow_v3__density_simple__unit_candidates_v2,a215fe4ed8708374c805a44662d0a015749d01ec60cfd2d11d404ef0f8e789ea
C074,proto_sw_3_2,expanded,simple,2,100036,MB-L2,Ours@B,1,,1,1,1,success,,"[""proto_sw_3_2__seed_1462814306__global_l1_flow_v3__density_simple__selected_l1_003__L1-Only__independent_l1__context_preferred__sample_0050"", ""proto_sw_3_2__seed_1462814306__global_l1_flow_v3__density_simple__selected_l1_001__L1-Only__independent_l1__context_preferred__sample_0000"", ""proto_sw_3_2__seed_1462814306__global_l1_flow_v3__density_simple__selected_l1_002__Y-C__compact_c__context_opposed__sample_0027"", ""proto_sw_3_2__seed_1462814306__global_l1_flow_v3__density_simple__selected_l1_005__L1-Only__independent_l1__context_preferred__sample_0100"", ""proto_sw_3_2__seed_1462814306__global_l1_flow_v3__density_simple__selected_l1_004__L1-Only__independent_l1__context_preferred__sample_0075""]","{""selected_l1_001"": ""L1_ONLY"", ""selected_l1_002"": ""SINGLE_L2_LEFT"", ""selected_l1_003"": ""L1_ONLY"", ""selected_l1_004"": ""L1_ONLY"", ""selected_l1_005"": ""L1_ONLY""}",515,0,1,0.002613300000120944,proto_sw_3_2__seed_1462814306__global_l1_flow_v3__density_simple,proto_sw_3_2__seed_1462814306__global_l1_flow_v3__density_simple__unit_candidates_v2,a215fe4ed8708374c805a44662d0a015749d01ec60cfd2d11d404ef0f8e789ea
C074,proto_sw_3_2,expanded,simple,2,100036,MB-L2,LocalGreedy@B,2,,2,1,1,success,,"[""proto_sw_3_2__seed_1462814306__global_l1_flow_v3__density_simple__selected_l1_003__L1-Only__independent_l1__context_preferred__sample_0050"", ""proto_sw_3_2__seed_1462814306__global_l1_flow_v3__density_simple__selected_l1_001__L1-Only__independent_l1__context_preferred__sample_0000"", ""proto_sw_3_2__seed_1462814306__global_l1_flow_v3__density_simple__selected_l1_002__L1-Only__independent_l1__context_preferred__sample_0025"", ""proto_sw_3_2__seed_1462814306__global_l1_flow_v3__density_simple__selected_l1_005__L1-Only__independent_l1__context_preferred__sample_0100"", ""proto_sw_3_2__seed_1462814306__global_l1_flow_v3__density_simple__selected_l1_004__Y-2C__nested_s__context_preferred__sample_0084""]","{""selected_l1_001"": ""L1_ONLY"", ""selected_l1_002"": ""L1_ONLY"", ""selected_l1_003"": ""L1_ONLY"", ""selected_l1_004"": ""OPPOSED_L2_PAIR"", ""selected_l1_005"": ""L1_ONLY""}",5,0,1,0.0007777000000714906,proto_sw_3_2__seed_1462814306__global_l1_flow_v3__density_simple,proto_sw_3_2__seed_1462814306__global_l1_flow_v3__density_simple__unit_candidates_v2,a215fe4ed8708374c805a44662d0a015749d01ec60cfd2d11d404ef0f8e789ea
C074,proto_sw_3_2,expanded,simple,2,100036,MB-L2,Ours@B,2,,2,2,1,success,,"[""proto_sw_3_2__seed_1462814306__global_l1_flow_v3__density_simple__selected_l1_003__L1-Only__independent_l1__context_preferred__sample_0050"", ""proto_sw_3_2__seed_1462814306__global_l1_flow_v3__density_simple__selected_l1_001__L1-Only__independent_l1__context_preferred__sample_0000"", ""proto_sw_3_2__seed_1462814306__global_l1_flow_v3__density_simple__selected_l1_002__Y-C__compact_c__context_opposed__sample_0027"", ""proto_sw_3_2__seed_1462814306__global_l1_flow_v3__density_simple__selected_l1_005__L1-Only__independent_l1__context_preferred__sample_0100"", ""proto_sw_3_2__seed_1462814306__global_l1_flow_v3__density_simple__selected_l1_004__Y-C__compact_c__context_preferred__sample_0076""]","{""selected_l1_001"": ""L1_ONLY"", ""selected_l1_002"": ""SINGLE_L2_LEFT"", ""selected_l1_003"": ""L1_ONLY"", ""selected_l1_004"": ""SINGLE_L2_RIGHT"", ""selected_l1_005"": ""L1_ONLY""}",910,0,1,0.00458440000011251,proto_sw_3_2__seed_1462814306__global_l1_flow_v3__density_simple,proto_sw_3_2__seed_1462814306__global_l1_flow_v3__density_simple__unit_candidates_v2,a215fe4ed8708374c805a44662d0a015749d01ec60cfd2d11d404ef0f8e789ea
C074,proto_sw_3_2,expanded,simple,2,100036,MB-L2,LocalGreedy@B,3,,3,2,1,success,,"[""proto_sw_3_2__seed_1462814306__global_l1_flow_v3__density_simple__selected_l1_003__L1-Only__independent_l1__context_preferred__sample_0050"", ""proto_sw_3_2__seed_1462814306__global_l1_flow_v3__density_simple__selected_l1_001__Y-C__balanced_s__context_opposed__sample_0004"", ""proto_sw_3_2__seed_1462814306__global_l1_flow_v3__density_simple__selected_l1_002__L1-Only__independent_l1__context_preferred__sample_0025"", ""proto_sw_3_2__seed_1462814306__global_l1_flow_v3__density_simple__selected_l1_005__L1-Only__independent_l1__context_preferred__sample_0100"", ""proto_sw_3_2__seed_1462814306__global_l1_flow_v3__density_simple__selected_l1_004__Y-2C__nested_s__context_preferred__sample_0084""]","{""selected_l1_001"": ""SINGLE_L2_LEFT"", ""selected_l1_002"": ""L1_ONLY"", ""selected_l1_003"": ""L1_ONLY"", ""selected_l1_004"": ""OPPOSED_L2_PAIR"", ""selected_l1_005"": ""L1_ONLY""}",5,0,1,0.0010250999998788757,proto_sw_3_2__seed_1462814306__global_l1_flow_v3__density_simple,proto_sw_3_2__seed_1462814306__global_l1_flow_v3__density_simple__unit_candidates_v2,a215fe4ed8708374c805a44662d0a015749d01ec60cfd2d11d404ef0f8e789ea
C074,proto_sw_3_2,expanded,simple,2,100036,MB-L2,Ours@B,3,,3,2,1,success,,"[""proto_sw_3_2__seed_1462814306__global_l1_flow_v3__density_simple__selected_l1_003__L1-Only__independent_l1__context_preferred__sample_0050"", ""proto_sw_3_2__seed_1462814306__global_l1_flow_v3__density_simple__selected_l1_001__L1-Only__independent_l1__context_preferred__sample_0000"", ""proto_sw_3_2__seed_1462814306__global_l1_flow_v3__density_simple__selected_l1_002__Y-C__compact_c__context_opposed__sample_0027"", ""proto_sw_3_2__seed_1462814306__global_l1_flow_v3__density_simple__selected_l1_005__L1-Only__independent_l1__context_preferred__sample_0100"", ""proto_sw_3_2__seed_1462814306__global_l1_flow_v3__density_simple__selected_l1_004__Y-2C__open_asymmetric__context_preferred__sample_0086""]","{""selected_l1_001"": ""L1_ONLY"", ""selected_l1_002"": ""SINGLE_L2_LEFT"", ""selected_l1_003"": ""L1_ONLY"", ""selected_l1_004"": ""OPPOSED_L2_PAIR"", ""selected_l1_005"": ""L1_ONLY""}",1176,0,1,0.0036623999999392254,proto_sw_3_2__seed_1462814306__global_l1_flow_v3__density_simple,proto_sw_3_2__seed_1462814306__global_l1_flow_v3__density_simple__unit_candidates_v2,a215fe4ed8708374c805a44662d0a015749d01ec60cfd2d11d404ef0f8e789ea
C074,proto_sw_3_2,expanded,simple,2,100036,MB-L2,LocalGreedy@B,4,,4,2,1,success,,"[""proto_sw_3_2__seed_1462814306__global_l1_flow_v3__density_simple__selected_l1_003__L1-Only__independent_l1__context_preferred__sample_0050"", ""proto_sw_3_2__seed_1462814306__global_l1_flow_v3__density_simple__selected_l1_001__Y-2C__nested_s__context_preferred__sample_0009"", ""proto_sw_3_2__seed_1462814306__global_l1_flow_v3__density_simple__selected_l1_002__L1-Only__independent_l1__context_preferred__sample_0025"", ""proto_sw_3_2__seed_1462814306__global_l1_flow_v3__density_simple__selected_l1_005__L1-Only__independent_l1__context_preferred__sample_0100"", ""proto_sw_3_2__seed_1462814306__global_l1_flow_v3__density_simple__selected_l1_004__Y-2C__nested_s__context_preferred__sample_0084""]","{""selected_l1_001"": ""OPPOSED_L2_PAIR"", ""selected_l1_002"": ""L1_ONLY"", ""selected_l1_003"": ""L1_ONLY"", ""selected_l1_004"": ""OPPOSED_L2_PAIR"", ""selected_l1_005"": ""L1_ONLY""}",5,0,1,0.001322000000072876,proto_sw_3_2__seed_1462814306__global_l1_flow_v3__density_simple,proto_sw_3_2__seed_1462814306__global_l1_flow_v3__density_simple__unit_candidates_v2,a215fe4ed8708374c805a44662d0a015749d01ec60cfd2d11d404ef0f8e789ea
C074,proto_sw_3_2,expanded,simple,2,100036,MB-L2,Ours@B,4,,4,2,1,success,,"[""proto_sw_3_2__seed_1462814306__global_l1_flow_v3__density_simple__selected_l1_003__L1-Only__independent_l1__context_preferred__sample_0050"", ""proto_sw_3_2__seed_1462814306__global_l1_flow_v3__density_simple__selected_l1_001__L1-Only__independent_l1__context_preferred__sample_0000"", ""proto_sw_3_2__seed_1462814306__global_l1_flow_v3__density_simple__selected_l1_002__Y-2C__open_asymmetric__context_preferred__sample_0048"", ""proto_sw_3_2__seed_1462814306__global_l1_flow_v3__density_simple__selected_l1_005__L1-Only__independent_l1__context_preferred__sample_0100"", ""proto_sw_3_2__seed_1462814306__global_l1_flow_v3__density_simple__selected_l1_004__Y-2C__open_asymmetric__context_preferred__sample_0086""]","{""selected_l1_001"": ""L1_ONLY"", ""selected_l1_002"": ""OPPOSED_L2_PAIR"", ""selected_l1_003"": ""L1_ONLY"", ""selected_l1_004"": ""OPPOSED_L2_PAIR"", ""selected_l1_005"": ""L1_ONLY""}",467,0,1,0.0025742999996509752,proto_sw_3_2__seed_1462814306__global_l1_flow_v3__density_simple,proto_sw_3_2__seed_1462814306__global_l1_flow_v3__density_simple__unit_candidates_v2,a215fe4ed8708374c805a44662d0a015749d01ec60cfd2d11d404ef0f8e789ea
C075,proto_sw_3_2,expanded,medium,1,100008,MB-L2,LocalGreedy@B,1,,1,1,1,success,,"[""proto_sw_3_2__seed_399132903__global_l1_flow_v3__density_medium__selected_l1_002__L1-Only__independent_l1__context_preferred__sample_0025"", ""proto_sw_3_2__seed_399132903__global_l1_flow_v3__density_medium__selected_l1_006__L1-Only__independent_l1__context_preferred__sample_0125"", ""proto_sw_3_2__seed_399132903__global_l1_flow_v3__density_medium__selected_l1_001__L1-Only__independent_l1__context_preferred__sample_0000"", ""proto_sw_3_2__seed_399132903__global_l1_flow_v3__density_medium__selected_l1_003__Y-C__balanced_s__context_opposed__sample_0054"", ""proto_sw_3_2__seed_399132903__global_l1_flow_v3__density_medium__selected_l1_005__L1-Only__independent_l1__context_preferred__sample_0100"", ""proto_sw_3_2__seed_399132903__global_l1_flow_v3__density_medium__selected_l1_004__L1-Only__independent_l1__context_preferred__sample_0075""]","{""selected_l1_001"": ""L1_ONLY"", ""selected_l1_002"": ""L1_ONLY"", ""selected_l1_003"": ""SINGLE_L2_RIGHT"", ""selected_l1_004"": ""L1_ONLY"", ""selected_l1_005"": ""L1_ONLY"", ""selected_l1_006"": ""L1_ONLY""}",6,0,1,0.0015428000001520559,proto_sw_3_2__seed_399132903__global_l1_flow_v3__density_medium,proto_sw_3_2__seed_399132903__global_l1_flow_v3__density_medium__unit_candidates_v2,59e1c693c69b078f0e716eecadc0d4f4eb679cb2812b21e0acd1c07f16618cc3
C075,proto_sw_3_2,expanded,medium,1,100008,MB-L2,Ours@B,1,,1,1,1,success,,"[""proto_sw_3_2__seed_399132903__global_l1_flow_v3__density_medium__selected_l1_002__L1-Only__independent_l1__context_preferred__sample_0025"", ""proto_sw_3_2__seed_399132903__global_l1_flow_v3__density_medium__selected_l1_006__L1-Only__independent_l1__context_preferred__sample_0125"", ""proto_sw_3_2__seed_399132903__global_l1_flow_v3__density_medium__selected_l1_001__L1-Only__independent_l1__context_preferred__sample_0000"", ""proto_sw_3_2__seed_399132903__global_l1_flow_v3__density_medium__selected_l1_003__L1-Only__independent_l1__context_preferred__sample_0050"", ""proto_sw_3_2__seed_399132903__global_l1_flow_v3__density_medium__selected_l1_005__Y-C__compact_c__context_preferred__sample_0101"", ""proto_sw_3_2__seed_399132903__global_l1_flow_v3__density_medium__selected_l1_004__L1-Only__independent_l1__context_preferred__sample_0075""]","{""selected_l1_001"": ""L1_ONLY"", ""selected_l1_002"": ""L1_ONLY"", ""selected_l1_003"": ""L1_ONLY"", ""selected_l1_004"": ""L1_ONLY"", ""selected_l1_005"": ""SINGLE_L2_LEFT"", ""selected_l1_006"": ""L1_ONLY""}",688,0,1,0.002449200000228302,proto_sw_3_2__seed_399132903__global_l1_flow_v3__density_medium,proto_sw_3_2__seed_399132903__global_l1_flow_v3__density_medium__unit_candidates_v2,59e1c693c69b078f0e716eecadc0d4f4eb679cb2812b21e0acd1c07f16618cc3
C075,proto_sw_3_2,expanded,medium,1,100008,MB-L2,LocalGreedy@B,2,,2,2,1,success,,"[""proto_sw_3_2__seed_399132903__global_l1_flow_v3__density_medium__selected_l1_002__L1-Only__independent_l1__context_preferred__sample_0025"", ""proto_sw_3_2__seed_399132903__global_l1_flow_v3__density_medium__selected_l1_006__Y-C__balanced_s__context_opposed__sample_0129"", ""proto_sw_3_2__seed_399132903__global_l1_flow_v3__density_medium__selected_l1_001__L1-Only__independent_l1__context_preferred__sample_0000"", ""proto_sw_3_2__seed_399132903__global_l1_flow_v3__density_medium__selected_l1_003__Y-C__balanced_s__context_opposed__sample_0054"", ""proto_sw_3_2__seed_399132903__global_l1_flow_v3__density_medium__selected_l1_005__L1-Only__independent_l1__context_preferred__sample_0100"", ""proto_sw_3_2__seed_399132903__global_l1_flow_v3__density_medium__selected_l1_004__L1-Only__independent_l1__context_preferred__sample_0075""]","{""selected_l1_001"": ""L1_ONLY"", ""selected_l1_002"": ""L1_ONLY"", ""selected_l1_003"": ""SINGLE_L2_RIGHT"", ""selected_l1_004"": ""L1_ONLY"", ""selected_l1_005"": ""L1_ONLY"", ""selected_l1_006"": ""SINGLE_L2_LEFT""}",6,0,1,0.0007552000001851411,proto_sw_3_2__seed_399132903__global_l1_flow_v3__density_medium,proto_sw_3_2__seed_399132903__global_l1_flow_v3__density_medium__unit_candidates_v2,59e1c693c69b078f0e716eecadc0d4f4eb679cb2812b21e0acd1c07f16618cc3
C075,proto_sw_3_2,expanded,medium,1,100008,MB-L2,Ours@B,2,,2,2,1,success,,"[""proto_sw_3_2__seed_399132903__global_l1_flow_v3__density_medium__selected_l1_002__L1-Only__independent_l1__context_preferred__sample_0025"", ""proto_sw_3_2__seed_399132903__global_l1_flow_v3__density_medium__selected_l1_006__L1-Only__independent_l1__context_preferred__sample_0125"", ""proto_sw_3_2__seed_399132903__global_l1_flow_v3__density_medium__selected_l1_001__L1-Only__independent_l1__context_preferred__sample_0000"", ""proto_sw_3_2__seed_399132903__global_l1_flow_v3__density_medium__selected_l1_003__L1-Only__independent_l1__context_preferred__sample_0050"", ""proto_sw_3_2__seed_399132903__global_l1_flow_v3__density_medium__selected_l1_005__Y-C__compact_c__context_preferred__sample_0101"", ""proto_sw_3_2__seed_399132903__global_l1_flow_v3__density_medium__selected_l1_004__Y-C__compact_c__context_opposed__sample_0077""]","{""selected_l1_001"": ""L1_ONLY"", ""selected_l1_002"": ""L1_ONLY"", ""selected_l1_003"": ""L1_ONLY"", ""selected_l1_004"": ""SINGLE_L2_RIGHT"", ""selected_l1_005"": ""SINGLE_L2_LEFT"", ""selected_l1_006"": ""L1_ONLY""}",402,0,1,0.003423499999826163,proto_sw_3_2__seed_399132903__global_l1_flow_v3__density_medium,proto_sw_3_2__seed_399132903__global_l1_flow_v3__density_medium__unit_candidates_v2,59e1c693c69b078f0e716eecadc0d4f4eb679cb2812b21e0acd1c07f16618cc3
C075,proto_sw_3_2,expanded,medium,1,100008,MB-L2,LocalGreedy@B,3,,2,2,0,budget_not_attained,sequential irreversible pass ended below target B,"[""proto_sw_3_2__seed_399132903__global_l1_flow_v3__density_medium__selected_l1_002__L1-Only__independent_l1__context_preferred__sample_0025"", ""proto_sw_3_2__seed_399132903__global_l1_flow_v3__density_medium__selected_l1_006__Y-C__balanced_s__context_opposed__sample_0129"", ""proto_sw_3_2__seed_399132903__global_l1_flow_v3__density_medium__selected_l1_001__L1-Only__independent_l1__context_preferred__sample_0000"", ""proto_sw_3_2__seed_399132903__global_l1_flow_v3__density_medium__selected_l1_003__Y-C__balanced_s__context_opposed__sample_0054"", ""proto_sw_3_2__seed_399132903__global_l1_flow_v3__density_medium__selected_l1_005__L1-Only__independent_l1__context_preferred__sample_0100"", ""proto_sw_3_2__seed_399132903__global_l1_flow_v3__density_medium__selected_l1_004__L1-Only__independent_l1__context_preferred__sample_0075""]","{""selected_l1_001"": ""L1_ONLY"", ""selected_l1_002"": ""L1_ONLY"", ""selected_l1_003"": ""SINGLE_L2_RIGHT"", ""selected_l1_004"": ""L1_ONLY"", ""selected_l1_005"": ""L1_ONLY"", ""selected_l1_006"": ""SINGLE_L2_LEFT""}",6,0,1,0.0008383000003959751,proto_sw_3_2__seed_399132903__global_l1_flow_v3__density_medium,proto_sw_3_2__seed_399132903__global_l1_flow_v3__density_medium__unit_candidates_v2,59e1c693c69b078f0e716eecadc0d4f4eb679cb2812b21e0acd1c07f16618cc3
C075,proto_sw_3_2,expanded,medium,1,100008,MB-L2,Ours@B,3,,3,2,1,success,,"[""proto_sw_3_2__seed_399132903__global_l1_flow_v3__density_medium__selected_l1_002__L1-Only__independent_l1__context_preferred__sample_0025"", ""proto_sw_3_2__seed_399132903__global_l1_flow_v3__density_medium__selected_l1_006__L1-Only__independent_l1__context_preferred__sample_0125"", ""proto_sw_3_2__seed_399132903__global_l1_flow_v3__density_medium__selected_l1_001__L1-Only__independent_l1__context_preferred__sample_0000"", ""proto_sw_3_2__seed_399132903__global_l1_flow_v3__density_medium__selected_l1_003__L1-Only__independent_l1__context_preferred__sample_0050"", ""proto_sw_3_2__seed_399132903__global_l1_flow_v3__density_medium__selected_l1_005__Y-2C__staggered_c__context_preferred__sample_0113"", ""proto_sw_3_2__seed_399132903__global_l1_flow_v3__density_medium__selected_l1_004__Y-C__compact_c__context_opposed__sample_0077""]","{""selected_l1_001"": ""L1_ONLY"", ""selected_l1_002"": ""L1_ONLY"", ""selected_l1_003"": ""L1_ONLY"", ""selected_l1_004"": ""SINGLE_L2_RIGHT"", ""selected_l1_005"": ""OPPOSED_L2_PAIR"", ""selected_l1_006"": ""L1_ONLY""}",816,0,1,0.003900200000316545,proto_sw_3_2__seed_399132903__global_l1_flow_v3__density_medium,proto_sw_3_2__seed_399132903__global_l1_flow_v3__density_medium__unit_candidates_v2,59e1c693c69b078f0e716eecadc0d4f4eb679cb2812b21e0acd1c07f16618cc3
C075,proto_sw_3_2,expanded,medium,1,100008,MB-L2,LocalGreedy@B,4,,2,2,0,budget_not_attained,sequential irreversible pass ended below target B,"[""proto_sw_3_2__seed_399132903__global_l1_flow_v3__density_medium__selected_l1_002__L1-Only__independent_l1__context_preferred__sample_0025"", ""proto_sw_3_2__seed_399132903__global_l1_flow_v3__density_medium__selected_l1_006__Y-C__balanced_s__context_opposed__sample_0129"", ""proto_sw_3_2__seed_399132903__global_l1_flow_v3__density_medium__selected_l1_001__L1-Only__independent_l1__context_preferred__sample_0000"", ""proto_sw_3_2__seed_399132903__global_l1_flow_v3__density_medium__selected_l1_003__Y-C__balanced_s__context_opposed__sample_0054"", ""proto_sw_3_2__seed_399132903__global_l1_flow_v3__density_medium__selected_l1_005__L1-Only__independent_l1__context_preferred__sample_0100"", ""proto_sw_3_2__seed_399132903__global_l1_flow_v3__density_medium__selected_l1_004__L1-Only__independent_l1__context_preferred__sample_0075""]","{""selected_l1_001"": ""L1_ONLY"", ""selected_l1_002"": ""L1_ONLY"", ""selected_l1_003"": ""SINGLE_L2_RIGHT"", ""selected_l1_004"": ""L1_ONLY"", ""selected_l1_005"": ""L1_ONLY"", ""selected_l1_006"": ""SINGLE_L2_LEFT""}",6,0,1,0.001137499999913416,proto_sw_3_2__seed_399132903__global_l1_flow_v3__density_medium,proto_sw_3_2__seed_399132903__global_l1_flow_v3__density_medium__unit_candidates_v2,59e1c693c69b078f0e716eecadc0d4f4eb679cb2812b21e0acd1c07f16618cc3
C075,proto_sw_3_2,expanded,medium,1,100008,MB-L2,Ours@B,4,,4,2,1,success,,"[""proto_sw_3_2__seed_399132903__global_l1_flow_v3__density_medium__selected_l1_002__L1-Only__independent_l1__context_preferred__sample_0025"", ""proto_sw_3_2__seed_399132903__global_l1_flow_v3__density_medium__selected_l1_006__L1-Only__independent_l1__context_preferred__sample_0125"", ""proto_sw_3_2__seed_399132903__global_l1_flow_v3__density_medium__selected_l1_001__L1-Only__independent_l1__context_preferred__sample_0000"", ""proto_sw_3_2__seed_399132903__global_l1_flow_v3__density_medium__selected_l1_003__L1-Only__independent_l1__context_preferred__sample_0050"", ""proto_sw_3_2__seed_399132903__global_l1_flow_v3__density_medium__selected_l1_005__Y-2C__staggered_c__context_preferred__sample_0113"", ""proto_sw_3_2__seed_399132903__global_l1_flow_v3__density_medium__selected_l1_004__Y-2C__nested_s__context_preferred__sample_0090""]","{""selected_l1_001"": ""L1_ONLY"", ""selected_l1_002"": ""L1_ONLY"", ""selected_l1_003"": ""L1_ONLY"", ""selected_l1_004"": ""OPPOSED_L2_PAIR"", ""selected_l1_005"": ""OPPOSED_L2_PAIR"", ""selected_l1_006"": ""L1_ONLY""}",250,0,1,0.0029779000001326494,proto_sw_3_2__seed_399132903__global_l1_flow_v3__density_medium,proto_sw_3_2__seed_399132903__global_l1_flow_v3__density_medium__unit_candidates_v2,59e1c693c69b078f0e716eecadc0d4f4eb679cb2812b21e0acd1c07f16618cc3
C076,proto_sw_3_2,expanded,medium,2,100014,MB-L2,LocalGreedy@B,1,,1,1,1,success,,"[""proto_sw_3_2__seed_3322687601__global_l1_flow_v3__density_medium__selected_l1_002__L1-Only__independent_l1__context_preferred__sample_0025"", ""proto_sw_3_2__seed_3322687601__global_l1_flow_v3__density_medium__selected_l1_003__L1-Only__independent_l1__context_preferred__sample_0050"", ""proto_sw_3_2__seed_3322687601__global_l1_flow_v3__density_medium__selected_l1_001__L1-Only__independent_l1__context_preferred__sample_0000"", ""proto_sw_3_2__seed_3322687601__global_l1_flow_v3__density_medium__selected_l1_006__L1-Only__independent_l1__context_preferred__sample_0125"", ""proto_sw_3_2__seed_3322687601__global_l1_flow_v3__density_medium__selected_l1_005__L1-Only__independent_l1__context_preferred__sample_0100"", ""proto_sw_3_2__seed_3322687601__global_l1_flow_v3__density_medium__selected_l1_004__Y-C__balanced_s__context_opposed__sample_0079""]","{""selected_l1_001"": ""L1_ONLY"", ""selected_l1_002"": ""L1_ONLY"", ""selected_l1_003"": ""L1_ONLY"", ""selected_l1_004"": ""SINGLE_L2_RIGHT"", ""selected_l1_005"": ""L1_ONLY"", ""selected_l1_006"": ""L1_ONLY""}",6,0,1,0.001380300000164425,proto_sw_3_2__seed_3322687601__global_l1_flow_v3__density_medium,proto_sw_3_2__seed_3322687601__global_l1_flow_v3__density_medium__unit_candidates_v2,bbd1298d16155c7940d713c586904f64b28d8b143b9c62fc4207d1fc8c4bbf9f
C076,proto_sw_3_2,expanded,medium,2,100014,MB-L2,Ours@B,1,,1,1,1,success,,"[""proto_sw_3_2__seed_3322687601__global_l1_flow_v3__density_medium__selected_l1_002__L1-Only__independent_l1__context_preferred__sample_0025"", ""proto_sw_3_2__seed_3322687601__global_l1_flow_v3__density_medium__selected_l1_003__L1-Only__independent_l1__context_preferred__sample_0050"", ""proto_sw_3_2__seed_3322687601__global_l1_flow_v3__density_medium__selected_l1_001__L1-Only__independent_l1__context_preferred__sample_0000"", ""proto_sw_3_2__seed_3322687601__global_l1_flow_v3__density_medium__selected_l1_006__L1-Only__independent_l1__context_preferred__sample_0125"", ""proto_sw_3_2__seed_3322687601__global_l1_flow_v3__density_medium__selected_l1_005__Y-C__open_c__context_preferred__sample_0105"", ""proto_sw_3_2__seed_3322687601__global_l1_flow_v3__density_medium__selected_l1_004__L1-Only__independent_l1__context_preferred__sample_0075""]","{""selected_l1_001"": ""L1_ONLY"", ""selected_l1_002"": ""L1_ONLY"", ""selected_l1_003"": ""L1_ONLY"", ""selected_l1_004"": ""L1_ONLY"", ""selected_l1_005"": ""SINGLE_L2_LEFT"", ""selected_l1_006"": ""L1_ONLY""}",877,0,1,0.0050123000000894535,proto_sw_3_2__seed_3322687601__global_l1_flow_v3__density_medium,proto_sw_3_2__seed_3322687601__global_l1_flow_v3__density_medium__unit_candidates_v2,bbd1298d16155c7940d713c586904f64b28d8b143b9c62fc4207d1fc8c4bbf9f
C076,proto_sw_3_2,expanded,medium,2,100014,MB-L2,LocalGreedy@B,2,,2,2,1,success,,"[""proto_sw_3_2__seed_3322687601__global_l1_flow_v3__density_medium__selected_l1_002__L1-Only__independent_l1__context_preferred__sample_0025"", ""proto_sw_3_2__seed_3322687601__global_l1_flow_v3__density_medium__selected_l1_003__L1-Only__independent_l1__context_preferred__sample_0050"", ""proto_sw_3_2__seed_3322687601__global_l1_flow_v3__density_medium__selected_l1_001__L1-Only__independent_l1__context_preferred__sample_0000"", ""proto_sw_3_2__seed_3322687601__global_l1_flow_v3__density_medium__selected_l1_006__Y-C__balanced_s__context_opposed__sample_0129"", ""proto_sw_3_2__seed_3322687601__global_l1_flow_v3__density_medium__selected_l1_005__L1-Only__independent_l1__context_preferred__sample_0100"", ""proto_sw_3_2__seed_3322687601__global_l1_flow_v3__density_medium__selected_l1_004__Y-C__balanced_s__context_opposed__sample_0079""]","{""selected_l1_001"": ""L1_ONLY"", ""selected_l1_002"": ""L1_ONLY"", ""selected_l1_003"": ""L1_ONLY"", ""selected_l1_004"": ""SINGLE_L2_RIGHT"", ""selected_l1_005"": ""L1_ONLY"", ""selected_l1_006"": ""SINGLE_L2_RIGHT""}",6,0,1,0.0013878999998269137,proto_sw_3_2__seed_3322687601__global_l1_flow_v3__density_medium,proto_sw_3_2__seed_3322687601__global_l1_flow_v3__density_medium__unit_candidates_v2,bbd1298d16155c7940d713c586904f64b28d8b143b9c62fc4207d1fc8c4bbf9f
C076,proto_sw_3_2,expanded,medium,2,100014,MB-L2,Ours@B,2,,2,2,1,success,,"[""proto_sw_3_2__seed_3322687601__global_l1_flow_v3__density_medium__selected_l1_002__L1-Only__independent_l1__context_preferred__sample_0025"", ""proto_sw_3_2__seed_3322687601__global_l1_flow_v3__density_medium__selected_l1_003__L1-Only__independent_l1__context_preferred__sample_0050"", ""proto_sw_3_2__seed_3322687601__global_l1_flow_v3__density_medium__selected_l1_001__L1-Only__independent_l1__context_preferred__sample_0000"", ""proto_sw_3_2__seed_3322687601__global_l1_flow_v3__density_medium__selected_l1_006__L1-Only__independent_l1__context_preferred__sample_0125"", ""proto_sw_3_2__seed_3322687601__global_l1_flow_v3__density_medium__selected_l1_005__Y-C__open_c__context_preferred__sample_0105"", ""proto_sw_3_2__seed_3322687601__global_l1_flow_v3__density_medium__selected_l1_004__Y-C__open_c__context_opposed__sample_0081""]","{""selected_l1_001"": ""L1_ONLY"", ""selected_l1_002"": ""L1_ONLY"", ""selected_l1_003"": ""L1_ONLY"", ""selected_l1_004"": ""SINGLE_L2_RIGHT"", ""selected_l1_005"": ""SINGLE_L2_LEFT"", ""selected_l1_006"": ""L1_ONLY""}",434,0,1,0.004191900000023452,proto_sw_3_2__seed_3322687601__global_l1_flow_v3__density_medium,proto_sw_3_2__seed_3322687601__global_l1_flow_v3__density_medium__unit_candidates_v2,bbd1298d16155c7940d713c586904f64b28d8b143b9c62fc4207d1fc8c4bbf9f
C076,proto_sw_3_2,expanded,medium,2,100014,MB-L2,LocalGreedy@B,3,,3,2,1,success,,"[""proto_sw_3_2__seed_3322687601__global_l1_flow_v3__density_medium__selected_l1_002__L1-Only__independent_l1__context_preferred__sample_0025"", ""proto_sw_3_2__seed_3322687601__global_l1_flow_v3__density_medium__selected_l1_003__L1-Only__independent_l1__context_preferred__sample_0050"", ""proto_sw_3_2__seed_3322687601__global_l1_flow_v3__density_medium__selected_l1_001__L1-Only__independent_l1__context_preferred__sample_0000"", ""proto_sw_3_2__seed_3322687601__global_l1_flow_v3__density_medium__selected_l1_006__Y-2C__open_asymmetric__context_preferred__sample_0136"", ""proto_sw_3_2__seed_3322687601__global_l1_flow_v3__density_medium__selected_l1_005__L1-Only__independent_l1__context_preferred__sample_0100"", ""proto_sw_3_2__seed_3322687601__global_l1_flow_v3__density_medium__selected_l1_004__Y-C__balanced_s__context_opposed__sample_0079""]","{""selected_l1_001"": ""L1_ONLY"", ""selected_l1_002"": ""L1_ONLY"", ""selected_l1_003"": ""L1_ONLY"", ""selected_l1_004"": ""SINGLE_L2_RIGHT"", ""selected_l1_005"": ""L1_ONLY"", ""selected_l1_006"": ""OPPOSED_L2_PAIR""}",6,0,1,0.0011742000001504493,proto_sw_3_2__seed_3322687601__global_l1_flow_v3__density_medium,proto_sw_3_2__seed_3322687601__global_l1_flow_v3__density_medium__unit_candidates_v2,bbd1298d16155c7940d713c586904f64b28d8b143b9c62fc4207d1fc8c4bbf9f
C076,proto_sw_3_2,expanded,medium,2,100014,MB-L2,Ours@B,3,,3,2,1,success,,"[""proto_sw_3_2__seed_3322687601__global_l1_flow_v3__density_medium__selected_l1_002__L1-Only__independent_l1__context_preferred__sample_0025"", ""proto_sw_3_2__seed_3322687601__global_l1_flow_v3__density_medium__selected_l1_003__L1-Only__independent_l1__context_preferred__sample_0050"", ""proto_sw_3_2__seed_3322687601__global_l1_flow_v3__density_medium__selected_l1_001__L1-Only__independent_l1__context_preferred__sample_0000"", ""proto_sw_3_2__seed_3322687601__global_l1_flow_v3__density_medium__selected_l1_006__L1-Only__independent_l1__context_preferred__sample_0125"", ""proto_sw_3_2__seed_3322687601__global_l1_flow_v3__density_medium__selected_l1_005__Y-C__open_c__context_preferred__sample_0105"", ""proto_sw_3_2__seed_3322687601__global_l1_flow_v3__density_medium__selected_l1_004__Y-2C__open_asymmetric__context_preferred__sample_0092""]","{""selected_l1_001"": ""L1_ONLY"", ""selected_l1_002"": ""L1_ONLY"", ""selected_l1_003"": ""L1_ONLY"", ""selected_l1_004"": ""OPPOSED_L2_PAIR"", ""selected_l1_005"": ""SINGLE_L2_LEFT"", ""selected_l1_006"": ""L1_ONLY""}",481,0,1,0.0042540999997982,proto_sw_3_2__seed_3322687601__global_l1_flow_v3__density_medium,proto_sw_3_2__seed_3322687601__global_l1_flow_v3__density_medium__unit_candidates_v2,bbd1298d16155c7940d713c586904f64b28d8b143b9c62fc4207d1fc8c4bbf9f
C076,proto_sw_3_2,expanded,medium,2,100014,MB-L2,LocalGreedy@B,4,,3,2,0,budget_not_attained,sequential irreversible pass ended below target B,"[""proto_sw_3_2__seed_3322687601__global_l1_flow_v3__density_medium__selected_l1_002__L1-Only__independent_l1__context_preferred__sample_0025"", ""proto_sw_3_2__seed_3322687601__global_l1_flow_v3__density_medium__selected_l1_003__L1-Only__independent_l1__context_preferred__sample_0050"", ""proto_sw_3_2__seed_3322687601__global_l1_flow_v3__density_medium__selected_l1_001__L1-Only__independent_l1__context_preferred__sample_0000"", ""proto_sw_3_2__seed_3322687601__global_l1_flow_v3__density_medium__selected_l1_006__Y-2C__open_asymmetric__context_preferred__sample_0136"", ""proto_sw_3_2__seed_3322687601__global_l1_flow_v3__density_medium__selected_l1_005__L1-Only__independent_l1__context_preferred__sample_0100"", ""proto_sw_3_2__seed_3322687601__global_l1_flow_v3__density_medium__selected_l1_004__Y-C__balanced_s__context_opposed__sample_0079""]","{""selected_l1_001"": ""L1_ONLY"", ""selected_l1_002"": ""L1_ONLY"", ""selected_l1_003"": ""L1_ONLY"", ""selected_l1_004"": ""SINGLE_L2_RIGHT"", ""selected_l1_005"": ""L1_ONLY"", ""selected_l1_006"": ""OPPOSED_L2_PAIR""}",6,0,1,0.001316699999733828,proto_sw_3_2__seed_3322687601__global_l1_flow_v3__density_medium,proto_sw_3_2__seed_3322687601__global_l1_flow_v3__density_medium__unit_candidates_v2,bbd1298d16155c7940d713c586904f64b28d8b143b9c62fc4207d1fc8c4bbf9f
C076,proto_sw_3_2,expanded,medium,2,100014,MB-L2,Ours@B,4,,4,2,1,success,,"[""proto_sw_3_2__seed_3322687601__global_l1_flow_v3__density_medium__selected_l1_002__L1-Only__independent_l1__context_preferred__sample_0025"", ""proto_sw_3_2__seed_3322687601__global_l1_flow_v3__density_medium__selected_l1_003__L1-Only__independent_l1__context_preferred__sample_0050"", ""proto_sw_3_2__seed_3322687601__global_l1_flow_v3__density_medium__selected_l1_001__L1-Only__independent_l1__context_preferred__sample_0000"", ""proto_sw_3_2__seed_3322687601__global_l1_flow_v3__density_medium__selected_l1_006__L1-Only__independent_l1__context_preferred__sample_0125"", ""proto_sw_3_2__seed_3322687601__global_l1_flow_v3__density_medium__selected_l1_005__Y-2C__staggered_c__context_preferred__sample_0113"", ""proto_sw_3_2__seed_3322687601__global_l1_flow_v3__density_medium__selected_l1_004__Y-2C__open_asymmetric__context_preferred__sample_0092""]","{""selected_l1_001"": ""L1_ONLY"", ""selected_l1_002"": ""L1_ONLY"", ""selected_l1_003"": ""L1_ONLY"", ""selected_l1_004"": ""OPPOSED_L2_PAIR"", ""selected_l1_005"": ""OPPOSED_L2_PAIR"", ""selected_l1_006"": ""L1_ONLY""}",349,0,1,0.002823600000283477,proto_sw_3_2__seed_3322687601__global_l1_flow_v3__density_medium,proto_sw_3_2__seed_3322687601__global_l1_flow_v3__density_medium__unit_candidates_v2,bbd1298d16155c7940d713c586904f64b28d8b143b9c62fc4207d1fc8c4bbf9f
C077,proto_sw_3_2,expanded,rich,1,100001,MB-L2,LocalGreedy@B,1,,1,1,1,success,,"[""proto_sw_3_2__seed_302128940__global_l1_flow_v3__density_rich__selected_l1_001__L1-Only__independent_l1__context_preferred__sample_0000"", ""proto_sw_3_2__seed_302128940__global_l1_flow_v3__density_rich__selected_l1_002__L1-Only__independent_l1__context_preferred__sample_0025"", ""proto_sw_3_2__seed_302128940__global_l1_flow_v3__density_rich__selected_l1_007__L1-Only__independent_l1__context_preferred__sample_0150"", ""proto_sw_3_2__seed_302128940__global_l1_flow_v3__density_rich__selected_l1_003__L1-Only__independent_l1__context_preferred__sample_0050"", ""proto_sw_3_2__seed_302128940__global_l1_flow_v3__density_rich__selected_l1_005__Y-C__compact_c__context_preferred__sample_0101"", ""proto_sw_3_2__seed_302128940__global_l1_flow_v3__density_rich__selected_l1_006__L1-Only__independent_l1__context_preferred__sample_0125"", ""proto_sw_3_2__seed_302128940__global_l1_flow_v3__density_rich__selected_l1_004__L1-Only__independent_l1__context_preferred__sample_0075""]","{""selected_l1_001"": ""L1_ONLY"", ""selected_l1_002"": ""L1_ONLY"", ""selected_l1_003"": ""L1_ONLY"", ""selected_l1_004"": ""L1_ONLY"", ""selected_l1_005"": ""SINGLE_L2_RIGHT"", ""selected_l1_006"": ""L1_ONLY"", ""selected_l1_007"": ""L1_ONLY""}",7,0,1,0.0013840999999956694,proto_sw_3_2__seed_302128940__global_l1_flow_v3__density_rich,proto_sw_3_2__seed_302128940__global_l1_flow_v3__density_rich__unit_candidates_v2,be89d3384672e22670716df7af045ba9bcc3b6076a330ca2d68be24d26771507
C077,proto_sw_3_2,expanded,rich,1,100001,MB-L2,Ours@B,1,,1,1,1,success,,"[""proto_sw_3_2__seed_302128940__global_l1_flow_v3__density_rich__selected_l1_001__L1-Only__independent_l1__context_preferred__sample_0000"", ""proto_sw_3_2__seed_302128940__global_l1_flow_v3__density_rich__selected_l1_002__L1-Only__independent_l1__context_preferred__sample_0025"", ""proto_sw_3_2__seed_302128940__global_l1_flow_v3__density_rich__selected_l1_007__L1-Only__independent_l1__context_preferred__sample_0150"", ""proto_sw_3_2__seed_302128940__global_l1_flow_v3__density_rich__selected_l1_003__L1-Only__independent_l1__context_preferred__sample_0050"", ""proto_sw_3_2__seed_302128940__global_l1_flow_v3__density_rich__selected_l1_005__L1-Only__independent_l1__context_preferred__sample_0100"", ""proto_sw_3_2__seed_302128940__global_l1_flow_v3__density_rich__selected_l1_006__Y-C__compact_c__context_preferred__sample_0126"", ""proto_sw_3_2__seed_302128940__global_l1_flow_v3__density_rich__selected_l1_004__L1-Only__independent_l1__context_preferred__sample_0075""]","{""selected_l1_001"": ""L1_ONLY"", ""selected_l1_002"": ""L1_ONLY"", ""selected_l1_003"": ""L1_ONLY"", ""selected_l1_004"": ""L1_ONLY"", ""selected_l1_005"": ""L1_ONLY"", ""selected_l1_006"": ""SINGLE_L2_LEFT"", ""selected_l1_007"": ""L1_ONLY""}",206,0,1,0.002721800000017538,proto_sw_3_2__seed_302128940__global_l1_flow_v3__density_rich,proto_sw_3_2__seed_302128940__global_l1_flow_v3__density_rich__unit_candidates_v2,be89d3384672e22670716df7af045ba9bcc3b6076a330ca2d68be24d26771507
C077,proto_sw_3_2,expanded,rich,1,100001,MB-L2,LocalGreedy@B,2,,2,1,1,success,,"[""proto_sw_3_2__seed_302128940__global_l1_flow_v3__density_rich__selected_l1_001__L1-Only__independent_l1__context_preferred__sample_0000"", ""proto_sw_3_2__seed_302128940__global_l1_flow_v3__density_rich__selected_l1_002__L1-Only__independent_l1__context_preferred__sample_0025"", ""proto_sw_3_2__seed_302128940__global_l1_flow_v3__density_rich__selected_l1_007__L1-Only__independent_l1__context_preferred__sample_0150"", ""proto_sw_3_2__seed_302128940__global_l1_flow_v3__density_rich__selected_l1_003__L1-Only__independent_l1__context_preferred__sample_0050"", ""proto_sw_3_2__seed_302128940__global_l1_flow_v3__density_rich__selected_l1_005__Y-2C__open_asymmetric__context_preferred__sample_0123"", ""proto_sw_3_2__seed_302128940__global_l1_flow_v3__density_rich__selected_l1_006__L1-Only__independent_l1__context_preferred__sample_0125"", ""proto_sw_3_2__seed_302128940__global_l1_flow_v3__density_rich__selected_l1_004__L1-Only__independent_l1__context_preferred__sample_0075""]","{""selected_l1_001"": ""L1_ONLY"", ""selected_l1_002"": ""L1_ONLY"", ""selected_l1_003"": ""L1_ONLY"", ""selected_l1_004"": ""L1_ONLY"", ""selected_l1_005"": ""OPPOSED_L2_PAIR"", ""selected_l1_006"": ""L1_ONLY"", ""selected_l1_007"": ""L1_ONLY""}",7,0,1,0.0012083999999958905,proto_sw_3_2__seed_302128940__global_l1_flow_v3__density_rich,proto_sw_3_2__seed_302128940__global_l1_flow_v3__density_rich__unit_candidates_v2,be89d3384672e22670716df7af045ba9bcc3b6076a330ca2d68be24d26771507
C077,proto_sw_3_2,expanded,rich,1,100001,MB-L2,Ours@B,2,,2,1,1,success,,"[""proto_sw_3_2__seed_302128940__global_l1_flow_v3__density_rich__selected_l1_001__L1-Only__independent_l1__context_preferred__sample_0000"", ""proto_sw_3_2__seed_302128940__global_l1_flow_v3__density_rich__selected_l1_002__L1-Only__independent_l1__context_preferred__sample_0025"", ""proto_sw_3_2__seed_302128940__global_l1_flow_v3__density_rich__selected_l1_007__Y-2C__staggered_c__context_preferred__sample_0169"", ""proto_sw_3_2__seed_302128940__global_l1_flow_v3__density_rich__selected_l1_003__L1-Only__independent_l1__context_preferred__sample_0050"", ""proto_sw_3_2__seed_302128940__global_l1_flow_v3__density_rich__selected_l1_005__L1-Only__independent_l1__context_preferred__sample_0100"", ""proto_sw_3_2__seed_302128940__global_l1_flow_v3__density_rich__selected_l1_006__L1-Only__independent_l1__context_preferred__sample_0125"", ""proto_sw_3_2__seed_302128940__global_l1_flow_v3__density_rich__selected_l1_004__L1-Only__independent_l1__context_preferred__sample_0075""]","{""selected_l1_001"": ""L1_ONLY"", ""selected_l1_002"": ""L1_ONLY"", ""selected_l1_003"": ""L1_ONLY"", ""selected_l1_004"": ""L1_ONLY"", ""selected_l1_005"": ""L1_ONLY"", ""selected_l1_006"": ""L1_ONLY"", ""selected_l1_007"": ""OPPOSED_L2_PAIR""}",100,0,1,0.0026136999999835098,proto_sw_3_2__seed_302128940__global_l1_flow_v3__density_rich,proto_sw_3_2__seed_302128940__global_l1_flow_v3__density_rich__unit_candidates_v2,be89d3384672e22670716df7af045ba9bcc3b6076a330ca2d68be24d26771507
C078,proto_sw_3_2,expanded,rich,2,100013,MB-L2,LocalGreedy@B,1,,1,1,1,success,,"[""proto_sw_3_2__seed_1575422959__global_l1_flow_v3__density_rich__selected_l1_006__L1-Only__independent_l1__context_preferred__sample_0125"", ""proto_sw_3_2__seed_1575422959__global_l1_flow_v3__density_rich__selected_l1_002__L1-Only__independent_l1__context_preferred__sample_0025"", ""proto_sw_3_2__seed_1575422959__global_l1_flow_v3__density_rich__selected_l1_004__Y-C__compact_c__context_preferred__sample_0076"", ""proto_sw_3_2__seed_1575422959__global_l1_flow_v3__density_rich__selected_l1_007__L1-Only__independent_l1__context_preferred__sample_0150"", ""proto_sw_3_2__seed_1575422959__global_l1_flow_v3__density_rich__selected_l1_001__L1-Only__independent_l1__context_preferred__sample_0000"", ""proto_sw_3_2__seed_1575422959__global_l1_flow_v3__density_rich__selected_l1_003__L1-Only__independent_l1__context_preferred__sample_0050"", ""proto_sw_3_2__seed_1575422959__global_l1_flow_v3__density_rich__selected_l1_005__L1-Only__independent_l1__context_preferred__sample_0100""]","{""selected_l1_001"": ""L1_ONLY"", ""selected_l1_002"": ""L1_ONLY"", ""selected_l1_003"": ""L1_ONLY"", ""selected_l1_004"": ""SINGLE_L2_RIGHT"", ""selected_l1_005"": ""L1_ONLY"", ""selected_l1_006"": ""L1_ONLY"", ""selected_l1_007"": ""L1_ONLY""}",7,0,1,0.0011089999998148414,proto_sw_3_2__seed_1575422959__global_l1_flow_v3__density_rich,proto_sw_3_2__seed_1575422959__global_l1_flow_v3__density_rich__unit_candidates_v2,26773c540912bd52fddf860b846c5fba409254001a5093299aa3f99c37e8979d
C078,proto_sw_3_2,expanded,rich,2,100013,MB-L2,Ours@B,1,,1,1,1,success,,"[""proto_sw_3_2__seed_1575422959__global_l1_flow_v3__density_rich__selected_l1_006__L1-Only__independent_l1__context_preferred__sample_0125"", ""proto_sw_3_2__seed_1575422959__global_l1_flow_v3__density_rich__selected_l1_002__L1-Only__independent_l1__context_preferred__sample_0025"", ""proto_sw_3_2__seed_1575422959__global_l1_flow_v3__density_rich__selected_l1_004__L1-Only__independent_l1__context_preferred__sample_0075"", ""proto_sw_3_2__seed_1575422959__global_l1_flow_v3__density_rich__selected_l1_007__L1-Only__independent_l1__context_preferred__sample_0150"", ""proto_sw_3_2__seed_1575422959__global_l1_flow_v3__density_rich__selected_l1_001__Y-C__compact_c__context_preferred__sample_0001"", ""proto_sw_3_2__seed_1575422959__global_l1_flow_v3__density_rich__selected_l1_003__L1-Only__independent_l1__context_preferred__sample_0050"", ""proto_sw_3_2__seed_1575422959__global_l1_flow_v3__density_rich__selected_l1_005__L1-Only__independent_l1__context_preferred__sample_0100""]","{""selected_l1_001"": ""SINGLE_L2_RIGHT"", ""selected_l1_002"": ""L1_ONLY"", ""selected_l1_003"": ""L1_ONLY"", ""selected_l1_004"": ""L1_ONLY"", ""selected_l1_005"": ""L1_ONLY"", ""selected_l1_006"": ""L1_ONLY"", ""selected_l1_007"": ""L1_ONLY""}",441,0,1,0.0040248000000246975,proto_sw_3_2__seed_1575422959__global_l1_flow_v3__density_rich,proto_sw_3_2__seed_1575422959__global_l1_flow_v3__density_rich__unit_candidates_v2,26773c540912bd52fddf860b846c5fba409254001a5093299aa3f99c37e8979d
C078,proto_sw_3_2,expanded,rich,2,100013,MB-L2,LocalGreedy@B,2,,1,1,0,budget_not_attained,sequential irreversible pass ended below target B,"[""proto_sw_3_2__seed_1575422959__global_l1_flow_v3__density_rich__selected_l1_006__L1-Only__independent_l1__context_preferred__sample_0125"", ""proto_sw_3_2__seed_1575422959__global_l1_flow_v3__density_rich__selected_l1_002__L1-Only__independent_l1__context_preferred__sample_0025"", ""proto_sw_3_2__seed_1575422959__global_l1_flow_v3__density_rich__selected_l1_004__Y-C__compact_c__context_preferred__sample_0076"", ""proto_sw_3_2__seed_1575422959__global_l1_flow_v3__density_rich__selected_l1_007__L1-Only__independent_l1__context_preferred__sample_0150"", ""proto_sw_3_2__seed_1575422959__global_l1_flow_v3__density_rich__selected_l1_001__L1-Only__independent_l1__context_preferred__sample_0000"", ""proto_sw_3_2__seed_1575422959__global_l1_flow_v3__density_rich__selected_l1_003__L1-Only__independent_l1__context_preferred__sample_0050"", ""proto_sw_3_2__seed_1575422959__global_l1_flow_v3__density_rich__selected_l1_005__L1-Only__independent_l1__context_preferred__sample_0100""]","{""selected_l1_001"": ""L1_ONLY"", ""selected_l1_002"": ""L1_ONLY"", ""selected_l1_003"": ""L1_ONLY"", ""selected_l1_004"": ""SINGLE_L2_RIGHT"", ""selected_l1_005"": ""L1_ONLY"", ""selected_l1_006"": ""L1_ONLY"", ""selected_l1_007"": ""L1_ONLY""}",7,0,1,0.0014802000000599946,proto_sw_3_2__seed_1575422959__global_l1_flow_v3__density_rich,proto_sw_3_2__seed_1575422959__global_l1_flow_v3__density_rich__unit_candidates_v2,26773c540912bd52fddf860b846c5fba409254001a5093299aa3f99c37e8979d
C078,proto_sw_3_2,expanded,rich,2,100013,MB-L2,Ours@B,2,,2,1,1,success,,"[""proto_sw_3_2__seed_1575422959__global_l1_flow_v3__density_rich__selected_l1_006__L1-Only__independent_l1__context_preferred__sample_0125"", ""proto_sw_3_2__seed_1575422959__global_l1_flow_v3__density_rich__selected_l1_002__L1-Only__independent_l1__context_preferred__sample_0025"", ""proto_sw_3_2__seed_1575422959__global_l1_flow_v3__density_rich__selected_l1_004__L1-Only__independent_l1__context_preferred__sample_0075"", ""proto_sw_3_2__seed_1575422959__global_l1_flow_v3__density_rich__selected_l1_007__L1-Only__independent_l1__context_preferred__sample_0150"", ""proto_sw_3_2__seed_1575422959__global_l1_flow_v3__density_rich__selected_l1_001__Y-2C__nested_s__context_preferred__sample_0009"", ""proto_sw_3_2__seed_1575422959__global_l1_flow_v3__density_rich__selected_l1_003__L1-Only__independent_l1__context_preferred__sample_0050"", ""proto_sw_3_2__seed_1575422959__global_l1_flow_v3__density_rich__selected_l1_005__L1-Only__independent_l1__context_preferred__sample_0100""]","{""selected_l1_001"": ""OPPOSED_L2_PAIR"", ""selected_l1_002"": ""L1_ONLY"", ""selected_l1_003"": ""L1_ONLY"", ""selected_l1_004"": ""L1_ONLY"", ""selected_l1_005"": ""L1_ONLY"", ""selected_l1_006"": ""L1_ONLY"", ""selected_l1_007"": ""L1_ONLY""}",176,0,1,0.002565400000094087,proto_sw_3_2__seed_1575422959__global_l1_flow_v3__density_rich,proto_sw_3_2__seed_1575422959__global_l1_flow_v3__density_rich__unit_candidates_v2,26773c540912bd52fddf860b846c5fba409254001a5093299aa3f99c37e8979d
C079,proto_sw_3_2,compact,simple,1,100003,MB-L2,LocalGreedy@B,1,,1,1,1,success,,"[""proto_sw_3_2__seed_1964058663__global_l1_flow_v3__density_simple__selected_l1_001__Y-C__balanced_s__context_preferred__sample_0003"", ""proto_sw_3_2__seed_1964058663__global_l1_flow_v3__density_simple__selected_l1_003__L1-Only__independent_l1__context_preferred__sample_0050"", ""proto_sw_3_2__seed_1964058663__global_l1_flow_v3__density_simple__selected_l1_005__L1-Only__independent_l1__context_preferred__sample_0100"", ""proto_sw_3_2__seed_1964058663__global_l1_flow_v3__density_simple__selected_l1_002__L1-Only__independent_l1__context_preferred__sample_0025"", ""proto_sw_3_2__seed_1964058663__global_l1_flow_v3__density_simple__selected_l1_004__L1-Only__independent_l1__context_preferred__sample_0075""]","{""selected_l1_001"": ""SINGLE_L2_RIGHT"", ""selected_l1_002"": ""L1_ONLY"", ""selected_l1_003"": ""L1_ONLY"", ""selected_l1_004"": ""L1_ONLY"", ""selected_l1_005"": ""L1_ONLY""}",5,0,1,0.0005981999997857201,proto_sw_3_2__seed_1964058663__global_l1_flow_v3__density_simple,proto_sw_3_2__seed_1964058663__global_l1_flow_v3__density_simple__unit_candidates_v2,b9b6ffa10aa328e6f288f9a305b980ace7feead296cd5778f46fc6cca2a8c29c
C079,proto_sw_3_2,compact,simple,1,100003,MB-L2,Ours@B,1,,1,1,1,success,,"[""proto_sw_3_2__seed_1964058663__global_l1_flow_v3__density_simple__selected_l1_001__Y-C__compact_c__context_preferred__sample_0001"", ""proto_sw_3_2__seed_1964058663__global_l1_flow_v3__density_simple__selected_l1_003__L1-Only__independent_l1__context_preferred__sample_0050"", ""proto_sw_3_2__seed_1964058663__global_l1_flow_v3__density_simple__selected_l1_005__L1-Only__independent_l1__context_preferred__sample_0100"", ""proto_sw_3_2__seed_1964058663__global_l1_flow_v3__density_simple__selected_l1_002__L1-Only__independent_l1__context_preferred__sample_0025"", ""proto_sw_3_2__seed_1964058663__global_l1_flow_v3__density_simple__selected_l1_004__L1-Only__independent_l1__context_preferred__sample_0075""]","{""selected_l1_001"": ""SINGLE_L2_RIGHT"", ""selected_l1_002"": ""L1_ONLY"", ""selected_l1_003"": ""L1_ONLY"", ""selected_l1_004"": ""L1_ONLY"", ""selected_l1_005"": ""L1_ONLY""}",434,0,1,0.0018416000002616784,proto_sw_3_2__seed_1964058663__global_l1_flow_v3__density_simple,proto_sw_3_2__seed_1964058663__global_l1_flow_v3__density_simple__unit_candidates_v2,b9b6ffa10aa328e6f288f9a305b980ace7feead296cd5778f46fc6cca2a8c29c
C079,proto_sw_3_2,compact,simple,1,100003,MB-L2,LocalGreedy@B,2,,2,2,1,success,,"[""proto_sw_3_2__seed_1964058663__global_l1_flow_v3__density_simple__selected_l1_001__Y-C__balanced_s__context_preferred__sample_0003"", ""proto_sw_3_2__seed_1964058663__global_l1_flow_v3__density_simple__selected_l1_003__L1-Only__independent_l1__context_preferred__sample_0050"", ""proto_sw_3_2__seed_1964058663__global_l1_flow_v3__density_simple__selected_l1_005__L1-Only__independent_l1__context_preferred__sample_0100"", ""proto_sw_3_2__seed_1964058663__global_l1_flow_v3__density_simple__selected_l1_002__Y-C__balanced_s__context_opposed__sample_0029"", ""proto_sw_3_2__seed_1964058663__global_l1_flow_v3__density_simple__selected_l1_004__L1-Only__independent_l1__context_preferred__sample_0075""]","{""selected_l1_001"": ""SINGLE_L2_RIGHT"", ""selected_l1_002"": ""SINGLE_L2_RIGHT"", ""selected_l1_003"": ""L1_ONLY"", ""selected_l1_004"": ""L1_ONLY"", ""selected_l1_005"": ""L1_ONLY""}",5,0,1,0.0009150000000772707,proto_sw_3_2__seed_1964058663__global_l1_flow_v3__density_simple,proto_sw_3_2__seed_1964058663__global_l1_flow_v3__density_simple__unit_candidates_v2,b9b6ffa10aa328e6f288f9a305b980ace7feead296cd5778f46fc6cca2a8c29c
C079,proto_sw_3_2,compact,simple,1,100003,MB-L2,Ours@B,2,,2,2,1,success,,"[""proto_sw_3_2__seed_1964058663__global_l1_flow_v3__density_simple__selected_l1_001__Y-C__compact_c__context_preferred__sample_0001"", ""proto_sw_3_2__seed_1964058663__global_l1_flow_v3__density_simple__selected_l1_003__L1-Only__independent_l1__context_preferred__sample_0050"", ""proto_sw_3_2__seed_1964058663__global_l1_flow_v3__density_simple__selected_l1_005__Y-C__compact_c__context_preferred__sample_0101"", ""proto_sw_3_2__seed_1964058663__global_l1_flow_v3__density_simple__selected_l1_002__L1-Only__independent_l1__context_preferred__sample_0025"", ""proto_sw_3_2__seed_1964058663__global_l1_flow_v3__density_simple__selected_l1_004__L1-Only__independent_l1__context_preferred__sample_0075""]","{""selected_l1_001"": ""SINGLE_L2_RIGHT"", ""selected_l1_002"": ""L1_ONLY"", ""selected_l1_003"": ""L1_ONLY"", ""selected_l1_004"": ""L1_ONLY"", ""selected_l1_005"": ""SINGLE_L2_RIGHT""}",264,0,1,0.0016244999997070408,proto_sw_3_2__seed_1964058663__global_l1_flow_v3__density_simple,proto_sw_3_2__seed_1964058663__global_l1_flow_v3__density_simple__unit_candidates_v2,b9b6ffa10aa328e6f288f9a305b980ace7feead296cd5778f46fc6cca2a8c29c
C079,proto_sw_3_2,compact,simple,1,100003,MB-L2,LocalGreedy@B,3,,3,2,1,success,,"[""proto_sw_3_2__seed_1964058663__global_l1_flow_v3__density_simple__selected_l1_001__Y-C__balanced_s__context_preferred__sample_0003"", ""proto_sw_3_2__seed_1964058663__global_l1_flow_v3__density_simple__selected_l1_003__L1-Only__independent_l1__context_preferred__sample_0050"", ""proto_sw_3_2__seed_1964058663__global_l1_flow_v3__density_simple__selected_l1_005__L1-Only__independent_l1__context_preferred__sample_0100"", ""proto_sw_3_2__seed_1964058663__global_l1_flow_v3__density_simple__selected_l1_002__Y-2C__open_asymmetric__context_preferred__sample_0036"", ""proto_sw_3_2__seed_1964058663__global_l1_flow_v3__density_simple__selected_l1_004__L1-Only__independent_l1__context_preferred__sample_0075""]","{""selected_l1_001"": ""SINGLE_L2_RIGHT"", ""selected_l1_002"": ""OPPOSED_L2_PAIR"", ""selected_l1_003"": ""L1_ONLY"", ""selected_l1_004"": ""L1_ONLY"", ""selected_l1_005"": ""L1_ONLY""}",5,0,1,0.000745300000289717,proto_sw_3_2__seed_1964058663__global_l1_flow_v3__density_simple,proto_sw_3_2__seed_1964058663__global_l1_flow_v3__density_simple__unit_candidates_v2,b9b6ffa10aa328e6f288f9a305b980ace7feead296cd5778f46fc6cca2a8c29c
C079,proto_sw_3_2,compact,simple,1,100003,MB-L2,Ours@B,3,,3,2,1,success,,"[""proto_sw_3_2__seed_1964058663__global_l1_flow_v3__density_simple__selected_l1_001__Y-C__compact_c__context_preferred__sample_0001"", ""proto_sw_3_2__seed_1964058663__global_l1_flow_v3__density_simple__selected_l1_003__L1-Only__independent_l1__context_preferred__sample_0050"", ""proto_sw_3_2__seed_1964058663__global_l1_flow_v3__density_simple__selected_l1_005__L1-Only__independent_l1__context_preferred__sample_0100"", ""proto_sw_3_2__seed_1964058663__global_l1_flow_v3__density_simple__selected_l1_002__L1-Only__independent_l1__context_preferred__sample_0025"", ""proto_sw_3_2__seed_1964058663__global_l1_flow_v3__density_simple__selected_l1_004__Y-2C__staggered_c__context_preferred__sample_0082""]","{""selected_l1_001"": ""SINGLE_L2_RIGHT"", ""selected_l1_002"": ""L1_ONLY"", ""selected_l1_003"": ""L1_ONLY"", ""selected_l1_004"": ""OPPOSED_L2_PAIR"", ""selected_l1_005"": ""L1_ONLY""}",174,0,1,0.0017350999996779137,proto_sw_3_2__seed_1964058663__global_l1_flow_v3__density_simple,proto_sw_3_2__seed_1964058663__global_l1_flow_v3__density_simple__unit_candidates_v2,b9b6ffa10aa328e6f288f9a305b980ace7feead296cd5778f46fc6cca2a8c29c
C079,proto_sw_3_2,compact,simple,1,100003,MB-L2,LocalGreedy@B,4,,3,2,0,budget_not_attained,sequential irreversible pass ended below target B,"[""proto_sw_3_2__seed_1964058663__global_l1_flow_v3__density_simple__selected_l1_001__Y-C__balanced_s__context_preferred__sample_0003"", ""proto_sw_3_2__seed_1964058663__global_l1_flow_v3__density_simple__selected_l1_003__L1-Only__independent_l1__context_preferred__sample_0050"", ""proto_sw_3_2__seed_1964058663__global_l1_flow_v3__density_simple__selected_l1_005__L1-Only__independent_l1__context_preferred__sample_0100"", ""proto_sw_3_2__seed_1964058663__global_l1_flow_v3__density_simple__selected_l1_002__Y-2C__open_asymmetric__context_preferred__sample_0036"", ""proto_sw_3_2__seed_1964058663__global_l1_flow_v3__density_simple__selected_l1_004__L1-Only__independent_l1__context_preferred__sample_0075""]","{""selected_l1_001"": ""SINGLE_L2_RIGHT"", ""selected_l1_002"": ""OPPOSED_L2_PAIR"", ""selected_l1_003"": ""L1_ONLY"", ""selected_l1_004"": ""L1_ONLY"", ""selected_l1_005"": ""L1_ONLY""}",5,0,1,0.0008049000002756657,proto_sw_3_2__seed_1964058663__global_l1_flow_v3__density_simple,proto_sw_3_2__seed_1964058663__global_l1_flow_v3__density_simple__unit_candidates_v2,b9b6ffa10aa328e6f288f9a305b980ace7feead296cd5778f46fc6cca2a8c29c
C079,proto_sw_3_2,compact,simple,1,100003,MB-L2,Ours@B,4,,4,2,1,success,,"[""proto_sw_3_2__seed_1964058663__global_l1_flow_v3__density_simple__selected_l1_001__L1-Only__independent_l1__context_preferred__sample_0000"", ""proto_sw_3_2__seed_1964058663__global_l1_flow_v3__density_simple__selected_l1_003__L1-Only__independent_l1__context_preferred__sample_0050"", ""proto_sw_3_2__seed_1964058663__global_l1_flow_v3__density_simple__selected_l1_005__L1-Only__independent_l1__context_preferred__sample_0100"", ""proto_sw_3_2__seed_1964058663__global_l1_flow_v3__density_simple__selected_l1_002__Y-2C__staggered_c__context_preferred__sample_0038"", ""proto_sw_3_2__seed_1964058663__global_l1_flow_v3__density_simple__selected_l1_004__Y-2C__staggered_c__context_preferred__sample_0082""]","{""selected_l1_001"": ""L1_ONLY"", ""selected_l1_002"": ""OPPOSED_L2_PAIR"", ""selected_l1_003"": ""L1_ONLY"", ""selected_l1_004"": ""OPPOSED_L2_PAIR"", ""selected_l1_005"": ""L1_ONLY""}",50,0,1,0.0012980999999854248,proto_sw_3_2__seed_1964058663__global_l1_flow_v3__density_simple,proto_sw_3_2__seed_1964058663__global_l1_flow_v3__density_simple__unit_candidates_v2,b9b6ffa10aa328e6f288f9a305b980ace7feead296cd5778f46fc6cca2a8c29c
C080,proto_sw_3_2,compact,simple,2,100011,MB-L2,LocalGreedy@B,1,,1,1,1,success,,"[""proto_sw_3_2__seed_1548718105__global_l1_flow_v3__density_simple__selected_l1_001__L1-Only__independent_l1__context_preferred__sample_0000"", ""proto_sw_3_2__seed_1548718105__global_l1_flow_v3__density_simple__selected_l1_005__L1-Only__independent_l1__context_preferred__sample_0100"", ""proto_sw_3_2__seed_1548718105__global_l1_flow_v3__density_simple__selected_l1_004__L1-Only__independent_l1__context_preferred__sample_0075"", ""proto_sw_3_2__seed_1548718105__global_l1_flow_v3__density_simple__selected_l1_002__L1-Only__independent_l1__context_preferred__sample_0025"", ""proto_sw_3_2__seed_1548718105__global_l1_flow_v3__density_simple__selected_l1_003__Y-C__compact_c__context_opposed__sample_0052""]","{""selected_l1_001"": ""L1_ONLY"", ""selected_l1_002"": ""L1_ONLY"", ""selected_l1_003"": ""SINGLE_L2_RIGHT"", ""selected_l1_004"": ""L1_ONLY"", ""selected_l1_005"": ""L1_ONLY""}",5,0,1,0.0009681000001364737,proto_sw_3_2__seed_1548718105__global_l1_flow_v3__density_simple,proto_sw_3_2__seed_1548718105__global_l1_flow_v3__density_simple__unit_candidates_v2,6a51a13f49068f734a627fc18475cf8f5556389811a59113e449b80dd2da25c8
C080,proto_sw_3_2,compact,simple,2,100011,MB-L2,Ours@B,1,,1,1,1,success,,"[""proto_sw_3_2__seed_1548718105__global_l1_flow_v3__density_simple__selected_l1_001__L1-Only__independent_l1__context_preferred__sample_0000"", ""proto_sw_3_2__seed_1548718105__global_l1_flow_v3__density_simple__selected_l1_005__Y-C__open_c__context_opposed__sample_0106"", ""proto_sw_3_2__seed_1548718105__global_l1_flow_v3__density_simple__selected_l1_004__L1-Only__independent_l1__context_preferred__sample_0075"", ""proto_sw_3_2__seed_1548718105__global_l1_flow_v3__density_simple__selected_l1_002__L1-Only__independent_l1__context_preferred__sample_0025"", ""proto_sw_3_2__seed_1548718105__global_l1_flow_v3__density_simple__selected_l1_003__L1-Only__independent_l1__context_preferred__sample_0050""]","{""selected_l1_001"": ""L1_ONLY"", ""selected_l1_002"": ""L1_ONLY"", ""selected_l1_003"": ""L1_ONLY"", ""selected_l1_004"": ""L1_ONLY"", ""selected_l1_005"": ""SINGLE_L2_LEFT""}",184,0,1,0.0022200000003067544,proto_sw_3_2__seed_1548718105__global_l1_flow_v3__density_simple,proto_sw_3_2__seed_1548718105__global_l1_flow_v3__density_simple__unit_candidates_v2,6a51a13f49068f734a627fc18475cf8f5556389811a59113e449b80dd2da25c8
C080,proto_sw_3_2,compact,simple,2,100011,MB-L2,LocalGreedy@B,2,,1,1,0,budget_not_attained,sequential irreversible pass ended below target B,"[""proto_sw_3_2__seed_1548718105__global_l1_flow_v3__density_simple__selected_l1_001__L1-Only__independent_l1__context_preferred__sample_0000"", ""proto_sw_3_2__seed_1548718105__global_l1_flow_v3__density_simple__selected_l1_005__L1-Only__independent_l1__context_preferred__sample_0100"", ""proto_sw_3_2__seed_1548718105__global_l1_flow_v3__density_simple__selected_l1_004__L1-Only__independent_l1__context_preferred__sample_0075"", ""proto_sw_3_2__seed_1548718105__global_l1_flow_v3__density_simple__selected_l1_002__L1-Only__independent_l1__context_preferred__sample_0025"", ""proto_sw_3_2__seed_1548718105__global_l1_flow_v3__density_simple__selected_l1_003__Y-C__compact_c__context_opposed__sample_0052""]","{""selected_l1_001"": ""L1_ONLY"", ""selected_l1_002"": ""L1_ONLY"", ""selected_l1_003"": ""SINGLE_L2_RIGHT"", ""selected_l1_004"": ""L1_ONLY"", ""selected_l1_005"": ""L1_ONLY""}",5,0,1,0.001513499999873602,proto_sw_3_2__seed_1548718105__global_l1_flow_v3__density_simple,proto_sw_3_2__seed_1548718105__global_l1_flow_v3__density_simple__unit_candidates_v2,6a51a13f49068f734a627fc18475cf8f5556389811a59113e449b80dd2da25c8
C080,proto_sw_3_2,compact,simple,2,100011,MB-L2,Ours@B,2,,2,1,1,success,,"[""proto_sw_3_2__seed_1548718105__global_l1_flow_v3__density_simple__selected_l1_001__L1-Only__independent_l1__context_preferred__sample_0000"", ""proto_sw_3_2__seed_1548718105__global_l1_flow_v3__density_simple__selected_l1_005__L1-Only__independent_l1__context_preferred__sample_0100"", ""proto_sw_3_2__seed_1548718105__global_l1_flow_v3__density_simple__selected_l1_004__Y-2C__nested_s__context_preferred__sample_0084"", ""proto_sw_3_2__seed_1548718105__global_l1_flow_v3__density_simple__selected_l1_002__L1-Only__independent_l1__context_preferred__sample_0025"", ""proto_sw_3_2__seed_1548718105__global_l1_flow_v3__density_simple__selected_l1_003__L1-Only__independent_l1__context_preferred__sample_0050""]","{""selected_l1_001"": ""L1_ONLY"", ""selected_l1_002"": ""L1_ONLY"", ""selected_l1_003"": ""L1_ONLY"", ""selected_l1_004"": ""OPPOSED_L2_PAIR"", ""selected_l1_005"": ""L1_ONLY""}",368,0,1,0.0017726999999467807,proto_sw_3_2__seed_1548718105__global_l1_flow_v3__density_simple,proto_sw_3_2__seed_1548718105__global_l1_flow_v3__density_simple__unit_candidates_v2,6a51a13f49068f734a627fc18475cf8f5556389811a59113e449b80dd2da25c8
C081,proto_sw_3_2,compact,medium,1,100006,MB-L2,LocalGreedy@B,1,,1,1,1,success,,"[""proto_sw_3_2__seed_4182263884__global_l1_flow_v3__density_medium__selected_l1_005__L1-Only__independent_l1__context_preferred__sample_0100"", ""proto_sw_3_2__seed_4182263884__global_l1_flow_v3__density_medium__selected_l1_004__L1-Only__independent_l1__context_preferred__sample_0075"", ""proto_sw_3_2__seed_4182263884__global_l1_flow_v3__density_medium__selected_l1_006__L1-Only__independent_l1__context_preferred__sample_0125"", ""proto_sw_3_2__seed_4182263884__global_l1_flow_v3__density_medium__selected_l1_003__L1-Only__independent_l1__context_preferred__sample_0050"", ""proto_sw_3_2__seed_4182263884__global_l1_flow_v3__density_medium__selected_l1_002__Y-C__balanced_s__context_opposed__sample_0029"", ""proto_sw_3_2__seed_4182263884__global_l1_flow_v3__density_medium__selected_l1_001__L1-Only__independent_l1__context_preferred__sample_0000""]","{""selected_l1_001"": ""L1_ONLY"", ""selected_l1_002"": ""SINGLE_L2_RIGHT"", ""selected_l1_003"": ""L1_ONLY"", ""selected_l1_004"": ""L1_ONLY"", ""selected_l1_005"": ""L1_ONLY"", ""selected_l1_006"": ""L1_ONLY""}",6,0,1,0.0006776000000172644,proto_sw_3_2__seed_4182263884__global_l1_flow_v3__density_medium,proto_sw_3_2__seed_4182263884__global_l1_flow_v3__density_medium__unit_candidates_v2,b329c2c10f70e4ec17c222e9fbf49db50b476dacccadea8333ad507d41f4159d
C081,proto_sw_3_2,compact,medium,1,100006,MB-L2,Ours@B,1,,1,1,1,success,,"[""proto_sw_3_2__seed_4182263884__global_l1_flow_v3__density_medium__selected_l1_005__L1-Only__independent_l1__context_preferred__sample_0100"", ""proto_sw_3_2__seed_4182263884__global_l1_flow_v3__density_medium__selected_l1_004__L1-Only__independent_l1__context_preferred__sample_0075"", ""proto_sw_3_2__seed_4182263884__global_l1_flow_v3__density_medium__selected_l1_006__L1-Only__independent_l1__context_preferred__sample_0125"", ""proto_sw_3_2__seed_4182263884__global_l1_flow_v3__density_medium__selected_l1_003__L1-Only__independent_l1__context_preferred__sample_0050"", ""proto_sw_3_2__seed_4182263884__global_l1_flow_v3__density_medium__selected_l1_002__L1-Only__independent_l1__context_preferred__sample_0025"", ""proto_sw_3_2__seed_4182263884__global_l1_flow_v3__density_medium__selected_l1_001__Y-C__open_c__context_opposed__sample_0006""]","{""selected_l1_001"": ""SINGLE_L2_LEFT"", ""selected_l1_002"": ""L1_ONLY"", ""selected_l1_003"": ""L1_ONLY"", ""selected_l1_004"": ""L1_ONLY"", ""selected_l1_005"": ""L1_ONLY"", ""selected_l1_006"": ""L1_ONLY""}",145,0,1,0.0016777000000729458,proto_sw_3_2__seed_4182263884__global_l1_flow_v3__density_medium,proto_sw_3_2__seed_4182263884__global_l1_flow_v3__density_medium__unit_candidates_v2,b329c2c10f70e4ec17c222e9fbf49db50b476dacccadea8333ad507d41f4159d
C081,proto_sw_3_2,compact,medium,1,100006,MB-L2,LocalGreedy@B,2,,2,1,1,success,,"[""proto_sw_3_2__seed_4182263884__global_l1_flow_v3__density_medium__selected_l1_005__L1-Only__independent_l1__context_preferred__sample_0100"", ""proto_sw_3_2__seed_4182263884__global_l1_flow_v3__density_medium__selected_l1_004__L1-Only__independent_l1__context_preferred__sample_0075"", ""proto_sw_3_2__seed_4182263884__global_l1_flow_v3__density_medium__selected_l1_006__L1-Only__independent_l1__context_preferred__sample_0125"", ""proto_sw_3_2__seed_4182263884__global_l1_flow_v3__density_medium__selected_l1_003__L1-Only__independent_l1__context_preferred__sample_0050"", ""proto_sw_3_2__seed_4182263884__global_l1_flow_v3__density_medium__selected_l1_002__Y-2C__open_asymmetric__context_preferred__sample_0036"", ""proto_sw_3_2__seed_4182263884__global_l1_flow_v3__density_medium__selected_l1_001__L1-Only__independent_l1__context_preferred__sample_0000""]","{""selected_l1_001"": ""L1_ONLY"", ""selected_l1_002"": ""OPPOSED_L2_PAIR"", ""selected_l1_003"": ""L1_ONLY"", ""selected_l1_004"": ""L1_ONLY"", ""selected_l1_005"": ""L1_ONLY"", ""selected_l1_006"": ""L1_ONLY""}",6,0,1,0.0010006000002249493,proto_sw_3_2__seed_4182263884__global_l1_flow_v3__density_medium,proto_sw_3_2__seed_4182263884__global_l1_flow_v3__density_medium__unit_candidates_v2,b329c2c10f70e4ec17c222e9fbf49db50b476dacccadea8333ad507d41f4159d
C081,proto_sw_3_2,compact,medium,1,100006,MB-L2,Ours@B,2,,2,1,1,success,,"[""proto_sw_3_2__seed_4182263884__global_l1_flow_v3__density_medium__selected_l1_005__L1-Only__independent_l1__context_preferred__sample_0100"", ""proto_sw_3_2__seed_4182263884__global_l1_flow_v3__density_medium__selected_l1_004__L1-Only__independent_l1__context_preferred__sample_0075"", ""proto_sw_3_2__seed_4182263884__global_l1_flow_v3__density_medium__selected_l1_006__L1-Only__independent_l1__context_preferred__sample_0125"", ""proto_sw_3_2__seed_4182263884__global_l1_flow_v3__density_medium__selected_l1_003__L1-Only__independent_l1__context_preferred__sample_0050"", ""proto_sw_3_2__seed_4182263884__global_l1_flow_v3__density_medium__selected_l1_002__L1-Only__independent_l1__context_preferred__sample_0025"", ""proto_sw_3_2__seed_4182263884__global_l1_flow_v3__density_medium__selected_l1_001__Y-2C__staggered_c__context_preferred__sample_0013""]","{""selected_l1_001"": ""OPPOSED_L2_PAIR"", ""selected_l1_002"": ""L1_ONLY"", ""selected_l1_003"": ""L1_ONLY"", ""selected_l1_004"": ""L1_ONLY"", ""selected_l1_005"": ""L1_ONLY"", ""selected_l1_006"": ""L1_ONLY""}",315,0,1,0.001718699999855744,proto_sw_3_2__seed_4182263884__global_l1_flow_v3__density_medium,proto_sw_3_2__seed_4182263884__global_l1_flow_v3__density_medium__unit_candidates_v2,b329c2c10f70e4ec17c222e9fbf49db50b476dacccadea8333ad507d41f4159d
C082,proto_sw_3_2,compact,medium,2,100018,MB-L2,LocalGreedy@B,1,,1,1,1,success,,"[""proto_sw_3_2__seed_2661861881__global_l1_flow_v3__density_medium__selected_l1_005__Y-C__balanced_s__context_opposed__sample_0104"", ""proto_sw_3_2__seed_2661861881__global_l1_flow_v3__density_medium__selected_l1_001__L1-Only__independent_l1__context_preferred__sample_0000"", ""proto_sw_3_2__seed_2661861881__global_l1_flow_v3__density_medium__selected_l1_006__L1-Only__independent_l1__context_preferred__sample_0125"", ""proto_sw_3_2__seed_2661861881__global_l1_flow_v3__density_medium__selected_l1_002__L1-Only__independent_l1__context_preferred__sample_0025"", ""proto_sw_3_2__seed_2661861881__global_l1_flow_v3__density_medium__selected_l1_003__L1-Only__independent_l1__context_preferred__sample_0050"", ""proto_sw_3_2__seed_2661861881__global_l1_flow_v3__density_medium__selected_l1_004__L1-Only__independent_l1__context_preferred__sample_0075""]","{""selected_l1_001"": ""L1_ONLY"", ""selected_l1_002"": ""L1_ONLY"", ""selected_l1_003"": ""L1_ONLY"", ""selected_l1_004"": ""L1_ONLY"", ""selected_l1_005"": ""SINGLE_L2_LEFT"", ""selected_l1_006"": ""L1_ONLY""}",6,0,1,0.0007162000001699198,proto_sw_3_2__seed_2661861881__global_l1_flow_v3__density_medium,proto_sw_3_2__seed_2661861881__global_l1_flow_v3__density_medium__unit_candidates_v2,62293b51c99a0587bf2b184beac04ea1fcce96c1ddfa25d6adaaee04418a7b9d
C082,proto_sw_3_2,compact,medium,2,100018,MB-L2,Ours@B,1,,1,1,1,success,,"[""proto_sw_3_2__seed_2661861881__global_l1_flow_v3__density_medium__selected_l1_005__L1-Only__independent_l1__context_preferred__sample_0100"", ""proto_sw_3_2__seed_2661861881__global_l1_flow_v3__density_medium__selected_l1_001__Y-C__compact_c__context_preferred__sample_0001"", ""proto_sw_3_2__seed_2661861881__global_l1_flow_v3__density_medium__selected_l1_006__L1-Only__independent_l1__context_preferred__sample_0125"", ""proto_sw_3_2__seed_2661861881__global_l1_flow_v3__density_medium__selected_l1_002__L1-Only__independent_l1__context_preferred__sample_0025"", ""proto_sw_3_2__seed_2661861881__global_l1_flow_v3__density_medium__selected_l1_003__L1-Only__independent_l1__context_preferred__sample_0050"", ""proto_sw_3_2__seed_2661861881__global_l1_flow_v3__density_medium__selected_l1_004__L1-Only__independent_l1__context_preferred__sample_0075""]","{""selected_l1_001"": ""SINGLE_L2_LEFT"", ""selected_l1_002"": ""L1_ONLY"", ""selected_l1_003"": ""L1_ONLY"", ""selected_l1_004"": ""L1_ONLY"", ""selected_l1_005"": ""L1_ONLY"", ""selected_l1_006"": ""L1_ONLY""}",164,0,1,0.0013445999998111802,proto_sw_3_2__seed_2661861881__global_l1_flow_v3__density_medium,proto_sw_3_2__seed_2661861881__global_l1_flow_v3__density_medium__unit_candidates_v2,62293b51c99a0587bf2b184beac04ea1fcce96c1ddfa25d6adaaee04418a7b9d
C082,proto_sw_3_2,compact,medium,2,100018,MB-L2,LocalGreedy@B,2,,1,1,0,budget_not_attained,sequential irreversible pass ended below target B,"[""proto_sw_3_2__seed_2661861881__global_l1_flow_v3__density_medium__selected_l1_005__Y-C__balanced_s__context_opposed__sample_0104"", ""proto_sw_3_2__seed_2661861881__global_l1_flow_v3__density_medium__selected_l1_001__L1-Only__independent_l1__context_preferred__sample_0000"", ""proto_sw_3_2__seed_2661861881__global_l1_flow_v3__density_medium__selected_l1_006__L1-Only__independent_l1__context_preferred__sample_0125"", ""proto_sw_3_2__seed_2661861881__global_l1_flow_v3__density_medium__selected_l1_002__L1-Only__independent_l1__context_preferred__sample_0025"", ""proto_sw_3_2__seed_2661861881__global_l1_flow_v3__density_medium__selected_l1_003__L1-Only__independent_l1__context_preferred__sample_0050"", ""proto_sw_3_2__seed_2661861881__global_l1_flow_v3__density_medium__selected_l1_004__L1-Only__independent_l1__context_preferred__sample_0075""]","{""selected_l1_001"": ""L1_ONLY"", ""selected_l1_002"": ""L1_ONLY"", ""selected_l1_003"": ""L1_ONLY"", ""selected_l1_004"": ""L1_ONLY"", ""selected_l1_005"": ""SINGLE_L2_LEFT"", ""selected_l1_006"": ""L1_ONLY""}",6,0,1,0.0008569999999963329,proto_sw_3_2__seed_2661861881__global_l1_flow_v3__density_medium,proto_sw_3_2__seed_2661861881__global_l1_flow_v3__density_medium__unit_candidates_v2,62293b51c99a0587bf2b184beac04ea1fcce96c1ddfa25d6adaaee04418a7b9d
C082,proto_sw_3_2,compact,medium,2,100018,MB-L2,Ours@B,2,,2,1,1,success,,"[""proto_sw_3_2__seed_2661861881__global_l1_flow_v3__density_medium__selected_l1_005__L1-Only__independent_l1__context_preferred__sample_0100"", ""proto_sw_3_2__seed_2661861881__global_l1_flow_v3__density_medium__selected_l1_001__L1-Only__independent_l1__context_preferred__sample_0000"", ""proto_sw_3_2__seed_2661861881__global_l1_flow_v3__density_medium__selected_l1_006__L1-Only__independent_l1__context_preferred__sample_0125"", ""proto_sw_3_2__seed_2661861881__global_l1_flow_v3__density_medium__selected_l1_002__L1-Only__independent_l1__context_preferred__sample_0025"", ""proto_sw_3_2__seed_2661861881__global_l1_flow_v3__density_medium__selected_l1_003__L1-Only__independent_l1__context_preferred__sample_0050"", ""proto_sw_3_2__seed_2661861881__global_l1_flow_v3__density_medium__selected_l1_004__Y-2C__open_asymmetric__context_preferred__sample_0092""]","{""selected_l1_001"": ""L1_ONLY"", ""selected_l1_002"": ""L1_ONLY"", ""selected_l1_003"": ""L1_ONLY"", ""selected_l1_004"": ""OPPOSED_L2_PAIR"", ""selected_l1_005"": ""L1_ONLY"", ""selected_l1_006"": ""L1_ONLY""}",72,0,1,0.0012486000000535569,proto_sw_3_2__seed_2661861881__global_l1_flow_v3__density_medium,proto_sw_3_2__seed_2661861881__global_l1_flow_v3__density_medium__unit_candidates_v2,62293b51c99a0587bf2b184beac04ea1fcce96c1ddfa25d6adaaee04418a7b9d
C083,proto_sw_3_2,compact,rich,1,100002,MB-L2,LocalGreedy@B,1,,1,1,1,success,,"[""proto_sw_3_2__seed_1978891010__global_l1_flow_v3__density_rich__selected_l1_007__Y-C__balanced_s__context_preferred__sample_0153"", ""proto_sw_3_2__seed_1978891010__global_l1_flow_v3__density_rich__selected_l1_006__L1-Only__independent_l1__context_preferred__sample_0125"", ""proto_sw_3_2__seed_1978891010__global_l1_flow_v3__density_rich__selected_l1_001__L1-Only__independent_l1__context_preferred__sample_0000"", ""proto_sw_3_2__seed_1978891010__global_l1_flow_v3__density_rich__selected_l1_002__L1-Only__independent_l1__context_preferred__sample_0025"", ""proto_sw_3_2__seed_1978891010__global_l1_flow_v3__density_rich__selected_l1_003__L1-Only__independent_l1__context_preferred__sample_0050"", ""proto_sw_3_2__seed_1978891010__global_l1_flow_v3__density_rich__selected_l1_004__L1-Only__independent_l1__context_preferred__sample_0075"", ""proto_sw_3_2__seed_1978891010__global_l1_flow_v3__density_rich__selected_l1_005__L1-Only__independent_l1__context_preferred__sample_0100""]","{""selected_l1_001"": ""L1_ONLY"", ""selected_l1_002"": ""L1_ONLY"", ""selected_l1_003"": ""L1_ONLY"", ""selected_l1_004"": ""L1_ONLY"", ""selected_l1_005"": ""L1_ONLY"", ""selected_l1_006"": ""L1_ONLY"", ""selected_l1_007"": ""SINGLE_L2_RIGHT""}",7,0,1,0.000993099999959668,proto_sw_3_2__seed_1978891010__global_l1_flow_v3__density_rich,proto_sw_3_2__seed_1978891010__global_l1_flow_v3__density_rich__unit_candidates_v2,5fd347c6cedcd28e15ab3e1802de9007d0befcfb54d4f189776b0f07b721cb3e
C083,proto_sw_3_2,compact,rich,1,100002,MB-L2,Ours@B,1,,1,1,1,success,,"[""proto_sw_3_2__seed_1978891010__global_l1_flow_v3__density_rich__selected_l1_007__L1-Only__independent_l1__context_preferred__sample_0150"", ""proto_sw_3_2__seed_1978891010__global_l1_flow_v3__density_rich__selected_l1_006__L1-Only__independent_l1__context_preferred__sample_0125"", ""proto_sw_3_2__seed_1978891010__global_l1_flow_v3__density_rich__selected_l1_001__Y-C__open_c__context_opposed__sample_0006"", ""proto_sw_3_2__seed_1978891010__global_l1_flow_v3__density_rich__selected_l1_002__L1-Only__independent_l1__context_preferred__sample_0025"", ""proto_sw_3_2__seed_1978891010__global_l1_flow_v3__density_rich__selected_l1_003__L1-Only__independent_l1__context_preferred__sample_0050"", ""proto_sw_3_2__seed_1978891010__global_l1_flow_v3__density_rich__selected_l1_004__L1-Only__independent_l1__context_preferred__sample_0075"", ""proto_sw_3_2__seed_1978891010__global_l1_flow_v3__density_rich__selected_l1_005__L1-Only__independent_l1__context_preferred__sample_0100""]","{""selected_l1_001"": ""SINGLE_L2_RIGHT"", ""selected_l1_002"": ""L1_ONLY"", ""selected_l1_003"": ""L1_ONLY"", ""selected_l1_004"": ""L1_ONLY"", ""selected_l1_005"": ""L1_ONLY"", ""selected_l1_006"": ""L1_ONLY"", ""selected_l1_007"": ""L1_ONLY""}",1192,0,1,0.006100900000092224,proto_sw_3_2__seed_1978891010__global_l1_flow_v3__density_rich,proto_sw_3_2__seed_1978891010__global_l1_flow_v3__density_rich__unit_candidates_v2,5fd347c6cedcd28e15ab3e1802de9007d0befcfb54d4f189776b0f07b721cb3e
C083,proto_sw_3_2,compact,rich,1,100002,MB-L2,LocalGreedy@B,2,,2,2,1,success,,"[""proto_sw_3_2__seed_1978891010__global_l1_flow_v3__density_rich__selected_l1_007__Y-C__balanced_s__context_preferred__sample_0153"", ""proto_sw_3_2__seed_1978891010__global_l1_flow_v3__density_rich__selected_l1_006__L1-Only__independent_l1__context_preferred__sample_0125"", ""proto_sw_3_2__seed_1978891010__global_l1_flow_v3__density_rich__selected_l1_001__L1-Only__independent_l1__context_preferred__sample_0000"", ""proto_sw_3_2__seed_1978891010__global_l1_flow_v3__density_rich__selected_l1_002__Y-C__balanced_s__context_preferred__sample_0028"", ""proto_sw_3_2__seed_1978891010__global_l1_flow_v3__density_rich__selected_l1_003__L1-Only__independent_l1__context_preferred__sample_0050"", ""proto_sw_3_2__seed_1978891010__global_l1_flow_v3__density_rich__selected_l1_004__L1-Only__independent_l1__context_preferred__sample_0075"", ""proto_sw_3_2__seed_1978891010__global_l1_flow_v3__density_rich__selected_l1_005__L1-Only__independent_l1__context_preferred__sample_0100""]","{""selected_l1_001"": ""L1_ONLY"", ""selected_l1_002"": ""SINGLE_L2_RIGHT"", ""selected_l1_003"": ""L1_ONLY"", ""selected_l1_004"": ""L1_ONLY"", ""selected_l1_005"": ""L1_ONLY"", ""selected_l1_006"": ""L1_ONLY"", ""selected_l1_007"": ""SINGLE_L2_RIGHT""}",7,0,1,0.0014625999997406325,proto_sw_3_2__seed_1978891010__global_l1_flow_v3__density_rich,proto_sw_3_2__seed_1978891010__global_l1_flow_v3__density_rich__unit_candidates_v2,5fd347c6cedcd28e15ab3e1802de9007d0befcfb54d4f189776b0f07b721cb3e
C083,proto_sw_3_2,compact,rich,1,100002,MB-L2,Ours@B,2,,2,2,1,success,,"[""proto_sw_3_2__seed_1978891010__global_l1_flow_v3__density_rich__selected_l1_007__L1-Only__independent_l1__context_preferred__sample_0150"", ""proto_sw_3_2__seed_1978891010__global_l1_flow_v3__density_rich__selected_l1_006__Y-C__compact_c__context_preferred__sample_0126"", ""proto_sw_3_2__seed_1978891010__global_l1_flow_v3__density_rich__selected_l1_001__Y-C__open_c__context_opposed__sample_0006"", ""proto_sw_3_2__seed_1978891010__global_l1_flow_v3__density_rich__selected_l1_002__L1-Only__independent_l1__context_preferred__sample_0025"", ""proto_sw_3_2__seed_1978891010__global_l1_flow_v3__density_rich__selected_l1_003__L1-Only__independent_l1__context_preferred__sample_0050"", ""proto_sw_3_2__seed_1978891010__global_l1_flow_v3__density_rich__selected_l1_004__L1-Only__independent_l1__context_preferred__sample_0075"", ""proto_sw_3_2__seed_1978891010__global_l1_flow_v3__density_rich__selected_l1_005__L1-Only__independent_l1__context_preferred__sample_0100""]","{""selected_l1_001"": ""SINGLE_L2_RIGHT"", ""selected_l1_002"": ""L1_ONLY"", ""selected_l1_003"": ""L1_ONLY"", ""selected_l1_004"": ""L1_ONLY"", ""selected_l1_005"": ""L1_ONLY"", ""selected_l1_006"": ""SINGLE_L2_RIGHT"", ""selected_l1_007"": ""L1_ONLY""}",1070,0,1,0.005769099999724858,proto_sw_3_2__seed_1978891010__global_l1_flow_v3__density_rich,proto_sw_3_2__seed_1978891010__global_l1_flow_v3__density_rich__unit_candidates_v2,5fd347c6cedcd28e15ab3e1802de9007d0befcfb54d4f189776b0f07b721cb3e
C083,proto_sw_3_2,compact,rich,1,100002,MB-L2,LocalGreedy@B,3,,2,2,0,budget_not_attained,sequential irreversible pass ended below target B,"[""proto_sw_3_2__seed_1978891010__global_l1_flow_v3__density_rich__selected_l1_007__Y-C__balanced_s__context_preferred__sample_0153"", ""proto_sw_3_2__seed_1978891010__global_l1_flow_v3__density_rich__selected_l1_006__L1-Only__independent_l1__context_preferred__sample_0125"", ""proto_sw_3_2__seed_1978891010__global_l1_flow_v3__density_rich__selected_l1_001__L1-Only__independent_l1__context_preferred__sample_0000"", ""proto_sw_3_2__seed_1978891010__global_l1_flow_v3__density_rich__selected_l1_002__Y-C__balanced_s__context_preferred__sample_0028"", ""proto_sw_3_2__seed_1978891010__global_l1_flow_v3__density_rich__selected_l1_003__L1-Only__independent_l1__context_preferred__sample_0050"", ""proto_sw_3_2__seed_1978891010__global_l1_flow_v3__density_rich__selected_l1_004__L1-Only__independent_l1__context_preferred__sample_0075"", ""proto_sw_3_2__seed_1978891010__global_l1_flow_v3__density_rich__selected_l1_005__L1-Only__independent_l1__context_preferred__sample_0100""]","{""selected_l1_001"": ""L1_ONLY"", ""selected_l1_002"": ""SINGLE_L2_RIGHT"", ""selected_l1_003"": ""L1_ONLY"", ""selected_l1_004"": ""L1_ONLY"", ""selected_l1_005"": ""L1_ONLY"", ""selected_l1_006"": ""L1_ONLY"", ""selected_l1_007"": ""SINGLE_L2_RIGHT""}",7,0,1,0.0009168999999928928,proto_sw_3_2__seed_1978891010__global_l1_flow_v3__density_rich,proto_sw_3_2__seed_1978891010__global_l1_flow_v3__density_rich__unit_candidates_v2,5fd347c6cedcd28e15ab3e1802de9007d0befcfb54d4f189776b0f07b721cb3e
C083,proto_sw_3_2,compact,rich,1,100002,MB-L2,Ours@B,3,,3,2,1,success,,"[""proto_sw_3_2__seed_1978891010__global_l1_flow_v3__density_rich__selected_l1_007__L1-Only__independent_l1__context_preferred__sample_0150"", ""proto_sw_3_2__seed_1978891010__global_l1_flow_v3__density_rich__selected_l1_006__L1-Only__independent_l1__context_preferred__sample_0125"", ""proto_sw_3_2__seed_1978891010__global_l1_flow_v3__density_rich__selected_l1_001__Y-C__open_c__context_opposed__sample_0006"", ""proto_sw_3_2__seed_1978891010__global_l1_flow_v3__density_rich__selected_l1_002__L1-Only__independent_l1__context_preferred__sample_0025"", ""proto_sw_3_2__seed_1978891010__global_l1_flow_v3__density_rich__selected_l1_003__Y-2C__open_asymmetric__context_preferred__sample_0073"", ""proto_sw_3_2__seed_1978891010__global_l1_flow_v3__density_rich__selected_l1_004__L1-Only__independent_l1__context_preferred__sample_0075"", ""proto_sw_3_2__seed_1978891010__global_l1_flow_v3__density_rich__selected_l1_005__L1-Only__independent_l1__context_preferred__sample_0100""]","{""selected_l1_001"": ""SINGLE_L2_RIGHT"", ""selected_l1_002"": ""L1_ONLY"", ""selected_l1_003"": ""OPPOSED_L2_PAIR"", ""selected_l1_004"": ""L1_ONLY"", ""selected_l1_005"": ""L1_ONLY"", ""selected_l1_006"": ""L1_ONLY"", ""selected_l1_007"": ""L1_ONLY""}",1225,0,1,0.005750100000113889,proto_sw_3_2__seed_1978891010__global_l1_flow_v3__density_rich,proto_sw_3_2__seed_1978891010__global_l1_flow_v3__density_rich__unit_candidates_v2,5fd347c6cedcd28e15ab3e1802de9007d0befcfb54d4f189776b0f07b721cb3e
C083,proto_sw_3_2,compact,rich,1,100002,MB-L2,LocalGreedy@B,4,,2,2,0,budget_not_attained,sequential irreversible pass ended below target B,"[""proto_sw_3_2__seed_1978891010__global_l1_flow_v3__density_rich__selected_l1_007__Y-C__balanced_s__context_preferred__sample_0153"", ""proto_sw_3_2__seed_1978891010__global_l1_flow_v3__density_rich__selected_l1_006__L1-Only__independent_l1__context_preferred__sample_0125"", ""proto_sw_3_2__seed_1978891010__global_l1_flow_v3__density_rich__selected_l1_001__L1-Only__independent_l1__context_preferred__sample_0000"", ""proto_sw_3_2__seed_1978891010__global_l1_flow_v3__density_rich__selected_l1_002__Y-C__balanced_s__context_preferred__sample_0028"", ""proto_sw_3_2__seed_1978891010__global_l1_flow_v3__density_rich__selected_l1_003__L1-Only__independent_l1__context_preferred__sample_0050"", ""proto_sw_3_2__seed_1978891010__global_l1_flow_v3__density_rich__selected_l1_004__L1-Only__independent_l1__context_preferred__sample_0075"", ""proto_sw_3_2__seed_1978891010__global_l1_flow_v3__density_rich__selected_l1_005__L1-Only__independent_l1__context_preferred__sample_0100""]","{""selected_l1_001"": ""L1_ONLY"", ""selected_l1_002"": ""SINGLE_L2_RIGHT"", ""selected_l1_003"": ""L1_ONLY"", ""selected_l1_004"": ""L1_ONLY"", ""selected_l1_005"": ""L1_ONLY"", ""selected_l1_006"": ""L1_ONLY"", ""selected_l1_007"": ""SINGLE_L2_RIGHT""}",7,0,1,0.0009024999999382999,proto_sw_3_2__seed_1978891010__global_l1_flow_v3__density_rich,proto_sw_3_2__seed_1978891010__global_l1_flow_v3__density_rich__unit_candidates_v2,5fd347c6cedcd28e15ab3e1802de9007d0befcfb54d4f189776b0f07b721cb3e
C083,proto_sw_3_2,compact,rich,1,100002,MB-L2,Ours@B,4,,4,2,1,success,,"[""proto_sw_3_2__seed_1978891010__global_l1_flow_v3__density_rich__selected_l1_007__L1-Only__independent_l1__context_preferred__sample_0150"", ""proto_sw_3_2__seed_1978891010__global_l1_flow_v3__density_rich__selected_l1_006__L1-Only__independent_l1__context_preferred__sample_0125"", ""proto_sw_3_2__seed_1978891010__global_l1_flow_v3__density_rich__selected_l1_001__L1-Only__independent_l1__context_preferred__sample_0000"", ""proto_sw_3_2__seed_1978891010__global_l1_flow_v3__density_rich__selected_l1_002__L1-Only__independent_l1__context_preferred__sample_0025"", ""proto_sw_3_2__seed_1978891010__global_l1_flow_v3__density_rich__selected_l1_003__Y-2C__open_asymmetric__context_preferred__sample_0073"", ""proto_sw_3_2__seed_1978891010__global_l1_flow_v3__density_rich__selected_l1_004__Y-2C__staggered_c__context_preferred__sample_0094"", ""proto_sw_3_2__seed_1978891010__global_l1_flow_v3__density_rich__selected_l1_005__L1-Only__independent_l1__context_preferred__sample_0100""]","{""selected_l1_001"": ""L1_ONLY"", ""selected_l1_002"": ""L1_ONLY"", ""selected_l1_003"": ""OPPOSED_L2_PAIR"", ""selected_l1_004"": ""OPPOSED_L2_PAIR"", ""selected_l1_005"": ""L1_ONLY"", ""selected_l1_006"": ""L1_ONLY"", ""selected_l1_007"": ""L1_ONLY""}",1316,0,1,0.003983099999913975,proto_sw_3_2__seed_1978891010__global_l1_flow_v3__density_rich,proto_sw_3_2__seed_1978891010__global_l1_flow_v3__density_rich__unit_candidates_v2,5fd347c6cedcd28e15ab3e1802de9007d0befcfb54d4f189776b0f07b721cb3e
C084,proto_sw_3_2,compact,rich,2,100005,MB-L2,LocalGreedy@B,1,,1,1,1,success,,"[""proto_sw_3_2__seed_1160715944__global_l1_flow_v3__density_rich__selected_l1_007__Y-C__balanced_s__context_opposed__sample_0154"", ""proto_sw_3_2__seed_1160715944__global_l1_flow_v3__density_rich__selected_l1_003__L1-Only__independent_l1__context_preferred__sample_0050"", ""proto_sw_3_2__seed_1160715944__global_l1_flow_v3__density_rich__selected_l1_005__L1-Only__independent_l1__context_preferred__sample_0100"", ""proto_sw_3_2__seed_1160715944__global_l1_flow_v3__density_rich__selected_l1_002__L1-Only__independent_l1__context_preferred__sample_0025"", ""proto_sw_3_2__seed_1160715944__global_l1_flow_v3__density_rich__selected_l1_004__L1-Only__independent_l1__context_preferred__sample_0075"", ""proto_sw_3_2__seed_1160715944__global_l1_flow_v3__density_rich__selected_l1_006__L1-Only__independent_l1__context_preferred__sample_0125"", ""proto_sw_3_2__seed_1160715944__global_l1_flow_v3__density_rich__selected_l1_001__L1-Only__independent_l1__context_preferred__sample_0000""]","{""selected_l1_001"": ""L1_ONLY"", ""selected_l1_002"": ""L1_ONLY"", ""selected_l1_003"": ""L1_ONLY"", ""selected_l1_004"": ""L1_ONLY"", ""selected_l1_005"": ""L1_ONLY"", ""selected_l1_006"": ""L1_ONLY"", ""selected_l1_007"": ""SINGLE_L2_RIGHT""}",7,0,1,0.000837399999909394,proto_sw_3_2__seed_1160715944__global_l1_flow_v3__density_rich,proto_sw_3_2__seed_1160715944__global_l1_flow_v3__density_rich__unit_candidates_v2,b33e74b73708ce36e6024496b7f2f45d99f79ccd94258dd2c617ef7f1f2fe9b8
C084,proto_sw_3_2,compact,rich,2,100005,MB-L2,Ours@B,1,,1,1,1,success,,"[""proto_sw_3_2__seed_1160715944__global_l1_flow_v3__density_rich__selected_l1_007__L1-Only__independent_l1__context_preferred__sample_0150"", ""proto_sw_3_2__seed_1160715944__global_l1_flow_v3__density_rich__selected_l1_003__L1-Only__independent_l1__context_preferred__sample_0050"", ""proto_sw_3_2__seed_1160715944__global_l1_flow_v3__density_rich__selected_l1_005__Y-C__compact_c__context_opposed__sample_0102"", ""proto_sw_3_2__seed_1160715944__global_l1_flow_v3__density_rich__selected_l1_002__L1-Only__independent_l1__context_preferred__sample_0025"", ""proto_sw_3_2__seed_1160715944__global_l1_flow_v3__density_rich__selected_l1_004__L1-Only__independent_l1__context_preferred__sample_0075"", ""proto_sw_3_2__seed_1160715944__global_l1_flow_v3__density_rich__selected_l1_006__L1-Only__independent_l1__context_preferred__sample_0125"", ""proto_sw_3_2__seed_1160715944__global_l1_flow_v3__density_rich__selected_l1_001__L1-Only__independent_l1__context_preferred__sample_0000""]","{""selected_l1_001"": ""L1_ONLY"", ""selected_l1_002"": ""L1_ONLY"", ""selected_l1_003"": ""L1_ONLY"", ""selected_l1_004"": ""L1_ONLY"", ""selected_l1_005"": ""SINGLE_L2_LEFT"", ""selected_l1_006"": ""L1_ONLY"", ""selected_l1_007"": ""L1_ONLY""}",349,0,1,0.0034561999996185477,proto_sw_3_2__seed_1160715944__global_l1_flow_v3__density_rich,proto_sw_3_2__seed_1160715944__global_l1_flow_v3__density_rich__unit_candidates_v2,b33e74b73708ce36e6024496b7f2f45d99f79ccd94258dd2c617ef7f1f2fe9b8
C084,proto_sw_3_2,compact,rich,2,100005,MB-L2,LocalGreedy@B,2,,1,1,0,budget_not_attained,sequential irreversible pass ended below target B,"[""proto_sw_3_2__seed_1160715944__global_l1_flow_v3__density_rich__selected_l1_007__Y-C__balanced_s__context_opposed__sample_0154"", ""proto_sw_3_2__seed_1160715944__global_l1_flow_v3__density_rich__selected_l1_003__L1-Only__independent_l1__context_preferred__sample_0050"", ""proto_sw_3_2__seed_1160715944__global_l1_flow_v3__density_rich__selected_l1_005__L1-Only__independent_l1__context_preferred__sample_0100"", ""proto_sw_3_2__seed_1160715944__global_l1_flow_v3__density_rich__selected_l1_002__L1-Only__independent_l1__context_preferred__sample_0025"", ""proto_sw_3_2__seed_1160715944__global_l1_flow_v3__density_rich__selected_l1_004__L1-Only__independent_l1__context_preferred__sample_0075"", ""proto_sw_3_2__seed_1160715944__global_l1_flow_v3__density_rich__selected_l1_006__L1-Only__independent_l1__context_preferred__sample_0125"", ""proto_sw_3_2__seed_1160715944__global_l1_flow_v3__density_rich__selected_l1_001__L1-Only__independent_l1__context_preferred__sample_0000""]","{""selected_l1_001"": ""L1_ONLY"", ""selected_l1_002"": ""L1_ONLY"", ""selected_l1_003"": ""L1_ONLY"", ""selected_l1_004"": ""L1_ONLY"", ""selected_l1_005"": ""L1_ONLY"", ""selected_l1_006"": ""L1_ONLY"", ""selected_l1_007"": ""SINGLE_L2_RIGHT""}",7,0,1,0.0007648999999219086,proto_sw_3_2__seed_1160715944__global_l1_flow_v3__density_rich,proto_sw_3_2__seed_1160715944__global_l1_flow_v3__density_rich__unit_candidates_v2,b33e74b73708ce36e6024496b7f2f45d99f79ccd94258dd2c617ef7f1f2fe9b8
C084,proto_sw_3_2,compact,rich,2,100005,MB-L2,Ours@B,2,,2,1,1,success,,"[""proto_sw_3_2__seed_1160715944__global_l1_flow_v3__density_rich__selected_l1_007__L1-Only__independent_l1__context_preferred__sample_0150"", ""proto_sw_3_2__seed_1160715944__global_l1_flow_v3__density_rich__selected_l1_003__L1-Only__independent_l1__context_preferred__sample_0050"", ""proto_sw_3_2__seed_1160715944__global_l1_flow_v3__density_rich__selected_l1_005__L1-Only__independent_l1__context_preferred__sample_0100"", ""proto_sw_3_2__seed_1160715944__global_l1_flow_v3__density_rich__selected_l1_002__L1-Only__independent_l1__context_preferred__sample_0025"", ""proto_sw_3_2__seed_1160715944__global_l1_flow_v3__density_rich__selected_l1_004__L1-Only__independent_l1__context_preferred__sample_0075"", ""proto_sw_3_2__seed_1160715944__global_l1_flow_v3__density_rich__selected_l1_006__L1-Only__independent_l1__context_preferred__sample_0125"", ""proto_sw_3_2__seed_1160715944__global_l1_flow_v3__density_rich__selected_l1_001__Y-2C__open_asymmetric__context_preferred__sample_0023""]","{""selected_l1_001"": ""OPPOSED_L2_PAIR"", ""selected_l1_002"": ""L1_ONLY"", ""selected_l1_003"": ""L1_ONLY"", ""selected_l1_004"": ""L1_ONLY"", ""selected_l1_005"": ""L1_ONLY"", ""selected_l1_006"": ""L1_ONLY"", ""selected_l1_007"": ""L1_ONLY""}",194,0,1,0.002041300000200863,proto_sw_3_2__seed_1160715944__global_l1_flow_v3__density_rich,proto_sw_3_2__seed_1160715944__global_l1_flow_v3__density_rich__unit_candidates_v2,b33e74b73708ce36e6024496b7f2f45d99f79ccd94258dd2c617ef7f1f2fe9b8
C085,proto_sw_3_2,swept,simple,1,100000,MB-L2,LocalGreedy@B,1,,1,1,1,success,,"[""proto_sw_3_2__seed_2781254137__global_l1_flow_v3__density_simple__selected_l1_001__Y-C__balanced_s__context_opposed__sample_0004"", ""proto_sw_3_2__seed_2781254137__global_l1_flow_v3__density_simple__selected_l1_004__L1-Only__independent_l1__context_preferred__sample_0075"", ""proto_sw_3_2__seed_2781254137__global_l1_flow_v3__density_simple__selected_l1_002__L1-Only__independent_l1__context_preferred__sample_0025"", ""proto_sw_3_2__seed_2781254137__global_l1_flow_v3__density_simple__selected_l1_003__L1-Only__independent_l1__context_preferred__sample_0050"", ""proto_sw_3_2__seed_2781254137__global_l1_flow_v3__density_simple__selected_l1_005__L1-Only__independent_l1__context_preferred__sample_0100""]","{""selected_l1_001"": ""SINGLE_L2_LEFT"", ""selected_l1_002"": ""L1_ONLY"", ""selected_l1_003"": ""L1_ONLY"", ""selected_l1_004"": ""L1_ONLY"", ""selected_l1_005"": ""L1_ONLY""}",5,0,1,0.001114900000175112,proto_sw_3_2__seed_2781254137__global_l1_flow_v3__density_simple,proto_sw_3_2__seed_2781254137__global_l1_flow_v3__density_simple__unit_candidates_v2,b28af89300964117daa151c49237f22783c27d5c920b3017d167b57ccc2c449c
C085,proto_sw_3_2,swept,simple,1,100000,MB-L2,Ours@B,1,,1,1,1,success,,"[""proto_sw_3_2__seed_2781254137__global_l1_flow_v3__density_simple__selected_l1_001__L1-Only__independent_l1__context_preferred__sample_0000"", ""proto_sw_3_2__seed_2781254137__global_l1_flow_v3__density_simple__selected_l1_004__L1-Only__independent_l1__context_preferred__sample_0075"", ""proto_sw_3_2__seed_2781254137__global_l1_flow_v3__density_simple__selected_l1_002__Y-C__compact_c__context_preferred__sample_0026"", ""proto_sw_3_2__seed_2781254137__global_l1_flow_v3__density_simple__selected_l1_003__L1-Only__independent_l1__context_preferred__sample_0050"", ""proto_sw_3_2__seed_2781254137__global_l1_flow_v3__density_simple__selected_l1_005__L1-Only__independent_l1__context_preferred__sample_0100""]","{""selected_l1_001"": ""L1_ONLY"", ""selected_l1_002"": ""SINGLE_L2_LEFT"", ""selected_l1_003"": ""L1_ONLY"", ""selected_l1_004"": ""L1_ONLY"", ""selected_l1_005"": ""L1_ONLY""}",531,0,1,0.0031322999998337764,proto_sw_3_2__seed_2781254137__global_l1_flow_v3__density_simple,proto_sw_3_2__seed_2781254137__global_l1_flow_v3__density_simple__unit_candidates_v2,b28af89300964117daa151c49237f22783c27d5c920b3017d167b57ccc2c449c
C085,proto_sw_3_2,swept,simple,1,100000,MB-L2,LocalGreedy@B,2,,2,2,1,success,,"[""proto_sw_3_2__seed_2781254137__global_l1_flow_v3__density_simple__selected_l1_001__Y-C__balanced_s__context_opposed__sample_0004"", ""proto_sw_3_2__seed_2781254137__global_l1_flow_v3__density_simple__selected_l1_004__L1-Only__independent_l1__context_preferred__sample_0075"", ""proto_sw_3_2__seed_2781254137__global_l1_flow_v3__density_simple__selected_l1_002__L1-Only__independent_l1__context_preferred__sample_0025"", ""proto_sw_3_2__seed_2781254137__global_l1_flow_v3__density_simple__selected_l1_003__L1-Only__independent_l1__context_preferred__sample_0050"", ""proto_sw_3_2__seed_2781254137__global_l1_flow_v3__density_simple__selected_l1_005__Y-C__balanced_s__context_opposed__sample_0104""]","{""selected_l1_001"": ""SINGLE_L2_LEFT"", ""selected_l1_002"": ""L1_ONLY"", ""selected_l1_003"": ""L1_ONLY"", ""selected_l1_004"": ""L1_ONLY"", ""selected_l1_005"": ""SINGLE_L2_LEFT""}",5,0,1,0.0006255999996938044,proto_sw_3_2__seed_2781254137__global_l1_flow_v3__density_simple,proto_sw_3_2__seed_2781254137__global_l1_flow_v3__density_simple__unit_candidates_v2,b28af89300964117daa151c49237f22783c27d5c920b3017d167b57ccc2c449c
C085,proto_sw_3_2,swept,simple,1,100000,MB-L2,Ours@B,2,,2,2,1,success,,"[""proto_sw_3_2__seed_2781254137__global_l1_flow_v3__density_simple__selected_l1_001__L1-Only__independent_l1__context_preferred__sample_0000"", ""proto_sw_3_2__seed_2781254137__global_l1_flow_v3__density_simple__selected_l1_004__Y-C__open_c__context_preferred__sample_0080"", ""proto_sw_3_2__seed_2781254137__global_l1_flow_v3__density_simple__selected_l1_002__Y-C__compact_c__context_preferred__sample_0026"", ""proto_sw_3_2__seed_2781254137__global_l1_flow_v3__density_simple__selected_l1_003__L1-Only__independent_l1__context_preferred__sample_0050"", ""proto_sw_3_2__seed_2781254137__global_l1_flow_v3__density_simple__selected_l1_005__L1-Only__independent_l1__context_preferred__sample_0100""]","{""selected_l1_001"": ""L1_ONLY"", ""selected_l1_002"": ""SINGLE_L2_LEFT"", ""selected_l1_003"": ""L1_ONLY"", ""selected_l1_004"": ""SINGLE_L2_LEFT"", ""selected_l1_005"": ""L1_ONLY""}",354,0,1,0.003044400000362657,proto_sw_3_2__seed_2781254137__global_l1_flow_v3__density_simple,proto_sw_3_2__seed_2781254137__global_l1_flow_v3__density_simple__unit_candidates_v2,b28af89300964117daa151c49237f22783c27d5c920b3017d167b57ccc2c449c
C085,proto_sw_3_2,swept,simple,1,100000,MB-L2,LocalGreedy@B,3,,3,2,1,success,,"[""proto_sw_3_2__seed_2781254137__global_l1_flow_v3__density_simple__selected_l1_001__Y-C__balanced_s__context_opposed__sample_0004"", ""proto_sw_3_2__seed_2781254137__global_l1_flow_v3__density_simple__selected_l1_004__L1-Only__independent_l1__context_preferred__sample_0075"", ""proto_sw_3_2__seed_2781254137__global_l1_flow_v3__density_simple__selected_l1_002__L1-Only__independent_l1__context_preferred__sample_0025"", ""proto_sw_3_2__seed_2781254137__global_l1_flow_v3__density_simple__selected_l1_003__L1-Only__independent_l1__context_preferred__sample_0050"", ""proto_sw_3_2__seed_2781254137__global_l1_flow_v3__density_simple__selected_l1_005__Y-2C__nested_s__context_preferred__sample_0115""]","{""selected_l1_001"": ""SINGLE_L2_LEFT"", ""selected_l1_002"": ""L1_ONLY"", ""selected_l1_003"": ""L1_ONLY"", ""selected_l1_004"": ""L1_ONLY"", ""selected_l1_005"": ""OPPOSED_L2_PAIR""}",5,0,1,0.0009259999997084378,proto_sw_3_2__seed_2781254137__global_l1_flow_v3__density_simple,proto_sw_3_2__seed_2781254137__global_l1_flow_v3__density_simple__unit_candidates_v2,b28af89300964117daa151c49237f22783c27d5c920b3017d167b57ccc2c449c
C085,proto_sw_3_2,swept,simple,1,100000,MB-L2,Ours@B,3,,3,2,1,success,,"[""proto_sw_3_2__seed_2781254137__global_l1_flow_v3__density_simple__selected_l1_001__L1-Only__independent_l1__context_preferred__sample_0000"", ""proto_sw_3_2__seed_2781254137__global_l1_flow_v3__density_simple__selected_l1_004__L1-Only__independent_l1__context_preferred__sample_0075"", ""proto_sw_3_2__seed_2781254137__global_l1_flow_v3__density_simple__selected_l1_002__Y-C__compact_c__context_preferred__sample_0026"", ""proto_sw_3_2__seed_2781254137__global_l1_flow_v3__density_simple__selected_l1_003__L1-Only__independent_l1__context_preferred__sample_0050"", ""proto_sw_3_2__seed_2781254137__global_l1_flow_v3__density_simple__selected_l1_005__Y-2C__open_asymmetric__context_preferred__sample_0111""]","{""selected_l1_001"": ""L1_ONLY"", ""selected_l1_002"": ""SINGLE_L2_LEFT"", ""selected_l1_003"": ""L1_ONLY"", ""selected_l1_004"": ""L1_ONLY"", ""selected_l1_005"": ""OPPOSED_L2_PAIR""}",895,0,1,0.002632500000345317,proto_sw_3_2__seed_2781254137__global_l1_flow_v3__density_simple,proto_sw_3_2__seed_2781254137__global_l1_flow_v3__density_simple__unit_candidates_v2,b28af89300964117daa151c49237f22783c27d5c920b3017d167b57ccc2c449c
C085,proto_sw_3_2,swept,simple,1,100000,MB-L2,LocalGreedy@B,4,,3,2,0,budget_not_attained,sequential irreversible pass ended below target B,"[""proto_sw_3_2__seed_2781254137__global_l1_flow_v3__density_simple__selected_l1_001__Y-C__balanced_s__context_opposed__sample_0004"", ""proto_sw_3_2__seed_2781254137__global_l1_flow_v3__density_simple__selected_l1_004__L1-Only__independent_l1__context_preferred__sample_0075"", ""proto_sw_3_2__seed_2781254137__global_l1_flow_v3__density_simple__selected_l1_002__L1-Only__independent_l1__context_preferred__sample_0025"", ""proto_sw_3_2__seed_2781254137__global_l1_flow_v3__density_simple__selected_l1_003__L1-Only__independent_l1__context_preferred__sample_0050"", ""proto_sw_3_2__seed_2781254137__global_l1_flow_v3__density_simple__selected_l1_005__Y-2C__nested_s__context_preferred__sample_0115""]","{""selected_l1_001"": ""SINGLE_L2_LEFT"", ""selected_l1_002"": ""L1_ONLY"", ""selected_l1_003"": ""L1_ONLY"", ""selected_l1_004"": ""L1_ONLY"", ""selected_l1_005"": ""OPPOSED_L2_PAIR""}",5,0,1,0.000990300000012212,proto_sw_3_2__seed_2781254137__global_l1_flow_v3__density_simple,proto_sw_3_2__seed_2781254137__global_l1_flow_v3__density_simple__unit_candidates_v2,b28af89300964117daa151c49237f22783c27d5c920b3017d167b57ccc2c449c
C085,proto_sw_3_2,swept,simple,1,100000,MB-L2,Ours@B,4,,4,2,1,success,,"[""proto_sw_3_2__seed_2781254137__global_l1_flow_v3__density_simple__selected_l1_001__L1-Only__independent_l1__context_preferred__sample_0000"", ""proto_sw_3_2__seed_2781254137__global_l1_flow_v3__density_simple__selected_l1_004__L1-Only__independent_l1__context_preferred__sample_0075"", ""proto_sw_3_2__seed_2781254137__global_l1_flow_v3__density_simple__selected_l1_002__L1-Only__independent_l1__context_preferred__sample_0025"", ""proto_sw_3_2__seed_2781254137__global_l1_flow_v3__density_simple__selected_l1_003__Y-2C__staggered_c__context_preferred__sample_0063"", ""proto_sw_3_2__seed_2781254137__global_l1_flow_v3__density_simple__selected_l1_005__Y-2C__open_asymmetric__context_preferred__sample_0111""]","{""selected_l1_001"": ""L1_ONLY"", ""selected_l1_002"": ""L1_ONLY"", ""selected_l1_003"": ""OPPOSED_L2_PAIR"", ""selected_l1_004"": ""L1_ONLY"", ""selected_l1_005"": ""OPPOSED_L2_PAIR""}",109,0,1,0.0014353000001392502,proto_sw_3_2__seed_2781254137__global_l1_flow_v3__density_simple,proto_sw_3_2__seed_2781254137__global_l1_flow_v3__density_simple__unit_candidates_v2,b28af89300964117daa151c49237f22783c27d5c920b3017d167b57ccc2c449c
C086,proto_sw_3_2,swept,simple,2,100012,MB-L2,LocalGreedy@B,1,,1,1,1,success,,"[""proto_sw_3_2__seed_608345505__global_l1_flow_v3__density_simple__selected_l1_004__L1-Only__independent_l1__context_preferred__sample_0075"", ""proto_sw_3_2__seed_608345505__global_l1_flow_v3__density_simple__selected_l1_005__L1-Only__independent_l1__context_preferred__sample_0100"", ""proto_sw_3_2__seed_608345505__global_l1_flow_v3__density_simple__selected_l1_003__L1-Only__independent_l1__context_preferred__sample_0050"", ""proto_sw_3_2__seed_608345505__global_l1_flow_v3__density_simple__selected_l1_002__L1-Only__independent_l1__context_preferred__sample_0025"", ""proto_sw_3_2__seed_608345505__global_l1_flow_v3__density_simple__selected_l1_001__Y-C__balanced_s__context_opposed__sample_0004""]","{""selected_l1_001"": ""SINGLE_L2_LEFT"", ""selected_l1_002"": ""L1_ONLY"", ""selected_l1_003"": ""L1_ONLY"", ""selected_l1_004"": ""L1_ONLY"", ""selected_l1_005"": ""L1_ONLY""}",5,0,1,0.0009548000002723711,proto_sw_3_2__seed_608345505__global_l1_flow_v3__density_simple,proto_sw_3_2__seed_608345505__global_l1_flow_v3__density_simple__unit_candidates_v2,9b6b5bad1213ab4d8a33d856ab58646f5f8659e56fd9884b6babbbb0369c0998
C086,proto_sw_3_2,swept,simple,2,100012,MB-L2,Ours@B,1,,1,1,1,success,,"[""proto_sw_3_2__seed_608345505__global_l1_flow_v3__density_simple__selected_l1_004__L1-Only__independent_l1__context_preferred__sample_0075"", ""proto_sw_3_2__seed_608345505__global_l1_flow_v3__density_simple__selected_l1_005__L1-Only__independent_l1__context_preferred__sample_0100"", ""proto_sw_3_2__seed_608345505__global_l1_flow_v3__density_simple__selected_l1_003__L1-Only__independent_l1__context_preferred__sample_0050"", ""proto_sw_3_2__seed_608345505__global_l1_flow_v3__density_simple__selected_l1_002__L1-Only__independent_l1__context_preferred__sample_0025"", ""proto_sw_3_2__seed_608345505__global_l1_flow_v3__density_simple__selected_l1_001__Y-C__compact_c__context_opposed__sample_0002""]","{""selected_l1_001"": ""SINGLE_L2_LEFT"", ""selected_l1_002"": ""L1_ONLY"", ""selected_l1_003"": ""L1_ONLY"", ""selected_l1_004"": ""L1_ONLY"", ""selected_l1_005"": ""L1_ONLY""}",447,0,1,0.00344409999979689,proto_sw_3_2__seed_608345505__global_l1_flow_v3__density_simple,proto_sw_3_2__seed_608345505__global_l1_flow_v3__density_simple__unit_candidates_v2,9b6b5bad1213ab4d8a33d856ab58646f5f8659e56fd9884b6babbbb0369c0998
C086,proto_sw_3_2,swept,simple,2,100012,MB-L2,LocalGreedy@B,2,,2,1,1,success,,"[""proto_sw_3_2__seed_608345505__global_l1_flow_v3__density_simple__selected_l1_004__L1-Only__independent_l1__context_preferred__sample_0075"", ""proto_sw_3_2__seed_608345505__global_l1_flow_v3__density_simple__selected_l1_005__L1-Only__independent_l1__context_preferred__sample_0100"", ""proto_sw_3_2__seed_608345505__global_l1_flow_v3__density_simple__selected_l1_003__L1-Only__independent_l1__context_preferred__sample_0050"", ""proto_sw_3_2__seed_608345505__global_l1_flow_v3__density_simple__selected_l1_002__L1-Only__independent_l1__context_preferred__sample_0025"", ""proto_sw_3_2__seed_608345505__global_l1_flow_v3__density_simple__selected_l1_001__Y-2C__nested_s__context_preferred__sample_0009""]","{""selected_l1_001"": ""OPPOSED_L2_PAIR"", ""selected_l1_002"": ""L1_ONLY"", ""selected_l1_003"": ""L1_ONLY"", ""selected_l1_004"": ""L1_ONLY"", ""selected_l1_005"": ""L1_ONLY""}",5,0,1,0.0012964000002284592,proto_sw_3_2__seed_608345505__global_l1_flow_v3__density_simple,proto_sw_3_2__seed_608345505__global_l1_flow_v3__density_simple__unit_candidates_v2,9b6b5bad1213ab4d8a33d856ab58646f5f8659e56fd9884b6babbbb0369c0998
C086,proto_sw_3_2,swept,simple,2,100012,MB-L2,Ours@B,2,,2,2,1,success,,"[""proto_sw_3_2__seed_608345505__global_l1_flow_v3__density_simple__selected_l1_004__L1-Only__independent_l1__context_preferred__sample_0075"", ""proto_sw_3_2__seed_608345505__global_l1_flow_v3__density_simple__selected_l1_005__Y-C__compact_c__context_preferred__sample_0101"", ""proto_sw_3_2__seed_608345505__global_l1_flow_v3__density_simple__selected_l1_003__L1-Only__independent_l1__context_preferred__sample_0050"", ""proto_sw_3_2__seed_608345505__global_l1_flow_v3__density_simple__selected_l1_002__L1-Only__independent_l1__context_preferred__sample_0025"", ""proto_sw_3_2__seed_608345505__global_l1_flow_v3__density_simple__selected_l1_001__Y-C__compact_c__context_opposed__sample_0002""]","{""selected_l1_001"": ""SINGLE_L2_LEFT"", ""selected_l1_002"": ""L1_ONLY"", ""selected_l1_003"": ""L1_ONLY"", ""selected_l1_004"": ""L1_ONLY"", ""selected_l1_005"": ""SINGLE_L2_RIGHT""}",142,0,1,0.0025709999999889988,proto_sw_3_2__seed_608345505__global_l1_flow_v3__density_simple,proto_sw_3_2__seed_608345505__global_l1_flow_v3__density_simple__unit_candidates_v2,9b6b5bad1213ab4d8a33d856ab58646f5f8659e56fd9884b6babbbb0369c0998
C086,proto_sw_3_2,swept,simple,2,100012,MB-L2,LocalGreedy@B,3,,3,2,1,success,,"[""proto_sw_3_2__seed_608345505__global_l1_flow_v3__density_simple__selected_l1_004__Y-C__balanced_s__context_opposed__sample_0079"", ""proto_sw_3_2__seed_608345505__global_l1_flow_v3__density_simple__selected_l1_005__L1-Only__independent_l1__context_preferred__sample_0100"", ""proto_sw_3_2__seed_608345505__global_l1_flow_v3__density_simple__selected_l1_003__L1-Only__independent_l1__context_preferred__sample_0050"", ""proto_sw_3_2__seed_608345505__global_l1_flow_v3__density_simple__selected_l1_002__L1-Only__independent_l1__context_preferred__sample_0025"", ""proto_sw_3_2__seed_608345505__global_l1_flow_v3__density_simple__selected_l1_001__Y-2C__nested_s__context_preferred__sample_0009""]","{""selected_l1_001"": ""OPPOSED_L2_PAIR"", ""selected_l1_002"": ""L1_ONLY"", ""selected_l1_003"": ""L1_ONLY"", ""selected_l1_004"": ""SINGLE_L2_LEFT"", ""selected_l1_005"": ""L1_ONLY""}",5,0,1,0.000767200000154844,proto_sw_3_2__seed_608345505__global_l1_flow_v3__density_simple,proto_sw_3_2__seed_608345505__global_l1_flow_v3__density_simple__unit_candidates_v2,9b6b5bad1213ab4d8a33d856ab58646f5f8659e56fd9884b6babbbb0369c0998
C086,proto_sw_3_2,swept,simple,2,100012,MB-L2,Ours@B,3,,3,2,1,success,,"[""proto_sw_3_2__seed_608345505__global_l1_flow_v3__density_simple__selected_l1_004__L1-Only__independent_l1__context_preferred__sample_0075"", ""proto_sw_3_2__seed_608345505__global_l1_flow_v3__density_simple__selected_l1_005__Y-C__compact_c__context_preferred__sample_0101"", ""proto_sw_3_2__seed_608345505__global_l1_flow_v3__density_simple__selected_l1_003__L1-Only__independent_l1__context_preferred__sample_0050"", ""proto_sw_3_2__seed_608345505__global_l1_flow_v3__density_simple__selected_l1_002__Y-2C__nested_s__context_preferred__sample_0046"", ""proto_sw_3_2__seed_608345505__global_l1_flow_v3__density_simple__selected_l1_001__L1-Only__independent_l1__context_preferred__sample_0000""]","{""selected_l1_001"": ""L1_ONLY"", ""selected_l1_002"": ""OPPOSED_L2_PAIR"", ""selected_l1_003"": ""L1_ONLY"", ""selected_l1_004"": ""L1_ONLY"", ""selected_l1_005"": ""SINGLE_L2_RIGHT""}",1555,0,1,0.006404400000064925,proto_sw_3_2__seed_608345505__global_l1_flow_v3__density_simple,proto_sw_3_2__seed_608345505__global_l1_flow_v3__density_simple__unit_candidates_v2,9b6b5bad1213ab4d8a33d856ab58646f5f8659e56fd9884b6babbbb0369c0998
C086,proto_sw_3_2,swept,simple,2,100012,MB-L2,LocalGreedy@B,4,,3,2,0,budget_not_attained,sequential irreversible pass ended below target B,"[""proto_sw_3_2__seed_608345505__global_l1_flow_v3__density_simple__selected_l1_004__Y-C__balanced_s__context_opposed__sample_0079"", ""proto_sw_3_2__seed_608345505__global_l1_flow_v3__density_simple__selected_l1_005__L1-Only__independent_l1__context_preferred__sample_0100"", ""proto_sw_3_2__seed_608345505__global_l1_flow_v3__density_simple__selected_l1_003__L1-Only__independent_l1__context_preferred__sample_0050"", ""proto_sw_3_2__seed_608345505__global_l1_flow_v3__density_simple__selected_l1_002__L1-Only__independent_l1__context_preferred__sample_0025"", ""proto_sw_3_2__seed_608345505__global_l1_flow_v3__density_simple__selected_l1_001__Y-2C__nested_s__context_preferred__sample_0009""]","{""selected_l1_001"": ""OPPOSED_L2_PAIR"", ""selected_l1_002"": ""L1_ONLY"", ""selected_l1_003"": ""L1_ONLY"", ""selected_l1_004"": ""SINGLE_L2_LEFT"", ""selected_l1_005"": ""L1_ONLY""}",5,0,1,0.000665000000026339,proto_sw_3_2__seed_608345505__global_l1_flow_v3__density_simple,proto_sw_3_2__seed_608345505__global_l1_flow_v3__density_simple__unit_candidates_v2,9b6b5bad1213ab4d8a33d856ab58646f5f8659e56fd9884b6babbbb0369c0998
C086,proto_sw_3_2,swept,simple,2,100012,MB-L2,Ours@B,4,,4,2,1,success,,"[""proto_sw_3_2__seed_608345505__global_l1_flow_v3__density_simple__selected_l1_004__L1-Only__independent_l1__context_preferred__sample_0075"", ""proto_sw_3_2__seed_608345505__global_l1_flow_v3__density_simple__selected_l1_005__L1-Only__independent_l1__context_preferred__sample_0100"", ""proto_sw_3_2__seed_608345505__global_l1_flow_v3__density_simple__selected_l1_003__L1-Only__independent_l1__context_preferred__sample_0050"", ""proto_sw_3_2__seed_608345505__global_l1_flow_v3__density_simple__selected_l1_002__Y-2C__nested_s__context_preferred__sample_0046"", ""proto_sw_3_2__seed_608345505__global_l1_flow_v3__density_simple__selected_l1_001__Y-2C__staggered_c__context_preferred__sample_0007""]","{""selected_l1_001"": ""OPPOSED_L2_PAIR"", ""selected_l1_002"": ""OPPOSED_L2_PAIR"", ""selected_l1_003"": ""L1_ONLY"", ""selected_l1_004"": ""L1_ONLY"", ""selected_l1_005"": ""L1_ONLY""}",536,0,1,0.002041899999767338,proto_sw_3_2__seed_608345505__global_l1_flow_v3__density_simple,proto_sw_3_2__seed_608345505__global_l1_flow_v3__density_simple__unit_candidates_v2,9b6b5bad1213ab4d8a33d856ab58646f5f8659e56fd9884b6babbbb0369c0998
C087,proto_sw_3_2,swept,medium,1,100007,MB-L2,LocalGreedy@B,1,,1,1,1,success,,"[""proto_sw_3_2__seed_3756345937__global_l1_flow_v3__density_medium__selected_l1_001__L1-Only__independent_l1__context_preferred__sample_0000"", ""proto_sw_3_2__seed_3756345937__global_l1_flow_v3__density_medium__selected_l1_006__Y-C__balanced_s__context_opposed__sample_0129"", ""proto_sw_3_2__seed_3756345937__global_l1_flow_v3__density_medium__selected_l1_002__L1-Only__independent_l1__context_preferred__sample_0025"", ""proto_sw_3_2__seed_3756345937__global_l1_flow_v3__density_medium__selected_l1_003__L1-Only__independent_l1__context_preferred__sample_0050"", ""proto_sw_3_2__seed_3756345937__global_l1_flow_v3__density_medium__selected_l1_005__L1-Only__independent_l1__context_preferred__sample_0100"", ""proto_sw_3_2__seed_3756345937__global_l1_flow_v3__density_medium__selected_l1_004__L1-Only__independent_l1__context_preferred__sample_0075""]","{""selected_l1_001"": ""L1_ONLY"", ""selected_l1_002"": ""L1_ONLY"", ""selected_l1_003"": ""L1_ONLY"", ""selected_l1_004"": ""L1_ONLY"", ""selected_l1_005"": ""L1_ONLY"", ""selected_l1_006"": ""SINGLE_L2_RIGHT""}",6,0,1,0.000951200000145036,proto_sw_3_2__seed_3756345937__global_l1_flow_v3__density_medium,proto_sw_3_2__seed_3756345937__global_l1_flow_v3__density_medium__unit_candidates_v2,d40a945696d127c26219d6ef51b1716123b4b39e06936393d3ced29bc58e2e27
C087,proto_sw_3_2,swept,medium,1,100007,MB-L2,Ours@B,1,,1,1,1,success,,"[""proto_sw_3_2__seed_3756345937__global_l1_flow_v3__density_medium__selected_l1_001__L1-Only__independent_l1__context_preferred__sample_0000"", ""proto_sw_3_2__seed_3756345937__global_l1_flow_v3__density_medium__selected_l1_006__L1-Only__independent_l1__context_preferred__sample_0125"", ""proto_sw_3_2__seed_3756345937__global_l1_flow_v3__density_medium__selected_l1_002__Y-C__open_c__context_opposed__sample_0031"", ""proto_sw_3_2__seed_3756345937__global_l1_flow_v3__density_medium__selected_l1_003__L1-Only__independent_l1__context_preferred__sample_0050"", ""proto_sw_3_2__seed_3756345937__global_l1_flow_v3__density_medium__selected_l1_005__L1-Only__independent_l1__context_preferred__sample_0100"", ""proto_sw_3_2__seed_3756345937__global_l1_flow_v3__density_medium__selected_l1_004__L1-Only__independent_l1__context_preferred__sample_0075""]","{""selected_l1_001"": ""L1_ONLY"", ""selected_l1_002"": ""SINGLE_L2_LEFT"", ""selected_l1_003"": ""L1_ONLY"", ""selected_l1_004"": ""L1_ONLY"", ""selected_l1_005"": ""L1_ONLY"", ""selected_l1_006"": ""L1_ONLY""}",704,0,1,0.0025752000001375563,proto_sw_3_2__seed_3756345937__global_l1_flow_v3__density_medium,proto_sw_3_2__seed_3756345937__global_l1_flow_v3__density_medium__unit_candidates_v2,d40a945696d127c26219d6ef51b1716123b4b39e06936393d3ced29bc58e2e27
C087,proto_sw_3_2,swept,medium,1,100007,MB-L2,LocalGreedy@B,2,,2,2,1,success,,"[""proto_sw_3_2__seed_3756345937__global_l1_flow_v3__density_medium__selected_l1_001__L1-Only__independent_l1__context_preferred__sample_0000"", ""proto_sw_3_2__seed_3756345937__global_l1_flow_v3__density_medium__selected_l1_006__Y-C__balanced_s__context_opposed__sample_0129"", ""proto_sw_3_2__seed_3756345937__global_l1_flow_v3__density_medium__selected_l1_002__L1-Only__independent_l1__context_preferred__sample_0025"", ""proto_sw_3_2__seed_3756345937__global_l1_flow_v3__density_medium__selected_l1_003__L1-Only__independent_l1__context_preferred__sample_0050"", ""proto_sw_3_2__seed_3756345937__global_l1_flow_v3__density_medium__selected_l1_005__Y-C__balanced_s__context_preferred__sample_0103"", ""proto_sw_3_2__seed_3756345937__global_l1_flow_v3__density_medium__selected_l1_004__L1-Only__independent_l1__context_preferred__sample_0075""]","{""selected_l1_001"": ""L1_ONLY"", ""selected_l1_002"": ""L1_ONLY"", ""selected_l1_003"": ""L1_ONLY"", ""selected_l1_004"": ""L1_ONLY"", ""selected_l1_005"": ""SINGLE_L2_RIGHT"", ""selected_l1_006"": ""SINGLE_L2_RIGHT""}",6,0,1,0.0011421999997764942,proto_sw_3_2__seed_3756345937__global_l1_flow_v3__density_medium,proto_sw_3_2__seed_3756345937__global_l1_flow_v3__density_medium__unit_candidates_v2,d40a945696d127c26219d6ef51b1716123b4b39e06936393d3ced29bc58e2e27
C087,proto_sw_3_2,swept,medium,1,100007,MB-L2,Ours@B,2,,2,2,1,success,,"[""proto_sw_3_2__seed_3756345937__global_l1_flow_v3__density_medium__selected_l1_001__L1-Only__independent_l1__context_preferred__sample_0000"", ""proto_sw_3_2__seed_3756345937__global_l1_flow_v3__density_medium__selected_l1_006__Y-C__open_c__context_opposed__sample_0131"", ""proto_sw_3_2__seed_3756345937__global_l1_flow_v3__density_medium__selected_l1_002__Y-C__open_c__context_opposed__sample_0031"", ""proto_sw_3_2__seed_3756345937__global_l1_flow_v3__density_medium__selected_l1_003__L1-Only__independent_l1__context_preferred__sample_0050"", ""proto_sw_3_2__seed_3756345937__global_l1_flow_v3__density_medium__selected_l1_005__L1-Only__independent_l1__context_preferred__sample_0100"", ""proto_sw_3_2__seed_3756345937__global_l1_flow_v3__density_medium__selected_l1_004__L1-Only__independent_l1__context_preferred__sample_0075""]","{""selected_l1_001"": ""L1_ONLY"", ""selected_l1_002"": ""SINGLE_L2_LEFT"", ""selected_l1_003"": ""L1_ONLY"", ""selected_l1_004"": ""L1_ONLY"", ""selected_l1_005"": ""L1_ONLY"", ""selected_l1_006"": ""SINGLE_L2_RIGHT""}",568,0,1,0.002264299999751529,proto_sw_3_2__seed_3756345937__global_l1_flow_v3__density_medium,proto_sw_3_2__seed_3756345937__global_l1_flow_v3__density_medium__unit_candidates_v2,d40a945696d127c26219d6ef51b1716123b4b39e06936393d3ced29bc58e2e27
C087,proto_sw_3_2,swept,medium,1,100007,MB-L2,LocalGreedy@B,3,,3,2,1,success,,"[""proto_sw_3_2__seed_3756345937__global_l1_flow_v3__density_medium__selected_l1_001__L1-Only__independent_l1__context_preferred__sample_0000"", ""proto_sw_3_2__seed_3756345937__global_l1_flow_v3__density_medium__selected_l1_006__Y-C__balanced_s__context_opposed__sample_0129"", ""proto_sw_3_2__seed_3756345937__global_l1_flow_v3__density_medium__selected_l1_002__L1-Only__independent_l1__context_preferred__sample_0025"", ""proto_sw_3_2__seed_3756345937__global_l1_flow_v3__density_medium__selected_l1_003__L1-Only__independent_l1__context_preferred__sample_0050"", ""proto_sw_3_2__seed_3756345937__global_l1_flow_v3__density_medium__selected_l1_005__Y-2C__open_asymmetric__context_preferred__sample_0111"", ""proto_sw_3_2__seed_3756345937__global_l1_flow_v3__density_medium__selected_l1_004__L1-Only__independent_l1__context_preferred__sample_0075""]","{""selected_l1_001"": ""L1_ONLY"", ""selected_l1_002"": ""L1_ONLY"", ""selected_l1_003"": ""L1_ONLY"", ""selected_l1_004"": ""L1_ONLY"", ""selected_l1_005"": ""OPPOSED_L2_PAIR"", ""selected_l1_006"": ""SINGLE_L2_RIGHT""}",6,0,1,0.0011719999997694686,proto_sw_3_2__seed_3756345937__global_l1_flow_v3__density_medium,proto_sw_3_2__seed_3756345937__global_l1_flow_v3__density_medium__unit_candidates_v2,d40a945696d127c26219d6ef51b1716123b4b39e06936393d3ced29bc58e2e27
C087,proto_sw_3_2,swept,medium,1,100007,MB-L2,Ours@B,3,,3,2,1,success,,"[""proto_sw_3_2__seed_3756345937__global_l1_flow_v3__density_medium__selected_l1_001__L1-Only__independent_l1__context_preferred__sample_0000"", ""proto_sw_3_2__seed_3756345937__global_l1_flow_v3__density_medium__selected_l1_006__L1-Only__independent_l1__context_preferred__sample_0125"", ""proto_sw_3_2__seed_3756345937__global_l1_flow_v3__density_medium__selected_l1_002__Y-C__open_c__context_opposed__sample_0031"", ""proto_sw_3_2__seed_3756345937__global_l1_flow_v3__density_medium__selected_l1_003__L1-Only__independent_l1__context_preferred__sample_0050"", ""proto_sw_3_2__seed_3756345937__global_l1_flow_v3__density_medium__selected_l1_005__Y-2C__staggered_c__context_preferred__sample_0113"", ""proto_sw_3_2__seed_3756345937__global_l1_flow_v3__density_medium__selected_l1_004__L1-Only__independent_l1__context_preferred__sample_0075""]","{""selected_l1_001"": ""L1_ONLY"", ""selected_l1_002"": ""SINGLE_L2_LEFT"", ""selected_l1_003"": ""L1_ONLY"", ""selected_l1_004"": ""L1_ONLY"", ""selected_l1_005"": ""OPPOSED_L2_PAIR"", ""selected_l1_006"": ""L1_ONLY""}",653,0,1,0.002563000000009197,proto_sw_3_2__seed_3756345937__global_l1_flow_v3__density_medium,proto_sw_3_2__seed_3756345937__global_l1_flow_v3__density_medium__unit_candidates_v2,d40a945696d127c26219d6ef51b1716123b4b39e06936393d3ced29bc58e2e27
C087,proto_sw_3_2,swept,medium,1,100007,MB-L2,LocalGreedy@B,4,,3,2,0,budget_not_attained,sequential irreversible pass ended below target B,"[""proto_sw_3_2__seed_3756345937__global_l1_flow_v3__density_medium__selected_l1_001__L1-Only__independent_l1__context_preferred__sample_0000"", ""proto_sw_3_2__seed_3756345937__global_l1_flow_v3__density_medium__selected_l1_006__Y-C__balanced_s__context_opposed__sample_0129"", ""proto_sw_3_2__seed_3756345937__global_l1_flow_v3__density_medium__selected_l1_002__L1-Only__independent_l1__context_preferred__sample_0025"", ""proto_sw_3_2__seed_3756345937__global_l1_flow_v3__density_medium__selected_l1_003__L1-Only__independent_l1__context_preferred__sample_0050"", ""proto_sw_3_2__seed_3756345937__global_l1_flow_v3__density_medium__selected_l1_005__Y-2C__open_asymmetric__context_preferred__sample_0111"", ""proto_sw_3_2__seed_3756345937__global_l1_flow_v3__density_medium__selected_l1_004__L1-Only__independent_l1__context_preferred__sample_0075""]","{""selected_l1_001"": ""L1_ONLY"", ""selected_l1_002"": ""L1_ONLY"", ""selected_l1_003"": ""L1_ONLY"", ""selected_l1_004"": ""L1_ONLY"", ""selected_l1_005"": ""OPPOSED_L2_PAIR"", ""selected_l1_006"": ""SINGLE_L2_RIGHT""}",6,0,1,0.0006587000002582499,proto_sw_3_2__seed_3756345937__global_l1_flow_v3__density_medium,proto_sw_3_2__seed_3756345937__global_l1_flow_v3__density_medium__unit_candidates_v2,d40a945696d127c26219d6ef51b1716123b4b39e06936393d3ced29bc58e2e27
C087,proto_sw_3_2,swept,medium,1,100007,MB-L2,Ours@B,4,,4,2,1,success,,"[""proto_sw_3_2__seed_3756345937__global_l1_flow_v3__density_medium__selected_l1_001__L1-Only__independent_l1__context_preferred__sample_0000"", ""proto_sw_3_2__seed_3756345937__global_l1_flow_v3__density_medium__selected_l1_006__L1-Only__independent_l1__context_preferred__sample_0125"", ""proto_sw_3_2__seed_3756345937__global_l1_flow_v3__density_medium__selected_l1_002__L1-Only__independent_l1__context_preferred__sample_0025"", ""proto_sw_3_2__seed_3756345937__global_l1_flow_v3__density_medium__selected_l1_003__L1-Only__independent_l1__context_preferred__sample_0050"", ""proto_sw_3_2__seed_3756345937__global_l1_flow_v3__density_medium__selected_l1_005__Y-2C__staggered_c__context_preferred__sample_0113"", ""proto_sw_3_2__seed_3756345937__global_l1_flow_v3__density_medium__selected_l1_004__Y-2C__open_asymmetric__context_preferred__sample_0098""]","{""selected_l1_001"": ""L1_ONLY"", ""selected_l1_002"": ""L1_ONLY"", ""selected_l1_003"": ""L1_ONLY"", ""selected_l1_004"": ""OPPOSED_L2_PAIR"", ""selected_l1_005"": ""OPPOSED_L2_PAIR"", ""selected_l1_006"": ""L1_ONLY""}",170,0,1,0.001566599999932805,proto_sw_3_2__seed_3756345937__global_l1_flow_v3__density_medium,proto_sw_3_2__seed_3756345937__global_l1_flow_v3__density_medium__unit_candidates_v2,d40a945696d127c26219d6ef51b1716123b4b39e06936393d3ced29bc58e2e27
C088,proto_sw_3_2,swept,medium,2,100010,MB-L2,LocalGreedy@B,1,,1,1,1,success,,"[""proto_sw_3_2__seed_1989963110__global_l1_flow_v3__density_medium__selected_l1_005__L1-Only__independent_l1__context_preferred__sample_0100"", ""proto_sw_3_2__seed_1989963110__global_l1_flow_v3__density_medium__selected_l1_004__L1-Only__independent_l1__context_preferred__sample_0075"", ""proto_sw_3_2__seed_1989963110__global_l1_flow_v3__density_medium__selected_l1_001__L1-Only__independent_l1__context_preferred__sample_0000"", ""proto_sw_3_2__seed_1989963110__global_l1_flow_v3__density_medium__selected_l1_006__Y-C__balanced_s__context_preferred__sample_0128"", ""proto_sw_3_2__seed_1989963110__global_l1_flow_v3__density_medium__selected_l1_002__L1-Only__independent_l1__context_preferred__sample_0025"", ""proto_sw_3_2__seed_1989963110__global_l1_flow_v3__density_medium__selected_l1_003__L1-Only__independent_l1__context_preferred__sample_0050""]","{""selected_l1_001"": ""L1_ONLY"", ""selected_l1_002"": ""L1_ONLY"", ""selected_l1_003"": ""L1_ONLY"", ""selected_l1_004"": ""L1_ONLY"", ""selected_l1_005"": ""L1_ONLY"", ""selected_l1_006"": ""SINGLE_L2_LEFT""}",6,0,1,0.000821900000119058,proto_sw_3_2__seed_1989963110__global_l1_flow_v3__density_medium,proto_sw_3_2__seed_1989963110__global_l1_flow_v3__density_medium__unit_candidates_v2,c771377d35c2ae702df5bdfe596f6f6d2f3837d8e42070c99d32c800eb76509b
C088,proto_sw_3_2,swept,medium,2,100010,MB-L2,Ours@B,1,,1,1,1,success,,"[""proto_sw_3_2__seed_1989963110__global_l1_flow_v3__density_medium__selected_l1_005__L1-Only__independent_l1__context_preferred__sample_0100"", ""proto_sw_3_2__seed_1989963110__global_l1_flow_v3__density_medium__selected_l1_004__L1-Only__independent_l1__context_preferred__sample_0075"", ""proto_sw_3_2__seed_1989963110__global_l1_flow_v3__density_medium__selected_l1_001__Y-C__open_c__context_preferred__sample_0005"", ""proto_sw_3_2__seed_1989963110__global_l1_flow_v3__density_medium__selected_l1_006__L1-Only__independent_l1__context_preferred__sample_0125"", ""proto_sw_3_2__seed_1989963110__global_l1_flow_v3__density_medium__selected_l1_002__L1-Only__independent_l1__context_preferred__sample_0025"", ""proto_sw_3_2__seed_1989963110__global_l1_flow_v3__density_medium__selected_l1_003__L1-Only__independent_l1__context_preferred__sample_0050""]","{""selected_l1_001"": ""SINGLE_L2_LEFT"", ""selected_l1_002"": ""L1_ONLY"", ""selected_l1_003"": ""L1_ONLY"", ""selected_l1_004"": ""L1_ONLY"", ""selected_l1_005"": ""L1_ONLY"", ""selected_l1_006"": ""L1_ONLY""}",202,0,1,0.0016050000003815512,proto_sw_3_2__seed_1989963110__global_l1_flow_v3__density_medium,proto_sw_3_2__seed_1989963110__global_l1_flow_v3__density_medium__unit_candidates_v2,c771377d35c2ae702df5bdfe596f6f6d2f3837d8e42070c99d32c800eb76509b
C088,proto_sw_3_2,swept,medium,2,100010,MB-L2,LocalGreedy@B,2,,2,1,1,success,,"[""proto_sw_3_2__seed_1989963110__global_l1_flow_v3__density_medium__selected_l1_005__L1-Only__independent_l1__context_preferred__sample_0100"", ""proto_sw_3_2__seed_1989963110__global_l1_flow_v3__density_medium__selected_l1_004__L1-Only__independent_l1__context_preferred__sample_0075"", ""proto_sw_3_2__seed_1989963110__global_l1_flow_v3__density_medium__selected_l1_001__L1-Only__independent_l1__context_preferred__sample_0000"", ""proto_sw_3_2__seed_1989963110__global_l1_flow_v3__density_medium__selected_l1_006__Y-2C__open_asymmetric__context_preferred__sample_0142"", ""proto_sw_3_2__seed_1989963110__global_l1_flow_v3__density_medium__selected_l1_002__L1-Only__independent_l1__context_preferred__sample_0025"", ""proto_sw_3_2__seed_1989963110__global_l1_flow_v3__density_medium__selected_l1_003__L1-Only__independent_l1__context_preferred__sample_0050""]","{""selected_l1_001"": ""L1_ONLY"", ""selected_l1_002"": ""L1_ONLY"", ""selected_l1_003"": ""L1_ONLY"", ""selected_l1_004"": ""L1_ONLY"", ""selected_l1_005"": ""L1_ONLY"", ""selected_l1_006"": ""OPPOSED_L2_PAIR""}",6,0,1,0.0011276999998699466,proto_sw_3_2__seed_1989963110__global_l1_flow_v3__density_medium,proto_sw_3_2__seed_1989963110__global_l1_flow_v3__density_medium__unit_candidates_v2,c771377d35c2ae702df5bdfe596f6f6d2f3837d8e42070c99d32c800eb76509b
C088,proto_sw_3_2,swept,medium,2,100010,MB-L2,Ours@B,2,,2,1,1,success,,"[""proto_sw_3_2__seed_1989963110__global_l1_flow_v3__density_medium__selected_l1_005__L1-Only__independent_l1__context_preferred__sample_0100"", ""proto_sw_3_2__seed_1989963110__global_l1_flow_v3__density_medium__selected_l1_004__L1-Only__independent_l1__context_preferred__sample_0075"", ""proto_sw_3_2__seed_1989963110__global_l1_flow_v3__density_medium__selected_l1_001__Y-2C__staggered_c__context_preferred__sample_0019"", ""proto_sw_3_2__seed_1989963110__global_l1_flow_v3__density_medium__selected_l1_006__L1-Only__independent_l1__context_preferred__sample_0125"", ""proto_sw_3_2__seed_1989963110__global_l1_flow_v3__density_medium__selected_l1_002__L1-Only__independent_l1__context_preferred__sample_0025"", ""proto_sw_3_2__seed_1989963110__global_l1_flow_v3__density_medium__selected_l1_003__L1-Only__independent_l1__context_preferred__sample_0050""]","{""selected_l1_001"": ""OPPOSED_L2_PAIR"", ""selected_l1_002"": ""L1_ONLY"", ""selected_l1_003"": ""L1_ONLY"", ""selected_l1_004"": ""L1_ONLY"", ""selected_l1_005"": ""L1_ONLY"", ""selected_l1_006"": ""L1_ONLY""}",94,0,1,0.0020557999996526632,proto_sw_3_2__seed_1989963110__global_l1_flow_v3__density_medium,proto_sw_3_2__seed_1989963110__global_l1_flow_v3__density_medium__unit_candidates_v2,c771377d35c2ae702df5bdfe596f6f6d2f3837d8e42070c99d32c800eb76509b
C089,proto_sw_3_2,swept,rich,1,100009,MB-L2,LocalGreedy@B,1,,1,1,1,success,,"[""proto_sw_3_2__seed_548579369__global_l1_flow_v3__density_rich__selected_l1_007__L1-Only__independent_l1__context_preferred__sample_0150"", ""proto_sw_3_2__seed_548579369__global_l1_flow_v3__density_rich__selected_l1_001__L1-Only__independent_l1__context_preferred__sample_0000"", ""proto_sw_3_2__seed_548579369__global_l1_flow_v3__density_rich__selected_l1_006__L1-Only__independent_l1__context_preferred__sample_0125"", ""proto_sw_3_2__seed_548579369__global_l1_flow_v3__density_rich__selected_l1_002__L1-Only__independent_l1__context_preferred__sample_0025"", ""proto_sw_3_2__seed_548579369__global_l1_flow_v3__density_rich__selected_l1_003__L1-Only__independent_l1__context_preferred__sample_0050"", ""proto_sw_3_2__seed_548579369__global_l1_flow_v3__density_rich__selected_l1_004__L1-Only__independent_l1__context_preferred__sample_0075"", ""proto_sw_3_2__seed_548579369__global_l1_flow_v3__density_rich__selected_l1_005__Y-C__compact_c__context_opposed__sample_0102""]","{""selected_l1_001"": ""L1_ONLY"", ""selected_l1_002"": ""L1_ONLY"", ""selected_l1_003"": ""L1_ONLY"", ""selected_l1_004"": ""L1_ONLY"", ""selected_l1_005"": ""SINGLE_L2_RIGHT"", ""selected_l1_006"": ""L1_ONLY"", ""selected_l1_007"": ""L1_ONLY""}",7,0,1,0.0009033999999701336,proto_sw_3_2__seed_548579369__global_l1_flow_v3__density_rich,proto_sw_3_2__seed_548579369__global_l1_flow_v3__density_rich__unit_candidates_v2,62061f2b65c3199c52fcd16ceee84696efacf891dc7d1f58973dd1fce3875c81
C089,proto_sw_3_2,swept,rich,1,100009,MB-L2,Ours@B,1,,1,1,1,success,,"[""proto_sw_3_2__seed_548579369__global_l1_flow_v3__density_rich__selected_l1_007__L1-Only__independent_l1__context_preferred__sample_0150"", ""proto_sw_3_2__seed_548579369__global_l1_flow_v3__density_rich__selected_l1_001__L1-Only__independent_l1__context_preferred__sample_0000"", ""proto_sw_3_2__seed_548579369__global_l1_flow_v3__density_rich__selected_l1_006__L1-Only__independent_l1__context_preferred__sample_0125"", ""proto_sw_3_2__seed_548579369__global_l1_flow_v3__density_rich__selected_l1_002__L1-Only__independent_l1__context_preferred__sample_0025"", ""proto_sw_3_2__seed_548579369__global_l1_flow_v3__density_rich__selected_l1_003__Y-C__compact_c__context_opposed__sample_0052"", ""proto_sw_3_2__seed_548579369__global_l1_flow_v3__density_rich__selected_l1_004__L1-Only__independent_l1__context_preferred__sample_0075"", ""proto_sw_3_2__seed_548579369__global_l1_flow_v3__density_rich__selected_l1_005__L1-Only__independent_l1__context_preferred__sample_0100""]","{""selected_l1_001"": ""L1_ONLY"", ""selected_l1_002"": ""L1_ONLY"", ""selected_l1_003"": ""SINGLE_L2_LEFT"", ""selected_l1_004"": ""L1_ONLY"", ""selected_l1_005"": ""L1_ONLY"", ""selected_l1_006"": ""L1_ONLY"", ""selected_l1_007"": ""L1_ONLY""}",571,0,1,0.0037130999999135383,proto_sw_3_2__seed_548579369__global_l1_flow_v3__density_rich,proto_sw_3_2__seed_548579369__global_l1_flow_v3__density_rich__unit_candidates_v2,62061f2b65c3199c52fcd16ceee84696efacf891dc7d1f58973dd1fce3875c81
C089,proto_sw_3_2,swept,rich,1,100009,MB-L2,LocalGreedy@B,2,,2,1,1,success,,"[""proto_sw_3_2__seed_548579369__global_l1_flow_v3__density_rich__selected_l1_007__L1-Only__independent_l1__context_preferred__sample_0150"", ""proto_sw_3_2__seed_548579369__global_l1_flow_v3__density_rich__selected_l1_001__L1-Only__independent_l1__context_preferred__sample_0000"", ""proto_sw_3_2__seed_548579369__global_l1_flow_v3__density_rich__selected_l1_006__L1-Only__independent_l1__context_preferred__sample_0125"", ""proto_sw_3_2__seed_548579369__global_l1_flow_v3__density_rich__selected_l1_002__L1-Only__independent_l1__context_preferred__sample_0025"", ""proto_sw_3_2__seed_548579369__global_l1_flow_v3__density_rich__selected_l1_003__L1-Only__independent_l1__context_preferred__sample_0050"", ""proto_sw_3_2__seed_548579369__global_l1_flow_v3__density_rich__selected_l1_004__L1-Only__independent_l1__context_preferred__sample_0075"", ""proto_sw_3_2__seed_548579369__global_l1_flow_v3__density_rich__selected_l1_005__Y-2C__nested_s__context_preferred__sample_0109""]","{""selected_l1_001"": ""L1_ONLY"", ""selected_l1_002"": ""L1_ONLY"", ""selected_l1_003"": ""L1_ONLY"", ""selected_l1_004"": ""L1_ONLY"", ""selected_l1_005"": ""OPPOSED_L2_PAIR"", ""selected_l1_006"": ""L1_ONLY"", ""selected_l1_007"": ""L1_ONLY""}",7,0,1,0.0010081000000354834,proto_sw_3_2__seed_548579369__global_l1_flow_v3__density_rich,proto_sw_3_2__seed_548579369__global_l1_flow_v3__density_rich__unit_candidates_v2,62061f2b65c3199c52fcd16ceee84696efacf891dc7d1f58973dd1fce3875c81
C089,proto_sw_3_2,swept,rich,1,100009,MB-L2,Ours@B,2,,2,2,1,success,,"[""proto_sw_3_2__seed_548579369__global_l1_flow_v3__density_rich__selected_l1_007__Y-C__open_c__context_opposed__sample_0156"", ""proto_sw_3_2__seed_548579369__global_l1_flow_v3__density_rich__selected_l1_001__L1-Only__independent_l1__context_preferred__sample_0000"", ""proto_sw_3_2__seed_548579369__global_l1_flow_v3__density_rich__selected_l1_006__L1-Only__independent_l1__context_preferred__sample_0125"", ""proto_sw_3_2__seed_548579369__global_l1_flow_v3__density_rich__selected_l1_002__L1-Only__independent_l1__context_preferred__sample_0025"", ""proto_sw_3_2__seed_548579369__global_l1_flow_v3__density_rich__selected_l1_003__Y-C__compact_c__context_opposed__sample_0052"", ""proto_sw_3_2__seed_548579369__global_l1_flow_v3__density_rich__selected_l1_004__L1-Only__independent_l1__context_preferred__sample_0075"", ""proto_sw_3_2__seed_548579369__global_l1_flow_v3__density_rich__selected_l1_005__L1-Only__independent_l1__context_preferred__sample_0100""]","{""selected_l1_001"": ""L1_ONLY"", ""selected_l1_002"": ""L1_ONLY"", ""selected_l1_003"": ""SINGLE_L2_LEFT"", ""selected_l1_004"": ""L1_ONLY"", ""selected_l1_005"": ""L1_ONLY"", ""selected_l1_006"": ""L1_ONLY"", ""selected_l1_007"": ""SINGLE_L2_LEFT""}",2800,0,1,0.00572199999987788,proto_sw_3_2__seed_548579369__global_l1_flow_v3__density_rich,proto_sw_3_2__seed_548579369__global_l1_flow_v3__density_rich__unit_candidates_v2,62061f2b65c3199c52fcd16ceee84696efacf891dc7d1f58973dd1fce3875c81
C089,proto_sw_3_2,swept,rich,1,100009,MB-L2,LocalGreedy@B,3,,3,2,1,success,,"[""proto_sw_3_2__seed_548579369__global_l1_flow_v3__density_rich__selected_l1_007__Y-C__balanced_s__context_opposed__sample_0154"", ""proto_sw_3_2__seed_548579369__global_l1_flow_v3__density_rich__selected_l1_001__L1-Only__independent_l1__context_preferred__sample_0000"", ""proto_sw_3_2__seed_548579369__global_l1_flow_v3__density_rich__selected_l1_006__L1-Only__independent_l1__context_preferred__sample_0125"", ""proto_sw_3_2__seed_548579369__global_l1_flow_v3__density_rich__selected_l1_002__L1-Only__independent_l1__context_preferred__sample_0025"", ""proto_sw_3_2__seed_548579369__global_l1_flow_v3__density_rich__selected_l1_003__L1-Only__independent_l1__context_preferred__sample_0050"", ""proto_sw_3_2__seed_548579369__global_l1_flow_v3__density_rich__selected_l1_004__L1-Only__independent_l1__context_preferred__sample_0075"", ""proto_sw_3_2__seed_548579369__global_l1_flow_v3__density_rich__selected_l1_005__Y-2C__nested_s__context_preferred__sample_0109""]","{""selected_l1_001"": ""L1_ONLY"", ""selected_l1_002"": ""L1_ONLY"", ""selected_l1_003"": ""L1_ONLY"", ""selected_l1_004"": ""L1_ONLY"", ""selected_l1_005"": ""OPPOSED_L2_PAIR"", ""selected_l1_006"": ""L1_ONLY"", ""selected_l1_007"": ""SINGLE_L2_RIGHT""}",7,0,1,0.0011361000001670618,proto_sw_3_2__seed_548579369__global_l1_flow_v3__density_rich,proto_sw_3_2__seed_548579369__global_l1_flow_v3__density_rich__unit_candidates_v2,62061f2b65c3199c52fcd16ceee84696efacf891dc7d1f58973dd1fce3875c81
C089,proto_sw_3_2,swept,rich,1,100009,MB-L2,Ours@B,3,,3,3,1,success,,"[""proto_sw_3_2__seed_548579369__global_l1_flow_v3__density_rich__selected_l1_007__Y-C__open_c__context_opposed__sample_0156"", ""proto_sw_3_2__seed_548579369__global_l1_flow_v3__density_rich__selected_l1_001__L1-Only__independent_l1__context_preferred__sample_0000"", ""proto_sw_3_2__seed_548579369__global_l1_flow_v3__density_rich__selected_l1_006__L1-Only__independent_l1__context_preferred__sample_0125"", ""proto_sw_3_2__seed_548579369__global_l1_flow_v3__density_rich__selected_l1_002__L1-Only__independent_l1__context_preferred__sample_0025"", ""proto_sw_3_2__seed_548579369__global_l1_flow_v3__density_rich__selected_l1_003__Y-C__compact_c__context_opposed__sample_0052"", ""proto_sw_3_2__seed_548579369__global_l1_flow_v3__density_rich__selected_l1_004__L1-Only__independent_l1__context_preferred__sample_0075"", ""proto_sw_3_2__seed_548579369__global_l1_flow_v3__density_rich__selected_l1_005__Y-C__compact_c__context_opposed__sample_0102""]","{""selected_l1_001"": ""L1_ONLY"", ""selected_l1_002"": ""L1_ONLY"", ""selected_l1_003"": ""SINGLE_L2_LEFT"", ""selected_l1_004"": ""L1_ONLY"", ""selected_l1_005"": ""SINGLE_L2_RIGHT"", ""selected_l1_006"": ""L1_ONLY"", ""selected_l1_007"": ""SINGLE_L2_LEFT""}",4074,0,1,0.007292400000096677,proto_sw_3_2__seed_548579369__global_l1_flow_v3__density_rich,proto_sw_3_2__seed_548579369__global_l1_flow_v3__density_rich__unit_candidates_v2,62061f2b65c3199c52fcd16ceee84696efacf891dc7d1f58973dd1fce3875c81
C089,proto_sw_3_2,swept,rich,1,100009,MB-L2,LocalGreedy@B,4,,4,3,1,success,,"[""proto_sw_3_2__seed_548579369__global_l1_flow_v3__density_rich__selected_l1_007__Y-C__balanced_s__context_opposed__sample_0154"", ""proto_sw_3_2__seed_548579369__global_l1_flow_v3__density_rich__selected_l1_001__L1-Only__independent_l1__context_preferred__sample_0000"", ""proto_sw_3_2__seed_548579369__global_l1_flow_v3__density_rich__selected_l1_006__L1-Only__independent_l1__context_preferred__sample_0125"", ""proto_sw_3_2__seed_548579369__global_l1_flow_v3__density_rich__selected_l1_002__L1-Only__independent_l1__context_preferred__sample_0025"", ""proto_sw_3_2__seed_548579369__global_l1_flow_v3__density_rich__selected_l1_003__Y-C__balanced_s__context_preferred__sample_0053"", ""proto_sw_3_2__seed_548579369__global_l1_flow_v3__density_rich__selected_l1_004__L1-Only__independent_l1__context_preferred__sample_0075"", ""proto_sw_3_2__seed_548579369__global_l1_flow_v3__density_rich__selected_l1_005__Y-2C__nested_s__context_preferred__sample_0109""]","{""selected_l1_001"": ""L1_ONLY"", ""selected_l1_002"": ""L1_ONLY"", ""selected_l1_003"": ""SINGLE_L2_RIGHT"", ""selected_l1_004"": ""L1_ONLY"", ""selected_l1_005"": ""OPPOSED_L2_PAIR"", ""selected_l1_006"": ""L1_ONLY"", ""selected_l1_007"": ""SINGLE_L2_RIGHT""}",7,0,1,0.0006843999999546213,proto_sw_3_2__seed_548579369__global_l1_flow_v3__density_rich,proto_sw_3_2__seed_548579369__global_l1_flow_v3__density_rich__unit_candidates_v2,62061f2b65c3199c52fcd16ceee84696efacf891dc7d1f58973dd1fce3875c81
C089,proto_sw_3_2,swept,rich,1,100009,MB-L2,Ours@B,4,,4,3,1,success,,"[""proto_sw_3_2__seed_548579369__global_l1_flow_v3__density_rich__selected_l1_007__L1-Only__independent_l1__context_preferred__sample_0150"", ""proto_sw_3_2__seed_548579369__global_l1_flow_v3__density_rich__selected_l1_001__L1-Only__independent_l1__context_preferred__sample_0000"", ""proto_sw_3_2__seed_548579369__global_l1_flow_v3__density_rich__selected_l1_006__L1-Only__independent_l1__context_preferred__sample_0125"", ""proto_sw_3_2__seed_548579369__global_l1_flow_v3__density_rich__selected_l1_002__L1-Only__independent_l1__context_preferred__sample_0025"", ""proto_sw_3_2__seed_548579369__global_l1_flow_v3__density_rich__selected_l1_003__Y-C__compact_c__context_opposed__sample_0052"", ""proto_sw_3_2__seed_548579369__global_l1_flow_v3__density_rich__selected_l1_004__Y-2C__staggered_c__context_preferred__sample_0082"", ""proto_sw_3_2__seed_548579369__global_l1_flow_v3__density_rich__selected_l1_005__Y-C__compact_c__context_opposed__sample_0102""]","{""selected_l1_001"": ""L1_ONLY"", ""selected_l1_002"": ""L1_ONLY"", ""selected_l1_003"": ""SINGLE_L2_LEFT"", ""selected_l1_004"": ""OPPOSED_L2_PAIR"", ""selected_l1_005"": ""SINGLE_L2_RIGHT"", ""selected_l1_006"": ""L1_ONLY"", ""selected_l1_007"": ""L1_ONLY""}",4672,0,1,0.010715600000366976,proto_sw_3_2__seed_548579369__global_l1_flow_v3__density_rich,proto_sw_3_2__seed_548579369__global_l1_flow_v3__density_rich__unit_candidates_v2,62061f2b65c3199c52fcd16ceee84696efacf891dc7d1f58973dd1fce3875c81
C089,proto_sw_3_2,swept,rich,1,100009,MB-L2,LocalGreedy@B,5,,4,3,0,budget_not_attained,sequential irreversible pass ended below target B,"[""proto_sw_3_2__seed_548579369__global_l1_flow_v3__density_rich__selected_l1_007__Y-C__balanced_s__context_opposed__sample_0154"", ""proto_sw_3_2__seed_548579369__global_l1_flow_v3__density_rich__selected_l1_001__L1-Only__independent_l1__context_preferred__sample_0000"", ""proto_sw_3_2__seed_548579369__global_l1_flow_v3__density_rich__selected_l1_006__L1-Only__independent_l1__context_preferred__sample_0125"", ""proto_sw_3_2__seed_548579369__global_l1_flow_v3__density_rich__selected_l1_002__L1-Only__independent_l1__context_preferred__sample_0025"", ""proto_sw_3_2__seed_548579369__global_l1_flow_v3__density_rich__selected_l1_003__Y-C__balanced_s__context_preferred__sample_0053"", ""proto_sw_3_2__seed_548579369__global_l1_flow_v3__density_rich__selected_l1_004__L1-Only__independent_l1__context_preferred__sample_0075"", ""proto_sw_3_2__seed_548579369__global_l1_flow_v3__density_rich__selected_l1_005__Y-2C__nested_s__context_preferred__sample_0109""]","{""selected_l1_001"": ""L1_ONLY"", ""selected_l1_002"": ""L1_ONLY"", ""selected_l1_003"": ""SINGLE_L2_RIGHT"", ""selected_l1_004"": ""L1_ONLY"", ""selected_l1_005"": ""OPPOSED_L2_PAIR"", ""selected_l1_006"": ""L1_ONLY"", ""selected_l1_007"": ""SINGLE_L2_RIGHT""}",7,0,1,0.0007995999999366177,proto_sw_3_2__seed_548579369__global_l1_flow_v3__density_rich,proto_sw_3_2__seed_548579369__global_l1_flow_v3__density_rich__unit_candidates_v2,62061f2b65c3199c52fcd16ceee84696efacf891dc7d1f58973dd1fce3875c81
C089,proto_sw_3_2,swept,rich,1,100009,MB-L2,Ours@B,5,,5,3,1,success,,"[""proto_sw_3_2__seed_548579369__global_l1_flow_v3__density_rich__selected_l1_007__L1-Only__independent_l1__context_preferred__sample_0150"", ""proto_sw_3_2__seed_548579369__global_l1_flow_v3__density_rich__selected_l1_001__L1-Only__independent_l1__context_preferred__sample_0000"", ""proto_sw_3_2__seed_548579369__global_l1_flow_v3__density_rich__selected_l1_006__Y-C__open_c__context_preferred__sample_0130"", ""proto_sw_3_2__seed_548579369__global_l1_flow_v3__density_rich__selected_l1_002__L1-Only__independent_l1__context_preferred__sample_0025"", ""proto_sw_3_2__seed_548579369__global_l1_flow_v3__density_rich__selected_l1_003__L1-Only__independent_l1__context_preferred__sample_0050"", ""proto_sw_3_2__seed_548579369__global_l1_flow_v3__density_rich__selected_l1_004__Y-2C__open_asymmetric__context_preferred__sample_0092"", ""proto_sw_3_2__seed_548579369__global_l1_flow_v3__density_rich__selected_l1_005__Y-2C__nested_s__context_preferred__sample_0121""]","{""selected_l1_001"": ""L1_ONLY"", ""selected_l1_002"": ""L1_ONLY"", ""selected_l1_003"": ""L1_ONLY"", ""selected_l1_004"": ""OPPOSED_L2_PAIR"", ""selected_l1_005"": ""OPPOSED_L2_PAIR"", ""selected_l1_006"": ""SINGLE_L2_RIGHT"", ""selected_l1_007"": ""L1_ONLY""}",1580,0,1,0.005441199999950186,proto_sw_3_2__seed_548579369__global_l1_flow_v3__density_rich,proto_sw_3_2__seed_548579369__global_l1_flow_v3__density_rich__unit_candidates_v2,62061f2b65c3199c52fcd16ceee84696efacf891dc7d1f58973dd1fce3875c81
C089,proto_sw_3_2,swept,rich,1,100009,MB-L2,LocalGreedy@B,6,,4,3,0,budget_not_attained,sequential irreversible pass ended below target B,"[""proto_sw_3_2__seed_548579369__global_l1_flow_v3__density_rich__selected_l1_007__Y-C__balanced_s__context_opposed__sample_0154"", ""proto_sw_3_2__seed_548579369__global_l1_flow_v3__density_rich__selected_l1_001__L1-Only__independent_l1__context_preferred__sample_0000"", ""proto_sw_3_2__seed_548579369__global_l1_flow_v3__density_rich__selected_l1_006__L1-Only__independent_l1__context_preferred__sample_0125"", ""proto_sw_3_2__seed_548579369__global_l1_flow_v3__density_rich__selected_l1_002__L1-Only__independent_l1__context_preferred__sample_0025"", ""proto_sw_3_2__seed_548579369__global_l1_flow_v3__density_rich__selected_l1_003__Y-C__balanced_s__context_preferred__sample_0053"", ""proto_sw_3_2__seed_548579369__global_l1_flow_v3__density_rich__selected_l1_004__L1-Only__independent_l1__context_preferred__sample_0075"", ""proto_sw_3_2__seed_548579369__global_l1_flow_v3__density_rich__selected_l1_005__Y-2C__nested_s__context_preferred__sample_0109""]","{""selected_l1_001"": ""L1_ONLY"", ""selected_l1_002"": ""L1_ONLY"", ""selected_l1_003"": ""SINGLE_L2_RIGHT"", ""selected_l1_004"": ""L1_ONLY"", ""selected_l1_005"": ""OPPOSED_L2_PAIR"", ""selected_l1_006"": ""L1_ONLY"", ""selected_l1_007"": ""SINGLE_L2_RIGHT""}",7,0,1,0.0007848000000194588,proto_sw_3_2__seed_548579369__global_l1_flow_v3__density_rich,proto_sw_3_2__seed_548579369__global_l1_flow_v3__density_rich__unit_candidates_v2,62061f2b65c3199c52fcd16ceee84696efacf891dc7d1f58973dd1fce3875c81
C089,proto_sw_3_2,swept,rich,1,100009,MB-L2,Ours@B,6,,0,0,0,budget_infeasible,bounded candidate space exhausted without an exact-B composition,[],{},0,0,1,0.0013281000001370558,proto_sw_3_2__seed_548579369__global_l1_flow_v3__density_rich,proto_sw_3_2__seed_548579369__global_l1_flow_v3__density_rich__unit_candidates_v2,62061f2b65c3199c52fcd16ceee84696efacf891dc7d1f58973dd1fce3875c81
C090,proto_sw_3_2,swept,rich,2,100015,MB-L2,LocalGreedy@B,1,,1,1,1,success,,"[""proto_sw_3_2__seed_1105195513__global_l1_flow_v3__density_rich__selected_l1_001__L1-Only__independent_l1__context_preferred__sample_0000"", ""proto_sw_3_2__seed_1105195513__global_l1_flow_v3__density_rich__selected_l1_005__Y-C__compact_c__context_preferred__sample_0101"", ""proto_sw_3_2__seed_1105195513__global_l1_flow_v3__density_rich__selected_l1_002__L1-Only__independent_l1__context_preferred__sample_0025"", ""proto_sw_3_2__seed_1105195513__global_l1_flow_v3__density_rich__selected_l1_004__L1-Only__independent_l1__context_preferred__sample_0075"", ""proto_sw_3_2__seed_1105195513__global_l1_flow_v3__density_rich__selected_l1_007__L1-Only__independent_l1__context_preferred__sample_0150"", ""proto_sw_3_2__seed_1105195513__global_l1_flow_v3__density_rich__selected_l1_003__L1-Only__independent_l1__context_preferred__sample_0050"", ""proto_sw_3_2__seed_1105195513__global_l1_flow_v3__density_rich__selected_l1_006__L1-Only__independent_l1__context_preferred__sample_0125""]","{""selected_l1_001"": ""L1_ONLY"", ""selected_l1_002"": ""L1_ONLY"", ""selected_l1_003"": ""L1_ONLY"", ""selected_l1_004"": ""L1_ONLY"", ""selected_l1_005"": ""SINGLE_L2_RIGHT"", ""selected_l1_006"": ""L1_ONLY"", ""selected_l1_007"": ""L1_ONLY""}",7,0,1,0.0012250999998286716,proto_sw_3_2__seed_1105195513__global_l1_flow_v3__density_rich,proto_sw_3_2__seed_1105195513__global_l1_flow_v3__density_rich__unit_candidates_v2,cc359cbe7a8ca88afcb538eb80d9282cb1a6dbe38a657daa2ba11c492d76550d
C090,proto_sw_3_2,swept,rich,2,100015,MB-L2,Ours@B,1,,1,1,1,success,,"[""proto_sw_3_2__seed_1105195513__global_l1_flow_v3__density_rich__selected_l1_001__L1-Only__independent_l1__context_preferred__sample_0000"", ""proto_sw_3_2__seed_1105195513__global_l1_flow_v3__density_rich__selected_l1_005__L1-Only__independent_l1__context_preferred__sample_0100"", ""proto_sw_3_2__seed_1105195513__global_l1_flow_v3__density_rich__selected_l1_002__L1-Only__independent_l1__context_preferred__sample_0025"", ""proto_sw_3_2__seed_1105195513__global_l1_flow_v3__density_rich__selected_l1_004__Y-C__open_c__context_preferred__sample_0080"", ""proto_sw_3_2__seed_1105195513__global_l1_flow_v3__density_rich__selected_l1_007__L1-Only__independent_l1__context_preferred__sample_0150"", ""proto_sw_3_2__seed_1105195513__global_l1_flow_v3__density_rich__selected_l1_003__L1-Only__independent_l1__context_preferred__sample_0050"", ""proto_sw_3_2__seed_1105195513__global_l1_flow_v3__density_rich__selected_l1_006__L1-Only__independent_l1__context_preferred__sample_0125""]","{""selected_l1_001"": ""L1_ONLY"", ""selected_l1_002"": ""L1_ONLY"", ""selected_l1_003"": ""L1_ONLY"", ""selected_l1_004"": ""SINGLE_L2_RIGHT"", ""selected_l1_005"": ""L1_ONLY"", ""selected_l1_006"": ""L1_ONLY"", ""selected_l1_007"": ""L1_ONLY""}",583,0,1,0.003537300000061805,proto_sw_3_2__seed_1105195513__global_l1_flow_v3__density_rich,proto_sw_3_2__seed_1105195513__global_l1_flow_v3__density_rich__unit_candidates_v2,cc359cbe7a8ca88afcb538eb80d9282cb1a6dbe38a657daa2ba11c492d76550d
C090,proto_sw_3_2,swept,rich,2,100015,MB-L2,LocalGreedy@B,2,,2,2,1,success,,"[""proto_sw_3_2__seed_1105195513__global_l1_flow_v3__density_rich__selected_l1_001__L1-Only__independent_l1__context_preferred__sample_0000"", ""proto_sw_3_2__seed_1105195513__global_l1_flow_v3__density_rich__selected_l1_005__Y-C__compact_c__context_preferred__sample_0101"", ""proto_sw_3_2__seed_1105195513__global_l1_flow_v3__density_rich__selected_l1_002__L1-Only__independent_l1__context_preferred__sample_0025"", ""proto_sw_3_2__seed_1105195513__global_l1_flow_v3__density_rich__selected_l1_004__L1-Only__independent_l1__context_preferred__sample_0075"", ""proto_sw_3_2__seed_1105195513__global_l1_flow_v3__density_rich__selected_l1_007__L1-Only__independent_l1__context_preferred__sample_0150"", ""proto_sw_3_2__seed_1105195513__global_l1_flow_v3__density_rich__selected_l1_003__L1-Only__independent_l1__context_preferred__sample_0050"", ""proto_sw_3_2__seed_1105195513__global_l1_flow_v3__density_rich__selected_l1_006__Y-C__balanced_s__context_opposed__sample_0129""]","{""selected_l1_001"": ""L1_ONLY"", ""selected_l1_002"": ""L1_ONLY"", ""selected_l1_003"": ""L1_ONLY"", ""selected_l1_004"": ""L1_ONLY"", ""selected_l1_005"": ""SINGLE_L2_RIGHT"", ""selected_l1_006"": ""SINGLE_L2_LEFT"", ""selected_l1_007"": ""L1_ONLY""}",7,0,1,0.0011322000000291155,proto_sw_3_2__seed_1105195513__global_l1_flow_v3__density_rich,proto_sw_3_2__seed_1105195513__global_l1_flow_v3__density_rich__unit_candidates_v2,cc359cbe7a8ca88afcb538eb80d9282cb1a6dbe38a657daa2ba11c492d76550d
C090,proto_sw_3_2,swept,rich,2,100015,MB-L2,Ours@B,2,,2,2,1,success,,"[""proto_sw_3_2__seed_1105195513__global_l1_flow_v3__density_rich__selected_l1_001__L1-Only__independent_l1__context_preferred__sample_0000"", ""proto_sw_3_2__seed_1105195513__global_l1_flow_v3__density_rich__selected_l1_005__L1-Only__independent_l1__context_preferred__sample_0100"", ""proto_sw_3_2__seed_1105195513__global_l1_flow_v3__density_rich__selected_l1_002__L1-Only__independent_l1__context_preferred__sample_0025"", ""proto_sw_3_2__seed_1105195513__global_l1_flow_v3__density_rich__selected_l1_004__Y-C__open_c__context_preferred__sample_0080"", ""proto_sw_3_2__seed_1105195513__global_l1_flow_v3__density_rich__selected_l1_007__L1-Only__independent_l1__context_preferred__sample_0150"", ""proto_sw_3_2__seed_1105195513__global_l1_flow_v3__density_rich__selected_l1_003__Y-C__open_c__context_preferred__sample_0055"", ""proto_sw_3_2__seed_1105195513__global_l1_flow_v3__density_rich__selected_l1_006__L1-Only__independent_l1__context_preferred__sample_0125""]","{""selected_l1_001"": ""L1_ONLY"", ""selected_l1_002"": ""L1_ONLY"", ""selected_l1_003"": ""SINGLE_L2_LEFT"", ""selected_l1_004"": ""SINGLE_L2_RIGHT"", ""selected_l1_005"": ""L1_ONLY"", ""selected_l1_006"": ""L1_ONLY"", ""selected_l1_007"": ""L1_ONLY""}",3453,0,1,0.006993800000145711,proto_sw_3_2__seed_1105195513__global_l1_flow_v3__density_rich,proto_sw_3_2__seed_1105195513__global_l1_flow_v3__density_rich__unit_candidates_v2,cc359cbe7a8ca88afcb538eb80d9282cb1a6dbe38a657daa2ba11c492d76550d
C090,proto_sw_3_2,swept,rich,2,100015,MB-L2,LocalGreedy@B,3,,3,2,1,success,,"[""proto_sw_3_2__seed_1105195513__global_l1_flow_v3__density_rich__selected_l1_001__L1-Only__independent_l1__context_preferred__sample_0000"", ""proto_sw_3_2__seed_1105195513__global_l1_flow_v3__density_rich__selected_l1_005__Y-C__compact_c__context_preferred__sample_0101"", ""proto_sw_3_2__seed_1105195513__global_l1_flow_v3__density_rich__selected_l1_002__L1-Only__independent_l1__context_preferred__sample_0025"", ""proto_sw_3_2__seed_1105195513__global_l1_flow_v3__density_rich__selected_l1_004__L1-Only__independent_l1__context_preferred__sample_0075"", ""proto_sw_3_2__seed_1105195513__global_l1_flow_v3__density_rich__selected_l1_007__L1-Only__independent_l1__context_preferred__sample_0150"", ""proto_sw_3_2__seed_1105195513__global_l1_flow_v3__density_rich__selected_l1_003__L1-Only__independent_l1__context_preferred__sample_0050"", ""proto_sw_3_2__seed_1105195513__global_l1_flow_v3__density_rich__selected_l1_006__Y-2C__open_asymmetric__context_preferred__sample_0136""]","{""selected_l1_001"": ""L1_ONLY"", ""selected_l1_002"": ""L1_ONLY"", ""selected_l1_003"": ""L1_ONLY"", ""selected_l1_004"": ""L1_ONLY"", ""selected_l1_005"": ""SINGLE_L2_RIGHT"", ""selected_l1_006"": ""OPPOSED_L2_PAIR"", ""selected_l1_007"": ""L1_ONLY""}",7,0,1,0.0006616999999096151,proto_sw_3_2__seed_1105195513__global_l1_flow_v3__density_rich,proto_sw_3_2__seed_1105195513__global_l1_flow_v3__density_rich__unit_candidates_v2,cc359cbe7a8ca88afcb538eb80d9282cb1a6dbe38a657daa2ba11c492d76550d
C090,proto_sw_3_2,swept,rich,2,100015,MB-L2,Ours@B,3,,3,3,1,success,,"[""proto_sw_3_2__seed_1105195513__global_l1_flow_v3__density_rich__selected_l1_001__L1-Only__independent_l1__context_preferred__sample_0000"", ""proto_sw_3_2__seed_1105195513__global_l1_flow_v3__density_rich__selected_l1_005__L1-Only__independent_l1__context_preferred__sample_0100"", ""proto_sw_3_2__seed_1105195513__global_l1_flow_v3__density_rich__selected_l1_002__L1-Only__independent_l1__context_preferred__sample_0025"", ""proto_sw_3_2__seed_1105195513__global_l1_flow_v3__density_rich__selected_l1_004__Y-C__open_c__context_preferred__sample_0080"", ""proto_sw_3_2__seed_1105195513__global_l1_flow_v3__density_rich__selected_l1_007__L1-Only__independent_l1__context_preferred__sample_0150"", ""proto_sw_3_2__seed_1105195513__global_l1_flow_v3__density_rich__selected_l1_003__Y-C__open_c__context_preferred__sample_0055"", ""proto_sw_3_2__seed_1105195513__global_l1_flow_v3__density_rich__selected_l1_006__Y-C__open_c__context_opposed__sample_0131""]","{""selected_l1_001"": ""L1_ONLY"", ""selected_l1_002"": ""L1_ONLY"", ""selected_l1_003"": ""SINGLE_L2_LEFT"", ""selected_l1_004"": ""SINGLE_L2_RIGHT"", ""selected_l1_005"": ""L1_ONLY"", ""selected_l1_006"": ""SINGLE_L2_LEFT"", ""selected_l1_007"": ""L1_ONLY""}",1135,0,1,0.003568599999653088,proto_sw_3_2__seed_1105195513__global_l1_flow_v3__density_rich,proto_sw_3_2__seed_1105195513__global_l1_flow_v3__density_rich__unit_candidates_v2,cc359cbe7a8ca88afcb538eb80d9282cb1a6dbe38a657daa2ba11c492d76550d
C090,proto_sw_3_2,swept,rich,2,100015,MB-L2,LocalGreedy@B,4,,4,3,1,success,,"[""proto_sw_3_2__seed_1105195513__global_l1_flow_v3__density_rich__selected_l1_001__L1-Only__independent_l1__context_preferred__sample_0000"", ""proto_sw_3_2__seed_1105195513__global_l1_flow_v3__density_rich__selected_l1_005__Y-C__compact_c__context_preferred__sample_0101"", ""proto_sw_3_2__seed_1105195513__global_l1_flow_v3__density_rich__selected_l1_002__Y-C__balanced_s__context_preferred__sample_0028"", ""proto_sw_3_2__seed_1105195513__global_l1_flow_v3__density_rich__selected_l1_004__L1-Only__independent_l1__context_preferred__sample_0075"", ""proto_sw_3_2__seed_1105195513__global_l1_flow_v3__density_rich__selected_l1_007__L1-Only__independent_l1__context_preferred__sample_0150"", ""proto_sw_3_2__seed_1105195513__global_l1_flow_v3__density_rich__selected_l1_003__L1-Only__independent_l1__context_preferred__sample_0050"", ""proto_sw_3_2__seed_1105195513__global_l1_flow_v3__density_rich__selected_l1_006__Y-2C__open_asymmetric__context_preferred__sample_0136""]","{""selected_l1_001"": ""L1_ONLY"", ""selected_l1_002"": ""SINGLE_L2_LEFT"", ""selected_l1_003"": ""L1_ONLY"", ""selected_l1_004"": ""L1_ONLY"", ""selected_l1_005"": ""SINGLE_L2_RIGHT"", ""selected_l1_006"": ""OPPOSED_L2_PAIR"", ""selected_l1_007"": ""L1_ONLY""}",7,0,1,0.0005992000001242559,proto_sw_3_2__seed_1105195513__global_l1_flow_v3__density_rich,proto_sw_3_2__seed_1105195513__global_l1_flow_v3__density_rich__unit_candidates_v2,cc359cbe7a8ca88afcb538eb80d9282cb1a6dbe38a657daa2ba11c492d76550d
C090,proto_sw_3_2,swept,rich,2,100015,MB-L2,Ours@B,4,,4,3,1,success,,"[""proto_sw_3_2__seed_1105195513__global_l1_flow_v3__density_rich__selected_l1_001__L1-Only__independent_l1__context_preferred__sample_0000"", ""proto_sw_3_2__seed_1105195513__global_l1_flow_v3__density_rich__selected_l1_005__L1-Only__independent_l1__context_preferred__sample_0100"", ""proto_sw_3_2__seed_1105195513__global_l1_flow_v3__density_rich__selected_l1_002__L1-Only__independent_l1__context_preferred__sample_0025"", ""proto_sw_3_2__seed_1105195513__global_l1_flow_v3__density_rich__selected_l1_004__Y-C__open_c__context_preferred__sample_0080"", ""proto_sw_3_2__seed_1105195513__global_l1_flow_v3__density_rich__selected_l1_007__L1-Only__independent_l1__context_preferred__sample_0150"", ""proto_sw_3_2__seed_1105195513__global_l1_flow_v3__density_rich__selected_l1_003__Y-C__open_c__context_preferred__sample_0055"", ""proto_sw_3_2__seed_1105195513__global_l1_flow_v3__density_rich__selected_l1_006__Y-2C__open_asymmetric__context_preferred__sample_0136""]","{""selected_l1_001"": ""L1_ONLY"", ""selected_l1_002"": ""L1_ONLY"", ""selected_l1_003"": ""SINGLE_L2_LEFT"", ""selected_l1_004"": ""SINGLE_L2_RIGHT"", ""selected_l1_005"": ""L1_ONLY"", ""selected_l1_006"": ""OPPOSED_L2_PAIR"", ""selected_l1_007"": ""L1_ONLY""}",886,0,1,0.0036975000002712477,proto_sw_3_2__seed_1105195513__global_l1_flow_v3__density_rich,proto_sw_3_2__seed_1105195513__global_l1_flow_v3__density_rich__unit_candidates_v2,cc359cbe7a8ca88afcb538eb80d9282cb1a6dbe38a657daa2ba11c492d76550d
C090,proto_sw_3_2,swept,rich,2,100015,MB-L2,LocalGreedy@B,5,,4,3,0,budget_not_attained,sequential irreversible pass ended below target B,"[""proto_sw_3_2__seed_1105195513__global_l1_flow_v3__density_rich__selected_l1_001__L1-Only__independent_l1__context_preferred__sample_0000"", ""proto_sw_3_2__seed_1105195513__global_l1_flow_v3__density_rich__selected_l1_005__Y-C__compact_c__context_preferred__sample_0101"", ""proto_sw_3_2__seed_1105195513__global_l1_flow_v3__density_rich__selected_l1_002__Y-C__balanced_s__context_preferred__sample_0028"", ""proto_sw_3_2__seed_1105195513__global_l1_flow_v3__density_rich__selected_l1_004__L1-Only__independent_l1__context_preferred__sample_0075"", ""proto_sw_3_2__seed_1105195513__global_l1_flow_v3__density_rich__selected_l1_007__L1-Only__independent_l1__context_preferred__sample_0150"", ""proto_sw_3_2__seed_1105195513__global_l1_flow_v3__density_rich__selected_l1_003__L1-Only__independent_l1__context_preferred__sample_0050"", ""proto_sw_3_2__seed_1105195513__global_l1_flow_v3__density_rich__selected_l1_006__Y-2C__open_asymmetric__context_preferred__sample_0136""]","{""selected_l1_001"": ""L1_ONLY"", ""selected_l1_002"": ""SINGLE_L2_LEFT"", ""selected_l1_003"": ""L1_ONLY"", ""selected_l1_004"": ""L1_ONLY"", ""selected_l1_005"": ""SINGLE_L2_RIGHT"", ""selected_l1_006"": ""OPPOSED_L2_PAIR"", ""selected_l1_007"": ""L1_ONLY""}",7,0,1,0.0006165000004330068,proto_sw_3_2__seed_1105195513__global_l1_flow_v3__density_rich,proto_sw_3_2__seed_1105195513__global_l1_flow_v3__density_rich__unit_candidates_v2,cc359cbe7a8ca88afcb538eb80d9282cb1a6dbe38a657daa2ba11c492d76550d
C090,proto_sw_3_2,swept,rich,2,100015,MB-L2,Ours@B,5,,5,3,1,success,,"[""proto_sw_3_2__seed_1105195513__global_l1_flow_v3__density_rich__selected_l1_001__L1-Only__independent_l1__context_preferred__sample_0000"", ""proto_sw_3_2__seed_1105195513__global_l1_flow_v3__density_rich__selected_l1_005__Y-C__compact_c__context_opposed__sample_0102"", ""proto_sw_3_2__seed_1105195513__global_l1_flow_v3__density_rich__selected_l1_002__L1-Only__independent_l1__context_preferred__sample_0025"", ""proto_sw_3_2__seed_1105195513__global_l1_flow_v3__density_rich__selected_l1_004__Y-2C__staggered_c__context_preferred__sample_0094"", ""proto_sw_3_2__seed_1105195513__global_l1_flow_v3__density_rich__selected_l1_007__L1-Only__independent_l1__context_preferred__sample_0150"", ""proto_sw_3_2__seed_1105195513__global_l1_flow_v3__density_rich__selected_l1_003__L1-Only__independent_l1__context_preferred__sample_0050"", ""proto_sw_3_2__seed_1105195513__global_l1_flow_v3__density_rich__selected_l1_006__Y-2C__open_asymmetric__context_preferred__sample_0136""]","{""selected_l1_001"": ""L1_ONLY"", ""selected_l1_002"": ""L1_ONLY"", ""selected_l1_003"": ""L1_ONLY"", ""selected_l1_004"": ""OPPOSED_L2_PAIR"", ""selected_l1_005"": ""SINGLE_L2_RIGHT"", ""selected_l1_006"": ""OPPOSED_L2_PAIR"", ""selected_l1_007"": ""L1_ONLY""}",653,0,1,0.0031336000001829234,proto_sw_3_2__seed_1105195513__global_l1_flow_v3__density_rich,proto_sw_3_2__seed_1105195513__global_l1_flow_v3__density_rich__unit_candidates_v2,cc359cbe7a8ca88afcb538eb80d9282cb1a6dbe38a657daa2ba11c492d76550d
C090,proto_sw_3_2,swept,rich,2,100015,MB-L2,LocalGreedy@B,6,,4,3,0,budget_not_attained,sequential irreversible pass ended below target B,"[""proto_sw_3_2__seed_1105195513__global_l1_flow_v3__density_rich__selected_l1_001__L1-Only__independent_l1__context_preferred__sample_0000"", ""proto_sw_3_2__seed_1105195513__global_l1_flow_v3__density_rich__selected_l1_005__Y-C__compact_c__context_preferred__sample_0101"", ""proto_sw_3_2__seed_1105195513__global_l1_flow_v3__density_rich__selected_l1_002__Y-C__balanced_s__context_preferred__sample_0028"", ""proto_sw_3_2__seed_1105195513__global_l1_flow_v3__density_rich__selected_l1_004__L1-Only__independent_l1__context_preferred__sample_0075"", ""proto_sw_3_2__seed_1105195513__global_l1_flow_v3__density_rich__selected_l1_007__L1-Only__independent_l1__context_preferred__sample_0150"", ""proto_sw_3_2__seed_1105195513__global_l1_flow_v3__density_rich__selected_l1_003__L1-Only__independent_l1__context_preferred__sample_0050"", ""proto_sw_3_2__seed_1105195513__global_l1_flow_v3__density_rich__selected_l1_006__Y-2C__open_asymmetric__context_preferred__sample_0136""]","{""selected_l1_001"": ""L1_ONLY"", ""selected_l1_002"": ""SINGLE_L2_LEFT"", ""selected_l1_003"": ""L1_ONLY"", ""selected_l1_004"": ""L1_ONLY"", ""selected_l1_005"": ""SINGLE_L2_RIGHT"", ""selected_l1_006"": ""OPPOSED_L2_PAIR"", ""selected_l1_007"": ""L1_ONLY""}",7,0,1,0.0005765999999312044,proto_sw_3_2__seed_1105195513__global_l1_flow_v3__density_rich,proto_sw_3_2__seed_1105195513__global_l1_flow_v3__density_rich__unit_candidates_v2,cc359cbe7a8ca88afcb538eb80d9282cb1a6dbe38a657daa2ba11c492d76550d
C090,proto_sw_3_2,swept,rich,2,100015,MB-L2,Ours@B,6,,6,3,1,success,,"[""proto_sw_3_2__seed_1105195513__global_l1_flow_v3__density_rich__selected_l1_001__L1-Only__independent_l1__context_preferred__sample_0000"", ""proto_sw_3_2__seed_1105195513__global_l1_flow_v3__density_rich__selected_l1_005__L1-Only__independent_l1__context_preferred__sample_0100"", ""proto_sw_3_2__seed_1105195513__global_l1_flow_v3__density_rich__selected_l1_002__L1-Only__independent_l1__context_preferred__sample_0025"", ""proto_sw_3_2__seed_1105195513__global_l1_flow_v3__density_rich__selected_l1_004__Y-2C__staggered_c__context_preferred__sample_0094"", ""proto_sw_3_2__seed_1105195513__global_l1_flow_v3__density_rich__selected_l1_007__L1-Only__independent_l1__context_preferred__sample_0150"", ""proto_sw_3_2__seed_1105195513__global_l1_flow_v3__density_rich__selected_l1_003__Y-2C__open_asymmetric__context_preferred__sample_0073"", ""proto_sw_3_2__seed_1105195513__global_l1_flow_v3__density_rich__selected_l1_006__Y-2C__open_asymmetric__context_preferred__sample_0136""]","{""selected_l1_001"": ""L1_ONLY"", ""selected_l1_002"": ""L1_ONLY"", ""selected_l1_003"": ""OPPOSED_L2_PAIR"", ""selected_l1_004"": ""OPPOSED_L2_PAIR"", ""selected_l1_005"": ""L1_ONLY"", ""selected_l1_006"": ""OPPOSED_L2_PAIR"", ""selected_l1_007"": ""L1_ONLY""}",376,0,1,0.0019336999998813553,proto_sw_3_2__seed_1105195513__global_l1_flow_v3__density_rich,proto_sw_3_2__seed_1105195513__global_l1_flow_v3__density_rich__unit_candidates_v2,cc359cbe7a8ca88afcb538eb80d9282cb1a6dbe38a657daa2ba11c492d76550d
