"source","destination","width","height","aspect","saturation","white_fraction","dark_fraction","sha256","status","reason","near_match"
"data\source_candidates\strict_2d_lineart_batch3_20260715\raw_extracted\D01448673\D01448673_tang_ceiling_pattern_p041_i01_x751_374x58.png","candidate_001__D01448673_tang_ceiling_pattern_p041_i01_x751_374x58.png","374","58","6.4483","0.0","0.647","0.0791","70be0ad0d0cd425ad67567289bc3df8b0c279303a9b490a9d25439ce91c2def5","kept_for_visual_review","",""
"data\source_candidates\strict_2d_lineart_batch3_20260715\raw_extracted\D01448673\D01448673_tang_ceiling_pattern_p041_i02_x752_411x36.png","","411","36","11.4167","0.0","0.2478","0.3554","41b110b12c43abdf1eb8d3870f5ca7537fc99f2cd419d42cc7475569f98d8518","auto_rejected","insufficient_white_background",""
"data\source_candidates\strict_2d_lineart_batch3_20260715\raw_extracted\D01448673\D01448673_tang_ceiling_pattern_p043_i00_x767_657x118.png","candidate_002__D01448673_tang_ceiling_pattern_p043_i00_x767_657x118.png","657","118","5.5678","0.0","0.645","0.0845","f35e97884803408754c3a34d3b5d11c371498530400908571bfd3b6aa47dd64f","kept_for_visual_review","",""
"data\source_candidates\strict_2d_lineart_batch3_20260715\raw_extracted\D01448673\D01448673_tang_ceiling_pattern_p043_i01_x768_878x99.png","candidate_003__D01448673_tang_ceiling_pattern_p043_i01_x768_878x99.png","878","99","8.8687","0.0","0.7537","0.0169","581fcf4aac08211d3b17166d2d63c4b069352b29136411e4ec505739528cb443","kept_for_visual_review","",""
"data\source_candidates\strict_2d_lineart_batch3_20260715\raw_extracted\D01448673\D01448673_tang_ceiling_pattern_p043_i02_x769_320x62.png","candidate_004__D01448673_tang_ceiling_pattern_p043_i02_x769_320x62.png","320","62","5.1613","0.0","0.4441","0.2456","5ef681279ecd7671fb3a541aa5d8f613f15a30b636aefa9eb5a8cd97f367896b","kept_for_visual_review","",""
"data\source_candidates\strict_2d_lineart_batch3_20260715\raw_extracted\D01448673\D01448673_tang_ceiling_pattern_p043_i03_x770_447x84.png","candidate_005__D01448673_tang_ceiling_pattern_p043_i03_x770_447x84.png","447","84","5.3214","0.0","0.4791","0.2197","489af8a4a20b4d3ec097cb0c544a1e22118ab37c8fd96786c900bf24f9e2db84","kept_for_visual_review","",""
"data\source_candidates\strict_2d_lineart_batch3_20260715\raw_extracted\D01448673\D01448673_tang_ceiling_pattern_p043_i04_x772_336x35.png","candidate_006__D01448673_tang_ceiling_pattern_p043_i04_x772_336x35.png","336","35","9.6","0.0","0.5999","0.1304","a785ffdca25518684da9fc77cb5463f082eb8b1d4f18c09d7824b53893fe6a63","kept_for_visual_review","",""
"data\source_candidates\strict_2d_lineart_batch3_20260715\raw_extracted\D01448673\D01448673_tang_ceiling_pattern_p043_i05_x773_454x38.png","candidate_007__D01448673_tang_ceiling_pattern_p043_i05_x773_454x38.png","454","38","11.9474","0.0","0.5492","0.133","a37dbaebb91979b5593cdf81c45f1cc50ab7b1c9758eda72f24ecec324c6ad29","kept_for_visual_review","",""
"data\source_candidates\strict_2d_lineart_batch3_20260715\raw_extracted\D01448673\D01448673_tang_ceiling_pattern_p043_i06_x774_658x52.png","candidate_008__D01448673_tang_ceiling_pattern_p043_i06_x774_658x52.png","658","52","12.6538","0.0","0.6016","0.0514","db7c6dc4baccc8d28801de370bcebb01bc1cec47b9177af55ddb202358576fa5","kept_for_visual_review","",""
"data\source_candidates\strict_2d_lineart_batch3_20260715\raw_extracted\D01448673\D01448673_tang_ceiling_pattern_p044_i00_x767_657x118.png","","657","118","5.5678","0.0","0.645","0.0845","f35e97884803408754c3a34d3b5d11c371498530400908571bfd3b6aa47dd64f","auto_rejected","exact_duplicate_in_batch",""
"data\source_candidates\strict_2d_lineart_batch3_20260715\raw_extracted\D01448673\D01448673_tang_ceiling_pattern_p044_i01_x785_196x38.png","","196","38","5.1579","69.8007","0.0","0.5414","c7c4d505c5063e06520a3d74e8492f97c9a900ca766209ee185ebbc2cf6c83b3","auto_rejected","dimension_or_aspect",""
"data\source_candidates\strict_2d_lineart_batch3_20260715\raw_extracted\D01448673\D01448673_tang_ceiling_pattern_p044_i02_x786_270x35.png","","270","35","7.7143","60.9522","0.0","0.5398","95e070909bc64780485fc1fa2bcbe05bfb3acc9eb981c14d41b5f14763899296","auto_rejected","too_colorful",""
"data\source_candidates\strict_2d_lineart_batch3_20260715\raw_extracted\D01448673\D01448673_tang_ceiling_pattern_p044_i03_x787_574x70.png","candidate_009__D01448673_tang_ceiling_pattern_p044_i03_x787_574x70.png","574","70","8.2","0.0","0.6969","0.0419","a6a04a137e810b635f805a0582825a9f9643a1dbd97e7123de79099fb42ad639","kept_for_visual_review","",""
"data\source_candidates\strict_2d_lineart_batch3_20260715\raw_extracted\D01448673\D01448673_tang_ceiling_pattern_p044_i04_x788_533x59.png","","533","59","9.0339","84.799","0.0013","0.0028","28268b42b116ee67f4eeb4a060d0c97f4bc60ff964901d6b804add0f60bc160c","auto_rejected","too_colorful",""
"data\source_candidates\strict_2d_lineart_batch3_20260715\raw_extracted\D01448673\D01448673_tang_ceiling_pattern_p044_i06_x790_594x80.png","candidate_010__D01448673_tang_ceiling_pattern_p044_i06_x790_594x80.png","594","80","7.425","0.0","0.528","0.1521","4d6b03ddd037a1b4e27aab22c37e0a9bae438c84c6a7ab56e82a43b78b84487d","kept_for_visual_review","",""
"data\source_candidates\strict_2d_lineart_batch3_20260715\raw_extracted\D01448673\D01448673_tang_ceiling_pattern_p044_i07_x791_594x68.png","","594","68","8.7353","31.813","0.0","0.2354","f65728c6849f4880b2424e4bc947536fe9f8296c7dc692e852e80ca1dc327cf4","auto_rejected","too_colorful",""
"data\source_candidates\strict_2d_lineart_batch3_20260715\raw_extracted\D01448673\D01448673_tang_ceiling_pattern_p044_i08_x792_424x39.png","candidate_011__D01448673_tang_ceiling_pattern_p044_i08_x792_424x39.png","424","39","10.8718","0.0","0.6483","0.099","4981bf16e88e292de56ca3fce22b4b8470a1eb262540472743c0578851741126","kept_for_visual_review","",""
"data\source_candidates\strict_2d_lineart_batch3_20260715\raw_extracted\D01448673\D01448673_tang_ceiling_pattern_p044_i09_x793_598x41.png","","598","41","14.5854","35.7511","0.0","0.319","700afd1ce2281ebd0f86ca610fe819ca0f10bd3fe63817a1aca1ad3d2320d8e4","auto_rejected","too_colorful",""
"data\source_candidates\strict_2d_lineart_batch3_20260715\raw_extracted\D01448673\D01448673_tang_ceiling_pattern_p044_i10_x794_556x86.png","","556","86","6.4651","0.0","0.7576","0.0","6afc5334198d0d29f18d36d687d6736e9245f41097a14e8ecba18d63f5024723","auto_rejected","insufficient_line_content",""
"data\source_candidates\strict_2d_lineart_batch3_20260715\raw_extracted\D01448673\D01448673_tang_ceiling_pattern_p044_i11_x795_591x52.png","","591","52","11.3654","42.0656","0.1622","0.0672","0927cac2f37d5776ec1cb89f1c901591c6a4ebe2634a8b264bbcbb65989d6d5f","auto_rejected","too_colorful",""
"data\source_candidates\strict_2d_lineart_batch3_20260715\raw_extracted\D01448673\D01448673_tang_ceiling_pattern_p044_i12_x796_391x63.png","candidate_012__D01448673_tang_ceiling_pattern_p044_i12_x796_391x63.png","391","63","6.2063","0.0","0.455","0.2333","b0f3a7e6373e24f97581e43afae8fc3b08063e7ef23006952aeab0e9730a5e89","kept_for_visual_review","",""
"data\source_candidates\strict_2d_lineart_batch3_20260715\raw_extracted\D01448673\D01448673_tang_ceiling_pattern_p044_i13_x797_602x44.png","","602","44","13.6818","0.0","0.4336","0.0009","bb88e767eb327da10e5eb2af5af12932096785e9aa14417fbd6100bd445ca915","auto_rejected","insufficient_line_content",""
"data\source_candidates\strict_2d_lineart_batch3_20260715\raw_extracted\D01448673\D01448673_tang_ceiling_pattern_p044_i14_x798_599x76.png","","599","76","7.8816","21.1001","0.0","0.3416","fd29cfcb26c11a1207c798cb3ba78cd91dc0e86668d0fd21390305103c40f4c4","auto_rejected","too_colorful",""
"data\source_candidates\strict_2d_lineart_batch3_20260715\raw_extracted\D01448673\D01448673_tang_ceiling_pattern_p044_i15_x799_581x72.png","","581","72","8.0694","0.0","0.8065","0.0","2295bfd5173dd6f6bc70ccbbb9b14622fcb66e7432bc0b685bc46455c9ff909e","auto_rejected","insufficient_line_content",""
"data\source_candidates\strict_2d_lineart_batch3_20260715\raw_extracted\D01448673\D01448673_tang_ceiling_pattern_p044_i16_x800_604x78.png","","604","78","7.7436","23.4737","0.0416","0.3744","859cb1981c45295bb833d1619a1ffbf863df447792259ec4fa0e78eb32d5b8fc","auto_rejected","too_colorful",""
"data\source_candidates\strict_2d_lineart_batch3_20260715\raw_extracted\D01448673\D01448673_tang_ceiling_pattern_p052_i07_x878_434x53.png","candidate_013__D01448673_tang_ceiling_pattern_p052_i07_x878_434x53.png","434","53","8.1887","0.0","0.5067","0.1698","2b3180b5d8e15c82e9f694442866a293143f3993ed4b012d5e1a76011f17b4c2","kept_for_visual_review","",""
"data\source_candidates\strict_2d_lineart_batch3_20260715\raw_extracted\D01448673\D01448673_tang_ceiling_pattern_p052_i08_x879_414x56.png","","414","56","7.3929","0.0","0.6201","0.0029","f9667a630fb983c52378044f2c13fbfad783196d121477c611f8fe7f9636c206","auto_rejected","insufficient_line_content",""
"data\source_candidates\strict_2d_lineart_batch3_20260715\raw_extracted\D01448673\D01448673_tang_ceiling_pattern_p052_i09_x880_346x42.png","","346","42","8.2381","0.0","0.3432","0.2987","98b6e2a00e8bdb640780e75307dc5f6f3f8ca0c9598b016743ae41f1fc3dfba6","auto_rejected","insufficient_white_background",""
"data\source_candidates\strict_2d_lineart_batch3_20260715\raw_extracted\D01448673\D01448673_tang_ceiling_pattern_p052_i10_x881_311x33.png","","311","33","9.4242","0.0","0.6182","0.0008","387e96a485f08950aef704df421a76bc4e1de22bb62a527afa620a3721be545e","auto_rejected","insufficient_line_content",""
"data\source_candidates\strict_2d_lineart_batch3_20260715\raw_extracted\D01448673\D01448673_tang_ceiling_pattern_p052_i11_x882_677x86.png","","677","86","7.8721","0.0","0.2114","0.3547","274030da48f24b6c1343d07aea5dfe3d4628f83e1ffa5d7ad85ef4ddd71d99e2","auto_rejected","insufficient_white_background",""
"data\source_candidates\strict_2d_lineart_batch3_20260715\raw_extracted\D01448673\D01448673_tang_ceiling_pattern_p053_i00_x887_397x46.png","candidate_014__D01448673_tang_ceiling_pattern_p053_i00_x887_397x46.png","397","46","8.6304","0.0","0.4984","0.2433","7dc9dac063c537bb6d16e037315a4ecf6537477106c49131d7b48792b72c435a","kept_for_visual_review","",""
"data\source_candidates\strict_2d_lineart_batch3_20260715\raw_extracted\D01448673\D01448673_tang_ceiling_pattern_p053_i01_x888_364x49.png","candidate_015__D01448673_tang_ceiling_pattern_p053_i01_x888_364x49.png","364","49","7.4286","0.0","0.5372","0.1897","69400157aee7a9e47ba2be2a1b8b6e5a9e5bed936da22d99c2c81b65f9271d3b","kept_for_visual_review","",""
"data\source_candidates\strict_2d_lineart_batch3_20260715\raw_extracted\D01448673\D01448673_tang_ceiling_pattern_p053_i02_x889_668x70.png","","668","70","9.5429","21.2131","0.0","0.1111","fd7502a6f1339b84196ebbee4a669d96b9fb01093db81cb2aa8b7b5f01cbff99","auto_rejected","too_colorful",""
"data\source_candidates\strict_2d_lineart_batch3_20260715\raw_extracted\D01448673\D01448673_tang_ceiling_pattern_p053_i04_x891_492x72.png","","492","72","6.8333","0.0","0.6773","0.0006","09ea6d9b7ddd0173f94afdcbbf39d052a93a834db14ea2a92dfb0c257d238f2b","auto_rejected","insufficient_line_content",""
"data\source_candidates\strict_2d_lineart_batch3_20260715\raw_extracted\D01448673\D01448673_tang_ceiling_pattern_p053_i05_x892_406x89.png","","406","89","4.5618","39.6054","0.0","0.4138","89ee86e2c1769384e3bff9df86bee86fe3c0c35ea0d1062d34117dd04473b08e","auto_rejected","too_colorful",""
"data\source_candidates\strict_2d_lineart_batch3_20260715\raw_extracted\D01448673\D01448673_tang_ceiling_pattern_p053_i06_x893_650x72.png","candidate_016__D01448673_tang_ceiling_pattern_p053_i06_x893_650x72.png","650","72","9.0278","0.0","0.6494","0.0411","adafe37d1fd1e4e70457d6cb28e126f685dc1705778aa158086ddda092a769ae","kept_for_visual_review","",""
"data\source_candidates\strict_2d_lineart_batch3_20260715\raw_extracted\D01448673\D01448673_tang_ceiling_pattern_p053_i07_x894_414x46.png","","414","46","9.0","0.0","0.6407","0.008","dde5563f122d585a1d03d0ff07bd8d08fdc5c1135dae5e7b23c543e052b35d1a","auto_rejected","insufficient_line_content",""
"data\source_candidates\strict_2d_lineart_batch3_20260715\raw_extracted\D01448673\D01448673_tang_ceiling_pattern_p053_i08_x895_473x49.png","candidate_017__D01448673_tang_ceiling_pattern_p053_i08_x895_473x49.png","473","49","9.6531","0.0","0.4759","0.2908","31e980fdd1c894c441932af2b4c38d4a0d74c0d8b1b2103d41260aeece3671a8","kept_for_visual_review","",""
"data\source_candidates\strict_2d_lineart_batch3_20260715\raw_extracted\D01448673\D01448673_tang_ceiling_pattern_p053_i09_x896_658x66.png","","658","66","9.9697","24.9277","0.0","0.2982","af2c7a311c43587a06e614dfcddfcc3bcb220f2d8bf8aa13d44e07cbe3616ec8","auto_rejected","too_colorful",""
"data\source_candidates\strict_2d_lineart_batch3_20260715\raw_extracted\D01448673\D01448673_tang_ceiling_pattern_p053_i10_x897_334x33.png","","334","33","10.1212","0.0","0.5754","0.0074","e31545e2b2bfc4e750dc0d77abe4efd8a89ab58d1f3bae8d68bd718748f917e7","auto_rejected","insufficient_line_content",""
"data\source_candidates\strict_2d_lineart_batch3_20260715\raw_extracted\D01448673\D01448673_tang_ceiling_pattern_p053_i11_x898_615x53.png","candidate_018__D01448673_tang_ceiling_pattern_p053_i11_x898_615x53.png","615","53","11.6038","0.0","0.3723","0.0651","21c41fbd6bff27ead67867fb1c230ab58227da6d675b61f55876270229e24203","kept_for_visual_review","",""
"data\source_candidates\strict_2d_lineart_batch3_20260715\raw_extracted\D01448673\D01448673_tang_ceiling_pattern_p053_i12_x899_719x82.png","","719","82","8.7683","0.0","0.1792","0.0343","945bd89cf0e3db6fe3c02b521e2382020beb3c31c7e091d41a0a69d641c30e6a","auto_rejected","insufficient_white_background",""
"data\source_candidates\strict_2d_lineart_batch3_20260715\raw_extracted\D01448673\D01448673_tang_ceiling_pattern_p053_i13_x900_436x69.png","","436","69","6.3188","0.0","0.166","0.1558","afc6768eeabeedd5387eb2d71867ab41f8e9499220aefa6700c514670a715c77","auto_rejected","insufficient_white_background",""
"data\source_candidates\strict_2d_lineart_batch3_20260715\raw_extracted\D01448673\D01448673_tang_ceiling_pattern_p053_i14_x901_669x87.png","","669","87","7.6897","3.6699","0.6258","0.0027","094397ea70d099a54bdb4a31e89be1cb05ca8289f6d7f51bfc13d6fdd87a1c61","auto_rejected","insufficient_line_content",""
"data\source_candidates\strict_2d_lineart_batch3_20260715\raw_extracted\D01448673\D01448673_tang_ceiling_pattern_p053_i15_x902_734x101.png","","734","101","7.2673","0.0","0.7077","0.0","0bfa3ca65eb96507961feb272c825aeb6c4b636fe5168689e4fe79635a80b87c","auto_rejected","insufficient_line_content",""
"data\source_candidates\strict_2d_lineart_batch3_20260715\raw_extracted\D01448673\D01448673_tang_ceiling_pattern_p053_i16_x903_764x114.png","candidate_019__D01448673_tang_ceiling_pattern_p053_i16_x903_764x114.png","764","114","6.7018","0.0","0.6097","0.1588","885cf025610737b30bb7c2186336d13a03a386edde8e79daac0c413dbc0020c2","kept_for_visual_review","",""
"data\source_candidates\strict_2d_lineart_batch3_20260715\raw_extracted\D01448673\D01448673_tang_ceiling_pattern_p054_i00_x906_486x77.png","","486","77","6.3117","18.3657","0.0388","0.4244","690bbaa927407c370fc2192f592126a82ecaf6de5a0212bbf02f62c706e40765","auto_rejected","too_colorful",""
"data\source_candidates\strict_2d_lineart_batch3_20260715\raw_extracted\D01448673\D01448673_tang_ceiling_pattern_p054_i01_x907_769x87.png","","769","87","8.8391","0.0","0.7496","0.0","7059d252965d78fff67564d98f58d41b1989a1baad2c456766e75d228af7dd52","auto_rejected","insufficient_line_content",""
"data\source_candidates\strict_2d_lineart_batch3_20260715\raw_extracted\D01448673\D01448673_tang_ceiling_pattern_p054_i02_x908_744x131.png","","744","131","5.6794","0.0","0.6084","0.0005","68f10f2347a533bdf98d3b0c9e155f4012624e1e1a65f62c67afd00106385455","auto_rejected","insufficient_line_content",""
"data\source_candidates\strict_2d_lineart_batch3_20260715\raw_extracted\D01448673\D01448673_tang_ceiling_pattern_p054_i03_x909_731x97.png","","731","97","7.5361","0.0","0.2798","0.0021","08792b2e3c5d2fcca37c93233908f6bdfa81b7f9e01fbfb7b59277ffd90165c9","auto_rejected","insufficient_white_background",""
"data\source_candidates\strict_2d_lineart_batch3_20260715\raw_extracted\D01448673\D01448673_tang_ceiling_pattern_p065_i01_x1012_517x39.png","","517","39","13.2564","0.0","0.5496","0.0028","ce3dceb3da2dbdd0f77fc12dc8ad173cb0a6900198ba49002a1ae4c6c5920086","auto_rejected","insufficient_line_content",""
"data\source_candidates\strict_2d_lineart_batch3_20260715\raw_extracted\D01448673\D01448673_tang_ceiling_pattern_p065_i02_x1013_343x27.png","candidate_020__D01448673_tang_ceiling_pattern_p065_i02_x1013_343x27.png","343","27","12.7037","0.0","0.5128","0.0122","b8b85db619ce88a5d4980c45f6e136702eeea7d3707dbe36b781ab58fb5e224e","kept_for_visual_review","",""
"data\source_candidates\strict_2d_lineart_batch3_20260715\raw_extracted\D01448673\D01448673_tang_ceiling_pattern_p065_i03_x1014_512x55.png","candidate_021__D01448673_tang_ceiling_pattern_p065_i03_x1014_512x55.png","512","55","9.3091","13.042","0.5826","0.0351","b5a28a5dc7e605429627e2fdaf865f30f82d90389710238231df4f7630d7dea1","kept_for_visual_review","",""
"data\source_candidates\strict_2d_lineart_batch3_20260715\raw_extracted\D01448673\D01448673_tang_ceiling_pattern_p065_i04_x1015_356x34.png","","356","34","10.4706","20.4164","0.0397","0.4816","5936d22a36e2b0750a0919fd9235f7d0491b4c03433f7140895840c9add92e1f","auto_rejected","too_colorful",""
"data\source_candidates\strict_2d_lineart_batch3_20260715\raw_extracted\D01448673\D01448673_tang_ceiling_pattern_p065_i05_x1016_527x66.png","","527","66","7.9848","4.8378","0.4203","0.0024","b7f728278735eab0bfe0dc7a6f1951db09adae73e9ea1d3d63b7ed7b7bae0c4d","auto_rejected","insufficient_line_content",""
"data\source_candidates\strict_2d_lineart_batch3_20260715\raw_extracted\D01448673\D01448673_tang_ceiling_pattern_p065_i06_x1017_457x45.png","candidate_022__D01448673_tang_ceiling_pattern_p065_i06_x1017_457x45.png","457","45","10.1556","9.6667","0.5222","0.0856","0e808e27b264895c7020cd2764084ff2d0d007f8c21d926a5ee9fac07388cc49","kept_for_visual_review","",""
"data\source_candidates\strict_2d_lineart_batch3_20260715\raw_extracted\D01448673\D01448673_tang_ceiling_pattern_p065_i07_x1018_529x46.png","","529","46","11.5","18.3266","0.5019","0.1195","2592016e246660f6bd5f8d728c574bfd0e1d268e8f7c3d7c2ad7f9d73924098e","auto_rejected","too_colorful",""
"data\source_candidates\strict_2d_lineart_batch3_20260715\raw_extracted\D01448673\D01448673_tang_ceiling_pattern_p065_i08_x1019_492x52.png","","492","52","9.4615","31.5786","0.0","0.2538","7bd3764aaa53d8166714a4df99838600e7cf6e1a23b721f0cf4ba3ed35c6574b","auto_rejected","too_colorful",""
"data\source_candidates\strict_2d_lineart_batch3_20260715\raw_extracted\D01448673\D01448673_tang_ceiling_pattern_p065_i09_x1020_396x33.png","candidate_023__D01448673_tang_ceiling_pattern_p065_i09_x1020_396x33.png","396","33","12.0","0.0","0.6323","0.0936","2333ce00dc9e407b2a45b0126a9c26cb075df25c70c62612fe953d53be6d1d3c","kept_for_visual_review","",""
"data\source_candidates\strict_2d_lineart_batch3_20260715\raw_extracted\D01448673\D01448673_tang_ceiling_pattern_p065_i11_x1022_530x81.png","","530","81","6.5432","31.7989","0.0","0.0569","4cb5415b4c47be32f8bc29ff33f671cbe69f32cb5f5458d777d354b6f3f633c4","auto_rejected","too_colorful",""
"data\source_candidates\strict_2d_lineart_batch3_20260715\raw_extracted\D01448673\D01448673_tang_ceiling_pattern_p065_i12_x1023_446x44.png","","446","44","10.1364","58.1161","0.0","0.4357","e4b17f9bb314662566de7722d07e45f69a7ed8085af50e6eab76d3502b29b18f","auto_rejected","too_colorful",""
"data\source_candidates\strict_2d_lineart_batch3_20260715\raw_extracted\D01448673\D01448673_tang_ceiling_pattern_p065_i13_x1024_225x26.png","candidate_024__D01448673_tang_ceiling_pattern_p065_i13_x1024_225x26.png","225","26","8.6538","0.0","0.4709","0.0759","23dbf80c2d8b6c54da6f0b617a8b52c32fc4fa666f17a9a47bed4cb263eb34dc","kept_for_visual_review","",""
"data\source_candidates\strict_2d_lineart_batch3_20260715\raw_extracted\D01448673\D01448673_tang_ceiling_pattern_p065_i15_x1026_568x56.png","candidate_025__D01448673_tang_ceiling_pattern_p065_i15_x1026_568x56.png","568","56","10.1429","0.0","0.6974","0.1629","2eaa1226af9c7a76e0256990ae2551b65a61e6f88b12d8a03d22ecd87113e218","kept_for_visual_review","",""
"data\source_candidates\strict_2d_lineart_batch3_20260715\raw_extracted\D01448673\D01448673_tang_ceiling_pattern_p065_i16_x1027_392x33.png","candidate_026__D01448673_tang_ceiling_pattern_p065_i16_x1027_392x33.png","392","33","11.8788","0.0","0.8012","0.0774","fc0057a8064511195fd573f9a04f5ad51c68429c302db7b2bb7a8cd11e3db5be","kept_for_visual_review","",""
"data\source_candidates\strict_2d_lineart_batch3_20260715\raw_extracted\D01448673\D01448673_tang_ceiling_pattern_p065_i17_x1028_304x28.png","candidate_027__D01448673_tang_ceiling_pattern_p065_i17_x1028_304x28.png","304","28","10.8571","0.0","0.8136","0.0259","2b141e3d703aec0c8a18d894d1e47f3cef788fb7d43c58326a64da32f9613e29","kept_for_visual_review","",""
"data\source_candidates\strict_2d_lineart_batch3_20260715\raw_extracted\D01448673\D01448673_tang_ceiling_pattern_p065_i18_x963_475x51.png","candidate_028__D01448673_tang_ceiling_pattern_p065_i18_x963_475x51.png","475","51","9.3137","0.0","0.6862","0.044","8e54f00f9e2a092020fbacb12dff86ae3b0ea1400f099317f71e7159634b72a6","kept_for_visual_review","",""
"data\source_candidates\strict_2d_lineart_batch3_20260715\raw_extracted\D01448673\D01448673_tang_ceiling_pattern_p065_i19_x964_472x46.png","candidate_029__D01448673_tang_ceiling_pattern_p065_i19_x964_472x46.png","472","46","10.2609","0.0","0.6561","0.0552","2a026419e047aa79c7281e0c86fa4b4f47947dc293604b9b219c8bfec49eb707","kept_for_visual_review","",""
"data\source_candidates\strict_2d_lineart_batch3_20260715\raw_extracted\D01448673\D01448673_tang_ceiling_pattern_p066_i00_x1033_347x30.png","candidate_030__D01448673_tang_ceiling_pattern_p066_i00_x1033_347x30.png","347","30","11.5667","0.0","0.8079","0.0117","2694b15debcc03b90aa7295b7e99094d31ea7789df0d79812e6588ebf1f2fae3","kept_for_visual_review","",""
"data\source_candidates\strict_2d_lineart_batch3_20260715\raw_extracted\D01448673\D01448673_tang_ceiling_pattern_p066_i01_x1034_408x48.png","","408","48","8.5","28.5294","0.0","0.099","5c5e70717ff7453bde6a13ced99342517b845b50cc9c9e15585f75902a41927b","auto_rejected","too_colorful",""
"data\source_candidates\strict_2d_lineart_batch3_20260715\raw_extracted\D01448673\D01448673_tang_ceiling_pattern_p066_i02_x1035_406x34.png","candidate_031__D01448673_tang_ceiling_pattern_p066_i02_x1035_406x34.png","406","34","11.9412","0.0","0.591","0.1164","59bd77dbeb3611def9d4827861fb3eed0dbf6d93f883f87514e165bfca3b3811","kept_for_visual_review","",""
"data\source_candidates\strict_2d_lineart_batch3_20260715\raw_extracted\D01448673\D01448673_tang_ceiling_pattern_p066_i03_x1036_322x32.png","candidate_032__D01448673_tang_ceiling_pattern_p066_i03_x1036_322x32.png","322","32","10.0625","0.0","0.5827","0.0773","7ec62a3e3d11969539f0136b12aae8b8037dd5e12a926a7b7748c5b735fd607c","kept_for_visual_review","",""
"data\source_candidates\strict_2d_lineart_batch3_20260715\raw_extracted\D01448673\D01448673_tang_ceiling_pattern_p066_i04_x1037_424x45.png","","424","45","9.4222","8.9874","0.0289","0.7018","9cad0b44ae5f7b5fdcb5f755ba9546a27f759165735e4fabbaf9ed899b1bc2cc","auto_rejected","insufficient_white_background",""
"data\source_candidates\strict_2d_lineart_batch3_20260715\raw_extracted\D01448673\D01448673_tang_ceiling_pattern_p066_i05_x1038_561x73.png","","561","73","7.6849","37.0553","0.0037","0.3164","8b8f6cf4400c266828fc0774e7a7f553cbbe2642ac95fa72bf98b73cf49525c2","auto_rejected","too_colorful",""
"data\source_candidates\strict_2d_lineart_batch3_20260715\raw_extracted\D01448673\D01448673_tang_ceiling_pattern_p066_i06_x1039_381x55.png","candidate_033__D01448673_tang_ceiling_pattern_p066_i06_x1039_381x55.png","381","55","6.9273","3.9531","0.6584","0.099","8f2e6c296023360e1d750c3d27fa921569cccf5a35d4cff206985abafb5bd2ef","kept_for_visual_review","",""
"data\source_candidates\strict_2d_lineart_batch3_20260715\raw_extracted\D01448673\D01448673_tang_ceiling_pattern_p066_i07_x1040_563x61.png","","563","61","9.2295","28.7048","0.5594","0.1519","3e8b094ccfd482b82b5d0753060d71486e02cc59767551de4aad8a501743aa91","auto_rejected","too_colorful",""
"data\source_candidates\strict_2d_lineart_batch3_20260715\raw_extracted\D01448673\D01448673_tang_ceiling_pattern_p066_i08_x1041_508x81.png","","508","81","6.2716","33.236","0.0003","0.3206","1f7ef51fc99c7bf3897f0c232d701e15aa517c8ee29dbb8b5f1950cce50cfad1","auto_rejected","too_colorful",""
"data\source_candidates\strict_2d_lineart_batch3_20260715\raw_extracted\D01448673\D01448673_tang_ceiling_pattern_p066_i09_x1042_497x51.png","","497","51","9.7451","0.0","0.4704","0.0095","c245221020642555c0111bfb7bb4fddd696d8bb55d9cb1e5431f2d93d767a239","auto_rejected","insufficient_line_content",""
"data\source_candidates\strict_2d_lineart_batch3_20260715\raw_extracted\D01448673\D01448673_tang_ceiling_pattern_p066_i10_x1043_508x57.png","","508","57","8.9123","54.1237","0.0","0.1546","9e2b5211075598ff4b7bf9b6abfcc542853fdf04ed68b751353730c5c594c171","auto_rejected","too_colorful",""
"data\source_candidates\strict_2d_lineart_batch3_20260715\raw_extracted\D01448673\D01448673_tang_ceiling_pattern_p066_i11_x1044_510x58.png","","510","58","8.7931","62.6376","0.0","0.0041","aeb49f5a0be45163afa600000428f3290419a06bef908e307582107ca7a6ff2c","auto_rejected","too_colorful",""
"data\source_candidates\strict_2d_lineart_batch3_20260715\raw_extracted\D01448673\D01448673_tang_ceiling_pattern_p066_i12_x1045_457x42.png","","457","42","10.881","0.0","0.5172","0.0072","3261031f44c34f93dc9f56417e52d3a1305fcc48fcd81a2fe135d0842a1a26c1","auto_rejected","insufficient_line_content",""
"data\source_candidates\strict_2d_lineart_batch3_20260715\raw_extracted\D01448673\D01448673_tang_ceiling_pattern_p066_i13_x1046_515x37.png","candidate_034__D01448673_tang_ceiling_pattern_p066_i13_x1046_515x37.png","515","37","13.9189","11.5954","0.5756","0.0326","8cdabd4568abd122d6a286b0bdf48c8b0bfc054ea71d8e0d2825f9a256d03da3","kept_for_visual_review","",""
"data\source_candidates\strict_2d_lineart_batch3_20260715\raw_extracted\D01448673\D01448673_tang_ceiling_pattern_p066_i14_x1047_401x56.png","candidate_035__D01448673_tang_ceiling_pattern_p066_i14_x1047_401x56.png","401","56","7.1607","4.3877","0.6504","0.0998","e2be21e0fabb51d4cd60cfec03bff378343f133ce07370a76250afa6f0f7e646","kept_for_visual_review","",""
"data\source_candidates\strict_2d_lineart_batch3_20260715\raw_extracted\D01448673\D01448673_tang_ceiling_pattern_p066_i15_x1048_409x73.png","candidate_036__D01448673_tang_ceiling_pattern_p066_i15_x1048_409x73.png","409","73","5.6027","4.0556","0.7295","0.0833","c955450ecc22bae33fb1ee769c3d6184626ca48cd0d5fae83e1733e153260594","kept_for_visual_review","",""
"data\source_candidates\strict_2d_lineart_batch3_20260715\raw_extracted\D01448673\D01448673_tang_ceiling_pattern_p066_i16_x1049_551x58.png","candidate_037__D01448673_tang_ceiling_pattern_p066_i16_x1049_551x58.png","551","58","9.5","9.8886","0.4988","0.0715","30d6554ad9cf8fc7c3bd3d76c85f5b0691bd9a4b2e5516ade19986fe6cec54a8","kept_for_visual_review","",""
"data\source_candidates\strict_2d_lineart_batch3_20260715\raw_extracted\D01448673\D01448673_tang_ceiling_pattern_p066_i17_x1050_419x38.png","candidate_038__D01448673_tang_ceiling_pattern_p066_i17_x1050_419x38.png","419","38","11.0263","0.0","0.5383","0.0172","d8beb04bc2d69c78f53cb8734b2b4ac54055078b88c4df61c02c96c3f0746126","kept_for_visual_review","",""
"data\source_candidates\strict_2d_lineart_batch3_20260715\raw_extracted\D01448673\D01448673_tang_ceiling_pattern_p066_i18_x1051_353x32.png","candidate_039__D01448673_tang_ceiling_pattern_p066_i18_x1051_353x32.png","353","32","11.0312","0.0","0.4846","0.1006","06b2c6c3ca84a72a57bfe11691e8e1ca7a6cc378f121a4bd994d6e0a5b2f60c6","kept_for_visual_review","",""
"data\source_candidates\strict_2d_lineart_batch3_20260715\raw_extracted\D01448673\D01448673_tang_ceiling_pattern_p066_i19_x1052_298x34.png","candidate_040__D01448673_tang_ceiling_pattern_p066_i19_x1052_298x34.png","298","34","8.7647","0.0","0.6911","0.0571","127fb0be1e0288c6bf94261a6d0aa8e6cbeb788b0b44a066b4a3dd84c7b2da79","kept_for_visual_review","",""
"data\source_candidates\strict_2d_lineart_batch3_20260715\raw_extracted\D01448673\D01448673_tang_ceiling_pattern_p067_i00_x1055_231x25.png","","231","25","9.24","0.0","0.5512","0.0097","0b82d14c7c6064781fe622f5479236536062c549af9f7f22e7fee27bfddece23","auto_rejected","insufficient_line_content",""
"data\source_candidates\strict_2d_lineart_batch3_20260715\raw_extracted\D01448673\D01448673_tang_ceiling_pattern_p067_i01_x1056_438x37.png","candidate_041__D01448673_tang_ceiling_pattern_p067_i01_x1056_438x37.png","438","37","11.8378","11.7035","0.6224","0.0599","b3a14f3162dc99b73d977961bb7e25352f448c3ddc45db4f0cdc0ef2ce2c852b","kept_for_visual_review","",""
"data\source_candidates\strict_2d_lineart_batch3_20260715\raw_extracted\D01448673\D01448673_tang_ceiling_pattern_p067_i02_x1057_336x49.png","candidate_042__D01448673_tang_ceiling_pattern_p067_i02_x1057_336x49.png","336","49","6.8571","0.0","0.6591","0.0116","d529830216933d27ddd638aec923ae558f4c8b54c5fc0bb0ca802a68f20e4c03","kept_for_visual_review","",""
"data\source_candidates\strict_2d_lineart_batch3_20260715\raw_extracted\D01448673\D01448673_tang_ceiling_pattern_p067_i03_x1058_343x32.png","","343","32","10.7188","12.8425","0.0069","0.3598","acafc66e8ab035ce122b34895861b43775072db1b14683e3fa49fe8fd51d28ca","auto_rejected","insufficient_white_background",""
"data\source_candidates\strict_2d_lineart_batch3_20260715\raw_extracted\D01448673\D01448673_tang_ceiling_pattern_p067_i04_x1059_347x54.png","","347","54","6.4259","26.7363","0.0075","0.1962","77d2d322c5b750dc21978d60a46915429bada9827e0a92434c7a947042dc761c","auto_rejected","too_colorful",""
"data\source_candidates\strict_2d_lineart_batch3_20260715\raw_extracted\D01448673\D01448673_tang_ceiling_pattern_p067_i05_x1060_571x61.png","","571","61","9.3607","0.0306","0.6565","0.0004","bbfefa02b53a123c3e9e0da5a3b10c1227b238843558647caef1a3f37affc756","auto_rejected","insufficient_line_content",""
"data\source_candidates\strict_2d_lineart_batch3_20260715\raw_extracted\D01448673\D01448673_tang_ceiling_pattern_p067_i06_x1061_559x81.png","","559","81","6.9012","0.0","0.7237","0.0001","74c5f50e4f9bb9ae9a8851ba59f56d2752af866ea726505b3d2670bc9e2cca46","auto_rejected","insufficient_line_content",""
"data\source_candidates\strict_2d_lineart_batch3_20260715\raw_extracted\D01448673\D01448673_tang_ceiling_pattern_p067_i07_x1062_594x89.png","","594","89","6.6742","2.1622","0.5222","0.0","c35931870baafcc2f4d8628fcc1faaea56aec9bee883d2d47a47756cdd323b55","auto_rejected","insufficient_line_content",""
"data\source_candidates\strict_2d_lineart_batch3_20260715\raw_extracted\D01448673\D01448673_tang_ceiling_pattern_p067_i08_x1063_563x52.png","","563","52","10.8269","42.1586","0.022","0.3901","eb939dc189cb1c1716ac658ab66671a16ca26388df41fea419eb8fd4dbf924c2","auto_rejected","too_colorful",""
"data\source_candidates\strict_2d_lineart_batch3_20260715\raw_extracted\D01448673\D01448673_tang_ceiling_pattern_p067_i09_x1064_732x129.png","","732","129","5.6744","4.0136","0.4986","0.0015","0b7cc8f9ceb43b0d04a6e373371aea992ee0a53b8629e623461d3fab6d14dd17","auto_rejected","insufficient_line_content",""
"data\source_candidates\strict_2d_lineart_batch3_20260715\raw_extracted\D01448673\D01448673_tang_ceiling_pattern_p067_i10_x1065_573x68.png","","573","68","8.4265","2.7864","0.4811","0.0","fff378f040e99c4ef35d38af9a08c40ad599793bb9bc175a9dc5ebaf4540e804","auto_rejected","insufficient_line_content",""
"data\source_candidates\strict_2d_lineart_batch3_20260715\raw_extracted\D01448673\D01448673_tang_ceiling_pattern_p067_i11_x1066_573x71.png","","573","71","8.0704","0.0","0.4571","0.0","ed80788a5a1978daf86d2331a3df573665462f99bafd2f26e0845f554e6aa87b","auto_rejected","insufficient_line_content",""
"data\source_candidates\strict_2d_lineart_batch3_20260715\raw_extracted\D01448673\D01448673_tang_ceiling_pattern_p067_i12_x1067_571x75.png","","571","75","7.6133","25.3555","0.0","0.0674","9ee1eb7136b051bcc5ffc39b65d62847f41bf38db4bddd13b7d7f40e32b6df9d","auto_rejected","too_colorful",""
"data\source_candidates\strict_2d_lineart_batch3_20260715\raw_extracted\D01448673\D01448673_tang_ceiling_pattern_p067_i13_x1068_568x118.png","","568","118","4.8136","0.0","0.7394","0.0005","cd52cad5cb94b8e778351c46ea00a42b8bf16bbfb68a89b63c1a609a55bcd092","auto_rejected","insufficient_line_content",""
"data\source_candidates\strict_2d_lineart_batch3_20260715\raw_extracted\D01448673\D01448673_tang_ceiling_pattern_p067_i14_x1069_602x95.png","","602","95","6.3368","0.0293","0.6812","0.0052","085a65b6a02847592b44af1082a4fd42f2470619ea36ced21137f4581bdcc01d","auto_rejected","insufficient_line_content",""
"data\source_candidates\strict_2d_lineart_batch3_20260715\raw_extracted\D01448673\D01448673_tang_ceiling_pattern_p067_i15_x1070_700x97.png","","700","97","7.2165","0.0","0.6106","0.0","e7c9fab4f0dde6b5463a3e60107a93b6db3c89837804e992600e35209c1f27a0","auto_rejected","insufficient_line_content",""
"data\source_candidates\strict_2d_lineart_batch3_20260715\raw_extracted\D01448673\D01448673_tang_ceiling_pattern_p067_i16_x1071_554x54.png","","554","54","10.2593","17.3351","0.0","0.4138","eb994c718bb2b5916913e01fa449c28e36cd5311cec11f40bfea22fb26076e52","auto_rejected","insufficient_white_background",""
"data\source_candidates\strict_2d_lineart_batch3_20260715\raw_extracted\D01448673\D01448673_tang_ceiling_pattern_p067_i18_x962_327x34.png","candidate_043__D01448673_tang_ceiling_pattern_p067_i18_x962_327x34.png","327","34","9.6176","0.0","0.6704","0.1103","b0f91680ca047fb0fb51feb819bc8b6a7f11ac98cedc4e743a2877e57de6f86f","kept_for_visual_review","",""
"data\source_candidates\strict_2d_lineart_batch3_20260715\raw_extracted\D01448673\D01448673_tang_ceiling_pattern_p068_i00_x1074_560x87.png","","560","87","6.4368","11.7231","0.0117","0.619","7947358ba572df8c0377e60e8e87408ae1c56905c7dc1b24f5241a19acb332a2","auto_rejected","insufficient_white_background",""
"data\source_candidates\strict_2d_lineart_batch3_20260715\raw_extracted\D01448673\D01448673_tang_ceiling_pattern_p080_i01_x1185_242x56.png","candidate_044__D01448673_tang_ceiling_pattern_p080_i01_x1185_242x56.png","242","56","4.3214","0.0","0.4296","0.2491","e1c963849b7872dfa0a421fdfa164c050ce124cc15982de9724375201d896cf3","kept_for_visual_review","",""
"data\source_candidates\strict_2d_lineart_batch3_20260715\raw_extracted\D01448673\D01448673_tang_ceiling_pattern_p080_i02_x1186_445x142.png","candidate_045__D01448673_tang_ceiling_pattern_p080_i02_x1186_445x142.png","445","142","3.1338","0.0","0.6316","0.1495","6dddca3cbf0b1592285b99470ef35269f30e6112b89e450d4e93607ced419bbf","kept_for_visual_review","",""
"data\source_candidates\strict_2d_lineart_batch3_20260715\raw_extracted\D01448673\D01448673_tang_ceiling_pattern_p080_i03_x1187_465x242.png","","465","242","1.9215","0.0","0.5114","0.2646","60f28af16b1d61675ea3a242a40e05ad93ef1c515941c456209cbd9df9d20785","auto_rejected","dimension_or_aspect",""
"data\source_candidates\strict_2d_lineart_batch3_20260715\raw_extracted\D01448673\D01448673_tang_ceiling_pattern_p080_i04_x1188_472x252.png","","472","252","1.873","0.0","0.5162","0.2517","9361d5847cb24420781d74e59502475b0cb1157ff0dd3117f1e3d38715edf623","auto_rejected","dimension_or_aspect",""
"data\source_candidates\strict_2d_lineart_batch3_20260715\raw_extracted\D01448673\D01448673_tang_ceiling_pattern_p082_i00_x1217_354x179.png","","354","179","1.9777","0.0","0.0029","0.2604","f17f1a12f810ca9ed722a7473ac5d53e7ee79409e0896c88bb0b7f99390eeaf6","auto_rejected","dimension_or_aspect",""
"data\source_candidates\strict_2d_lineart_batch3_20260715\raw_extracted\D01448673\D01448673_tang_ceiling_pattern_p082_i01_x1218_427x202.png","candidate_046__D01448673_tang_ceiling_pattern_p082_i01_x1218_427x202.png","427","202","2.1139","0.0","0.6889","0.0424","d8d816c43302b3cec5669e82ef38424ad64b48635aee6831a503f211d14389aa","kept_for_visual_review","",""
"data\source_candidates\strict_2d_lineart_batch3_20260715\raw_extracted\D01448673\D01448673_tang_ceiling_pattern_p082_i02_x1219_397x206.png","","397","206","1.9272","0.0","0.0008","0.0394","8cdaf3ba9423846b2275e33e3d4ba521099862e069bb61379e28006c00ed983c","auto_rejected","dimension_or_aspect",""
"data\source_candidates\strict_2d_lineart_batch3_20260715\raw_extracted\D01448673\D01448673_tang_ceiling_pattern_p082_i03_x1220_347x191.png","","347","191","1.8168","0.0","0.7184","0.0708","513684fde4737c1f17892abfe56d722d5e01d3be30a0a17c4f50ef951bd7943d","auto_rejected","dimension_or_aspect",""
"data\source_candidates\strict_2d_lineart_batch3_20260715\raw_extracted\D01448673\D01448673_tang_ceiling_pattern_p082_i04_x1221_355x197.png","","355","197","1.802","0.0","0.7429","0.0903","b7692ee9cf94f3d2d7d56cc04de80e1844c1601a2575f6e3f50d3f433b43b012","auto_rejected","dimension_or_aspect",""
"data\source_candidates\strict_2d_lineart_batch3_20260715\raw_extracted\D01448673\D01448673_tang_ceiling_pattern_p082_i06_x1223_405x204.png","","405","204","1.9853","0.0","0.2593","0.0202","62a20f51a00a3c825435632468f44eee4b83e3e07db65f5b5bb11bbf754debe2","auto_rejected","dimension_or_aspect",""
"data\source_candidates\strict_2d_lineart_batch3_20260715\raw_extracted\D01448673\D01448673_tang_ceiling_pattern_p082_i07_x1224_593x176.png","candidate_047__D01448673_tang_ceiling_pattern_p082_i07_x1224_593x176.png","593","176","3.3693","0.0","0.5693","0.2043","06e1ff4ae56d22add15cb3f187f3e8cdf2405c3a2c06488435f6befb42791a15","kept_for_visual_review","",""
"data\source_candidates\strict_2d_lineart_batch3_20260715\raw_extracted\D01448673\D01448673_tang_ceiling_pattern_p083_i00_x1233_472x311.png","","472","311","1.5177","0.0","0.6134","0.197","069ec498b2d24e0f299d5ce47aae10e3fa43d35b13daeda412edfb53e0abeca2","auto_rejected","dimension_or_aspect",""
"data\source_candidates\strict_2d_lineart_batch3_20260715\raw_extracted\D01448673\D01448673_tang_ceiling_pattern_p083_i01_x1234_282x94.png","","282","94","3.0","0.0","0.2156","0.4227","035ffc0cb55f2ac6853add4af2545118c7ce6873602b2510f2c1b40b12310cb5","auto_rejected","insufficient_white_background",""
"data\source_candidates\strict_2d_lineart_batch3_20260715\raw_extracted\D01448673\D01448673_tang_ceiling_pattern_p084_i00_x1246_548x291.png","","548","291","1.8832","0.0","0.0015","0.4289","0b18017550f8c8dc20202972762768e80b4c1228ba6224a29f4a7fb2e21f5d78","auto_rejected","dimension_or_aspect",""
"data\source_candidates\strict_2d_lineart_batch3_20260715\raw_extracted\D01448673\D01448673_tang_ceiling_pattern_p085_i01_x1258_378x227.png","","378","227","1.6652","0.0","0.2226","0.3107","99a81b6fef6ab961954c8b153f90fcf32a7be8cef79ae772e2dd1d4adc663717","auto_rejected","dimension_or_aspect",""
"data\source_candidates\strict_2d_lineart_batch3_20260715\raw_extracted\D01448673\D01448673_tang_ceiling_pattern_p085_i02_x1259_401x187.png","candidate_048__D01448673_tang_ceiling_pattern_p085_i02_x1259_401x187.png","401","187","2.1444","0.0","0.4833","0.2023","b0de9d9369eb15f1ad662368b859558073367cdb5038a8ebe6aa6b489a0842f4","kept_for_visual_review","",""
"data\source_candidates\strict_2d_lineart_batch3_20260715\raw_extracted\D01448673\D01448673_tang_ceiling_pattern_p085_i05_x1262_328x205.png","","328","205","1.6","0.0","0.7248","0.0107","efdbcf5df02609eac85ac0bbe6ce4e3d6f538f3455552a8ae266ca90ae070178","auto_rejected","dimension_or_aspect",""
"data\source_candidates\strict_2d_lineart_batch3_20260715\raw_extracted\D01448673\D01448673_tang_ceiling_pattern_p086_i00_x1269_400x145.png","candidate_049__D01448673_tang_ceiling_pattern_p086_i00_x1269_400x145.png","400","145","2.7586","0.0","0.6046","0.0724","8ad0923f0fd3a4e1abd48020b2f07b243da8b566e1ef92897322ee99982324d8","kept_for_visual_review","",""
"data\source_candidates\strict_2d_lineart_batch3_20260715\raw_extracted\D01448673\D01448673_tang_ceiling_pattern_p086_i01_x1270_350x187.png","","350","187","1.8717","0.0","0.5451","0.3099","171b8449b301237dc2581a1b25adcf3eee47855914b9a583bd4d8bb0d836dbd5","auto_rejected","dimension_or_aspect",""
"data\source_candidates\strict_2d_lineart_batch3_20260715\raw_extracted\D01448673\D01448673_tang_ceiling_pattern_p086_i02_x1271_380x206.png","","380","206","1.8447","0.0","0.6321","0.1674","cfe7f1a12b6daa902716e5338792e227bde7668fddadd0145fd7cfce93382664","auto_rejected","dimension_or_aspect",""
"data\source_candidates\strict_2d_lineart_batch3_20260715\raw_extracted\D01448673\D01448673_tang_ceiling_pattern_p086_i03_x1272_401x177.png","candidate_050__D01448673_tang_ceiling_pattern_p086_i03_x1272_401x177.png","401","177","2.2655","0.0","0.6428","0.0336","0fed243dba3c36c1a47c4f64a9716acd4337b7a5d1c5c03c1e273354ae53a4e4","kept_for_visual_review","",""
"data\source_candidates\strict_2d_lineart_batch3_20260715\raw_extracted\D01448673\D01448673_tang_ceiling_pattern_p094_i00_x1355_1052x215.png","","1052","215","4.893","0.0","0.0","0.093","099cd21e31b1817870845c5dbd74248ecea81940cdc84d12256cb9cdc2f6733d","auto_rejected","insufficient_white_background",""
"data\source_candidates\strict_2d_lineart_batch3_20260715\raw_extracted\D01448673\D01448673_tang_ceiling_pattern_p095_i00_x1362_410x256.png","","410","256","1.6016","0.0","0.4798","0.3027","b5af5184cd7e55a538893b5c591716d804c2019a249c6b80a5b8b4f5f3f7c1f0","auto_rejected","dimension_or_aspect",""
"data\source_candidates\strict_2d_lineart_batch3_20260715\raw_extracted\D01448673\D01448673_tang_ceiling_pattern_p095_i01_x1363_576x362.png","","576","362","1.5912","0.0","0.7898","0.1097","c8d6e8852f8b93b5707d05439c62a17c0057b39048b5a678b0f896f505b8b1a6","auto_rejected","dimension_or_aspect",""
"data\source_candidates\strict_2d_lineart_batch3_20260715\raw_extracted\D01448673\D01448673_tang_ceiling_pattern_p096_i00_x1378_268x165.png","","268","165","1.6242","0.0","0.8521","0.0294","3a25c5190785428886b850aae254d6a63cd71f94477117f749823be6c61a8779","auto_rejected","dimension_or_aspect",""
"data\source_candidates\strict_2d_lineart_batch3_20260715\raw_extracted\D01448673\D01448673_tang_ceiling_pattern_p096_i01_x1379_306x152.png","candidate_051__D01448673_tang_ceiling_pattern_p096_i01_x1379_306x152.png","306","152","2.0132","0.0","0.8131","0.084","7d566f4dd624486222d2a078c22017a5fe92fe853415806ebe443193b1943874","kept_for_visual_review","",""
"data\source_candidates\strict_2d_lineart_batch3_20260715\raw_extracted\D01448673\D01448673_tang_ceiling_pattern_p096_i02_x1380_306x119.png","candidate_052__D01448673_tang_ceiling_pattern_p096_i02_x1380_306x119.png","306","119","2.5714","0.0","0.7944","0.0638","da1ca7787daf736f59fbba5edaa85b63de79b454718827774135206a88679748","kept_for_visual_review","",""
"data\source_candidates\strict_2d_lineart_batch3_20260715\raw_extracted\D01448673\D01448673_tang_ceiling_pattern_p096_i03_x1381_306x122.png","candidate_053__D01448673_tang_ceiling_pattern_p096_i03_x1381_306x122.png","306","122","2.5082","0.0","0.8199","0.0643","70130831f560995bb305a1c5bc3ce90cd42309b80ac01aece59551c312bce655","kept_for_visual_review","",""
"data\source_candidates\strict_2d_lineart_batch3_20260715\raw_extracted\D01448673\D01448673_tang_ceiling_pattern_p096_i04_x1382_309x160.png","","309","160","1.9312","0.0","0.8488","0.0632","7101624e5709754efc23b3e44432c8e39551b860764747d1dd7d1a0fb6ea750f","auto_rejected","dimension_or_aspect",""
"data\source_candidates\strict_2d_lineart_batch3_20260715\raw_extracted\D01448673\D01448673_tang_ceiling_pattern_p096_i05_x1383_309x160.png","","309","160","1.9312","0.0","0.8695","0.0507","79bbe78a36664c627faee2a0750d88e165ae398c004eb51929ef29bc87e0c0a0","auto_rejected","dimension_or_aspect",""
"data\source_candidates\strict_2d_lineart_batch3_20260715\raw_extracted\D01448673\D01448673_tang_ceiling_pattern_p096_i06_x1384_309x160.png","","309","160","1.9312","0.0","0.8542","0.0558","af7a93fa094f9c8301bdbc435da7277d47a871535a0635e7edc72314ad73c907","auto_rejected","dimension_or_aspect",""
"data\source_candidates\strict_2d_lineart_batch3_20260715\raw_extracted\D01448673\D01448673_tang_ceiling_pattern_p096_i07_x1385_309x160.png","","309","160","1.9312","0.0","0.8858","0.0462","f2221cfa6433a804367a973001b22278e217bcdd57bec7eb4f2745b2e09c74c6","auto_rejected","dimension_or_aspect",""
"data\source_candidates\strict_2d_lineart_batch3_20260715\raw_extracted\D01448673\D01448673_tang_ceiling_pattern_p096_i09_x1387_306x154.png","","306","154","1.987","0.0","0.7539","0.065","52740c2a46f2101f91319bbfb833b3727ad070724036fcf5e4c09bd00ce331ce","auto_rejected","dimension_or_aspect",""
"data\source_candidates\strict_2d_lineart_batch3_20260715\raw_extracted\D01448673\D01448673_tang_ceiling_pattern_p096_i10_x1388_306x154.png","","306","154","1.987","0.0","0.7884","0.0539","ae95c5b1685bafe55716c421843c18c78417777811f14be7e901705c0fea6b29","auto_rejected","dimension_or_aspect",""
"data\source_candidates\strict_2d_lineart_batch3_20260715\raw_extracted\D01448673\D01448673_tang_ceiling_pattern_p096_i11_x1389_306x154.png","","306","154","1.987","0.0","0.7506","0.0631","d8f1128e94c380ea663ff39debdced64ca34de3370c445d077e0de31ae3d06cd","auto_rejected","dimension_or_aspect",""
"data\source_candidates\strict_2d_lineart_batch3_20260715\raw_extracted\D01448673\D01448673_tang_ceiling_pattern_p096_i12_x1390_306x154.png","","306","154","1.987","0.0","0.7464","0.0684","fdeed40d3f1575b7788aa82e6fd4d217d0196a60b7a09abd72f62b7a3c66a974","auto_rejected","dimension_or_aspect",""
"data\source_candidates\strict_2d_lineart_batch3_20260715\raw_extracted\D01448673\D01448673_tang_ceiling_pattern_p133_i00_x1880_606x46.png","candidate_054__D01448673_tang_ceiling_pattern_p133_i00_x1880_606x46.png","606","46","13.1739","0.0","0.8187","0.0262","9b06930d947f1cb49cef29bc7d2b5485585a6f5d4a3ed381a55ef01dd4dde04f","kept_for_visual_review","",""
"data\source_candidates\strict_2d_lineart_batch3_20260715\raw_extracted\D01448673\D01448673_tang_ceiling_pattern_p133_i01_x1881_617x56.png","candidate_055__D01448673_tang_ceiling_pattern_p133_i01_x1881_617x56.png","617","56","11.0179","0.0","0.7438","0.0147","67656c84f6a5698b2c871a18dc3308c1152fca01fdb33115d461b96a18032db7","kept_for_visual_review","",""
"data\source_candidates\strict_2d_lineart_batch3_20260715\raw_extracted\D01448673\D01448673_tang_ceiling_pattern_p133_i02_x1882_264x27.png","candidate_056__D01448673_tang_ceiling_pattern_p133_i02_x1882_264x27.png","264","27","9.7778","0.0","0.6748","0.016","8e473fcb358bcd8290c9ee2ce7dde6c8d319ea6be4d9132a65e0654a827ff044","kept_for_visual_review","",""
"data\source_candidates\strict_2d_lineart_batch3_20260715\raw_extracted\D01448673\D01448673_tang_ceiling_pattern_p133_i03_x1883_504x77.png","","504","77","6.5455","0.0","0.649","0.0032","c30af8f974e71723d0cd63712a47e935b42ec5b9a2a39e1f227421cc3e835b3b","auto_rejected","insufficient_line_content",""
"data\source_candidates\strict_2d_lineart_batch3_20260715\raw_extracted\D01448673\D01448673_tang_ceiling_pattern_p133_i04_x1884_276x44.png","candidate_057__D01448673_tang_ceiling_pattern_p133_i04_x1884_276x44.png","276","44","6.2727","0.0","0.4067","0.0148","2e0858af47dfe9f9bc4c1faca4430ed9857043bf10cb9e643266969ed2119226","kept_for_visual_review","",""
"data\source_candidates\strict_2d_lineart_batch3_20260715\raw_extracted\D01448673\D01448673_tang_ceiling_pattern_p133_i05_x1885_287x31.png","","287","31","9.2581","0.0","0.7976","0.0025","01cf8a7fd10ef4478961d4f184e2df83f92f8f66426e5c8e62dd5ab9fee4c740","auto_rejected","insufficient_line_content",""
"data\source_candidates\strict_2d_lineart_batch3_20260715\raw_extracted\D01448673\D01448673_tang_ceiling_pattern_p133_i06_x1886_347x35.png","","347","35","9.9143","0.0","0.7252","0.0047","43fdf87eecd961983cbed333169e5b76bc0106b1b704765947e55d6d01d89ffd","auto_rejected","insufficient_line_content",""
"data\source_candidates\strict_2d_lineart_batch3_20260715\raw_extracted\D01448673\D01448673_tang_ceiling_pattern_p133_i07_x1887_298x29.png","","298","29","10.2759","0.0","0.7083","0.0073","ca66a8d954fbca6c8715a41222a38ebec7feb89a466c18c277adeca6c4d6c00d","auto_rejected","insufficient_line_content",""
"data\source_candidates\strict_2d_lineart_batch3_20260715\raw_extracted\D01448673\D01448673_tang_ceiling_pattern_p133_i11_x1891_324x52.png","","324","52","6.2308","0.0","0.5693","0.0087","4b0634e1c29ee1651eb046e8fd3549b0b3fba1656dcdabf69739474cf3a733bc","auto_rejected","insufficient_line_content",""
"data\source_candidates\strict_2d_lineart_batch3_20260715\raw_extracted\D01448673\D01448673_tang_ceiling_pattern_p133_i12_x1892_235x29.png","","235","29","8.1034","0.0","0.5936","0.0089","6230372d8127d56f1f91119da14d953df1ec10f6959c5468fa819050a93ddc44","auto_rejected","insufficient_line_content",""
"data\source_candidates\strict_2d_lineart_batch3_20260715\raw_extracted\D01448673\D01448673_tang_ceiling_pattern_p133_i13_x1893_395x41.png","candidate_058__D01448673_tang_ceiling_pattern_p133_i13_x1893_395x41.png","395","41","9.6341","0.0","0.5789","0.0179","bebd42df22d621e7863aa86e717a04c9d1e662407591ca410eaf6ec080c735ce","kept_for_visual_review","",""
"data\source_candidates\strict_2d_lineart_batch3_20260715\raw_extracted\D01448673\D01448673_tang_ceiling_pattern_p134_i00_x1898_399x41.png","","399","41","9.7317","0.0","0.8095","0.0068","720e8b8e7c96b49cbd39a66cbf06b290427256697546612d1b73245f2f78f81e","auto_rejected","insufficient_line_content",""
"data\source_candidates\strict_2d_lineart_batch3_20260715\raw_extracted\D01448673\D01448673_tang_ceiling_pattern_p134_i01_x1899_416x53.png","","416","53","7.8491","37.0343","0.0045","0.1981","187a027cd8123dec2bf5b8c692bfc009ec28b52473c61759f1912139de2ec96c","auto_rejected","too_colorful",""
"data\source_candidates\strict_2d_lineart_batch3_20260715\raw_extracted\D01448673\D01448673_tang_ceiling_pattern_p134_i02_x1900_293x29.png","","293","29","10.1034","21.4744","0.0001","0.463","1ef6d487d61f6e9a46403c0e5fb74dcee748d7655705cb1f726d160d90b07220","auto_rejected","too_colorful",""
"data\source_candidates\strict_2d_lineart_batch3_20260715\raw_extracted\D01448673\D01448673_tang_ceiling_pattern_p134_i03_x1901_401x42.png","","401","42","9.5476","0.0","0.6439","0.0048","0c6c6c98010217f714a716c8a0b03c3ef3c08c788f2ae52e3e737d5008188858","auto_rejected","insufficient_line_content",""
"data\source_candidates\strict_2d_lineart_batch3_20260715\raw_extracted\D01448673\D01448673_tang_ceiling_pattern_p134_i04_x1902_238x26.png","candidate_059__D01448673_tang_ceiling_pattern_p134_i04_x1902_238x26.png","238","26","9.1538","0.0","0.4822","0.014","a3bc8c131aa5dc124406fa135196904b18e2c4b316b3b6ada2295ef55f32b981","kept_for_visual_review","",""
"data\source_candidates\strict_2d_lineart_batch3_20260715\raw_extracted\D01448673\D01448673_tang_ceiling_pattern_p134_i05_x1903_352x54.png","","352","54","6.5185","0.035","0.4967","0.0035","3eac1777766befb2b04818ee0742e5e1b73c711dec31dfe6224a63bcd3bdabfa","auto_rejected","insufficient_line_content",""
"data\source_candidates\strict_2d_lineart_batch3_20260715\raw_extracted\D01448673\D01448673_tang_ceiling_pattern_p134_i06_x1904_412x57.png","","412","57","7.2281","0.0","0.4649","0.0045","f2783b6f4bc6a8f82ed8006de6ecbe677fec4a365eaf5e2f61d5918f70d3f5e3","auto_rejected","insufficient_line_content",""
"data\source_candidates\strict_2d_lineart_batch3_20260715\raw_extracted\D01448673\D01448673_tang_ceiling_pattern_p134_i07_x1905_263x30.png","candidate_060__D01448673_tang_ceiling_pattern_p134_i07_x1905_263x30.png","263","30","8.7667","0.5467","0.5392","0.056","640f1a5e55d14facc4b2deea302d647046232ef0c59438c4a9f095268ce8684a","kept_for_visual_review","",""
"data\source_candidates\strict_2d_lineart_batch3_20260715\raw_extracted\D01448673\D01448673_tang_ceiling_pattern_p134_i08_x1906_362x48.png","","362","48","7.5417","0.0","0.6486","0.0053","96a1cf7e1787e3fbb0359c74db951ff2a4a7a6bf8dc9f4d49b9a646e172915ad","auto_rejected","insufficient_line_content",""
"data\source_candidates\strict_2d_lineart_batch3_20260715\raw_extracted\D01448673\D01448673_tang_ceiling_pattern_p134_i09_x1907_476x61.png","candidate_061__D01448673_tang_ceiling_pattern_p134_i09_x1907_476x61.png","476","61","7.8033","0.0","0.5435","0.0184","5b922442eb16f002bc403e8cf1700b513151807ef7a0c23d012baf52aa2a04b3","kept_for_visual_review","",""
"data\source_candidates\strict_2d_lineart_batch3_20260715\raw_extracted\D01448673\D01448673_tang_ceiling_pattern_p134_i10_x1908_585x55.png","","585","55","10.6364","0.0","0.5851","0.0063","efab87271606a1d8cbfdde4223de6c00cbc3af0b9e23df2cf16a4898a10d8644","auto_rejected","insufficient_line_content",""
"data\source_candidates\strict_2d_lineart_batch3_20260715\raw_extracted\D01448673\D01448673_tang_ceiling_pattern_p134_i11_x1909_382x45.png","candidate_062__D01448673_tang_ceiling_pattern_p134_i11_x1909_382x45.png","382","45","8.4889","0.208","0.5204","0.0598","84262fd6364c3ce8129113c5058a5693fe07fbb3f60104ad8d1ad5d9218bfdba","kept_for_visual_review","",""
"data\source_candidates\strict_2d_lineart_batch3_20260715\raw_extracted\D01448673\D01448673_tang_ceiling_pattern_p134_i12_x1910_421x37.png","","421","37","11.3784","33.8195","0.0052","0.2366","a57b3891e47964931d3ca3104797f2cdfdf82ccb516570f9adf62c341d64bc3a","auto_rejected","too_colorful",""
"data\source_candidates\strict_2d_lineart_batch3_20260715\raw_extracted\D01448673\D01448673_tang_ceiling_pattern_p134_i13_x1911_387x40.png","","387","40","9.675","59.7611","0.0","0.0236","105a8c33377ec4e62d06cdf95bfbc4d44290ae881d50bba04c7443bb60902ec2","auto_rejected","too_colorful",""
"data\source_candidates\strict_2d_lineart_batch3_20260715\raw_extracted\D01448673\D01448673_tang_ceiling_pattern_p134_i14_x1912_385x45.png","candidate_063__D01448673_tang_ceiling_pattern_p134_i14_x1912_385x45.png","385","45","8.5556","0.0","0.6273","0.0275","3ac43881120a167ff365bc95994d10d2950d5a2b3499df0c4aa53c5f0c6f54dc","kept_for_visual_review","",""
"data\source_candidates\strict_2d_lineart_batch3_20260715\raw_extracted\D01448673\D01448673_tang_ceiling_pattern_p134_i15_x1913_642x89.png","","642","89","7.2135","0.0","0.6591","0.0056","322beaad588200bee1e589c1462662f506c07a23c3f2420da1eef24ebe902b90","auto_rejected","insufficient_line_content",""
"data\source_candidates\strict_2d_lineart_batch3_20260715\raw_extracted\D01448673\D01448673_tang_ceiling_pattern_p134_i16_x1914_275x35.png","candidate_064__D01448673_tang_ceiling_pattern_p134_i16_x1914_275x35.png","275","35","7.8571","0.0","0.498","0.0333","0fe1169e46e34935065027e855e2e6c64105ae7ea719e763d04178e7a1e58ac6","kept_for_visual_review","",""
"data\source_candidates\strict_2d_lineart_batch3_20260715\raw_extracted\D01448673\D01448673_tang_ceiling_pattern_p135_i00_x1917_406x56.png","","406","56","7.25","0.0","0.8161","0.0044","1bde25404f449774c714f15815c43bce81d54f20c574757a14bb71539175edc9","auto_rejected","insufficient_line_content",""
"data\source_candidates\strict_2d_lineart_batch3_20260715\raw_extracted\D01448673\D01448673_tang_ceiling_pattern_p135_i01_x1918_295x40.png","candidate_065__D01448673_tang_ceiling_pattern_p135_i01_x1918_295x40.png","295","40","7.375","0.0","0.6811","0.0736","131a84dc3c41c1ec67c850c03c748efcbe1a124f43715eb5a3d8cf013b1a087c","kept_for_visual_review","",""
"data\source_candidates\strict_2d_lineart_batch3_20260715\raw_extracted\D01448673\D01448673_tang_ceiling_pattern_p135_i02_x1919_332x36.png","candidate_066__D01448673_tang_ceiling_pattern_p135_i02_x1919_332x36.png","332","36","9.2222","0.0","0.5638","0.0151","afac9234b80283f61a42ef8678020ebb384522885f31a7df0abd949f2e4ba374","kept_for_visual_review","",""
"data\source_candidates\strict_2d_lineart_batch3_20260715\raw_extracted\D01448673\D01448673_tang_ceiling_pattern_p135_i03_x1920_405x39.png","candidate_067__D01448673_tang_ceiling_pattern_p135_i03_x1920_405x39.png","405","39","10.3846","0.0085","0.6862","0.0217","635b1c4ff68e513ce320f4b112219fecfdc11ea1d5a3b4f5689c58aa2587ed1b","kept_for_visual_review","",""
"data\source_candidates\strict_2d_lineart_batch3_20260715\raw_extracted\D01448673\D01448673_tang_ceiling_pattern_p135_i04_x1921_259x27.png","","259","27","9.5926","0.0","0.5983","0.0038","cd69942322345977a582b48fdcaa22706ec44bc6f3564936ff533931aad3ace4","auto_rejected","insufficient_line_content",""
"data\source_candidates\strict_2d_lineart_batch3_20260715\raw_extracted\D01448673\D01448673_tang_ceiling_pattern_p135_i05_x1922_534x60.png","","534","60","8.9","0.0","0.6336","0.0066","55439f9960c55b408624e90e8f0fec26d0acfa6da660bd99d6250621916f9aea","auto_rejected","insufficient_line_content",""
"data\source_candidates\strict_2d_lineart_batch3_20260715\raw_extracted\D01448673\D01448673_tang_ceiling_pattern_p135_i06_x1923_731x104.png","","731","104","7.0288","0.0","0.7899","0.0007","1ed0f101e8343e330ece60a09cfb35720c3732da4904800acc21ae422e5eed4a","auto_rejected","insufficient_line_content",""
"data\source_candidates\strict_2d_lineart_batch3_20260715\raw_extracted\D01448673\D01448673_tang_ceiling_pattern_p135_i07_x1924_553x85.png","","553","85","6.5059","26.4791","0.1053","0.0469","7f6fc03b7888029c225b574dd8b3aef65683b752e526886418f9aa916b975b85","auto_rejected","too_colorful",""
"data\source_candidates\strict_2d_lineart_batch3_20260715\raw_extracted\D01448673\D01448673_tang_ceiling_pattern_p135_i08_x1925_657x110.png","","657","110","5.9727","0.0","0.6947","0.0","d9759bcf8592a45127664e1b83ed86b840f3ad506b369e2428a31f9ce224251b","auto_rejected","insufficient_line_content",""
"data\source_candidates\strict_2d_lineart_batch3_20260715\raw_extracted\D01448673\D01448673_tang_ceiling_pattern_p135_i09_x1926_741x118.png","","741","118","6.2797","0.0","0.557","0.0037","f4ec4563e6662b4c5e8d17c409aabfd885545aece6d027fb667d06cd14cf5e61","auto_rejected","insufficient_line_content",""
"data\source_candidates\strict_2d_lineart_batch3_20260715\raw_extracted\D01448673\D01448673_tang_ceiling_pattern_p135_i10_x1927_661x97.png","","661","97","6.8144","33.5766","0.0","0.3425","d69a6841b51b7587f01fa2016e4ae9922b110a9206c6d69e1f18d2c677cd0544","auto_rejected","too_colorful",""
"data\source_candidates\strict_2d_lineart_batch3_20260715\raw_extracted\D01448673\D01448673_tang_ceiling_pattern_p135_i11_x1928_672x110.png","","672","110","6.1091","0.0","0.7337","0.0025","df607376c745280ec96b1acc8e70f23871f02135b5d06131f17e8cf831448477","auto_rejected","insufficient_line_content",""
"data\source_candidates\strict_2d_lineart_batch3_20260715\raw_extracted\D01448673\D01448673_tang_ceiling_pattern_p135_i12_x1929_311x43.png","","311","43","7.2326","0.0","0.685","0.0","18340ed2ac531c364814e56e4dafcb329887f1d4d007f928eebb39394babb129","auto_rejected","insufficient_line_content",""
"data\source_candidates\strict_2d_lineart_batch3_20260715\raw_extracted\D01448673\D01448673_tang_ceiling_pattern_p135_i13_x1930_711x101.png","","711","101","7.0396","0.0","0.6121","0.0","2375d6981237c9030e40c605c74037e39a0b785f64a3789661683ded561d34bd","auto_rejected","insufficient_line_content",""
"data\source_candidates\strict_2d_lineart_batch3_20260715\raw_extracted\D01448673\D01448673_tang_ceiling_pattern_p135_i14_x1931_618x97.png","","618","97","6.3711","0.0","0.744","0.0","ed4605c716c92fa7a45353dda46e60b56d46f19dde87cfe6079922cef0dba052","auto_rejected","insufficient_line_content",""
"data\source_candidates\strict_2d_lineart_batch3_20260715\raw_extracted\D01448673\D01448673_tang_ceiling_pattern_p136_i00_x1934_636x91.png","","636","91","6.989","33.264","0.0148","0.1314","ed3aed2f679497944b0725a2db1cef4efdbca518bb03821cade0edacddc3bc5a","auto_rejected","too_colorful",""
"data\source_candidates\strict_2d_lineart_batch3_20260715\raw_extracted\D01448673\D01448673_tang_ceiling_pattern_p136_i01_x1935_716x66.png","","716","66","10.8485","0.0","0.6213","0.0","9b12f91b947c37e476e1c0824c3f46220fc7c3260d5d2725a69bba59bff19e38","auto_rejected","insufficient_line_content",""
"data\source_candidates\strict_2d_lineart_batch3_20260715\raw_extracted\D01448673\D01448673_tang_ceiling_pattern_p136_i02_x1936_644x74.png","","644","74","8.7027","0.0","0.43","0.0001","f0e3de5f3f2d7560970d7125ca802fa5a5722364d1468209c59fa7df77610cb4","auto_rejected","insufficient_line_content",""
"data\source_candidates\strict_2d_lineart_batch3_20260715\raw_extracted\D01448673\D01448673_tang_ceiling_pattern_p144_i00_x2015_348x207.png","","348","207","1.6812","0.0","0.6705","0.2723","565c0cce34825288d280626b681e308949093f4de845c3a906e2d3a6ccd9be78","auto_rejected","dimension_or_aspect",""
"data\source_candidates\strict_2d_lineart_batch3_20260715\raw_extracted\D01448673\D01448673_tang_ceiling_pattern_p144_i01_x2016_448x108.png","candidate_068__D01448673_tang_ceiling_pattern_p144_i01_x2016_448x108.png","448","108","4.1481","0.0","0.3632","0.4874","636e1e1c2e6f3118dbdb93d29ffe859bf3f07b62ccb015bb09a50ff4061d8897","kept_for_visual_review","",""
"data\source_candidates\strict_2d_lineart_batch3_20260715\raw_extracted\D01448673\D01448673_tang_ceiling_pattern_p144_i02_x2017_259x108.png","candidate_069__D01448673_tang_ceiling_pattern_p144_i02_x2017_259x108.png","259","108","2.3981","0.0","0.5257","0.2829","5c79a444614825f43100507eab00ed77f89847d91a775257740fc06bfc384a52","kept_for_visual_review","",""
"data\source_candidates\strict_2d_lineart_batch3_20260715\raw_extracted\D01448673\D01448673_tang_ceiling_pattern_p144_i04_x2019_271x175.png","","271","175","1.5486","0.0","0.7172","0.2019","d79bcc17b80b0d973834153e3a12c6b6e61556d6bc5232edec2c9f1e3ccf3085","auto_rejected","dimension_or_aspect",""
"data\source_candidates\strict_2d_lineart_batch3_20260715\raw_extracted\D01448673\D01448673_tang_ceiling_pattern_p144_i07_x2022_369x193.png","","369","193","1.9119","0.0","0.5222","0.1271","298b250e1cae9e7025de338d484abe716fd66556957bbcfbb24a724bfbfb6d41","auto_rejected","dimension_or_aspect",""
"data\source_candidates\strict_2d_lineart_batch3_20260715\raw_extracted\D01448673\D01448673_tang_ceiling_pattern_p144_i08_x2023_305x146.png","candidate_070__D01448673_tang_ceiling_pattern_p144_i08_x2023_305x146.png","305","146","2.089","0.0","0.6514","0.2142","a2aa7b5d32b573ba353690b1aabc430c511e976b465248d9da279fa553fdbac4","kept_for_visual_review","",""
"data\source_candidates\strict_2d_lineart_batch3_20260715\raw_extracted\D01448673\D01448673_tang_ceiling_pattern_p145_i01_x2032_343x163.png","candidate_071__D01448673_tang_ceiling_pattern_p145_i01_x2032_343x163.png","343","163","2.1043","0.0","0.5359","0.3568","28d296f806d9069d4203c47b66749722ded78491af38ad0581daa262a93ec0a1","kept_for_visual_review","",""
"data\source_candidates\strict_2d_lineart_batch3_20260715\raw_extracted\D01448673\D01448673_tang_ceiling_pattern_p145_i03_x2034_426x143.png","candidate_072__D01448673_tang_ceiling_pattern_p145_i03_x2034_426x143.png","426","143","2.979","0.0","0.5031","0.3621","78b8752b1f08a7398c0cd6b921d5156793957d9d35ec0531760841e2dd2c74c8","kept_for_visual_review","",""
"data\source_candidates\strict_2d_lineart_batch3_20260715\raw_extracted\D01448673\D01448673_tang_ceiling_pattern_p146_i00_x2049_257x158.png","","257","158","1.6266","0.0","0.2347","0.4609","4b1904f2b8477044053a716a58607be594aa181e71ebfbb8b33e0de2162c28c6","auto_rejected","dimension_or_aspect",""
"data\source_candidates\strict_2d_lineart_batch3_20260715\raw_extracted\D01448673\D01448673_tang_ceiling_pattern_p146_i01_x2050_400x157.png","candidate_073__D01448673_tang_ceiling_pattern_p146_i01_x2050_400x157.png","400","157","2.5478","0.0","0.6035","0.1947","2af834838640ff81e25db09104d18f5c7ad8d77ea1105e7e38db32e9b6e27c98","kept_for_visual_review","",""
"data\source_candidates\strict_2d_lineart_batch3_20260715\raw_extracted\D01448673\D01448673_tang_ceiling_pattern_p146_i03_x2052_227x116.png","","227","116","1.9569","0.0","0.4024","0.3846","3acd1d0125d326c55477f9058211ca51192138bfafd3f888a10fe305161fe57a","auto_rejected","dimension_or_aspect",""
"data\source_candidates\strict_2d_lineart_batch3_20260715\raw_extracted\D01448673\D01448673_tang_ceiling_pattern_p146_i04_x2053_388x162.png","","388","162","2.3951","0.0","0.3096","0.609","7fe459944240a801087c2c2f442a1dc566772020d19d05af3432101919566693","auto_rejected","insufficient_white_background",""
"data\source_candidates\strict_2d_lineart_batch3_20260715\raw_extracted\D01448673\D01448673_tang_ceiling_pattern_p146_i06_x2055_307x175.png","","307","175","1.7543","0.0","0.4501","0.4168","23a1d2e02527720485ef0c95b8f68e8c82c1e449b68a88dc646d96f3f6fb7d9d","auto_rejected","dimension_or_aspect",""
"data\source_candidates\strict_2d_lineart_batch3_20260715\raw_extracted\D01448673\D01448673_tang_ceiling_pattern_p147_i04_x2070_574x201.png","candidate_074__D01448673_tang_ceiling_pattern_p147_i04_x2070_574x201.png","574","201","2.8557","0.0","0.6482","0.0717","7f5da013c9b50837f2830ccf120f740092cc1bb40c1f69b521868efbc96628e4","kept_for_visual_review","",""
"data\source_candidates\strict_2d_lineart_batch3_20260715\raw_extracted\D01448673\D01448673_tang_ceiling_pattern_p148_i02_x2079_421x192.png","candidate_075__D01448673_tang_ceiling_pattern_p148_i02_x2079_421x192.png","421","192","2.1927","0.0","0.6121","0.2879","262bc0909f632c342e7b9238c16ac5a558b857f9e407a6ff7efc287e8b2b9b60","kept_for_visual_review","",""
"data\source_candidates\strict_2d_lineart_batch3_20260715\raw_extracted\D01448673\D01448673_tang_ceiling_pattern_p148_i03_x2080_568x132.png","candidate_076__D01448673_tang_ceiling_pattern_p148_i03_x2080_568x132.png","568","132","4.303","0.0","0.6521","0.2333","af34711939f4dc915c97d3ec1a52b0d72635bcd0a2949154226228979bed0c65","kept_for_visual_review","",""
"data\source_candidates\strict_2d_lineart_batch3_20260715\raw_extracted\D01448673\D01448673_tang_ceiling_pattern_p149_i02_x2083_207x110.png","","207","110","1.8818","0.072","0.7582","0.0671","24739a1c6f28767574e0788b0492d64f5ea57c956579c1522c41010cbfdd312d","auto_rejected","dimension_or_aspect",""
"data\source_candidates\strict_2d_lineart_batch3_20260715\raw_extracted\D01448673\D01448673_tang_ceiling_pattern_p149_i21_x2102_283x82.png","candidate_077__D01448673_tang_ceiling_pattern_p149_i21_x2102_283x82.png","283","82","3.4512","0.0","0.5996","0.2115","12ebd9a0270fef5907d6237130d2a70e3c7c69877661ccd44d7773525c900eb5","kept_for_visual_review","",""
"data\source_candidates\strict_2d_lineart_batch3_20260715\raw_extracted\D01448673\D01448673_tang_ceiling_pattern_p161_i02_x2202_636x87.png","","636","87","7.3103","24.984","0.0002","0.108","7dc4b9b7a29985a465d513bba5486ef30b1be00a5404cc36c005c959ae1cd1df","auto_rejected","too_colorful",""
"data\source_candidates\strict_2d_lineart_batch3_20260715\raw_extracted\D01448673\D01448673_tang_ceiling_pattern_p161_i03_x2203_517x95.png","candidate_078__D01448673_tang_ceiling_pattern_p161_i03_x2203_517x95.png","517","95","5.4421","0.0","0.5475","0.1169","feda3cc134a4725bda387ed21eab76fd244ad628239c7c6982f71a6832ac78eb","kept_for_visual_review","",""
"data\source_candidates\strict_2d_lineart_batch3_20260715\raw_extracted\D01448673\D01448673_tang_ceiling_pattern_p161_i04_x2204_528x80.png","candidate_079__D01448673_tang_ceiling_pattern_p161_i04_x2204_528x80.png","528","80","6.6","0.0834","0.4343","0.0155","5d8071d1ce50a252db1cac448dbe523a43447684a5b8d354f770ab0e030f457d","kept_for_visual_review","",""
"data\source_candidates\strict_2d_lineart_batch3_20260715\raw_extracted\D01448673\D01448673_tang_ceiling_pattern_p161_i05_x2205_338x50.png","","338","50","6.76","39.8453","0.0","0.564","43d41027e824d5442dc22b10acc4e5889fff4a478037912e23bd4469106bd767","auto_rejected","too_colorful",""
"data\source_candidates\strict_2d_lineart_batch3_20260715\raw_extracted\D01448673\D01448673_tang_ceiling_pattern_p161_i06_x2206_542x105.png","candidate_080__D01448673_tang_ceiling_pattern_p161_i06_x2206_542x105.png","542","105","5.1619","0.0","0.5332","0.2403","d2d16de870d19dc9ec23dfdece7b22856fd057bf7c3f71f691b656559229a2d2","kept_for_visual_review","",""
"data\source_candidates\strict_2d_lineart_batch3_20260715\raw_extracted\D01448673\D01448673_tang_ceiling_pattern_p161_i07_x2207_561x86.png","candidate_081__D01448673_tang_ceiling_pattern_p161_i07_x2207_561x86.png","561","86","6.5233","0.0","0.5682","0.0181","bcf60a11fa812f340eef3e0f9852558ebe5bf0b8a3d80e8ec438b09fbf7a8e02","kept_for_visual_review","",""
"data\source_candidates\strict_2d_lineart_batch3_20260715\raw_extracted\D01448673\D01448673_tang_ceiling_pattern_p161_i08_x2208_474x61.png","","474","61","7.7705","21.4359","0.0008","0.4705","5ddadf4444e66bea485b45f1687c114e653554683a73306d3e4f84b42e6ab972","auto_rejected","too_colorful",""
"data\source_candidates\strict_2d_lineart_batch3_20260715\raw_extracted\D01448673\D01448673_tang_ceiling_pattern_p161_i09_x2209_475x53.png","","475","53","8.9623","10.7952","0.0","0.6853","4ed44353c3e8f48011017ced5fac24a0e7ff1f0fd5048dfd48ffaf8c54dca4a5","auto_rejected","insufficient_white_background",""
"data\source_candidates\strict_2d_lineart_batch3_20260715\raw_extracted\D01448673\D01448673_tang_ceiling_pattern_p161_i10_x2210_640x75.png","","640","75","8.5333","26.6234","0.0","0.1656","62ce2ca70089ad1d892799f839027f19ef08a7443c34c7374576d34121ba4565","auto_rejected","too_colorful",""
"data\source_candidates\strict_2d_lineart_batch3_20260715\raw_extracted\D01448673\D01448673_tang_ceiling_pattern_p162_i00_x2215_592x94.png","","592","94","6.2979","16.7352","0.0","0.4204","d614816879e4d5a0055bd0206709e795945997e35f9d294dff7d0f5f358c66c0","auto_rejected","insufficient_white_background",""
"data\source_candidates\strict_2d_lineart_batch3_20260715\raw_extracted\D01448673\D01448673_tang_ceiling_pattern_p162_i01_x2216_570x60.png","","570","60","9.5","25.5159","0.0","0.2108","7b6f2682d6f5723485768ace22dc1e93e110b50343d707da828fd4f701148544","auto_rejected","too_colorful",""
"data\source_candidates\strict_2d_lineart_batch3_20260715\raw_extracted\D01448673\D01448673_tang_ceiling_pattern_p162_i02_x2217_445x91.png","","445","91","4.8901","4.1149","0.0048","0.4211","00661da2e213e8562cd76fc840140cad7fce010cd6862b97df050059a0fc9661","auto_rejected","insufficient_white_background",""
"data\source_candidates\strict_2d_lineart_batch3_20260715\raw_extracted\D01448673\D01448673_tang_ceiling_pattern_p162_i03_x2218_594x89.png","","594","89","6.6742","11.2446","0.0014","0.3927","08b999976d398e91cd0ab3195665aef43fde80ae9b6928c5fd9553da184673e8","auto_rejected","insufficient_white_background",""
"data\source_candidates\strict_2d_lineart_batch3_20260715\raw_extracted\D01448673\D01448673_tang_ceiling_pattern_p162_i04_x2219_595x88.png","","595","88","6.7614","20.2375","0.3166","0.0225","ac9b8da616c02f851365405ac903a9ef73b974fea04238d70f600db5f6c9c039","auto_rejected","too_colorful",""
"data\source_candidates\strict_2d_lineart_batch3_20260715\raw_extracted\D01448673\D01448673_tang_ceiling_pattern_p162_i05_x2220_590x78.png","candidate_082__D01448673_tang_ceiling_pattern_p162_i05_x2220_590x78.png","590","78","7.5641","0.0","0.4749","0.0375","34d8fbcb6a3085fb7bc4a2e2f5ea16744812a57528b11b8c57813d0c490d797a","kept_for_visual_review","",""
"data\source_candidates\strict_2d_lineart_batch3_20260715\raw_extracted\D01448673\D01448673_tang_ceiling_pattern_p162_i06_x2221_631x77.png","","631","77","8.1948","24.6206","0.0","0.1736","4ea166fdd67f12403730594ed4eef32084a96cd8e39d21a6d02a21f0ade3af50","auto_rejected","too_colorful",""
"data\source_candidates\strict_2d_lineart_batch3_20260715\raw_extracted\D01448673\D01448673_tang_ceiling_pattern_p162_i07_x2222_438x66.png","","438","66","6.6364","14.5087","0.0","0.1135","045e67786afdba6dffe0fd99fee62521b542c9c691bc04e875249a352c583139","auto_rejected","insufficient_white_background",""
"data\source_candidates\strict_2d_lineart_batch3_20260715\raw_extracted\D01448673\D01448673_tang_ceiling_pattern_p162_i08_x2223_552x72.png","candidate_083__D01448673_tang_ceiling_pattern_p162_i08_x2223_552x72.png","552","72","7.6667","0.0","0.4426","0.0706","2862ecfc485b783c2ce6c34112dec6f393fe8e18cab8af33029631e11ed0e006","kept_for_visual_review","",""
"data\source_candidates\strict_2d_lineart_batch3_20260715\raw_extracted\D01448673\D01448673_tang_ceiling_pattern_p162_i09_x2224_613x100.png","","613","100","6.13","0.0","0.0876","0.1864","d3b5816a9658f2815eda862acf42a5451ded736e5ad2ea30b51b5b407ba737ae","auto_rejected","insufficient_white_background",""
"data\source_candidates\strict_2d_lineart_batch3_20260715\raw_extracted\D01448673\D01448673_tang_ceiling_pattern_p162_i10_x2225_268x32.png","","268","32","8.375","0.0","0.8129","0.0054","b396f48f97691cb8b6d5c586d5bce0fdc069a96cd5c2ad74a1b46f2e669fa29e","auto_rejected","insufficient_line_content",""
"data\source_candidates\strict_2d_lineart_batch3_20260715\raw_extracted\D01448673\D01448673_tang_ceiling_pattern_p162_i11_x2226_246x26.png","","246","26","9.4615","0.0","0.7685","0.0055","1580e1027ad8596f6284ccbb3f5c2c5454fce20ab82317c1ead6dbf20e208409","auto_rejected","insufficient_line_content",""
"data\source_candidates\strict_2d_lineart_batch3_20260715\raw_extracted\D01448673\D01448673_tang_ceiling_pattern_p162_i12_x2227_288x36.png","candidate_084__D01448673_tang_ceiling_pattern_p162_i12_x2227_288x36.png","288","36","8.0","0.0","0.7118","0.1775","a4777fca8a1044fb8b5c7640a3668b13c9743b4a05317ffcac829b7bc5c925c7","kept_for_visual_review","",""
"data\source_candidates\strict_2d_lineart_batch3_20260715\raw_extracted\D01448673\D01448673_tang_ceiling_pattern_p163_i00_x2230_252x33.png","candidate_085__D01448673_tang_ceiling_pattern_p163_i00_x2230_252x33.png","252","33","7.6364","0.0","0.8039","0.072","a0e5122ab785bc5c818089d13e70bc258bc6dc75cb495206e5e0659f45f78ee0","kept_for_visual_review","",""
"data\source_candidates\strict_2d_lineart_batch3_20260715\raw_extracted\D01448673\D01448673_tang_ceiling_pattern_p163_i01_x2231_360x61.png","","360","61","5.9016","30.325","0.4211","0.0","092d431bf86d119cd4fafec3a49dda4cbaf31139e912278c3254dfe3fb25add6","auto_rejected","too_colorful",""
"data\source_candidates\strict_2d_lineart_batch3_20260715\raw_extracted\D01448673\D01448673_tang_ceiling_pattern_p163_i02_x2232_275x31.png","candidate_086__D01448673_tang_ceiling_pattern_p163_i02_x2232_275x31.png","275","31","8.871","0.0","0.5263","0.0273","c3e01045baa1f37d94bb134079093039b16fcca6d35880edde8f697ca686cde3","kept_for_visual_review","",""
"data\source_candidates\strict_2d_lineart_batch3_20260715\raw_extracted\D01448673\D01448673_tang_ceiling_pattern_p163_i03_x2233_337x55.png","candidate_087__D01448673_tang_ceiling_pattern_p163_i03_x2233_337x55.png","337","55","6.1273","0.0","0.5634","0.1964","063a86aa8cfa2db545f86f20b22f3ad00e7ef0caf70f3954770b6f35eec6b0c9","kept_for_visual_review","",""
"data\source_candidates\strict_2d_lineart_batch3_20260715\raw_extracted\D01448673\D01448673_tang_ceiling_pattern_p163_i04_x2234_324x34.png","candidate_088__D01448673_tang_ceiling_pattern_p163_i04_x2234_324x34.png","324","34","9.5294","0.0","0.7592","0.0102","164e9815882ffadc9fb63911aa4bb58db7d7277ed61aad17de4cf43d562bdfda","kept_for_visual_review","",""
"data\source_candidates\strict_2d_lineart_batch3_20260715\raw_extracted\D01448673\D01448673_tang_ceiling_pattern_p163_i05_x2235_235x25.png","candidate_089__D01448673_tang_ceiling_pattern_p163_i05_x2235_235x25.png","235","25","9.4","0.0","0.5653","0.2259","8a4ed1ef1680722746f8b7852aeec6656b84aaed74204b179dadfecfb8acafad","kept_for_visual_review","",""
"data\source_candidates\strict_2d_lineart_batch3_20260715\raw_extracted\D01448673\D01448673_tang_ceiling_pattern_p163_i06_x2236_420x53.png","","420","53","7.9245","0.0","0.0434","0.1477","60e8bc3ef960cc3c34ea74260ce10bac248a69fa395756c9bfa7e8c078298e28","auto_rejected","insufficient_white_background",""
"data\source_candidates\strict_2d_lineart_batch3_20260715\raw_extracted\D01448673\D01448673_tang_ceiling_pattern_p163_i07_x2237_339x67.png","","339","67","5.0597","32.1904","0.0874","0.0406","5fc3d3838ca2b22e0741b74681f6a2a3874c3ec0c640df38690cb88c756b2401","auto_rejected","too_colorful",""
"data\source_candidates\strict_2d_lineart_batch3_20260715\raw_extracted\D01448673\D01448673_tang_ceiling_pattern_p163_i08_x2238_594x119.png","candidate_090__D01448673_tang_ceiling_pattern_p163_i08_x2238_594x119.png","594","119","4.9916","0.0","0.4745","0.0721","863e25f02277dd42cc618a4499cbea10e2a7c65cab873f03614adfa6b29bd027","kept_for_visual_review","",""
"data\source_candidates\strict_2d_lineart_batch3_20260715\raw_extracted\D01448673\D01448673_tang_ceiling_pattern_p163_i09_x2239_342x60.png","candidate_091__D01448673_tang_ceiling_pattern_p163_i09_x2239_342x60.png","342","60","5.7","1.0366","0.4866","0.1267","72856a8dc666be77330d7d520ac16ec851f92922a478ed170779935cf28f22d2","kept_for_visual_review","",""
"data\source_candidates\strict_2d_lineart_batch3_20260715\raw_extracted\D01448673\D01448673_tang_ceiling_pattern_p163_i10_x2240_425x112.png","","425","112","3.7946","16.5983","0.0213","0.0792","9f2aa61327ed7826706db55455568fc819ab15d93287956a94180cadc4e38c8f","auto_rejected","insufficient_white_background",""
"data\source_candidates\strict_2d_lineart_batch3_20260715\raw_extracted\D01448673\D01448673_tang_ceiling_pattern_p164_i00_x2243_278x54.png","","278","54","5.1481","0.0","0.2844","0.0114","f9d8ee101ed16b9a2333451d7993ea985ae38579e576a31dd1269b4157b8e0fd","auto_rejected","insufficient_white_background",""
"data\source_candidates\strict_2d_lineart_batch3_20260715\raw_extracted\D01448673\D01448673_tang_ceiling_pattern_p164_i01_x2244_424x77.png","candidate_092__D01448673_tang_ceiling_pattern_p164_i01_x2244_424x77.png","424","77","5.5065","0.0","0.6954","0.1468","faa0bb3653390d005641ebe4ec60c9b2a17137a114994ebff5d351b780112d6c","kept_for_visual_review","",""
"data\source_candidates\strict_2d_lineart_batch3_20260715\raw_extracted\D01448673\D01448673_tang_ceiling_pattern_p164_i02_x2245_413x97.png","candidate_093__D01448673_tang_ceiling_pattern_p164_i02_x2245_413x97.png","413","97","4.2577","0.0","0.5601","0.0847","0beafab7e13ea32ffef8f0683ec41f701558dfb9414346da5f5f529ccef029f0","kept_for_visual_review","",""
"data\source_candidates\strict_2d_lineart_batch3_20260715\raw_extracted\D01448673\D01448673_tang_ceiling_pattern_p164_i03_x2246_603x70.png","","603","70","8.6143","44.6853","0.0","0.4172","2fa1209f226d87a34236b74080469fa81b37b5b88a94d77cba98b7c711745a5b","auto_rejected","too_colorful",""
"data\source_candidates\strict_2d_lineart_batch3_20260715\raw_extracted\D01448673\D01448673_tang_ceiling_pattern_p164_i04_x2247_688x137.png","","688","137","5.0219","0.0","0.5784","0.0043","184534ccb8a73cc4615548a0d1c25f8e9378fe7ab086981094cf3a3aab942782","auto_rejected","insufficient_line_content",""
"data\source_candidates\strict_2d_lineart_batch3_20260715\raw_extracted\D01448673\D01448673_tang_ceiling_pattern_p164_i05_x2248_305x75.png","candidate_094__D01448673_tang_ceiling_pattern_p164_i05_x2248_305x75.png","305","75","4.0667","0.0","0.4593","0.0849","aed48f21b124a09cad51529ac441d777bc93ffecf3aaaf54b24f943301904acf","kept_for_visual_review","",""
"data\source_candidates\strict_2d_lineart_batch3_20260715\raw_extracted\D01448673\D01448673_tang_ceiling_pattern_p164_i06_x2249_536x91.png","","536","91","5.8901","0.0","0.2495","0.1508","b38c28f72b0ce6a3eb60a06a2801ac42eb99a295d43e2ed311a663b2284d92c9","auto_rejected","insufficient_white_background",""
"data\source_candidates\strict_2d_lineart_batch3_20260715\raw_extracted\D01448673\D01448673_tang_ceiling_pattern_p164_i07_x2250_685x126.png","candidate_095__D01448673_tang_ceiling_pattern_p164_i07_x2250_685x126.png","685","126","5.4365","0.0","0.5923","0.1253","5491202e9ea0ec9f8738c636cefb8818945bfb2f42e6ef6633739cb6131b2c9d","kept_for_visual_review","",""
"data\source_candidates\strict_2d_lineart_batch3_20260715\raw_extracted\D01448673\D01448673_tang_ceiling_pattern_p164_i08_x2251_341x59.png","","341","59","5.7797","27.1082","0.0","0.0416","83709f197d67153cba4b3843713c15846f5fe26b5ee55c2422c5c55cbde91ec9","auto_rejected","too_colorful",""
"data\source_candidates\strict_2d_lineart_batch3_20260715\raw_extracted\D01448673\D01448673_tang_ceiling_pattern_p164_i09_x2252_607x95.png","","607","95","6.3895","0.0171","0.495","0.0081","d5475343c9a4ae10d8cd601bbf91b00e0b320cd30eeb1540b15e75c8fd414e20","auto_rejected","insufficient_line_content",""
"data\source_candidates\strict_2d_lineart_batch3_20260715\raw_extracted\D01448673\D01448673_tang_ceiling_pattern_p164_i10_x2253_409x59.png","candidate_096__D01448673_tang_ceiling_pattern_p164_i10_x2253_409x59.png","409","59","6.9322","0.3337","0.4844","0.0776","4db87f2f0ba0bad4807e2315987e3bc3cd8e91c8160e4bb036b6bae7edbc7fca","kept_for_visual_review","",""
"data\source_candidates\strict_2d_lineart_batch3_20260715\raw_extracted\D01448673\D01448673_tang_ceiling_pattern_p165_i00_x2256_599x97.png","candidate_097__D01448673_tang_ceiling_pattern_p165_i00_x2256_599x97.png","599","97","6.1753","0.2063","0.418","0.0292","85fca7a175129bc13db70eb8ada8e5b93d397e0d4ff13bdb434595da5c270318","kept_for_visual_review","",""
"data\source_candidates\strict_2d_lineart_batch3_20260715\raw_extracted\D01448673\D01448673_tang_ceiling_pattern_p165_i01_x2257_692x138.png","candidate_098__D01448673_tang_ceiling_pattern_p165_i01_x2257_692x138.png","692","138","5.0145","0.0","0.5582","0.0274","e32ce55b58bd9b2eb0d0bb7c632aa6814ab10dca5e2445c1f9b2bbb06b2c884c","kept_for_visual_review","",""
"data\source_candidates\strict_2d_lineart_batch3_20260715\raw_extracted\D01448673\D01448673_tang_ceiling_pattern_p165_i02_x2258_638x59.png","","638","59","10.8136","14.0963","0.0","0.3378","67940cbca1b14d8c980b0fec3b9d24e8f8053cec0e8c7236542a37c1cd982d1d","auto_rejected","insufficient_white_background",""
"data\source_candidates\strict_2d_lineart_batch3_20260715\raw_extracted\D01448673\D01448673_tang_ceiling_pattern_p165_i03_x2259_547x75.png","","547","75","7.2933","32.3128","0.006","0.5291","f61f53391bda807ca9f986866d1dd5d6f2d7928fec346a7a27f7dcac8231bb79","auto_rejected","too_colorful",""
"data\source_candidates\strict_2d_lineart_batch3_20260715\raw_extracted\D01448673\D01448673_tang_ceiling_pattern_p165_i04_x2260_516x62.png","","516","62","8.3226","30.1264","0.0","0.3355","11b6b479cb8af9b76d466433ffe9b8cd0163e8d0707006cf4458bd1e5d6567f8","auto_rejected","too_colorful",""
"data\source_candidates\strict_2d_lineart_batch3_20260715\raw_extracted\D01448673\D01448673_tang_ceiling_pattern_p165_i05_x2261_636x110.png","","636","110","5.7818","30.332","0.0","0.2047","328ccd698e552f4ed5475e33129c02605bdc929213821704f2f19aaf64a10b0b","auto_rejected","too_colorful",""
"data\source_candidates\strict_2d_lineart_batch3_20260715\raw_extracted\D01448673\D01448673_tang_ceiling_pattern_p165_i06_x2262_522x80.png","","522","80","6.525","21.784","0.0","0.0429","06df89da4d6d0d669010f3f2ddb0017b0902e7e1ee9d2596ae32a69634a42069","auto_rejected","too_colorful",""
"data\source_candidates\strict_2d_lineart_batch3_20260715\raw_extracted\D01448673\D01448673_tang_ceiling_pattern_p165_i07_x2263_359x59.png","","359","59","6.0847","0.0","0.4059","0.0052","09b4fb8dc8e57a316c609e5281d852484e65dc4037b88a97c82d772d86ab6d22","auto_rejected","insufficient_line_content",""
"data\source_candidates\strict_2d_lineart_batch3_20260715\raw_extracted\D01448673\D01448673_tang_ceiling_pattern_p165_i08_x2264_485x73.png","candidate_099__D01448673_tang_ceiling_pattern_p165_i08_x2264_485x73.png","485","73","6.6438","0.0","0.4008","0.019","c433c45f8d61ba863fa3495ffe84f7f80234919eee646ce1400a7a0bbe125f62","kept_for_visual_review","",""
"data\source_candidates\strict_2d_lineart_batch3_20260715\raw_extracted\D01448673\D01448673_tang_ceiling_pattern_p165_i09_x2265_394x57.png","candidate_100__D01448673_tang_ceiling_pattern_p165_i09_x2265_394x57.png","394","57","6.9123","0.0","0.6992","0.0786","cfcd69b650c1e3161da305f8d12afd314072e626321eb19cd73be63d5c0ab7c5","kept_for_visual_review","",""
"data\source_candidates\strict_2d_lineart_batch3_20260715\raw_extracted\D01448673\D01448673_tang_ceiling_pattern_p165_i10_x2266_633x57.png","candidate_101__D01448673_tang_ceiling_pattern_p165_i10_x2266_633x57.png","633","57","11.1053","0.0","0.4599","0.1844","d727f5e3584c06c9d1c3756ae9c13abfddafa20d170016d8858e90d722fe7657","kept_for_visual_review","",""
"data\source_candidates\strict_2d_lineart_batch3_20260715\raw_extracted\D01448673\D01448673_tang_ceiling_pattern_p165_i11_x2267_557x52.png","candidate_102__D01448673_tang_ceiling_pattern_p165_i11_x2267_557x52.png","557","52","10.7115","0.3661","0.4396","0.017","91584df4b02d4761dc61dcfca4193321d8ad2a4efaaa44d8f38c944c4a84a9d8","kept_for_visual_review","",""
"data\source_candidates\strict_2d_lineart_batch3_20260715\raw_extracted\D01448673\D01448673_tang_ceiling_pattern_p166_i00_x2270_489x67.png","candidate_103__D01448673_tang_ceiling_pattern_p166_i00_x2270_489x67.png","489","67","7.2985","0.6017","0.4703","0.0597","98d8aac92bd12aa5a25734801694407fff796508d6bb3bc6adc15a97261d1980","kept_for_visual_review","",""
"data\source_candidates\strict_2d_lineart_batch3_20260715\raw_extracted\D01448673\D01448673_tang_ceiling_pattern_p166_i01_x2271_370x38.png","candidate_104__D01448673_tang_ceiling_pattern_p166_i01_x2271_370x38.png","370","38","9.7368","0.0","0.5236","0.2375","378be984a77eb0dd1942cfb966d40a38986b210bc4760a2919793167e73511c5","kept_for_visual_review","",""
"data\source_candidates\strict_2d_lineart_batch3_20260715\raw_extracted\D01448673\D01448673_tang_ceiling_pattern_p166_i02_x2272_473x69.png","candidate_105__D01448673_tang_ceiling_pattern_p166_i02_x2272_473x69.png","473","69","6.8551","0.0","0.6207","0.0245","6dd0b8dc44d0a163eb1ca53bd2687930ccb7568057a08534bb9c40e1b2370e07","kept_for_visual_review","",""
"data\source_candidates\strict_2d_lineart_batch3_20260715\raw_extracted\D01448673\D01448673_tang_ceiling_pattern_p166_i03_x2273_339x44.png","candidate_106__D01448673_tang_ceiling_pattern_p166_i03_x2273_339x44.png","339","44","7.7045","0.0","0.5946","0.2112","47871841e5def7eec5e715a2fe320985b630ae6b1b6ef1408cfbe2b75be399a3","kept_for_visual_review","",""
"data\source_candidates\strict_2d_lineart_batch3_20260715\raw_extracted\D01448673\D01448673_tang_ceiling_pattern_p166_i04_x2274_438x59.png","","438","59","7.4237","30.5831","0.0","0.2426","a5afd35dbd4ad6cd5902c78681711240026a0573778d60fa20c078794e27d56b","auto_rejected","too_colorful",""
"data\source_candidates\strict_2d_lineart_batch3_20260715\raw_extracted\D01448673\D01448673_tang_ceiling_pattern_p166_i05_x2275_303x42.png","","303","42","7.2143","0.0","0.0322","0.2444","3d7f5f4a810ca36b68d67ca084adf508ccfcbceedd855ea35682fc1dd8023b98","auto_rejected","insufficient_white_background",""
"data\source_candidates\strict_2d_lineart_batch3_20260715\raw_extracted\D01448673\D01448673_tang_ceiling_pattern_p166_i06_x2276_477x68.png","candidate_107__D01448673_tang_ceiling_pattern_p166_i06_x2276_477x68.png","477","68","7.0147","0.0","0.5246","0.1635","78305cf77969128268fc7dd16fec2b79d53dfa2dd1145452c46caee152cfdeca","kept_for_visual_review","",""
"data\source_candidates\strict_2d_lineart_batch3_20260715\raw_extracted\D01448673\D01448673_tang_ceiling_pattern_p166_i07_x2277_354x44.png","","354","44","8.0455","0.0","0.3346","0.3169","4b5aaf25d2552339946d9f7da0269fcdbf716762f87fd11543e6a3ba7d3de8a9","auto_rejected","insufficient_white_background",""
"data\source_candidates\strict_2d_lineart_batch3_20260715\raw_extracted\D01448673\D01448673_tang_ceiling_pattern_p166_i08_x2278_616x66.png","","616","66","9.3333","0.0","0.2624","0.3044","610123ab7c590437b746cd039526b7e3867fa58555336b92ce2f4d4c7aa3a1da","auto_rejected","insufficient_white_background",""
"data\source_candidates\strict_2d_lineart_batch3_20260715\raw_extracted\D01448673\D01448673_tang_ceiling_pattern_p166_i09_x2279_652x112.png","candidate_108__D01448673_tang_ceiling_pattern_p166_i09_x2279_652x112.png","652","112","5.8214","0.0","0.3744","0.1701","27dd02cbef0763795136e7cd91b144bf763d473bed0fbfffc814a8e6d5be25f1","kept_for_visual_review","",""
"data\source_candidates\strict_2d_lineart_batch3_20260715\raw_extracted\D01448673\D01448673_tang_ceiling_pattern_p166_i10_x2280_355x46.png","","355","46","7.7174","20.1616","0.0","0.1212","9c1f715900922628ef9c8b53793a637039eaca9734b2af5776ec9f2172f69027","auto_rejected","too_colorful",""
"data\source_candidates\strict_2d_lineart_batch3_20260715\raw_extracted\D01448673\D01448673_tang_ceiling_pattern_p166_i11_x2281_444x47.png","","444","47","9.4468","27.3963","0.0","0.0272","2d281cab28f8cecfa83f312b1d0502351e0ac07b1214d95ccba36e558bea644f","auto_rejected","too_colorful",""
"data\source_candidates\strict_2d_lineart_batch3_20260715\raw_extracted\D01448673\D01448673_tang_ceiling_pattern_p166_i12_x2282_467x78.png","","467","78","5.9872","24.1247","0.0015","0.1099","3c43a682393fe63373da2eb30162a23812096bda089f3a7abf7d64cef99ee0be","auto_rejected","too_colorful",""
"data\source_candidates\strict_2d_lineart_batch3_20260715\raw_extracted\D01448673\D01448673_tang_ceiling_pattern_p166_i13_x2283_294x32.png","candidate_109__D01448673_tang_ceiling_pattern_p166_i13_x2283_294x32.png","294","32","9.1875","0.0","0.3871","0.1869","ec386d4c45e2e1db152109adba337bb9d5baefacf9117534bd64c7709afa782d","kept_for_visual_review","",""
"data\source_candidates\strict_2d_lineart_batch3_20260715\raw_extracted\D01448673\D01448673_tang_ceiling_pattern_p167_i00_x2286_305x35.png","candidate_110__D01448673_tang_ceiling_pattern_p167_i00_x2286_305x35.png","305","35","8.7143","1.5677","0.5498","0.1702","dcf9b78f13161305b0aec4801cea91e4e21e425cbafd0d1e207b572f2e135277","kept_for_visual_review","",""
"data\source_candidates\strict_2d_lineart_batch3_20260715\raw_extracted\D01448673\D01448673_tang_ceiling_pattern_p167_i01_x2287_439x58.png","","439","58","7.569","23.1735","0.0005","0.7679","86da0073e4a3cdef3b7b1357b97f06f841ffd478e6f37a7ba97bceab22895995","auto_rejected","too_colorful",""
"data\source_candidates\strict_2d_lineart_batch3_20260715\raw_extracted\D01448673\D01448673_tang_ceiling_pattern_p167_i02_x2288_298x28.png","","298","28","10.6429","11.4744","0.0","0.3253","00449862d93096af1cdd540ca30bbd18c097282cfdc17fbbe2fe050b583b31f0","auto_rejected","insufficient_white_background",""
"data\source_candidates\strict_2d_lineart_batch3_20260715\raw_extracted\D01448673\D01448673_tang_ceiling_pattern_p167_i03_x2289_402x62.png","","402","62","6.4839","23.341","0.0004","0.416","87321c54438ea3a3adb64a4581cd6cf59f38ad04511118e64087021bf3f4502e","auto_rejected","too_colorful",""
"data\source_candidates\strict_2d_lineart_batch3_20260715\raw_extracted\D01448673\D01448673_tang_ceiling_pattern_p167_i04_x2290_493x85.png","","493","85","5.8","28.5076","0.0","0.2095","a036bcaf374fd2e1f6f97595f12130539471abf7754f1e6457d423da9e4f49ce","auto_rejected","too_colorful",""
"data\source_candidates\strict_2d_lineart_batch3_20260715\raw_extracted\D01448673\D01448673_tang_ceiling_pattern_p167_i05_x2291_397x83.png","","397","83","4.7831","21.491","0.0025","0.1318","d91370ff31a89fa3a249e11e8ff356ad52dd5fd799d6fd75bb4448e250c98280","auto_rejected","too_colorful",""
"data\source_candidates\strict_2d_lineart_batch3_20260715\raw_extracted\D01448673\D01448673_tang_ceiling_pattern_p167_i06_x2292_364x49.png","candidate_111__D01448673_tang_ceiling_pattern_p167_i06_x2292_364x49.png","364","49","7.4286","1.0909","0.4856","0.07","3f7cd19a90845eeb29c0dc78a674e245e2afe6919ff4793e6b5627603edbdf5e","kept_for_visual_review","",""
"data\source_candidates\strict_2d_lineart_batch3_20260715\raw_extracted\D01448673\D01448673_tang_ceiling_pattern_p167_i07_x2293_516x69.png","","516","69","7.4783","14.4677","0.0659","0.1828","6563404cac549d84b0c8d58907663a27d9add0d4248fde5a00b951b075b87fc4","auto_rejected","insufficient_white_background",""
"data\source_candidates\strict_2d_lineart_batch3_20260715\raw_extracted\D01448673\D01448673_tang_ceiling_pattern_p167_i08_x2294_443x66.png","","443","66","6.7121","26.2035","0.2207","0.0763","25f1c24c93e4ee0e15c7da30506a0998a1f04ea6f2a3c777dea23c170842bba3","auto_rejected","too_colorful",""
"data\source_candidates\strict_2d_lineart_batch3_20260715\raw_extracted\D01448673\D01448673_tang_ceiling_pattern_p167_i09_x2295_347x47.png","","347","47","7.383","0.0","0.3659","0.0034","06d186e6623d9d97d55ac5f64a0ad11c240918a9b196e3735b39c80ef7b92074","auto_rejected","insufficient_line_content",""
"data\source_candidates\strict_2d_lineart_batch3_20260715\raw_extracted\D01448673\D01448673_tang_ceiling_pattern_p167_i10_x2296_455x80.png","candidate_112__D01448673_tang_ceiling_pattern_p167_i10_x2296_455x80.png","455","80","5.6875","0.0","0.618","0.0799","3f4042ebeb71c1dc8f65c0c1478c1296658602035c100a7a6a1adf2441dfecbd","kept_for_visual_review","",""
"data\source_candidates\strict_2d_lineart_batch3_20260715\raw_extracted\D01448673\D01448673_tang_ceiling_pattern_p167_i11_x2297_418x50.png","candidate_113__D01448673_tang_ceiling_pattern_p167_i11_x2297_418x50.png","418","50","8.36","0.0","0.6342","0.184","f82794225b3e5ea5c7b5943fe5d4dad17fc6ed40a508e35cb7807ebe432585f7","kept_for_visual_review","",""
"data\source_candidates\strict_2d_lineart_batch3_20260715\raw_extracted\D01448673\D01448673_tang_ceiling_pattern_p167_i12_x2298_353x49.png","","353","49","7.2041","18.7846","0.0","0.3097","940fe949097960da1ab94c0fdbfa1cc5322ce1011e224cc44141a3f802be474a","auto_rejected","too_colorful",""
"data\source_candidates\strict_2d_lineart_batch3_20260715\raw_extracted\D01448673\D01448673_tang_ceiling_pattern_p168_i00_x2301_342x63.png","candidate_114__D01448673_tang_ceiling_pattern_p168_i00_x2301_342x63.png","342","63","5.4286","0.0","0.4348","0.1012","78545aaae7b386cebce0603136410a0c41dc814ffaa8058632972abd7063b916","kept_for_visual_review","",""
"data\source_candidates\strict_2d_lineart_batch3_20260715\raw_extracted\D01448673\D01448673_tang_ceiling_pattern_p168_i01_x2302_595x96.png","candidate_115__D01448673_tang_ceiling_pattern_p168_i01_x2302_595x96.png","595","96","6.1979","0.0","0.5289","0.1286","a468b126210aac53128d0d8c6fed467641eaf1e0199cd91a7bb7f7a2d2ea9a53","kept_for_visual_review","",""
"data\source_candidates\strict_2d_lineart_batch3_20260715\raw_extracted\D01448673\D01448673_tang_ceiling_pattern_p168_i02_x2303_463x89.png","","463","89","5.2022","17.3103","0.0011","0.2098","66f9ad1c4ba9ac98cf7fbcf3c3d17639a85c5983841365358c0c319a737beb34","auto_rejected","insufficient_white_background",""
"data\source_candidates\strict_2d_lineart_batch3_20260715\raw_extracted\D01448673\D01448673_tang_ceiling_pattern_p168_i03_x2304_619x67.png","","619","67","9.2388","0.0","0.4896","0.0076","189bf245f20c80065273f5759a884f709af1d706a8e3bba58bd92f56c85cee6a","auto_rejected","insufficient_line_content",""
"data\source_candidates\strict_2d_lineart_batch3_20260715\raw_extracted\D01448673\D01448673_tang_ceiling_pattern_p168_i04_x2305_633x55.png","","633","55","11.5091","0.0","0.6776","0.0005","ac9159471b1f050d18e09be0587f017306281d82738bd8e3d803759a41ec782d","auto_rejected","insufficient_line_content",""
"data\source_candidates\strict_2d_lineart_batch3_20260715\raw_extracted\D01448673\D01448673_tang_ceiling_pattern_p168_i05_x2306_632x65.png","","632","65","9.7231","19.574","0.0","0.2016","f2234b8cd660aec1dbd70cca3910e814eb2daa69b7e6b7f32faefb17bde3d0a4","auto_rejected","too_colorful",""
"data\source_candidates\strict_2d_lineart_batch3_20260715\raw_extracted\D01448673\D01448673_tang_ceiling_pattern_p168_i06_x2307_636x70.png","","636","70","9.0857","28.7237","0.0123","0.6274","af1858116d02f745dca6a9a4055814dfc421aa871c2bb27c668432d55d7f5b58","auto_rejected","too_colorful",""
"data\source_candidates\strict_2d_lineart_batch3_20260715\raw_extracted\D01448673\D01448673_tang_ceiling_pattern_p168_i07_x2308_633x90.png","","633","90","7.0333","27.6647","0.0","0.4956","7f658ee5150130b82eda4c0dcbc8769f75c0daebd5e76ad4ebdca21e3ddb8169","auto_rejected","too_colorful",""
"data\source_candidates\strict_2d_lineart_batch3_20260715\raw_extracted\D01448673\D01448673_tang_ceiling_pattern_p168_i08_x2309_634x97.png","","634","97","6.5361","18.4261","0.0","0.5744","7e0a97d971acafb010b2ed131810887c4c4ed3fd05c40c98f33889683816263c","auto_rejected","too_colorful",""
"data\source_candidates\strict_2d_lineart_batch3_20260715\raw_extracted\D01448673\D01448673_tang_ceiling_pattern_p168_i09_x2310_633x169.png","","633","169","3.7456","25.5383","0.0","0.3615","c5545ea6a90b14442e10f0a7ed56837f64bac3a26a7aba311e89412a92f0bded","auto_rejected","too_colorful",""
"data\source_candidates\strict_2d_lineart_batch3_20260715\raw_extracted\D01448673\D01448673_tang_ceiling_pattern_p168_i10_x2311_634x90.png","","634","90","7.0444","17.7018","0.0","0.515","37c4d09dd942ae81da43f5a48cc13796237dcf2c7ad84820079054e2ecc2d3b8","auto_rejected","insufficient_white_background",""
"data\source_candidates\strict_2d_lineart_batch3_20260715\raw_extracted\D01448673\D01448673_tang_ceiling_pattern_p168_i11_x2312_634x66.png","","634","66","9.6061","0.0","0.3837","0.0","6bf3dac3bc84888a17f6c62eb1f204dc55a9a47615878917f5444c15b949d4bb","auto_rejected","insufficient_line_content",""
"data\source_candidates\strict_2d_lineart_batch3_20260715\raw_extracted\D01448673\D01448673_tang_ceiling_pattern_p168_i12_x2313_793x109.png","","793","109","7.2752","0.0","0.6106","0.0","cb02f7b2f3d58770247dfe95ccee2e72b4716c3cfb8b1d2347953c300c464a4f","auto_rejected","insufficient_line_content",""
"data\source_candidates\strict_2d_lineart_batch3_20260715\raw_extracted\D01448673\D01448673_tang_ceiling_pattern_p169_i00_x2316_619x64.png","","619","64","9.6719","30.3727","0.0","0.1509","335566c71a563cd751a63c5584967e24f79581cbed0b06abf376b65c41214e9a","auto_rejected","too_colorful",""
"data\source_candidates\strict_2d_lineart_batch3_20260715\raw_extracted\D01448673\D01448673_tang_ceiling_pattern_p169_i01_x2317_615x86.png","","615","86","7.1512","15.1653","0.0","0.3167","30f0a69b2022d1cf048bc6925316b3e59c58f7d3709617d6a18fdbb90e843472","auto_rejected","insufficient_white_background",""
"data\source_candidates\strict_2d_lineart_batch3_20260715\raw_extracted\D01448673\D01448673_tang_ceiling_pattern_p169_i02_x2318_659x66.png","","659","66","9.9848","0.0","0.3987","0.0043","9cd92ef74e76db0491407cb11bded8dd51c6ca966bda33d8f71c0d6cde9958fe","auto_rejected","insufficient_line_content",""
"data\source_candidates\strict_2d_lineart_batch3_20260715\raw_extracted\D01448673\D01448673_tang_ceiling_pattern_p169_i03_x2319_744x93.png","","744","93","8.0","0.0","0.2229","0.0095","d1c254822148c567a8f7eaf47eadd91037f0baef84e93cfb5e70a3bace90ee5f","auto_rejected","insufficient_white_background",""
"data\source_candidates\strict_2d_lineart_batch3_20260715\raw_extracted\D01448673\D01448673_tang_ceiling_pattern_p169_i04_x2320_635x112.png","","635","112","5.6696","7.6301","0.0035","0.3352","0cc00bc6c0e7bd587a6281a334537678f00c3afa6a02afce7e0a10679d65cc3a","auto_rejected","insufficient_white_background",""
"data\source_candidates\strict_2d_lineart_batch3_20260715\raw_extracted\D01448673\D01448673_tang_ceiling_pattern_p169_i05_x2321_765x118.png","","765","118","6.4831","0.0","0.5771","0.0002","6a27a7b5b56b66b6204f8afadbdd47454e974186cbf4a0b4b6ae42a56ba2d477","auto_rejected","insufficient_line_content",""
"data\source_candidates\strict_2d_lineart_batch3_20260715\raw_extracted\D01448673\D01448673_tang_ceiling_pattern_p169_i06_x2322_639x77.png","","639","77","8.2987","0.0","0.4616","0.0","37e43755b957e0563c50b0cfe2d7ff51cd0df724603b66c902a5bd73c1e963fc","auto_rejected","insufficient_line_content",""
"data\source_candidates\strict_2d_lineart_batch3_20260715\raw_extracted\D01448673\D01448673_tang_ceiling_pattern_p169_i07_x2323_638x74.png","","638","74","8.6216","15.3349","0.0","0.289","ea55a7b68649361fa8888160f8b2be8087507810da5746ed1e6641178548ae7c","auto_rejected","insufficient_white_background",""
"data\source_candidates\strict_2d_lineart_batch3_20260715\raw_extracted\D01448673\D01448673_tang_ceiling_pattern_p190_i03_x2493_211x32.png","","211","32","6.5938","23.0124","0.0","0.6459","6bb2c56b7fb7937b74fb8f6195ae8830c19e7c9db81b5589deb00e576f845828","auto_rejected","too_colorful",""
"data\source_candidates\strict_2d_lineart_batch3_20260715\raw_extracted\D01448673\D01448673_tang_ceiling_pattern_p190_i04_x2494_532x99.png","","532","99","5.3737","17.9288","0.0","0.3964","cc9f3463b870d0816b546adcbc194c96c6b11bd58a937fd3e73bd308dd87503d","auto_rejected","insufficient_white_background",""
"data\source_candidates\strict_2d_lineart_batch3_20260715\raw_extracted\D01448673\D01448673_tang_ceiling_pattern_p190_i07_x2497_655x115.png","candidate_116__D01448673_tang_ceiling_pattern_p190_i07_x2497_655x115.png","655","115","5.6957","0.0","0.4363","0.1482","68b2d1110c459259e4836c394b211dac016546799514ecb0bb99ddd3f34d7829","kept_for_visual_review","",""
"data\source_candidates\strict_2d_lineart_batch3_20260715\raw_extracted\D01448673\D01448673_tang_ceiling_pattern_p190_i08_x2498_539x116.png","","539","116","4.6466","44.0163","0.0","0.0518","d642a0045d644b4e6b17f8991b963ac6dfef616aa949bda0e7c259fd5936a143","auto_rejected","too_colorful",""
"data\source_candidates\strict_2d_lineart_batch3_20260715\raw_extracted\D01448673\D01448673_tang_ceiling_pattern_p190_i09_x2499_529x100.png","","529","100","5.29","27.959","0.0002","0.1164","bf9b6fe798e8940532c0085a4c8ef090469e2a924fe1eb7055c228c4ede5d4bf","auto_rejected","too_colorful",""
"data\source_candidates\strict_2d_lineart_batch3_20260715\raw_extracted\D01448673\D01448673_tang_ceiling_pattern_p190_i10_x2500_318x61.png","","318","61","5.2131","8.464","0.1893","0.4475","cf0f649e205efdd9b4f067dbcf3453f1de198fedb1bd34a8cfacdf1d938aeba6","auto_rejected","insufficient_white_background",""
"data\source_candidates\strict_2d_lineart_batch3_20260715\raw_extracted\D01448673\D01448673_tang_ceiling_pattern_p190_i11_x2501_637x143.png","candidate_117__D01448673_tang_ceiling_pattern_p190_i11_x2501_637x143.png","637","143","4.4545","0.0","0.5988","0.1044","2ec72f114a37e425bcb254f9ff04435662b4c505416f0a931f69852ed1615ca5","kept_for_visual_review","",""
"data\source_candidates\strict_2d_lineart_batch3_20260715\raw_extracted\D01448673\D01448673_tang_ceiling_pattern_p191_i00_x2506_445x74.png","candidate_118__D01448673_tang_ceiling_pattern_p191_i00_x2506_445x74.png","445","74","6.0135","0.0","0.6257","0.0161","399624eb0cca52d9f3137e04f775277b0b0b6b0ad44dd8108517726393d5b768","kept_for_visual_review","",""
"data\source_candidates\strict_2d_lineart_batch3_20260715\raw_extracted\D01448673\D01448673_tang_ceiling_pattern_p191_i01_x2507_624x49.png","candidate_119__D01448673_tang_ceiling_pattern_p191_i01_x2507_624x49.png","624","49","12.7347","0.0","0.6171","0.116","cbeeb04e8cef6527775592ad97a1ea94ffdcfe1f09150261379ed9c3423a6697","kept_for_visual_review","",""
"data\source_candidates\strict_2d_lineart_batch3_20260715\raw_extracted\D01448673\D01448673_tang_ceiling_pattern_p191_i02_x2508_587x87.png","candidate_120__D01448673_tang_ceiling_pattern_p191_i02_x2508_587x87.png","587","87","6.7471","0.0","0.6005","0.0978","b03848b3ff1e5c2778d49c93c30ff1e0b9f2c703565285f685b1cd6bbafd880c","kept_for_visual_review","",""
"data\source_candidates\strict_2d_lineart_batch3_20260715\raw_extracted\D01448673\D01448673_tang_ceiling_pattern_p191_i03_x2509_507x32.png","candidate_121__D01448673_tang_ceiling_pattern_p191_i03_x2509_507x32.png","507","32","15.8438","0.0","0.6221","0.1406","03a149a65081412c96eb18e0dbf2f1a56d0a37b6b9b26a918d1e65c05410d12d","kept_for_visual_review","",""
"data\source_candidates\strict_2d_lineart_batch3_20260715\raw_extracted\D01448673\D01448673_tang_ceiling_pattern_p191_i04_x2510_640x49.png","candidate_122__D01448673_tang_ceiling_pattern_p191_i04_x2510_640x49.png","640","49","13.0612","0.0","0.5679","0.139","ae3f8a10fef076abf2e71e9042720c9d111115f9a60b5f63e303f41507512f48","kept_for_visual_review","",""
"data\source_candidates\strict_2d_lineart_batch3_20260715\raw_extracted\D01448673\D01448673_tang_ceiling_pattern_p191_i05_x2511_382x62.png","candidate_123__D01448673_tang_ceiling_pattern_p191_i05_x2511_382x62.png","382","62","6.1613","0.0","0.3946","0.1557","7635d45ec5cc6e0be0b93332db0c286dd35584e776d322dc28d6dbee9dfc5cdc","kept_for_visual_review","",""
"data\source_candidates\strict_2d_lineart_batch3_20260715\raw_extracted\D01448673\D01448673_tang_ceiling_pattern_p191_i06_x2512_598x79.png","","598","79","7.5696","17.4875","0.0","0.3723","899f3ff2a63af6c9c4a544c03d12a7662b56e69fcca279fb6fa5f5de78a05fc1","auto_rejected","insufficient_white_background",""
"data\source_candidates\strict_2d_lineart_batch3_20260715\raw_extracted\D01448673\D01448673_tang_ceiling_pattern_p191_i07_x2513_610x126.png","","610","126","4.8413","0.0","0.0","0.2097","d6a53b345732caadc97032411759f247518d8c94147e44509256efd36867b697","auto_rejected","insufficient_white_background",""
"data\source_candidates\strict_2d_lineart_batch3_20260715\raw_extracted\D01448673\D01448673_tang_ceiling_pattern_p191_i08_x2514_847x105.png","","847","105","8.0667","0.0","0.558","0.0","c8dc578c804e90a2785a61188aac317dc804901de6bc3ede065bd1744a54125d","auto_rejected","insufficient_line_content",""
"data\source_candidates\strict_2d_lineart_batch3_20260715\raw_extracted\D01448673\D01448673_tang_ceiling_pattern_p191_i09_x2515_510x46.png","","510","46","11.087","0.0","0.6181","0.0016","03f3ba4c28c530977a11e5c9d0e7b19ce19b8399f4fd3c4e2be3f6cf6f252988","auto_rejected","insufficient_line_content",""
"data\source_candidates\strict_2d_lineart_batch3_20260715\raw_extracted\D01448673\D01448673_tang_ceiling_pattern_p191_i10_x2516_567x64.png","","567","64","8.8594","0.0","0.6776","0.0004","50a1a4a473f02de036391803bf9f71fb1af1055e9674183c39008725c529d665","auto_rejected","insufficient_line_content",""
"data\source_candidates\strict_2d_lineart_batch3_20260715\raw_extracted\D01448673\D01448673_tang_ceiling_pattern_p191_i11_x2517_674x71.png","","674","71","9.493","32.0654","0.0","0.4347","c0cc6385ca3ab0855aa30858073989f60dd9098270ba4a02acba702de7d4cb03","auto_rejected","too_colorful",""
"data\source_candidates\strict_2d_lineart_batch3_20260715\raw_extracted\D01448673\D01448673_tang_ceiling_pattern_p191_i12_x2518_452x66.png","","452","66","6.8485","0.0","0.1452","0.7124","93c0c01a2bde16aa218a607151320dcfcf4afe4f09224c2c2204341db8269cf0","auto_rejected","insufficient_white_background",""
"data\source_candidates\strict_2d_lineart_batch3_20260715\raw_extracted\D01448673\D01448673_tang_ceiling_pattern_p191_i13_x2519_495x102.png","","495","102","4.8529","22.6273","0.0033","0.294","63f10c1aa239950ac95573545bfb5a0175f80f2544cf3bcfcd7b0074c7903fa5","auto_rejected","too_colorful",""
"data\source_candidates\strict_2d_lineart_batch3_20260715\raw_extracted\D01448673\D01448673_tang_ceiling_pattern_p191_i14_x2520_762x93.png","candidate_124__D01448673_tang_ceiling_pattern_p191_i14_x2520_762x93.png","762","93","8.1935","0.0","0.4359","0.0368","ea3507cd101baf920e18ffbc9b9903dbfc95785043a7a81eaddc9d9d408097e9","kept_for_visual_review","",""
"data\source_candidates\strict_2d_lineart_batch3_20260715\raw_extracted\D01448673\D01448673_tang_ceiling_pattern_p191_i15_x2521_667x87.png","","667","87","7.6667","23.252","0.0","0.108","a6aad092effa48ce246e0926a318309583820492f5bba759469072f86eb66546","auto_rejected","too_colorful",""
"data\source_candidates\strict_2d_lineart_batch3_20260715\raw_extracted\D01448673\D01448673_tang_ceiling_pattern_p192_i00_x2524_559x68.png","","559","68","8.2206","34.9227","0.0","0.1146","5427611a20c7cbbb9e8526da95b3306dfe8d1477433b4f78d69ee140e3446cd9","auto_rejected","too_colorful",""
"data\source_candidates\strict_2d_lineart_batch3_20260715\raw_extracted\D01448673\D01448673_tang_ceiling_pattern_p192_i01_x2525_462x50.png","","462","50","9.24","11.1801","0.001","0.1326","adf40b1f2b7a0d1ca1f77a636b4eecf13df5cdd8ee48ca1c2a405b18383b4dfc","auto_rejected","insufficient_white_background",""
"data\source_candidates\strict_2d_lineart_batch3_20260715\raw_extracted\D01448673\D01448673_tang_ceiling_pattern_p192_i02_x2526_304x34.png","candidate_125__D01448673_tang_ceiling_pattern_p192_i02_x2526_304x34.png","304","34","8.9412","0.0","0.3659","0.1997","a02d398e4d5a9efeeff1e81119e7638028b648916f53eb59ed1b126092bbd4a2","kept_for_visual_review","",""
"data\source_candidates\strict_2d_lineart_batch3_20260715\raw_extracted\D01448673\D01448673_tang_ceiling_pattern_p192_i03_x2527_377x41.png","","377","41","9.1951","0.0","0.2405","0.1723","c946943e0fcb1a5bb798aefcd1605b565de7452d40b801e861916a22eb475e60","auto_rejected","insufficient_white_background",""
"data\source_candidates\strict_2d_lineart_batch3_20260715\raw_extracted\D01448673\D01448673_tang_ceiling_pattern_p192_i05_x2529_332x26.png","candidate_126__D01448673_tang_ceiling_pattern_p192_i05_x2529_332x26.png","332","26","12.7692","0.0","0.5523","0.1455","0f1d92e3f259ad4c9ecab684d4e517cdf359faba278d532454ed209f72e03eb8","kept_for_visual_review","",""
"data\source_candidates\strict_2d_lineart_batch3_20260715\raw_extracted\D01448673\D01448673_tang_ceiling_pattern_p192_i06_x2530_298x25.png","candidate_127__D01448673_tang_ceiling_pattern_p192_i06_x2530_298x25.png","298","25","11.92","0.0","0.666","0.0986","6e28d3474b6bd2b5f6d87734d3b8a7b5c47ebd6baefe5db5964f0f9a1bfc6e99","kept_for_visual_review","",""
"data\source_candidates\strict_2d_lineart_batch3_20260715\raw_extracted\D01448673\D01448673_tang_ceiling_pattern_p192_i07_x2531_413x35.png","","413","35","11.8","0.0","0.1878","0.2057","d8be4dae3603051923283d1fe346463f2aeed5bb20fa240b724e3ebad514db9f","auto_rejected","insufficient_white_background",""
"data\source_candidates\strict_2d_lineart_batch3_20260715\raw_extracted\D01448673\D01448673_tang_ceiling_pattern_p192_i08_x2532_674x78.png","candidate_128__D01448673_tang_ceiling_pattern_p192_i08_x2532_674x78.png","674","78","8.641","0.0","0.6682","0.0387","2d003f6d0336a612fccc3924befe66fdbb63c2a47498dd97b20b4f7cead38775","kept_for_visual_review","",""
"data\source_candidates\strict_2d_lineart_batch3_20260715\raw_extracted\D01448673\D01448673_tang_ceiling_pattern_p192_i09_x2533_503x46.png","","503","46","10.9348","0.0","0.0003","0.2009","d9843602ee331de7c58eb03a98a732c9afdc161c72f4643fcb84ed53b6e54c2e","auto_rejected","insufficient_white_background",""
"data\source_candidates\strict_2d_lineart_batch3_20260715\raw_extracted\D01448673\D01448673_tang_ceiling_pattern_p192_i10_x2534_401x47.png","candidate_129__D01448673_tang_ceiling_pattern_p192_i10_x2534_401x47.png","401","47","8.5319","0.0","0.4173","0.2252","1ca3ab6d695f5e00fbcaa33091bc527a890645eea318cbbe65fc0de1488e10ef","kept_for_visual_review","",""
"data\source_candidates\strict_2d_lineart_batch3_20260715\raw_extracted\D01448673\D01448673_tang_ceiling_pattern_p192_i11_x2535_524x64.png","","524","64","8.1875","0.0","0.3102","0.2209","c388c340d1ed8ab6dc6ae8c392a644cce36b7cbd663df90826c848ffd41894ac","auto_rejected","insufficient_white_background",""
"data\source_candidates\strict_2d_lineart_batch3_20260715\raw_extracted\D01448673\D01448673_tang_ceiling_pattern_p192_i12_x2536_342x35.png","","342","35","9.7714","15.4544","0.0","0.1741","7384e17eb9a829ea152c32045cbafae34a53ab53026367d8313f31150020df0b","auto_rejected","insufficient_white_background",""
"data\source_candidates\strict_2d_lineart_batch3_20260715\raw_extracted\D01448673\D01448673_tang_ceiling_pattern_p192_i13_x2537_432x68.png","","432","68","6.3529","0.0","0.7676","0.004","bf4797dd0b0f6200fb882a44c84d12995ecf02e9de0a1244f3b52fe94bdc8d31","auto_rejected","insufficient_line_content",""
"data\source_candidates\strict_2d_lineart_batch3_20260715\raw_extracted\D01448673\D01448673_tang_ceiling_pattern_p192_i14_x2538_302x40.png","","302","40","7.55","29.44","0.0","0.0567","eb8ff36dc06cf1dc63eef9874fb46d73e069464e180f6f85ae24683c606fb297","auto_rejected","too_colorful",""
"data\source_candidates\strict_2d_lineart_batch3_20260715\raw_extracted\D01448673\D01448673_tang_ceiling_pattern_p192_i15_x2539_630x123.png","","630","123","5.122","0.0","0.0","0.279","c05a495cbb489319f104eb18e391caa4a3e042f35b199a26298dbab00302ae29","auto_rejected","insufficient_white_background",""
"data\source_candidates\strict_2d_lineart_batch3_20260715\raw_extracted\D01448673\D01448673_tang_ceiling_pattern_p193_i00_x2542_677x123.png","","677","123","5.5041","0.0","0.5814","0.0094","7e6996a448e0fe4f8ab04966ef1812e7af31206b0e53a818c17eb59ba6d351e0","auto_rejected","insufficient_line_content",""
"data\source_candidates\strict_2d_lineart_batch3_20260715\raw_extracted\D01448673\D01448673_tang_ceiling_pattern_p193_i01_x2543_313x57.png","","313","57","5.4912","0.0","0.1968","0.3861","3e1359354f69a4ee9831d4f2c45c2aeba179b12a1e7fd2d9ccef03cbfb78f4ed","auto_rejected","insufficient_white_background",""
"data\source_candidates\strict_2d_lineart_batch3_20260715\raw_extracted\D01448673\D01448673_tang_ceiling_pattern_p193_i02_x2544_411x47.png","","411","47","8.7447","0.0","0.3471","0.013","866b6df9ae0539c529025b7689a5690456e5ccf75d3cf2a9eda5a837f7c8a674","auto_rejected","insufficient_white_background",""
"data\source_candidates\strict_2d_lineart_batch3_20260715\raw_extracted\D01448673\D01448673_tang_ceiling_pattern_p193_i03_x2545_457x38.png","candidate_130__D01448673_tang_ceiling_pattern_p193_i03_x2545_457x38.png","457","38","12.0263","0.0","0.4526","0.1077","c4e880841fb37f9fe74efe5405263daccc9fc1b9302735bc10a2f78f0a317381","kept_for_visual_review","",""
"data\source_candidates\strict_2d_lineart_batch3_20260715\raw_extracted\D01448673\D01448673_tang_ceiling_pattern_p193_i04_x2546_499x55.png","candidate_131__D01448673_tang_ceiling_pattern_p193_i04_x2546_499x55.png","499","55","9.0727","0.0","0.7282","0.0906","8bfa3c96956f02cc0d8de509b4c29e9ecfd341df7c8ac64dc42dd5b27ffd9b8b","kept_for_visual_review","",""
"data\source_candidates\strict_2d_lineart_batch3_20260715\raw_extracted\D01448673\D01448673_tang_ceiling_pattern_p193_i05_x2547_307x42.png","","307","42","7.3095","37.488","0.0","0.1674","2ac40b5f0e0e1397bd4d929aee1622ac1e617631f9f876a4193bd72dd31c5e53","auto_rejected","too_colorful",""
"data\source_candidates\strict_2d_lineart_batch3_20260715\raw_extracted\D01448673\D01448673_tang_ceiling_pattern_p193_i07_x2549_674x75.png","","674","75","8.9867","29.6905","0.2213","0.3055","b517576a6475de0009d6cecb86ded9c8f25ab127fbbdabe442bd1b8fa875fa31","auto_rejected","too_colorful",""
"data\source_candidates\strict_2d_lineart_batch3_20260715\raw_extracted\D01448673\D01448673_tang_ceiling_pattern_p193_i08_x2550_565x71.png","","565","71","7.9577","19.3491","0.0","0.2127","fa4bfbdf607aaccf61749cffc03dbc2c0e8016326cb3ed021e7e389961675803","auto_rejected","too_colorful",""
"data\source_candidates\strict_2d_lineart_batch3_20260715\raw_extracted\D01448673\D01448673_tang_ceiling_pattern_p193_i09_x2551_599x118.png","","599","118","5.0763","0.0","0.0338","0.1563","7dcba48f60a74e555a412c3ac2af45f5f0cde3625644641f4f35509bbc930720","auto_rejected","insufficient_white_background",""
"data\source_candidates\strict_2d_lineart_batch3_20260715\raw_extracted\D01448673\D01448673_tang_ceiling_pattern_p193_i10_x2552_416x85.png","candidate_132__D01448673_tang_ceiling_pattern_p193_i10_x2552_416x85.png","416","85","4.8941","0.0","0.3902","0.3328","347f226737476a326d95e1662802306fd1349ff926505e07fe51d2a7eeb846a2","kept_for_visual_review","",""
"data\source_candidates\strict_2d_lineart_batch3_20260715\raw_extracted\D01448673\D01448673_tang_ceiling_pattern_p193_i11_x2553_425x41.png","candidate_133__D01448673_tang_ceiling_pattern_p193_i11_x2553_425x41.png","425","41","10.3659","0.0","0.5722","0.0303","e67fcf48cdd38a50fb943ce3b7e501a9facaed3e42035a5f6ec2014ecbee6bd4","kept_for_visual_review","",""
"data\source_candidates\strict_2d_lineart_batch3_20260715\raw_extracted\D01448673\D01448673_tang_ceiling_pattern_p193_i12_x2554_465x62.png","candidate_134__D01448673_tang_ceiling_pattern_p193_i12_x2554_465x62.png","465","62","7.5","0.0","0.6578","0.0825","82d9183b280de9869ed24de5a5641d0902070a91febd357b5a065711f4ec0ae9","kept_for_visual_review","",""
"data\source_candidates\strict_2d_lineart_batch3_20260715\raw_extracted\D01448673\D01448673_tang_ceiling_pattern_p193_i13_x2555_423x42.png","","423","42","10.0714","0.0","0.2126","0.1947","5ec2cba3594f3a32c0ff05ed49ee03c8eceed4739ea0593c01176f840fd7dd0f","auto_rejected","insufficient_white_background",""
"data\source_candidates\strict_2d_lineart_batch3_20260715\raw_extracted\D01448673\D01448673_tang_ceiling_pattern_p193_i14_x2556_382x60.png","","382","60","6.3667","0.0","0.0","0.4693","a85565b0d2ea204fe86b40e7316bdf5a2e091cb1b19963dd770b0741c8758e73","auto_rejected","insufficient_white_background",""
"data\source_candidates\strict_2d_lineart_batch3_20260715\raw_extracted\D01448673\D01448673_tang_ceiling_pattern_p193_i15_x2557_355x36.png","","355","36","9.8611","0.0","0.3224","0.2143","1fdfde250987b10a3c1eab41624874e15dae7cd3c528f90f87403ba3e19ea184","auto_rejected","insufficient_white_background",""
"data\source_candidates\strict_2d_lineart_batch3_20260715\raw_extracted\D01448673\D01448673_tang_ceiling_pattern_p194_i00_x2560_397x51.png","candidate_135__D01448673_tang_ceiling_pattern_p194_i00_x2560_397x51.png","397","51","7.7843","0.0","0.5209","0.1692","d80b8a01eb181ddc3d72dc339f01b5b5d5aef250f77f7d7da1dc4f85561af675","kept_for_visual_review","",""
"data\source_candidates\strict_2d_lineart_batch3_20260715\raw_extracted\D01448673\D01448673_tang_ceiling_pattern_p194_i01_x2561_410x43.png","","410","43","9.5349","20.2461","0.0","0.1581","bcb55ea6d5a5d346dd3a1d54f48745c96041578012e516c8e6beb9199db9828d","auto_rejected","too_colorful",""
"data\source_candidates\strict_2d_lineart_batch3_20260715\raw_extracted\D01448673\D01448673_tang_ceiling_pattern_p194_i02_x2562_306x53.png","","306","53","5.7736","19.7561","0.0008","0.3842","4f24b77b9edc7b5ef47f34b7fab439a4126df38e625f4c8a4add931d2a670d3a","auto_rejected","too_colorful",""
"data\source_candidates\strict_2d_lineart_batch3_20260715\raw_extracted\D01448673\D01448673_tang_ceiling_pattern_p194_i03_x2563_548x75.png","","548","75","7.3067","0.0","0.746","0.0024","b409b2d68817140019e7773d50eed2280a53451da44875f6eed22ca082662ce4","auto_rejected","insufficient_line_content",""
"data\source_candidates\strict_2d_lineart_batch3_20260715\raw_extracted\D01448673\D01448673_tang_ceiling_pattern_p194_i04_x2564_474x89.png","","474","89","5.3258","37.8812","0.0","0.1453","7f8cb74d8653b1ebf47c091a14af9f0fd516a3acba17dd79e0688e97bd265642","auto_rejected","too_colorful",""
"data\source_candidates\strict_2d_lineart_batch3_20260715\raw_extracted\D01448673\D01448673_tang_ceiling_pattern_p194_i05_x2565_395x63.png","","395","63","6.2698","0.0","0.0184","0.1664","7ce1d03c4ba90814ecdbffb74c81333f6f1c9762f7344db5a8bbcf86668998fa","auto_rejected","insufficient_white_background",""
"data\source_candidates\strict_2d_lineart_batch3_20260715\raw_extracted\D01448673\D01448673_tang_ceiling_pattern_p194_i06_x2566_329x36.png","candidate_136__D01448673_tang_ceiling_pattern_p194_i06_x2566_329x36.png","329","36","9.1389","0.0","0.5992","0.018","551c862349757b953ff4fe8cd10d7e7f757842ad9aa904a6bfd331d48355c1d4","kept_for_visual_review","",""
"data\source_candidates\strict_2d_lineart_batch3_20260715\raw_extracted\D01448673\D01448673_tang_ceiling_pattern_p194_i07_x2567_523x85.png","","523","85","6.1529","0.0","0.7628","0.0002","0b89cc287da51346a9c1f8a8210b1aedd9c2306a8c1925e7671ad0c5ee3dad37","auto_rejected","insufficient_line_content",""
"data\source_candidates\strict_2d_lineart_batch3_20260715\raw_extracted\D01448673\D01448673_tang_ceiling_pattern_p194_i08_x2568_297x47.png","","297","47","6.3191","25.1078","0.0001","0.3177","cadaf6435b8ec161d6e3720e509ad61edeb4571a8ff1afc31b06c7b16cc58e43","auto_rejected","too_colorful",""
"data\source_candidates\strict_2d_lineart_batch3_20260715\raw_extracted\D01448673\D01448673_tang_ceiling_pattern_p194_i09_x2569_324x34.png","","324","34","9.5294","0.0","0.6576","0.0087","04fa19354f93ed0788be3b6da4c8dfb0aeecce714121c1c471e880712955293a","auto_rejected","insufficient_line_content",""
"data\source_candidates\strict_2d_lineart_batch3_20260715\raw_extracted\D01448673\D01448673_tang_ceiling_pattern_p194_i10_x2570_310x85.png","candidate_137__D01448673_tang_ceiling_pattern_p194_i10_x2570_310x85.png","310","85","3.6471","0.0","0.4163","0.044","c4329063d494991d6c7cebd84472a627df2c54998d5e90a2c30b38808503435b","kept_for_visual_review","",""
"data\source_candidates\strict_2d_lineart_batch3_20260715\raw_extracted\D01448673\D01448673_tang_ceiling_pattern_p194_i11_x2571_556x58.png","","556","58","9.5862","18.5735","0.0001","0.4652","00b62190dba8741724a349b49b15171d1bceb2c3a1ed60dea463fa9f7218717a","auto_rejected","too_colorful",""
"data\source_candidates\strict_2d_lineart_batch3_20260715\raw_extracted\D01448673\D01448673_tang_ceiling_pattern_p194_i12_x2572_352x91.png","","352","91","3.8681","0.0","0.6423","0.0015","77383b67c89a24b128b3cb6963839cfffccd52c12623310cd6c7f9dc6decafcd","auto_rejected","insufficient_line_content",""
"data\source_candidates\strict_2d_lineart_batch3_20260715\raw_extracted\D01448673\D01448673_tang_ceiling_pattern_p194_i13_x2573_673x119.png","","673","119","5.6555","33.54","0.0","0.246","fbc41103a75d91c0407bc9064bf8d9417340a7a2b6ca61f5d8e733b57d36b173","auto_rejected","too_colorful",""
"data\source_candidates\strict_2d_lineart_batch3_20260715\raw_extracted\D01448673\D01448673_tang_ceiling_pattern_p195_i00_x2576_413x151.png","candidate_138__D01448673_tang_ceiling_pattern_p195_i00_x2576_413x151.png","413","151","2.7351","0.0","0.4647","0.2732","0f57ec0e179dbc106f44f0cb9fb7e9a9cafc647e8789da1d506586cf3f04d445","kept_for_visual_review","",""
"data\source_candidates\strict_2d_lineart_batch3_20260715\raw_extracted\D01448673\D01448673_tang_ceiling_pattern_p195_i01_x2577_413x166.png","candidate_139__D01448673_tang_ceiling_pattern_p195_i01_x2577_413x166.png","413","166","2.488","0.0","0.4067","0.3607","3bf4bfe90104f3d1fb500ee1607417bc59731a8a9adf41437588da90382bd0c2","kept_for_visual_review","",""
"data\source_candidates\strict_2d_lineart_batch3_20260715\raw_extracted\D01448673\D01448673_tang_ceiling_pattern_p195_i02_x2578_423x55.png","","423","55","7.6909","21.0075","0.0011","0.3285","b4daddc398f02da05ca15390a49ad56de7fe6f19edc43094e53f353e25cc90fe","auto_rejected","too_colorful",""
"data\source_candidates\strict_2d_lineart_batch3_20260715\raw_extracted\D01448673\D01448673_tang_ceiling_pattern_p195_i03_x2579_668x86.png","","668","86","7.7674","0.0","0.4954","0.0059","45bf70a92739e7ce14b22e72ca7dad15347fc8e48c76933c229d926ed6a5b88f","auto_rejected","insufficient_line_content",""
"data\source_candidates\strict_2d_lineart_batch3_20260715\raw_extracted\D01448673\D01448673_tang_ceiling_pattern_p195_i04_x2580_673x129.png","","673","129","5.2171","17.0249","0.0","0.2383","74d7b273cfe9cfce53f53260a59c76fd21d1e5929f119b5b57129181615622c4","auto_rejected","insufficient_white_background",""
"data\source_candidates\strict_2d_lineart_batch3_20260715\raw_extracted\D01448673\D01448673_tang_ceiling_pattern_p195_i05_x2581_671x112.png","","671","112","5.9911","31.5585","0.0","0.452","0da19e69a09f3ab43807c4214bbd8c67f789b7b7045588b338f615a53b5d80bb","auto_rejected","too_colorful",""
"data\source_candidates\strict_2d_lineart_batch3_20260715\raw_extracted\D01448673\D01448673_tang_ceiling_pattern_p195_i06_x2582_601x113.png","","601","113","5.3186","10.3669","0.0006","0.342","9fdaca7d844b40597d6207e2c5ee5cd7ddc462f6ab842c47392a784db042f518","auto_rejected","insufficient_white_background",""
"data\source_candidates\strict_2d_lineart_batch3_20260715\raw_extracted\D01448673\D01448673_tang_ceiling_pattern_p195_i07_x2583_670x89.png","","670","89","7.5281","31.7683","0.0062","0.5142","364008f7770570b4621b3d55220a6ec894fda27cd7d8a910a0d8b62b4aa747e8","auto_rejected","too_colorful",""
"data\source_candidates\strict_2d_lineart_batch3_20260715\raw_extracted\D01448673\D01448673_tang_ceiling_pattern_p195_i08_x2584_651x84.png","","651","84","7.75","8.4496","0.0","0.8458","e3a932c3c62eea0ceaff50ded17911144dbb0cc94a192336aa20e9304570401f","auto_rejected","insufficient_white_background",""
"data\source_candidates\strict_2d_lineart_batch3_20260715\raw_extracted\D01448673\D01448673_tang_ceiling_pattern_p195_i09_x2585_745x94.png","","745","94","7.9255","0.0","0.5817","0.0","3b00549feb3465f718d23648b90ba65a65660996b0adac50d9fd298e63bbcafa","auto_rejected","insufficient_line_content",""
"data\source_candidates\strict_2d_lineart_batch3_20260715\raw_extracted\D01448673\D01448673_tang_ceiling_pattern_p195_i10_x2586_678x103.png","","678","103","6.5825","9.8803","0.0","0.5119","f95827057b54f785513692ae4554804d8d4cd4fb989c72de5eb5470ad5669c06","auto_rejected","insufficient_white_background",""
"data\source_candidates\strict_2d_lineart_batch3_20260715\raw_extracted\D01448673\D01448673_tang_ceiling_pattern_p197_i00_x2591_662x406.png","","662","406","1.6305","49.4974","0.0345","0.4947","554b8a4283c16dbe3598bf950c3358ae17e12d7f2ccdea4f741cf1185fb73fec","auto_rejected","dimension_or_aspect",""
"data\source_candidates\strict_2d_lineart_batch3_20260715\raw_extracted\D01448673\D01448673_tang_ceiling_pattern_p198_i02_x2604_339x47.png","candidate_140__D01448673_tang_ceiling_pattern_p198_i02_x2604_339x47.png","339","47","7.2128","1.0424","0.495","0.0638","0472706a686b53c06fdd23a6d62ab8e6aaf49c777b54148dbc7ce99afd5ba798","kept_for_visual_review","",""
"data\source_candidates\strict_2d_lineart_batch3_20260715\raw_extracted\D01448673\D01448673_tang_ceiling_pattern_p198_i03_x2605_484x66.png","","484","66","7.3333","14.3155","0.0683","0.1729","642b380f9b5c5cdf28dd2c83f7614308dce1337bebb2c19afce8dce835e4a72f","auto_rejected","insufficient_white_background",""
"data\source_candidates\strict_2d_lineart_batch3_20260715\raw_extracted\D01448673\D01448673_tang_ceiling_pattern_p199_i00_x2609_912x572.png","","912","572","1.5944","0.0","0.7376","0.0083","f87fea70a36b79d6baea914c7471af3264d17cea7f9a65d0c8fc0959ada72967","auto_rejected","dimension_or_aspect",""
"data\source_candidates\strict_2d_lineart_batch3_20260715\raw_extracted\D01448673\D01448673_tang_ceiling_pattern_p199_i01_x2610_912x587.png","","912","587","1.5537","0.0","0.7174","0.0023","ee3cff4a15d5589eb29906003f70b9ff7b2cc907ee5077381df91c237edcbf8b","auto_rejected","dimension_or_aspect",""
"data\source_candidates\strict_2d_lineart_batch3_20260715\raw_extracted\D01448673\D01448673_tang_ceiling_pattern_p200_i00_x2571_556x58.png","","556","58","9.5862","18.5735","0.0001","0.4652","00b62190dba8741724a349b49b15171d1bceb2c3a1ed60dea463fa9f7218717a","auto_rejected","too_colorful",""
"data\source_candidates\strict_2d_lineart_batch3_20260715\raw_extracted\D01448673\D01448673_tang_ceiling_pattern_p200_i01_x2573_673x119.png","","673","119","5.6555","33.54","0.0","0.246","fbc41103a75d91c0407bc9064bf8d9417340a7a2b6ca61f5d8e733b57d36b173","auto_rejected","too_colorful",""
"data\source_candidates\strict_2d_lineart_batch3_20260715\raw_extracted\D01448673\D01448673_tang_ceiling_pattern_p200_i02_x2578_423x55.png","","423","55","7.6909","21.0075","0.0011","0.3285","b4daddc398f02da05ca15390a49ad56de7fe6f19edc43094e53f353e25cc90fe","auto_rejected","too_colorful",""
"data\source_candidates\strict_2d_lineart_batch3_20260715\raw_extracted\D01448673\D01448673_tang_ceiling_pattern_p200_i03_x2613_601x162.png","","601","162","3.7099","30.7817","0.0891","0.3849","6664bfb346eb384aa5c26b18e8cfd8751f6a18185ef66aa63d98dbd00079a9f4","auto_rejected","too_colorful",""
"data\source_candidates\strict_2d_lineart_batch3_20260715\raw_extracted\D01448673\D01448673_tang_ceiling_pattern_p200_i04_x2614_547x213.png","","547","213","2.5681","31.4969","0.0","0.314","8db20ee73c9985c53aa87ffc32b4b52f02f5fe31f92bc7e7daa934a2eacd2494","auto_rejected","too_colorful",""
"data\source_candidates\strict_2d_lineart_batch3_20260715\raw_extracted\D01448673\D01448673_tang_ceiling_pattern_p200_i05_x2615_526x185.png","","526","185","2.8432","43.8039","0.0","0.4368","c61cc58cf85c892b55310d40e460cc65ae29feacef002cb0cefe863b4dff00fd","auto_rejected","too_colorful",""
"data\source_candidates\strict_2d_lineart_batch3_20260715\raw_extracted\D01448673\D01448673_tang_ceiling_pattern_p200_i06_x2616_566x185.png","","566","185","3.0595","25.7847","0.0","0.3169","1ae5185b64f35c41029ff0cae2b60e37faa5186baf7bf3a5dad6b69288ea5d97","auto_rejected","too_colorful",""
"data\source_candidates\strict_2d_lineart_batch3_20260715\raw_extracted\D01448673\D01448673_tang_ceiling_pattern_p200_i07_x2617_670x77.png","","670","77","8.7013","43.781","0.0","0.1707","edec8cd08bc6fec9f687147e8f6af06aa73331a5d46425f5219b68c5acecdce8","auto_rejected","too_colorful",""
"data\source_candidates\strict_2d_lineart_batch3_20260715\raw_extracted\D01448673\D01448673_tang_ceiling_pattern_p200_i08_x2618_674x99.png","","674","99","6.8081","9.2465","0.0028","0.4678","74646e095be1a8c07ba5f4a6b2e8ed8aa57e45332cb7d0b073686855ccd84c96","auto_rejected","insufficient_white_background",""
"data\source_candidates\strict_2d_lineart_batch3_20260715\raw_extracted\D01448673\D01448673_tang_ceiling_pattern_p200_i09_x2619_662x71.png","","662","71","9.3239","9.2681","0.0","0.3642","9195e39c6342b80b1f07447e8675fda8e46fd181eeda4c3c756020330742c83a","auto_rejected","insufficient_white_background",""
"data\source_candidates\strict_2d_lineart_batch3_20260715\raw_extracted\D01448673\D01448673_tang_ceiling_pattern_p200_i10_x2620_447x91.png","","447","91","4.9121","26.0743","0.0","0.3001","77755293a14bbe119382a5095154e24434ff19378199acd93408dc929f4ec7ea","auto_rejected","too_colorful",""
"data\source_candidates\strict_2d_lineart_batch3_20260715\raw_extracted\D01448673\D01448673_tang_ceiling_pattern_p201_i00_x2580_673x129.png","","673","129","5.2171","17.0249","0.0","0.2383","74d7b273cfe9cfce53f53260a59c76fd21d1e5929f119b5b57129181615622c4","auto_rejected","insufficient_white_background",""
"data\source_candidates\strict_2d_lineart_batch3_20260715\raw_extracted\D01448673\D01448673_tang_ceiling_pattern_p201_i01_x2581_671x112.png","","671","112","5.9911","31.5585","0.0","0.452","0da19e69a09f3ab43807c4214bbd8c67f789b7b7045588b338f615a53b5d80bb","auto_rejected","too_colorful",""
"data\source_candidates\strict_2d_lineart_batch3_20260715\raw_extracted\D01448673\D01448673_tang_ceiling_pattern_p201_i02_x2582_601x113.png","","601","113","5.3186","10.3669","0.0006","0.342","9fdaca7d844b40597d6207e2c5ee5cd7ddc462f6ab842c47392a784db042f518","auto_rejected","insufficient_white_background",""
"data\source_candidates\strict_2d_lineart_batch3_20260715\raw_extracted\D01448673\D01448673_tang_ceiling_pattern_p201_i03_x2583_670x89.png","","670","89","7.5281","31.7683","0.0062","0.5142","364008f7770570b4621b3d55220a6ec894fda27cd7d8a910a0d8b62b4aa747e8","auto_rejected","too_colorful",""
"data\source_candidates\strict_2d_lineart_batch3_20260715\raw_extracted\D01448673\D01448673_tang_ceiling_pattern_p201_i04_x2584_651x84.png","","651","84","7.75","8.4496","0.0","0.8458","e3a932c3c62eea0ceaff50ded17911144dbb0cc94a192336aa20e9304570401f","auto_rejected","insufficient_white_background",""
"data\source_candidates\strict_2d_lineart_batch3_20260715\raw_extracted\D01448673\D01448673_tang_ceiling_pattern_p201_i05_x2585_745x94.png","","745","94","7.9255","0.0","0.5817","0.0","3b00549feb3465f718d23648b90ba65a65660996b0adac50d9fd298e63bbcafa","auto_rejected","insufficient_line_content",""
"data\source_candidates\strict_2d_lineart_batch3_20260715\raw_extracted\D01448673\D01448673_tang_ceiling_pattern_p201_i06_x2586_678x103.png","","678","103","6.5825","9.8803","0.0","0.5119","f95827057b54f785513692ae4554804d8d4cd4fb989c72de5eb5470ad5669c06","auto_rejected","insufficient_white_background",""
"data\source_candidates\strict_2d_lineart_batch3_20260715\raw_extracted\D01448673\D01448673_tang_ceiling_pattern_p201_i07_x2625_670x108.png","candidate_141__D01448673_tang_ceiling_pattern_p201_i07_x2625_670x108.png","670","108","6.2037","0.0","0.4067","0.013","cbdeef834c09ee6964df89a13139efe6f6eecd9af594adc677cacdd8da60e5da","kept_for_visual_review","",""
"data\source_candidates\strict_2d_lineart_batch3_20260715\raw_extracted\D01448673\D01448673_tang_ceiling_pattern_p201_i08_x2626_677x131.png","candidate_142__D01448673_tang_ceiling_pattern_p201_i08_x2626_677x131.png","677","131","5.1679","0.0","0.5714","0.0312","d8dc32f1db8a4d281eb4a3a39e16e30d80957858c8e202065ad1f3df558359c6","kept_for_visual_review","",""
"data\source_candidates\strict_2d_lineart_batch3_20260715\raw_extracted\D01448673\D01448673_tang_ceiling_pattern_p201_i09_x2627_670x142.png","","670","142","4.7183","0.0","0.6635","0.0011","fc92c034be25eaf5382ab42fcae9ef77a28aed290c14ef76c8f919f033297b29","auto_rejected","insufficient_line_content",""
"data\source_candidates\strict_2d_lineart_batch3_20260715\raw_extracted\D01448673\D01448673_tang_ceiling_pattern_p201_i10_x2628_628x224.png","","628","224","2.8036","0.0","0.4634","0.2536","553dc46287f528b90d6c6b6b61f6b0c31b0c98034cbf15607f70d2351dee0046","auto_rejected","near_duplicate_in_batch","data\source_candidates\strict_2d_lineart_batch3_20260715\auto_filtered\candidate_138__D01448673_tang_ceiling_pattern_p195_i00_x2576_413x151.png"
"data\source_candidates\strict_2d_lineart_batch3_20260715\raw_extracted\D01448673\D01448673_tang_ceiling_pattern_p201_i11_x2629_681x131.png","","681","131","5.1985","0.0","0.3332","0.0241","b1947389f6de8ca3ac6fef844cd8846a9f5571ccd2524a6da9d08299c4e836cb","auto_rejected","insufficient_white_background",""
"data\source_candidates\strict_2d_lineart_batch3_20260715\raw_extracted\D01448673\D01448673_tang_ceiling_pattern_p202_i02_x2636_386x44.png","","386","44","8.7727","33.2734","0.0002","0.4907","cee3d736d7a1d2abf2060966487231e28d1773171fc07d54f677e57787cc1c1a","auto_rejected","too_colorful",""
"data\source_candidates\strict_2d_lineart_batch3_20260715\raw_extracted\D01448673\D01448673_tang_ceiling_pattern_p203_i00_x2639_455x102.png","","455","102","4.4608","36.8947","0.2752","0.3001","b48b12ba115e2c77502c7449019681fcbe13ae30183b456f42de913125e34db8","auto_rejected","too_colorful",""
"data\source_candidates\strict_2d_lineart_batch3_20260715\raw_extracted\D01448673\D01448673_tang_ceiling_pattern_p203_i01_x2640_667x130.png","","667","130","5.1308","0.0","0.2204","0.3056","a811e5cfd2e75fafd5f9a1581d180fc6cd8f7a9fd347e0d8b40d5dec258988ca","auto_rejected","insufficient_white_background",""
"data\source_candidates\strict_2d_lineart_batch3_20260715\raw_extracted\D01448673\D01448673_tang_ceiling_pattern_p203_i02_x2641_320x82.png","candidate_143__D01448673_tang_ceiling_pattern_p203_i02_x2641_320x82.png","320","82","3.9024","0.0","0.3931","0.3301","4bd8133ff3c7c024ab62a515a5eb895466361277b0247b00e999b370733be786","kept_for_visual_review","",""
"data\source_candidates\strict_2d_lineart_batch3_20260715\raw_extracted\D01448673\D01448673_tang_ceiling_pattern_p228_i00_x2941_630x212.png","","630","212","2.9717","26.8275","0.1059","0.4815","8b666e0819d11892ba3e53074583f27edb56f9798bb15a5eb864eb1e18989420","auto_rejected","too_colorful",""
"data\source_candidates\strict_2d_lineart_batch3_20260715\raw_extracted\D01448673\D01448673_tang_ceiling_pattern_p228_i01_x2942_420x225.png","","420","225","1.8667","29.6351","0.1114","0.4116","330b44719143a5c61f302f8c7220acdde4f2e41058d526f47c7a92ab2ecde880","auto_rejected","dimension_or_aspect",""
"data\source_candidates\strict_2d_lineart_batch3_20260715\raw_extracted\D01448673\D01448673_tang_ceiling_pattern_p228_i02_x2943_395x102.png","candidate_144__D01448673_tang_ceiling_pattern_p228_i02_x2943_395x102.png","395","102","3.8725","0.0","0.4479","0.2063","a3e0a02cfcdd22d36854e7f3d25e6f50f727e8c73754c758799e6d829ebc83f3","kept_for_visual_review","",""
"data\source_candidates\strict_2d_lineart_batch3_20260715\raw_extracted\D01448673\D01448673_tang_ceiling_pattern_p228_i03_x2944_399x80.png","candidate_145__D01448673_tang_ceiling_pattern_p228_i03_x2944_399x80.png","399","80","4.9875","0.0","0.4592","0.2337","7a16c111f2f16196c979ee6051e33e208bd561be17d51075d1e029bdf51997c2","kept_for_visual_review","",""
"data\source_candidates\strict_2d_lineart_batch3_20260715\raw_extracted\D01448673\D01448673_tang_ceiling_pattern_p228_i04_x2945_394x101.png","candidate_146__D01448673_tang_ceiling_pattern_p228_i04_x2945_394x101.png","394","101","3.901","0.0","0.5069","0.209","22e0b01ee4f36b6847ef4cb7e2f01ff9a6044fa01e98b332a1ae2e1d8c5b9865","kept_for_visual_review","",""
"data\source_candidates\strict_2d_lineart_batch3_20260715\raw_extracted\D01448673\D01448673_tang_ceiling_pattern_p228_i05_x2946_262x117.png","candidate_147__D01448673_tang_ceiling_pattern_p228_i05_x2946_262x117.png","262","117","2.2393","0.0","0.6919","0.1749","c81fd5778e43a888d2397f65de30f7170ecc01554a40f4a9d93ee8e51c16274a","kept_for_visual_review","",""
"data\source_candidates\strict_2d_lineart_batch3_20260715\raw_extracted\D01448673\D01448673_tang_ceiling_pattern_p228_i06_x2947_391x91.png","candidate_148__D01448673_tang_ceiling_pattern_p228_i06_x2947_391x91.png","391","91","4.2967","0.0","0.6052","0.0826","5aca2a6db5d54ac95a22672747ba0dfbbbffab8478930f8c43f07750c448a49d","kept_for_visual_review","",""
"data\source_candidates\strict_2d_lineart_batch3_20260715\raw_extracted\D01448673\D01448673_tang_ceiling_pattern_p229_i00_x2952_503x172.png","","503","172","2.9244","40.806","0.003","0.2854","8ca1b7eb8a306d975a87a2fee35472fa0d4978d38c58bdd6bb7da483b23fc6d4","auto_rejected","too_colorful",""
"data\source_candidates\strict_2d_lineart_batch3_20260715\raw_extracted\D01448673\D01448673_tang_ceiling_pattern_p229_i01_x2953_391x166.png","","391","166","2.3554","33.2351","0.0","0.1887","da03396e1f0744888842908b23396c10b88abfe0ed4536305b72b84a5c02cc90","auto_rejected","too_colorful",""
"data\source_candidates\strict_2d_lineart_batch3_20260715\raw_extracted\D01448673\D01448673_tang_ceiling_pattern_p230_i02_x2960_491x181.png","candidate_149__D01448673_tang_ceiling_pattern_p230_i02_x2960_491x181.png","491","181","2.7127","0.0","0.5719","0.3194","06d2ae9d2e005cd40631e4d81b095594b8170024fcfd39e6828829bfe5ed9b87","kept_for_visual_review","",""
"data\source_candidates\strict_2d_lineart_batch3_20260715\raw_extracted\D01448673\D01448673_tang_ceiling_pattern_p230_i03_x2961_176x60.png","","176","60","2.9333","0.0","0.3688","0.3189","837b74863d658f390ec66970214260632950dceb6c17e9b51d3d60f0cfeec21a","auto_rejected","dimension_or_aspect",""
"data\source_candidates\strict_2d_lineart_batch3_20260715\raw_extracted\D01448673\D01448673_tang_ceiling_pattern_p230_i04_x2963_196x60.png","","196","60","3.2667","0.0","0.4406","0.1811","e895c795de5c0a28bf0ee174e6b024d9de1308f03f2e4d927995f4c272f923e2","auto_rejected","dimension_or_aspect",""
"data\source_candidates\strict_2d_lineart_batch3_20260715\raw_extracted\D01448673\D01448673_tang_ceiling_pattern_p230_i05_x772_336x35.png","","336","35","9.6","0.0","0.5999","0.1304","a785ffdca25518684da9fc77cb5463f082eb8b1d4f18c09d7824b53893fe6a63","auto_rejected","exact_duplicate_in_batch",""
"data\source_candidates\strict_2d_lineart_batch3_20260715\raw_extracted\D01448673\D01448673_tang_ceiling_pattern_p230_i06_x773_454x38.png","","454","38","11.9474","0.0","0.5492","0.133","a37dbaebb91979b5593cdf81c45f1cc50ab7b1c9758eda72f24ecec324c6ad29","auto_rejected","exact_duplicate_in_batch",""
"data\source_candidates\strict_2d_lineart_batch3_20260715\raw_extracted\D01448673\D01448673_tang_ceiling_pattern_p230_i07_x774_658x52.png","","658","52","12.6538","0.0","0.6016","0.0514","db7c6dc4baccc8d28801de370bcebb01bc1cec47b9177af55ddb202358576fa5","auto_rejected","exact_duplicate_in_batch",""
"data\source_candidates\strict_2d_lineart_batch3_20260715\raw_extracted\D01448673\D01448673_tang_ceiling_pattern_p231_i00_x2967_196x38.png","","196","38","5.1579","79.0007","0.0001","0.2721","ff6ab20ce196ca22baa878cef7bbc81f7e71127bba9d8fb7672bce01fc003fb7","auto_rejected","dimension_or_aspect",""
"data\source_candidates\strict_2d_lineart_batch3_20260715\raw_extracted\D01448673\D01448673_tang_ceiling_pattern_p231_i01_x2968_331x55.png","candidate_150__D01448673_tang_ceiling_pattern_p231_i01_x2968_331x55.png","331","55","6.0182","0.0","0.5984","0.1225","aba8c99821c25419b62092596a00857523e62e84d612b05483b678a36e3fbc8f","kept_for_visual_review","",""
"data\source_candidates\strict_2d_lineart_batch3_20260715\raw_extracted\D01448673\D01448673_tang_ceiling_pattern_p231_i02_x2969_556x131.png","","556","131","4.2443","26.1643","0.0","0.423","042b4b1dd8785d8f61efd60f82fe3d394d5130605e334fde5c8abf11d13154ac","auto_rejected","too_colorful",""
"data\source_candidates\strict_2d_lineart_batch3_20260715\raw_extracted\D01448673\D01448673_tang_ceiling_pattern_p231_i03_x2970_558x130.png","","558","130","4.2923","11.4318","0.0001","0.8852","3f6db33fe08c29e44415986e56db5b126b7b5f221ec29bacb5a9e37151c29bad","auto_rejected","insufficient_white_background",""
"data\source_candidates\strict_2d_lineart_batch3_20260715\raw_extracted\D01448673\D01448673_tang_ceiling_pattern_p231_i04_x2971_548x105.png","","548","105","5.219","36.3439","0.0","0.2155","babcc102d0f7a8a53c02edeec278cc8c2d1de626e10704005c603059ea7ac505","auto_rejected","too_colorful",""
"data\source_candidates\strict_2d_lineart_batch3_20260715\raw_extracted\D01448673\D01448673_tang_ceiling_pattern_p231_i05_x2972_558x99.png","","558","99","5.6364","65.1075","0.0","0.349","563b5f4fb2999212f55aa017637b97d3f6a20972651eac80b30590c38eccf813","auto_rejected","too_colorful",""
"data\source_candidates\strict_2d_lineart_batch3_20260715\raw_extracted\D01448673\D01448673_tang_ceiling_pattern_p231_i10_x2977_558x85.png","","558","85","6.5647","28.359","0.1994","0.4168","f56e5ebece7ef82b675949ad46d5c9519b2391f623351be592904fafd10e9e0e","auto_rejected","too_colorful",""
"data\source_candidates\strict_2d_lineart_batch3_20260715\raw_extracted\D01448673\D01448673_tang_ceiling_pattern_p231_i11_x2978_451x122.png","","451","122","3.6967","36.7226","0.1424","0.5616","ceca5f5caea69000a7848fa00c43baab10a1f8bfa45fbfa72d169c6d601f196f","auto_rejected","too_colorful",""
"data\source_candidates\strict_2d_lineart_batch3_20260715\raw_extracted\D01448673\D01448673_tang_ceiling_pattern_p231_i12_x2979_464x114.png","","464","114","4.0702","79.7938","0.1761","0.1827","0430357d3b12910698b53b6cd55daa429bf6c7510982f0f44582181a4d7c30bb","auto_rejected","too_colorful",""
"data\source_candidates\strict_2d_lineart_batch3_20260715\raw_extracted\D01448673\D01448673_tang_ceiling_pattern_p231_i13_x751_374x58.png","","374","58","6.4483","0.0","0.647","0.0791","70be0ad0d0cd425ad67567289bc3df8b0c279303a9b490a9d25439ce91c2def5","auto_rejected","exact_duplicate_in_batch",""
"data\source_candidates\strict_2d_lineart_batch3_20260715\raw_extracted\D01448673\D01448673_tang_ceiling_pattern_p232_i00_x1035_406x34.png","","406","34","11.9412","0.0","0.591","0.1164","59bd77dbeb3611def9d4827861fb3eed0dbf6d93f883f87514e165bfca3b3811","auto_rejected","exact_duplicate_in_batch",""
"data\source_candidates\strict_2d_lineart_batch3_20260715\raw_extracted\D01448673\D01448673_tang_ceiling_pattern_p232_i01_x1036_322x32.png","","322","32","10.0625","0.0","0.5827","0.0773","7ec62a3e3d11969539f0136b12aae8b8037dd5e12a926a7b7748c5b735fd607c","auto_rejected","exact_duplicate_in_batch",""
"data\source_candidates\strict_2d_lineart_batch3_20260715\raw_extracted\D01448673\D01448673_tang_ceiling_pattern_p232_i02_x1037_424x45.png","","424","45","9.4222","8.9874","0.0289","0.7018","9cad0b44ae5f7b5fdcb5f755ba9546a27f759165735e4fabbaf9ed899b1bc2cc","auto_rejected","insufficient_white_background",""
"data\source_candidates\strict_2d_lineart_batch3_20260715\raw_extracted\D01448673\D01448673_tang_ceiling_pattern_p232_i03_x1038_561x73.png","","561","73","7.6849","37.0553","0.0037","0.3164","8b8f6cf4400c266828fc0774e7a7f553cbbe2642ac95fa72bf98b73cf49525c2","auto_rejected","too_colorful",""
"data\source_candidates\strict_2d_lineart_batch3_20260715\raw_extracted\D01448673\D01448673_tang_ceiling_pattern_p232_i04_x1039_381x55.png","","381","55","6.9273","3.9531","0.6584","0.099","8f2e6c296023360e1d750c3d27fa921569cccf5a35d4cff206985abafb5bd2ef","auto_rejected","exact_duplicate_in_batch",""
"data\source_candidates\strict_2d_lineart_batch3_20260715\raw_extracted\D01448673\D01448673_tang_ceiling_pattern_p232_i05_x1040_563x61.png","","563","61","9.2295","28.7048","0.5594","0.1519","3e8b094ccfd482b82b5d0753060d71486e02cc59767551de4aad8a501743aa91","auto_rejected","too_colorful",""
"data\source_candidates\strict_2d_lineart_batch3_20260715\raw_extracted\D01448673\D01448673_tang_ceiling_pattern_p232_i06_x1041_508x81.png","","508","81","6.2716","33.236","0.0003","0.3206","1f7ef51fc99c7bf3897f0c232d701e15aa517c8ee29dbb8b5f1950cce50cfad1","auto_rejected","too_colorful",""
"data\source_candidates\strict_2d_lineart_batch3_20260715\raw_extracted\D01448673\D01448673_tang_ceiling_pattern_p232_i07_x2982_554x114.png","candidate_151__D01448673_tang_ceiling_pattern_p232_i07_x2982_554x114.png","554","114","4.8596","0.0","0.6579","0.0855","97e84457fb0209d1750134bf500ec569ea1e635a8c324514042cda2a078e8690","kept_for_visual_review","",""
"data\source_candidates\strict_2d_lineart_batch3_20260715\raw_extracted\D01448673\D01448673_tang_ceiling_pattern_p232_i08_x2983_904x250.png","","904","250","3.616","60.1942","0.0393","0.8932","7c48772fd63e01c018b40c994a017c15654ab4cb38b30b598b0302d72d5eb736","auto_rejected","too_colorful",""
"data\source_candidates\strict_2d_lineart_batch3_20260715\raw_extracted\D01448673\D01448673_tang_ceiling_pattern_p232_i09_x2984_367x53.png","candidate_152__D01448673_tang_ceiling_pattern_p232_i09_x2984_367x53.png","367","53","6.9245","0.0","0.515","0.2059","6982413453ae7e39eca28fea0b77b483702cf2cdaf0562ffe15180ef19717b77","kept_for_visual_review","",""
"data\source_candidates\strict_2d_lineart_batch3_20260715\raw_extracted\D01448673\D01448673_tang_ceiling_pattern_p232_i10_x2985_266x52.png","candidate_153__D01448673_tang_ceiling_pattern_p232_i10_x2985_266x52.png","266","52","5.1154","0.0","0.6283","0.0373","d7a46d6d82a664fc8974b88b3b0a2dca059e1d35a8425122bdcbc1c4ac283cd4","kept_for_visual_review","",""
"data\source_candidates\strict_2d_lineart_batch3_20260715\raw_extracted\D01448673\D01448673_tang_ceiling_pattern_p232_i11_x2986_559x73.png","","559","73","7.6575","21.6102","0.0023","0.1853","7d031b36e948b09112b14f142c4a980aa9d9645825f5f2f182935c83cd6e9de2","auto_rejected","too_colorful",""
"data\source_candidates\strict_2d_lineart_batch3_20260715\raw_extracted\D01448673\D01448673_tang_ceiling_pattern_p232_i12_x2987_553x163.png","","553","163","3.3926","44.1409","0.0246","0.7296","efb76f5a3e1a685070361b930d0aea10bb1ae8e443d8ca897564870004e9eca2","auto_rejected","too_colorful",""
"data\source_candidates\strict_2d_lineart_batch3_20260715\raw_extracted\D01448673\D01448673_tang_ceiling_pattern_p232_i13_x788_533x59.png","","533","59","9.0339","84.799","0.0013","0.0028","28268b42b116ee67f4eeb4a060d0c97f4bc60ff964901d6b804add0f60bc160c","auto_rejected","too_colorful",""
"data\source_candidates\strict_2d_lineart_batch3_20260715\raw_extracted\D01448673\D01448673_tang_ceiling_pattern_p232_i15_x880_346x42.png","","346","42","8.2381","0.0","0.3432","0.2987","98b6e2a00e8bdb640780e75307dc5f6f3f8ca0c9598b016743ae41f1fc3dfba6","auto_rejected","insufficient_white_background",""
"data\source_candidates\strict_2d_lineart_batch3_20260715\raw_extracted\D01448673\D01448673_tang_ceiling_pattern_p232_i16_x881_311x33.png","","311","33","9.4242","0.0","0.6182","0.0008","387e96a485f08950aef704df421a76bc4e1de22bb62a527afa620a3721be545e","auto_rejected","insufficient_line_content",""
"data\source_candidates\strict_2d_lineart_batch3_20260715\raw_extracted\D01448673\D01448673_tang_ceiling_pattern_p233_i00_x1042_497x51.png","","497","51","9.7451","0.0","0.4704","0.0095","c245221020642555c0111bfb7bb4fddd696d8bb55d9cb1e5431f2d93d767a239","auto_rejected","insufficient_line_content",""
"data\source_candidates\strict_2d_lineart_batch3_20260715\raw_extracted\D01448673\D01448673_tang_ceiling_pattern_p233_i01_x2990_244x27.png","","244","27","9.037","73.7707","0.0024","0.0","37e867df5bc82520171ac361fdd2043d63120d14b8b74458182ed5252557c05f","auto_rejected","too_colorful",""
"data\source_candidates\strict_2d_lineart_batch3_20260715\raw_extracted\D01448673\D01448673_tang_ceiling_pattern_p233_i02_x2991_510x58.png","","510","58","8.7931","75.5988","0.0023","0.0","c696bb3b86e06149b6b00088afe22b3940d7d571f26750865f57390620053a9e","auto_rejected","too_colorful",""
"data\source_candidates\strict_2d_lineart_batch3_20260715\raw_extracted\D01448673\D01448673_tang_ceiling_pattern_p233_i03_x2992_398x114.png","candidate_154__D01448673_tang_ceiling_pattern_p233_i03_x2992_398x114.png","398","114","3.4912","0.0","0.6872","0.1984","80e8d8e3a66ac0a103a48bb662f7d611ce4b69a33cc789a97103b1994f6529fd","kept_for_visual_review","",""
"data\source_candidates\strict_2d_lineart_batch3_20260715\raw_extracted\D01448673\D01448673_tang_ceiling_pattern_p233_i04_x2993_241x92.png","candidate_155__D01448673_tang_ceiling_pattern_p233_i04_x2993_241x92.png","241","92","2.6196","0.0","0.4581","0.2899","cecbf980d2f1e141168f14983ae5f6eea426fe90331b9181c5db448b2cec1ef5","kept_for_visual_review","",""
"data\source_candidates\strict_2d_lineart_batch3_20260715\raw_extracted\D01448673\D01448673_tang_ceiling_pattern_p233_i05_x2995_275x71.png","candidate_156__D01448673_tang_ceiling_pattern_p233_i05_x2995_275x71.png","275","71","3.8732","0.0","0.4804","0.1584","8259ce5a5164991a094b39494b664f7e7f3d20d7f31dd9785dec0536e0870ac5","kept_for_visual_review","",""
"data\source_candidates\strict_2d_lineart_batch3_20260715\raw_extracted\D01448673\D01448673_tang_ceiling_pattern_p233_i06_x2997_177x73.png","","177","73","2.4247","0.0","0.4275","0.2711","b874239ed8ccc3eabd30c7fff8702098aa7810a6c5a3fcd41880faf962e99b2c","auto_rejected","dimension_or_aspect",""
"data\source_candidates\strict_2d_lineart_batch3_20260715\raw_extracted\D01448673\D01448673_tang_ceiling_pattern_p233_i07_x2999_492x173.png","candidate_157__D01448673_tang_ceiling_pattern_p233_i07_x2999_492x173.png","492","173","2.8439","0.0","0.6241","0.1985","754c742f2aded1e0ad29e761c21a4a0b453e56f844501b3cbfe0e4a3a5ac9cfc","kept_for_visual_review","",""
"data\source_candidates\strict_2d_lineart_batch3_20260715\raw_extracted\D01448673\D01448673_tang_ceiling_pattern_p234_i00_x1907_476x61.png","","476","61","7.8033","0.0","0.5435","0.0184","5b922442eb16f002bc403e8cf1700b513151807ef7a0c23d012baf52aa2a04b3","auto_rejected","exact_duplicate_in_batch",""
"data\source_candidates\strict_2d_lineart_batch3_20260715\raw_extracted\D01448673\D01448673_tang_ceiling_pattern_p234_i01_x3004_594x295.png","candidate_158__D01448673_tang_ceiling_pattern_p234_i01_x3004_594x295.png","594","295","2.0136","0.0","0.6426","0.0235","c4d00132458bd6692176546f5167dfc64d4c770d27699768934b9ac868a3152f","kept_for_visual_review","",""
"data\source_candidates\strict_2d_lineart_batch3_20260715\raw_extracted\D01448673\D01448673_tang_ceiling_pattern_p234_i02_x3005_516x86.png","candidate_159__D01448673_tang_ceiling_pattern_p234_i02_x3005_516x86.png","516","86","6.0","0.0","0.5771","0.0238","c49656e7a4fad2cb9787440491931fd2d72fa88dffad6891b347f3dcb0f914d7","kept_for_visual_review","",""
"data\source_candidates\strict_2d_lineart_batch3_20260715\raw_extracted\D01448673\D01448673_tang_ceiling_pattern_p234_i03_x3006_356x79.png","candidate_160__D01448673_tang_ceiling_pattern_p234_i03_x3006_356x79.png","356","79","4.5063","0.0917","0.5001","0.0291","7b6731cf0718bc05f30c37915a6c7fb1db0f0d9895bf1d13567f917fe2999605","kept_for_visual_review","",""
"data\source_candidates\strict_2d_lineart_batch3_20260715\raw_extracted\D01448673\D01448673_tang_ceiling_pattern_p234_i04_x3007_420x200.png","candidate_161__D01448673_tang_ceiling_pattern_p234_i04_x3007_420x200.png","420","200","2.1","0.0","0.5055","0.0523","a5e8d8898ad63c300599efe382ca91c89f4e6ed9b40d9b2e5f1f5325668e7946","kept_for_visual_review","",""
"data\source_candidates\strict_2d_lineart_batch3_20260715\raw_extracted\D01448673\D01448673_tang_ceiling_pattern_p234_i05_x3008_501x171.png","","501","171","2.9298","40.8011","0.003","0.285","b6af9aa73ef724c4a11e38acd6d457e6f6fe61c6287472ba7148b19cfd4ee1de","auto_rejected","too_colorful",""
"data\source_candidates\strict_2d_lineart_batch3_20260715\raw_extracted\D01448673\D01448673_tang_ceiling_pattern_p234_i07_x3010_552x55.png","","552","55","10.0364","0.0","0.5878","0.0064","657f3a4be14803cc023cf88da8d10be0ee96355b6f6bc50ffd796279b298725a","auto_rejected","insufficient_line_content",""
"data\source_candidates\strict_2d_lineart_batch3_20260715\raw_extracted\D01448673\D01448673_tang_ceiling_pattern_p236_i00_x3024_282x93.png","candidate_162__D01448673_tang_ceiling_pattern_p236_i00_x3024_282x93.png","282","93","3.0323","0.0","0.6425","0.1988","743fe34dfe6047dc2732a1a9dc3030ab7e376409ec263110235e9e24bd2bc4d2","kept_for_visual_review","",""
"data\source_candidates\strict_2d_lineart_batch3_20260715\raw_extracted\D01448673\D01448673_tang_ceiling_pattern_p236_i01_x3025_412x152.png","","412","152","2.7105","0.0","0.5884","0.2662","a0a8cf0226289fc348867e132c1af3b15f235e19dae7c3b36037a37c6d1b3518","auto_rejected","near_duplicate_in_batch","data\source_candidates\strict_2d_lineart_batch3_20260715\auto_filtered\candidate_155__D01448673_tang_ceiling_pattern_p233_i04_x2993_241x92.png"
"data\source_candidates\strict_2d_lineart_batch3_20260715\raw_extracted\D01448673\D01448673_tang_ceiling_pattern_p236_i02_x3026_333x96.png","","333","96","3.4688","0.0","0.1327","0.1983","fd027d394d77fa2de2a586ada777bd04decf4927b0316e903686fe1cbf753e2f","auto_rejected","insufficient_white_background",""
"data\source_candidates\strict_2d_lineart_batch3_20260715\raw_extracted\D01448673\D01448673_tang_ceiling_pattern_p236_i03_x3027_375x86.png","candidate_163__D01448673_tang_ceiling_pattern_p236_i03_x3027_375x86.png","375","86","4.3605","0.0","0.5958","0.0341","a601b3fe70716648eb4eac0a7f3369aa6b14034fe29b0b1cd411ba2e98afa526","kept_for_visual_review","",""
"data\source_candidates\strict_2d_lineart_batch3_20260715\raw_extracted\D01448673\D01448673_tang_ceiling_pattern_p236_i04_x3028_172x50.png","","172","50","3.44","0.0","0.5197","0.1027","8fa8ad9adcd535561fb27514228821b080cdccce5cd57499fc2e89125df74eb0","auto_rejected","dimension_or_aspect",""
"data\source_candidates\strict_2d_lineart_batch3_20260715\raw_extracted\D01448673\D01448673_tang_ceiling_pattern_p236_i05_x3029_360x97.png","candidate_164__D01448673_tang_ceiling_pattern_p236_i05_x3029_360x97.png","360","97","3.7113","0.0","0.5818","0.1874","bd0bbeda4639be2f534808af0508e741f1d3fc55520af2d758ae679a8866ce67","kept_for_visual_review","",""
"data\source_candidates\strict_2d_lineart_batch3_20260715\raw_extracted\D01448673\D01448673_tang_ceiling_pattern_p237_i00_x3038_666x105.png","candidate_165__D01448673_tang_ceiling_pattern_p237_i00_x3038_666x105.png","666","105","6.3429","0.0","0.8483","0.0421","0c3ecb770d228b7e1c939a17ac608529b1e52aebad5f93d93e6bb3956c8fd595","kept_for_visual_review","",""
"data\source_candidates\strict_2d_lineart_batch3_20260715\raw_extracted\D01448673\D01448673_tang_ceiling_pattern_p237_i01_x3039_704x127.png","candidate_166__D01448673_tang_ceiling_pattern_p237_i01_x3039_704x127.png","704","127","5.5433","0.0","0.8776","0.0189","94948db35a759198826dbec984e1caa8166e916bb10180a631617409adc7045c","kept_for_visual_review","",""
"data\source_candidates\strict_2d_lineart_batch3_20260715\raw_extracted\D01448673\D01448673_tang_ceiling_pattern_p237_i02_x3040_705x102.png","candidate_167__D01448673_tang_ceiling_pattern_p237_i02_x3040_705x102.png","705","102","6.9118","0.0","0.8635","0.0228","612da6204bd85513e81eef59a1ea95c02d633c40ef5a1b435d075ae4aac1837e","kept_for_visual_review","",""
"data\source_candidates\strict_2d_lineart_batch3_20260715\raw_extracted\D01448673\D01448673_tang_ceiling_pattern_p237_i03_x3041_704x187.png","candidate_168__D01448673_tang_ceiling_pattern_p237_i03_x3041_704x187.png","704","187","3.7647","0.0","0.801","0.0535","dc8e9a5f075e73f79210ba9daabb05e017ac9bcedc56c8127762c417c424d2ab","kept_for_visual_review","",""
"data\source_candidates\strict_2d_lineart_batch3_20260715\raw_extracted\D01448673\D01448673_tang_ceiling_pattern_p237_i04_x3042_704x111.png","candidate_169__D01448673_tang_ceiling_pattern_p237_i04_x3042_704x111.png","704","111","6.3423","0.0","0.7939","0.0344","30884fe3898b8ea414658484af0dbab460008d6a2dfb3384c9d7238dbc74535c","kept_for_visual_review","",""
"data\source_candidates\strict_2d_lineart_batch3_20260715\raw_extracted\D01448673\D01448673_tang_ceiling_pattern_p237_i05_x3043_704x128.png","candidate_170__D01448673_tang_ceiling_pattern_p237_i05_x3043_704x128.png","704","128","5.5","0.0","0.8458","0.031","8e24c842caff11d09b18e1538145a0b0446394f634f6b8c41169fd024ee0c6a0","kept_for_visual_review","",""
"data\source_candidates\strict_2d_lineart_batch3_20260715\raw_extracted\D01448673\D01448673_tang_ceiling_pattern_p237_i06_x3044_703x173.png","candidate_171__D01448673_tang_ceiling_pattern_p237_i06_x3044_703x173.png","703","173","4.0636","0.0","0.8434","0.0478","b63e80c5caec1fc19d1f6ab4696b1edb561c157d7c6fd7980be73da8947c0702","kept_for_visual_review","",""
"data\source_candidates\strict_2d_lineart_batch3_20260715\raw_extracted\D01448673\D01448673_tang_ceiling_pattern_p238_i00_x3049_286x113.png","","286","113","2.531","0.0","0.2863","0.4427","1ce0ea310e28f8fd6851e55dae236792d274791428630818098c05907e35c778","auto_rejected","insufficient_white_background",""
"data\source_candidates\strict_2d_lineart_batch3_20260715\raw_extracted\D01448673\D01448673_tang_ceiling_pattern_p238_i01_x3050_325x114.png","candidate_172__D01448673_tang_ceiling_pattern_p238_i01_x3050_325x114.png","325","114","2.8509","0.0","0.6178","0.2185","40f75dd907aa0850f435361386cd5799394109345ce3fb97259eca417e9d9f03","kept_for_visual_review","",""
"data\source_candidates\strict_2d_lineart_batch3_20260715\raw_extracted\D01448673\D01448673_tang_ceiling_pattern_p238_i02_x3051_262x122.png","","262","122","2.1475","0.0","0.3023","0.4586","478d935f4eaae8ec9d3a18c2f12ecde9dfd1abc24fb2866a1a9e6bc967b87b99","auto_rejected","insufficient_white_background",""
"data\source_candidates\strict_2d_lineart_batch3_20260715\raw_extracted\D01448673\D01448673_tang_ceiling_pattern_p238_i03_x3052_431x174.png","candidate_173__D01448673_tang_ceiling_pattern_p238_i03_x3052_431x174.png","431","174","2.477","0.0","0.5702","0.1943","8893bc4cdc2fa44fd21a3e9c8704438c48097c24a799be8214032d56c4124ba6","kept_for_visual_review","",""
"data\source_candidates\strict_2d_lineart_batch3_20260715\raw_extracted\D01448673\D01448673_tang_ceiling_pattern_p238_i06_x3055_250x75.png","candidate_174__D01448673_tang_ceiling_pattern_p238_i06_x3055_250x75.png","250","75","3.3333","0.0","0.5863","0.1416","241ee6d60ec23f39a32da47651f2af2eee9b10ea62a080fccd6da8fa628f39bf","kept_for_visual_review","",""
"data\source_candidates\strict_2d_lineart_batch3_20260715\raw_extracted\D01448673\D01448673_tang_ceiling_pattern_p238_i07_x3056_284x87.png","candidate_175__D01448673_tang_ceiling_pattern_p238_i07_x3056_284x87.png","284","87","3.2644","0.0","0.6959","0.1594","a5d1dfdbbaf460f268645560146b393db5389aa7f75d0b6a631e51b762efecc5","kept_for_visual_review","",""
"data\source_candidates\strict_2d_lineart_batch3_20260715\raw_extracted\D01448673\D01448673_tang_ceiling_pattern_p238_i08_x3057_165x85.png","","165","85","1.9412","0.0","0.4826","0.2431","f3281c6772eea2992b563596fba40ec32bf672d0a436f6c91fbff7c9b1e16a1a","auto_rejected","dimension_or_aspect",""
"data\source_candidates\strict_2d_lineart_batch3_20260715\raw_extracted\D01448673\D01448673_tang_ceiling_pattern_p238_i09_x3058_460x150.png","candidate_176__D01448673_tang_ceiling_pattern_p238_i09_x3058_460x150.png","460","150","3.0667","0.0","0.4632","0.2657","529faf5c16d15166b69ad619115aefc982ec3f70df34caa7bdcd772ed050cb76","kept_for_visual_review","",""
"data\source_candidates\strict_2d_lineart_batch3_20260715\raw_extracted\D01448673\D01448673_tang_ceiling_pattern_p238_i10_x3059_390x129.png","candidate_177__D01448673_tang_ceiling_pattern_p238_i10_x3059_390x129.png","390","129","3.0233","0.0","0.6732","0.0842","9c9c01c013a0920a79342438f8f79e62ab5e04140574f11d9e0ddbbe85c1d839","kept_for_visual_review","",""
"data\source_candidates\strict_2d_lineart_batch3_20260715\raw_extracted\D01448673\D01448673_tang_ceiling_pattern_p239_i04_x3065_323x116.png","candidate_178__D01448673_tang_ceiling_pattern_p239_i04_x3065_323x116.png","323","116","2.7845","0.0","0.9061","0.0506","9c351fbd487c697bf299db1eb410ef9ca169fd882d529069630b0088d2b28dcc","kept_for_visual_review","",""
"data\source_candidates\strict_2d_lineart_batch3_20260715\raw_extracted\D01448673\D01448673_tang_ceiling_pattern_p239_i06_x3067_459x131.png","candidate_179__D01448673_tang_ceiling_pattern_p239_i06_x3067_459x131.png","459","131","3.5038","0.0","0.8765","0.0726","d64b40f3bf13e3e90a17cdbe455c1bd72ed403262c083474c460e48bde32c33c","kept_for_visual_review","",""
"data\source_candidates\strict_2d_lineart_batch3_20260715\raw_extracted\D01448673\D01448673_tang_ceiling_pattern_p240_i00_x3079_244x61.png","candidate_180__D01448673_tang_ceiling_pattern_p240_i00_x3079_244x61.png","244","61","4.0","0.0","0.5869","0.0181","3062b541b6d33b02f55514f291ab3d5b1b09f97139c379078ae1cf33d1662369","kept_for_visual_review","",""
"data\source_candidates\strict_2d_lineart_batch3_20260715\raw_extracted\D01448673\D01448673_tang_ceiling_pattern_p240_i01_x3080_356x120.png","","356","120","2.9667","42.1098","0.2249","0.0002","988979bfd09d41ef5dd6eedcc3fe799d0ee1c234315b3d424594f6a0176316d5","auto_rejected","too_colorful",""
"data\source_candidates\strict_2d_lineart_batch3_20260715\raw_extracted\D01448673\D01448673_tang_ceiling_pattern_p240_i02_x3081_255x85.png","candidate_181__D01448673_tang_ceiling_pattern_p240_i02_x3081_255x85.png","255","85","3.0","0.0","0.4874","0.2696","9f37bee880a4491264f60abb2f26e0cc91c3529b2e6349d5b6d41b5e6cdf3a77","kept_for_visual_review","",""
"data\source_candidates\strict_2d_lineart_batch3_20260715\raw_extracted\D01448673\D01448673_tang_ceiling_pattern_p240_i03_x3083_191x42.png","","191","42","4.5476","0.2613","0.4672","0.0706","698907d08aa555510aacc4d573c823d76c77872dcb5ab878b12ee91a6091a27a","auto_rejected","dimension_or_aspect",""
"data\source_candidates\strict_2d_lineart_batch3_20260715\raw_extracted\D01448673\D01448673_tang_ceiling_pattern_p242_i00_x3098_302x71.png","candidate_182__D01448673_tang_ceiling_pattern_p242_i00_x3098_302x71.png","302","71","4.2535","0.0","0.4234","0.0759","ef389ee70e36e46be655e323727d9fddf32df4de8107c1584d968fb9afa0a927","kept_for_visual_review","",""
"data\source_candidates\strict_2d_lineart_batch3_20260715\raw_extracted\D01448673\D01448673_tang_ceiling_pattern_p242_i01_x3099_328x89.png","candidate_183__D01448673_tang_ceiling_pattern_p242_i01_x3099_328x89.png","328","89","3.6854","0.0","0.4395","0.0895","0b9183564f60455bd51fbf7cfc114f393c63947dd4ff46ce48273f2f7e2c764a","kept_for_visual_review","",""
"data\source_candidates\strict_2d_lineart_batch3_20260715\raw_extracted\D01448673\D01448673_tang_ceiling_pattern_p242_i02_x3100_323x88.png","","323","88","3.6705","0.0","0.2285","0.5897","b63eea864162de3c4b7f3d232baa4b4d8393c0483176271943687355f96fb420","auto_rejected","insufficient_white_background",""
"data\source_candidates\strict_2d_lineart_batch3_20260715\raw_extracted\D01448673\D01448673_tang_ceiling_pattern_p242_i03_x3101_323x92.png","candidate_184__D01448673_tang_ceiling_pattern_p242_i03_x3101_323x92.png","323","92","3.5109","0.0","0.5851","0.1808","28a0b47dfab0814ac315437d0a4201fa36510679a28cec5a8aba82ebe19b7b40","kept_for_visual_review","",""
"data\source_candidates\strict_2d_lineart_batch3_20260715\raw_extracted\D01448673\D01448673_tang_ceiling_pattern_p243_i00_x3118_395x95.png","candidate_185__D01448673_tang_ceiling_pattern_p243_i00_x3118_395x95.png","395","95","4.1579","0.0","0.5716","0.1346","ecd2dbe9b27280b01a9065bf82d5ee8a559e19b80082643e66eba86018b0a281","kept_for_visual_review","",""
"data\source_candidates\strict_2d_lineart_batch3_20260715\raw_extracted\D01448673\D01448673_tang_ceiling_pattern_p243_i01_x3119_299x105.png","candidate_186__D01448673_tang_ceiling_pattern_p243_i01_x3119_299x105.png","299","105","2.8476","0.0","0.4725","0.2181","9df11730f808d2385a0ea3d8c198c4b6400e183f6dd84e72151d9551456a6381","kept_for_visual_review","",""
"data\source_candidates\strict_2d_lineart_batch3_20260715\raw_extracted\D01448673\D01448673_tang_ceiling_pattern_p244_i00_x3122_378x113.png","candidate_187__D01448673_tang_ceiling_pattern_p244_i00_x3122_378x113.png","378","113","3.3451","0.0","0.5068","0.117","6bfd10ce0b0a3e7839c599b564e8424bd1e5dd7f7c189969fac687660f36b48c","kept_for_visual_review","",""
"data\source_candidates\strict_2d_lineart_batch3_20260715\raw_extracted\D01448673\D01448673_tang_ceiling_pattern_p244_i01_x3123_400x119.png","candidate_188__D01448673_tang_ceiling_pattern_p244_i01_x3123_400x119.png","400","119","3.3613","0.0","0.692","0.0784","2d436ddc2cc1f4d790919fba4cbd173c3d1c7f5bca4b59c80c1a0da57b2ade7e","kept_for_visual_review","",""
"data\source_candidates\strict_2d_lineart_batch3_20260715\raw_extracted\D01448673\D01448673_tang_ceiling_pattern_p244_i02_x3124_350x132.png","candidate_189__D01448673_tang_ceiling_pattern_p244_i02_x3124_350x132.png","350","132","2.6515","0.0","0.7083","0.0741","f2bde65dc329f1a12af96090cad84d5866ae91cab65bae407f7b6f9daf6b2238","kept_for_visual_review","",""
"data\source_candidates\strict_2d_lineart_batch3_20260715\raw_extracted\D01448673\D01448673_tang_ceiling_pattern_p244_i03_x3125_302x115.png","candidate_190__D01448673_tang_ceiling_pattern_p244_i03_x3125_302x115.png","302","115","2.6261","0.0","0.6284","0.1486","beacbaa9f04dc1d86c3fc693e2fe88156390f6b5bec2263e9036cff0e1928940","kept_for_visual_review","",""
"data\source_candidates\strict_2d_lineart_batch3_20260715\raw_extracted\D01448673\D01448673_tang_ceiling_pattern_p244_i04_x3126_281x109.png","candidate_191__D01448673_tang_ceiling_pattern_p244_i04_x3126_281x109.png","281","109","2.578","0.0","0.5748","0.1756","b836e715e7f0855fb73139bd1f95050c53d9e7ad64c0070dd9d9c2c0e50928f1","kept_for_visual_review","",""
"data\source_candidates\strict_2d_lineart_batch3_20260715\raw_extracted\D01448673\D01448673_tang_ceiling_pattern_p244_i05_x3127_378x214.png","","378","214","1.7664","0.0","0.4854","0.1453","cbb95b7a92bac1041c25e93d35ca575014805929d7defe91bb2e044354ee45fb","auto_rejected","dimension_or_aspect",""
"data\source_candidates\strict_2d_lineart_batch3_20260715\raw_extracted\D01448673\D01448673_tang_ceiling_pattern_p244_i06_x3128_258x80.png","candidate_192__D01448673_tang_ceiling_pattern_p244_i06_x3128_258x80.png","258","80","3.225","0.0838","0.4859","0.0298","9d273eb8bb0838f89643495513e51b1341ab5f45cd92c2a2bc12715c8d5679d9","kept_for_visual_review","",""
"data\source_candidates\strict_2d_lineart_batch3_20260715\raw_extracted\D01448673\D01448673_tang_ceiling_pattern_p244_i07_x3129_321x116.png","candidate_193__D01448673_tang_ceiling_pattern_p244_i07_x3129_321x116.png","321","116","2.7672","0.0","0.5309","0.1836","f29063b17ac0e76782f048cbedd09dbbcc50bdf7b4408d1901279920c1b9d84a","kept_for_visual_review","",""
"data\source_candidates\strict_2d_lineart_batch3_20260715\raw_extracted\D01448673\D01448673_tang_ceiling_pattern_p245_i00_x1906_362x48.png","","362","48","7.5417","0.0","0.6486","0.0053","96a1cf7e1787e3fbb0359c74db951ff2a4a7a6bf8dc9f4d49b9a646e172915ad","auto_rejected","insufficient_line_content",""
"data\source_candidates\strict_2d_lineart_batch3_20260715\raw_extracted\D01448673\D01448673_tang_ceiling_pattern_p245_i01_x1908_585x55.png","","585","55","10.6364","0.0","0.5851","0.0063","efab87271606a1d8cbfdde4223de6c00cbc3af0b9e23df2cf16a4898a10d8644","auto_rejected","insufficient_line_content",""
"data\source_candidates\strict_2d_lineart_batch3_20260715\raw_extracted\D01448673\D01448673_tang_ceiling_pattern_p245_i02_x2204_528x80.png","","528","80","6.6","0.0834","0.4343","0.0155","5d8071d1ce50a252db1cac448dbe523a43447684a5b8d354f770ab0e030f457d","auto_rejected","exact_duplicate_in_batch",""
"data\source_candidates\strict_2d_lineart_batch3_20260715\raw_extracted\D01448673\D01448673_tang_ceiling_pattern_p245_i03_x3056_284x87.png","","284","87","3.2644","0.0","0.6959","0.1594","a5d1dfdbbaf460f268645560146b393db5389aa7f75d0b6a631e51b762efecc5","auto_rejected","exact_duplicate_in_batch",""
"data\source_candidates\strict_2d_lineart_batch3_20260715\raw_extracted\D01448673\D01448673_tang_ceiling_pattern_p245_i04_x3132_629x172.png","","629","172","3.657","44.3655","0.0248","0.1121","713fe17af67d8fd930d5870a56ac7273cd6bd0095c26c690f689268f0ebb73c4","auto_rejected","too_colorful",""
"data\source_candidates\strict_2d_lineart_batch3_20260715\raw_extracted\D01448673\D01448673_tang_ceiling_pattern_p245_i05_x3133_303x102.png","candidate_194__D01448673_tang_ceiling_pattern_p245_i05_x3133_303x102.png","303","102","2.9706","0.0","0.4827","0.0212","004f3d33310b18f76b5fe4e9ca61f636d09c79c54698bc22e9a8534fded1c143","kept_for_visual_review","",""
"data\source_candidates\strict_2d_lineart_batch3_20260715\raw_extracted\D01448673\D01448673_tang_ceiling_pattern_p245_i06_x3134_662x98.png","","662","98","6.7551","21.3479","0.0015","0.0591","308e77d9b9a8da82ac4e821bcc2af3fcc949b322b4e868cdd8a41491551a2e30","auto_rejected","too_colorful",""
"data\source_candidates\strict_2d_lineart_batch3_20260715\raw_extracted\D01448673\D01448673_tang_ceiling_pattern_p245_i07_x3135_665x129.png","","665","129","5.155","38.4992","0.1022","0.5872","c8d6ebbb3db81d50dbb2800201c6967c491ccafaa171a2f91bc30194453aef65","auto_rejected","too_colorful",""
"data\source_candidates\strict_2d_lineart_batch3_20260715\raw_extracted\D01448673\D01448673_tang_ceiling_pattern_p245_i08_x3136_655x109.png","candidate_195__D01448673_tang_ceiling_pattern_p245_i08_x3136_655x109.png","655","109","6.0092","0.0","0.5721","0.1698","a92984cdcf5966e5e3a92469f04d294a90d5d716c3bbdb08366f431be3f11bef","kept_for_visual_review","",""
"data\source_candidates\strict_2d_lineart_batch3_20260715\raw_extracted\D01448673\D01448673_tang_ceiling_pattern_p245_i09_x3137_645x115.png","candidate_196__D01448673_tang_ceiling_pattern_p245_i09_x3137_645x115.png","645","115","5.6087","0.0","0.6321","0.1136","37bd6a355a80f6bfc6e9a53012cc27cfe621513a522ce2375c1b2e9fc1093a57","kept_for_visual_review","",""
"data\source_candidates\strict_2d_lineart_batch3_20260715\raw_extracted\D01448673\D01448673_tang_ceiling_pattern_p245_i10_x3138_338x50.png","","338","50","6.76","43.5547","0.0003","0.5202","8dd1d25998fa2b2b0e8e1dac22b7b37a6f7c6dc3c799fdf23d997298d5c1e487","auto_rejected","too_colorful",""
"data\source_candidates\strict_2d_lineart_batch3_20260715\raw_extracted\D01448673\D01448673_tang_ceiling_pattern_p246_i00_x1907_476x61.png","","476","61","7.8033","0.0","0.5435","0.0184","5b922442eb16f002bc403e8cf1700b513151807ef7a0c23d012baf52aa2a04b3","auto_rejected","exact_duplicate_in_batch",""
"data\source_candidates\strict_2d_lineart_batch3_20260715\raw_extracted\D01448673\D01448673_tang_ceiling_pattern_p246_i01_x3132_629x172.png","","629","172","3.657","44.3655","0.0248","0.1121","713fe17af67d8fd930d5870a56ac7273cd6bd0095c26c690f689268f0ebb73c4","auto_rejected","too_colorful",""
"data\source_candidates\strict_2d_lineart_batch3_20260715\raw_extracted\D01448673\D01448673_tang_ceiling_pattern_p246_i02_x3149_667x82.png","","667","82","8.1341","56.968","0.0105","0.6056","a4853c1468a54988ec8ab40c7148e83b094e61011c8e0ef1d2e04704dde4a57e","auto_rejected","too_colorful",""
"data\source_candidates\strict_2d_lineart_batch3_20260715\raw_extracted\D01448673\D01448673_tang_ceiling_pattern_p246_i03_x3150_647x148.png","","647","148","4.3716","22.3282","0.0152","0.6651","fb5d57c92f5f3f95a879d2b20ee21bf89381b77548a2f21b69584fb2f772e32a","auto_rejected","too_colorful",""
"data\source_candidates\strict_2d_lineart_batch3_20260715\raw_extracted\D01448673\D01448673_tang_ceiling_pattern_p246_i04_x3151_643x88.png","","643","88","7.3068","0.0","0.6073","0.0001","88788b4a1cb747803153f910ea7cd677f1deabcfbbb68c494f97245b0bf98f61","auto_rejected","insufficient_line_content",""
"data\source_candidates\strict_2d_lineart_batch3_20260715\raw_extracted\D01448673\D01448673_tang_ceiling_pattern_p246_i05_x3152_357x110.png","candidate_197__D01448673_tang_ceiling_pattern_p246_i05_x3152_357x110.png","357","110","3.2455","0.0","0.6558","0.1733","db02f94973982b69d27d8c19e7c6e83b696fdc1ef6598c92e223963a4a3d5fca","kept_for_visual_review","",""
"data\source_candidates\strict_2d_lineart_batch3_20260715\raw_extracted\D01448673\D01448673_tang_ceiling_pattern_p247_i00_x3055_250x75.png","","250","75","3.3333","0.0","0.5863","0.1416","241ee6d60ec23f39a32da47651f2af2eee9b10ea62a080fccd6da8fa628f39bf","auto_rejected","exact_duplicate_in_batch",""
"data\source_candidates\strict_2d_lineart_batch3_20260715\raw_extracted\D01448673\D01448673_tang_ceiling_pattern_p247_i01_x3059_390x129.png","","390","129","3.0233","0.0","0.6732","0.0842","9c9c01c013a0920a79342438f8f79e62ab5e04140574f11d9e0ddbbe85c1d839","auto_rejected","exact_duplicate_in_batch",""
"data\source_candidates\strict_2d_lineart_batch3_20260715\raw_extracted\D01448673\D01448673_tang_ceiling_pattern_p247_i02_x3161_173x81.png","","173","81","2.1358","0.0","0.576","0.1568","b7f91df77d30dcfcb2df45a51c7bfe11b888bbbd601f4dd392bbade238553c16","auto_rejected","dimension_or_aspect",""
"data\source_candidates\strict_2d_lineart_batch3_20260715\raw_extracted\D01448673\D01448673_tang_ceiling_pattern_p247_i03_x3162_358x138.png","candidate_198__D01448673_tang_ceiling_pattern_p247_i03_x3162_358x138.png","358","138","2.5942","0.0","0.5187","0.2273","847907001ed0cb0c6d76bb5e317999ca9c713b0938327ff9b8a706a250f90846","kept_for_visual_review","",""
"data\source_candidates\strict_2d_lineart_batch3_20260715\raw_extracted\D01448673\D01448673_tang_ceiling_pattern_p247_i04_x3163_344x94.png","candidate_199__D01448673_tang_ceiling_pattern_p247_i04_x3163_344x94.png","344","94","3.6596","0.0","0.5414","0.1969","6c14afdcc8cfdb783cd0650f4c06a60b2060f8c032b8bd682673773fa0b5695a","kept_for_visual_review","",""
"data\source_candidates\strict_2d_lineart_batch3_20260715\raw_extracted\D01448673\D01448673_tang_ceiling_pattern_p247_i05_x3164_428x116.png","candidate_200__D01448673_tang_ceiling_pattern_p247_i05_x3164_428x116.png","428","116","3.6897","0.0","0.7232","0.1256","87609ef8d491eee7d976c21da4fd64db6a1b37a111a6324808b9e9983cef86f1","kept_for_visual_review","",""
"data\source_candidates\strict_2d_lineart_batch3_20260715\raw_extracted\D01448673\D01448673_tang_ceiling_pattern_p247_i06_x3165_235x90.png","candidate_201__D01448673_tang_ceiling_pattern_p247_i06_x3165_235x90.png","235","90","2.6111","0.0","0.6414","0.192","1c52dd6b98a27179fadc637bd55f1059b533d6f52a35e0bfe0bab78c7d2afc3b","kept_for_visual_review","",""
"data\source_candidates\strict_2d_lineart_batch3_20260715\raw_extracted\D01448673\D01448673_tang_ceiling_pattern_p247_i07_x3166_399x143.png","candidate_202__D01448673_tang_ceiling_pattern_p247_i07_x3166_399x143.png","399","143","2.7902","0.0","0.577","0.1403","19f4c95f56127b952a93dce126421dc71dead0c497629579d5536e14b0cc15ab","kept_for_visual_review","",""
"data\source_candidates\strict_2d_lineart_batch3_20260715\raw_extracted\D01448673\D01448673_tang_ceiling_pattern_p248_i00_x2210_640x75.png","","640","75","8.5333","26.6234","0.0","0.1656","62ce2ca70089ad1d892799f839027f19ef08a7443c34c7374576d34121ba4565","auto_rejected","too_colorful",""
"data\source_candidates\strict_2d_lineart_batch3_20260715\raw_extracted\D01448673\D01448673_tang_ceiling_pattern_p248_i01_x3171_308x176.png","","308","176","1.75","0.0","0.4702","0.3226","0ceb6e1e903436388017dcffe0dec593b8c04cab0606add34966e11f690e20b1","auto_rejected","dimension_or_aspect",""
"data\source_candidates\strict_2d_lineart_batch3_20260715\raw_extracted\D01448673\D01448673_tang_ceiling_pattern_p248_i02_x3172_239x150.png","","239","150","1.5933","0.0","0.4296","0.2608","eeb5b66803d1f2a5f8c29c3418b3d57f21fcfb011e51d80633426e53fee7c487","auto_rejected","dimension_or_aspect",""
"data\source_candidates\strict_2d_lineart_batch3_20260715\raw_extracted\D01448673\D01448673_tang_ceiling_pattern_p248_i03_x3173_324x123.png","candidate_203__D01448673_tang_ceiling_pattern_p248_i03_x3173_324x123.png","324","123","2.6341","0.0","0.3713","0.3008","ae44675fd82abbd6633fc64c40dadd2dcf88516a5b0158fbf662975115985284","kept_for_visual_review","",""
"data\source_candidates\strict_2d_lineart_batch3_20260715\raw_extracted\D01448673\D01448673_tang_ceiling_pattern_p248_i04_x3174_312x119.png","","312","119","2.6218","0.0","0.2939","0.3234","3fb6539dbd9cb73c252814319a809ea9f3600664735947c7b80ec4a0a938959d","auto_rejected","insufficient_white_background",""
"data\source_candidates\strict_2d_lineart_batch3_20260715\raw_extracted\D01448673\D01448673_tang_ceiling_pattern_p248_i05_x3175_400x99.png","candidate_204__D01448673_tang_ceiling_pattern_p248_i05_x3175_400x99.png","400","99","4.0404","0.0","0.6589","0.1109","00ca39d78a5aec1400296fa32ae576470aa78907e5d92c225a81b4fc96ccf51b","kept_for_visual_review","",""
"data\source_candidates\strict_2d_lineart_batch3_20260715\raw_extracted\D01448673\D01448673_tang_ceiling_pattern_p248_i06_x3176_335x105.png","","335","105","3.1905","0.0","0.3245","0.2669","833abdbc75e3ef8e05bb9523c6297d8a74180bbe7fb50d18ce299e66b7f2263c","auto_rejected","insufficient_white_background",""
"data\source_candidates\strict_2d_lineart_batch3_20260715\raw_extracted\D01448673\D01448673_tang_ceiling_pattern_p248_i07_x3177_316x137.png","","316","137","2.3066","0.0","0.5548","0.0051","abdb5d7c87cbd4ff8dc48eebc5be166992161d573937ad49e22f0da00ac39ea7","auto_rejected","insufficient_line_content",""
"data\source_candidates\strict_2d_lineart_batch3_20260715\raw_extracted\D01448673\D01448673_tang_ceiling_pattern_p248_i08_x3178_320x110.png","","320","110","2.9091","0.0","0.3085","0.2893","d1a766e7a856a8b2885a2781bd6c5f7ecd730b669893f5db933c13fd84870771","auto_rejected","insufficient_white_background",""
"data\source_candidates\strict_2d_lineart_batch3_20260715\raw_extracted\D01448673\D01448673_tang_ceiling_pattern_p248_i09_x3179_438x66.png","","438","66","6.6364","17.0577","0.0","0.0758","4f9579dd94121eca8ae7014f482b1b812ca7d91d071d325253d68609e5028a6e","auto_rejected","insufficient_white_background",""
"data\source_candidates\strict_2d_lineart_batch3_20260715\raw_extracted\D01448673\D01448673_tang_ceiling_pattern_p249_i00_x2203_517x95.png","","517","95","5.4421","0.0","0.5475","0.1169","feda3cc134a4725bda387ed21eab76fd244ad628239c7c6982f71a6832ac78eb","auto_rejected","exact_duplicate_in_batch",""
"data\source_candidates\strict_2d_lineart_batch3_20260715\raw_extracted\D01448673\D01448673_tang_ceiling_pattern_p249_i01_x2206_542x105.png","","542","105","5.1619","0.0","0.5332","0.2403","d2d16de870d19dc9ec23dfdece7b22856fd057bf7c3f71f691b656559229a2d2","auto_rejected","exact_duplicate_in_batch",""
"data\source_candidates\strict_2d_lineart_batch3_20260715\raw_extracted\D01448673\D01448673_tang_ceiling_pattern_p249_i02_x2207_561x86.png","","561","86","6.5233","0.0","0.5682","0.0181","bcf60a11fa812f340eef3e0f9852558ebe5bf0b8a3d80e8ec438b09fbf7a8e02","auto_rejected","exact_duplicate_in_batch",""
"data\source_candidates\strict_2d_lineart_batch3_20260715\raw_extracted\D01448673\D01448673_tang_ceiling_pattern_p249_i03_x2224_613x100.png","","613","100","6.13","0.0","0.0876","0.1864","d3b5816a9658f2815eda862acf42a5451ded736e5ad2ea30b51b5b407ba737ae","auto_rejected","insufficient_white_background",""
"data\source_candidates\strict_2d_lineart_batch3_20260715\raw_extracted\D01448673\D01448673_tang_ceiling_pattern_p249_i04_x3182_267x82.png","candidate_205__D01448673_tang_ceiling_pattern_p249_i04_x3182_267x82.png","267","82","3.2561","0.0","0.7229","0.138","e3933149b6b420dce752315a4d8625dbc7fb81bb010436afe5d9098f909949a0","kept_for_visual_review","",""
"data\source_candidates\strict_2d_lineart_batch3_20260715\raw_extracted\D01448673\D01448673_tang_ceiling_pattern_p249_i05_x3183_422x127.png","","422","127","3.3228","0.0","0.2981","0.3701","62e3a9f4031043e5ab6c512e7f6f52ac5bf566589bf987b9336accbcfe9a25d7","auto_rejected","insufficient_white_background",""
"data\source_candidates\strict_2d_lineart_batch3_20260715\raw_extracted\D01448673\D01448673_tang_ceiling_pattern_p249_i06_x3184_662x100.png","","662","100","6.62","51.058","0.0","0.4672","fd577654181e6f9d6d860545f669d9f59b58a6b5477fa2009a88b96d374cdd61","auto_rejected","too_colorful",""
"data\source_candidates\strict_2d_lineart_batch3_20260715\raw_extracted\D01448673\D01448673_tang_ceiling_pattern_p249_i07_x3185_631x77.png","","631","77","8.1948","38.2063","0.0007","0.1499","f4b97b9c02ca30a64f7973cdd0c0148d9b44a0180a0dbdba8e65afd9cef539dd","auto_rejected","too_colorful",""
"data\source_candidates\strict_2d_lineart_batch3_20260715\raw_extracted\D01448673\D01448673_tang_ceiling_pattern_p249_i08_x3186_592x94.png","","592","94","6.2979","20.0712","0.0005","0.2116","1ff34491a27cd61dc58b69114b1876be4e4c694851890139a15df3c5e89fac8c","auto_rejected","too_colorful",""
"data\source_candidates\strict_2d_lineart_batch3_20260715\raw_extracted\D01448673\D01448673_tang_ceiling_pattern_p249_i09_x3187_275x159.png","","275","159","1.7296","0.0","0.6919","0.155","1fd0f24f39997c32fbd419061459f1f2fe349f5de5a373026385b4b2a511e7f8","auto_rejected","dimension_or_aspect",""
"data\source_candidates\strict_2d_lineart_batch3_20260715\raw_extracted\D01448673\D01448673_tang_ceiling_pattern_p249_i10_x3188_310x146.png","candidate_206__D01448673_tang_ceiling_pattern_p249_i10_x3188_310x146.png","310","146","2.1233","0.0","0.6042","0.1999","cf822a181d1d6bb6861fc0ef9d4d3fcf2a2a04d52d0325555d2565d4dc446042","kept_for_visual_review","",""
"data\source_candidates\strict_2d_lineart_batch3_20260715\raw_extracted\D01448673\D01448673_tang_ceiling_pattern_p250_i00_x2220_590x78.png","","590","78","7.5641","0.0","0.4749","0.0375","34d8fbcb6a3085fb7bc4a2e2f5ea16744812a57528b11b8c57813d0c490d797a","auto_rejected","exact_duplicate_in_batch",""
"data\source_candidates\strict_2d_lineart_batch3_20260715\raw_extracted\D01448673\D01448673_tang_ceiling_pattern_p250_i01_x2223_552x72.png","","552","72","7.6667","0.0","0.4426","0.0706","2862ecfc485b783c2ce6c34112dec6f393fe8e18cab8af33029631e11ed0e006","auto_rejected","exact_duplicate_in_batch",""
"data\source_candidates\strict_2d_lineart_batch3_20260715\raw_extracted\D01448673\D01448673_tang_ceiling_pattern_p250_i04_x3197_570x60.png","","570","60","9.5","28.66","0.0056","0.1494","3b01f3ac41c40c8042972b1aed0ffd75b3128e2f4cc734a15a821c8ea7cd9e1e","auto_rejected","too_colorful",""
"data\source_candidates\strict_2d_lineart_batch3_20260715\raw_extracted\D01448673\D01448673_tang_ceiling_pattern_p250_i05_x3198_353x90.png","candidate_207__D01448673_tang_ceiling_pattern_p250_i05_x3198_353x90.png","353","90","3.9222","0.0","0.6302","0.1387","584ff06d8f54617d3921c5ae68b21f054f0e65d6c66a66f80c3c09ee99d5c8b5","kept_for_visual_review","",""
"data\source_candidates\strict_2d_lineart_batch3_20260715\raw_extracted\D01448673\D01448673_tang_ceiling_pattern_p250_i06_x3199_675x85.png","","675","85","7.9412","45.428","0.0173","0.4894","2f4c92c956a9c04ba8e053f1336c086c5df45aec091234c29a490b5faef28541","auto_rejected","too_colorful",""
"data\source_candidates\strict_2d_lineart_batch3_20260715\raw_extracted\D01448673\D01448673_tang_ceiling_pattern_p250_i07_x3200_404x121.png","candidate_208__D01448673_tang_ceiling_pattern_p250_i07_x3200_404x121.png","404","121","3.3388","0.0","0.6059","0.1428","e5c27497daf60f353fa6f31d0ccba7f48f271bc81fc347c2e142452d98c5fcba","kept_for_visual_review","",""
"data\source_candidates\strict_2d_lineart_batch3_20260715\raw_extracted\D01448673\D01448673_tang_ceiling_pattern_p250_i08_x3201_390x83.png","","390","83","4.6988","95.4409","0.0021","0.0725","3a79c4985526d04cf64503fa87d78a4eb133e80778de53495ddbfb20c9097203","auto_rejected","too_colorful",""
"data\source_candidates\strict_2d_lineart_batch3_20260715\raw_extracted\D01448673\D01448673_tang_ceiling_pattern_p251_i00_x3215_443x126.png","","443","126","3.5159","0.0","0.3325","0.2112","1695f46addf5bdb0f98d31e234fb6f5d578babccd7b214f0076947aefe6982a2","auto_rejected","insufficient_white_background",""
"data\source_candidates\strict_2d_lineart_batch3_20260715\raw_extracted\D01448673\D01448673_tang_ceiling_pattern_p251_i01_x3216_350x142.png","","350","142","2.4648","0.0","0.3467","0.2261","ce485e2c748c1a3412623b86ce92f69c4432fa67ce59ea3812abae628d6c69e2","auto_rejected","insufficient_white_background",""
"data\source_candidates\strict_2d_lineart_batch3_20260715\raw_extracted\D01448673\D01448673_tang_ceiling_pattern_p251_i02_x3217_398x168.png","","398","168","2.369","0.0","0.2038","0.3614","75e8eacdf9415ba21fd6217b1a471d66dad2878ec020ffcddb8b09adb6d9241a","auto_rejected","insufficient_white_background",""
"data\source_candidates\strict_2d_lineart_batch3_20260715\raw_extracted\D01448673\D01448673_tang_ceiling_pattern_p251_i03_x3218_385x197.png","","385","197","1.9543","0.0","0.2884","0.3416","9f6598fcb863d3fe92c4a42d8de40b72b470858a7f3013727513bfb4cad42f22","auto_rejected","dimension_or_aspect",""
"data\source_candidates\strict_2d_lineart_batch3_20260715\raw_extracted\D01448673\D01448673_tang_ceiling_pattern_p251_i04_x3219_305x180.png","","305","180","1.6944","0.0","0.4813","0.1876","4b36aed90857dadb3c7de8d00a69e8fe4aa637f01af428b5c257c0dd02eafd83","auto_rejected","dimension_or_aspect",""
"data\source_candidates\strict_2d_lineart_batch3_20260715\raw_extracted\D01448673\D01448673_tang_ceiling_pattern_p251_i05_x3220_378x168.png","candidate_209__D01448673_tang_ceiling_pattern_p251_i05_x3220_378x168.png","378","168","2.25","0.0","0.5516","0.2109","1628b0637c605e9dbea355e96a0892c6203df6501b9210f8eb54468033f8e464","kept_for_visual_review","",""
"data\source_candidates\strict_2d_lineart_batch3_20260715\raw_extracted\D01448673\D01448673_tang_ceiling_pattern_p251_i07_x3222_340x162.png","","340","162","2.0988","0.0","0.2014","0.3512","f24a5f921ea52abe515664ff3d9451c39089c5ab6166357c54f2e3189a4af22e","auto_rejected","insufficient_white_background",""
"data\source_candidates\strict_2d_lineart_batch3_20260715\raw_extracted\D01448673\D01448673_tang_ceiling_pattern_p252_i00_x3058_460x150.png","","460","150","3.0667","0.0","0.4632","0.2657","529faf5c16d15166b69ad619115aefc982ec3f70df34caa7bdcd772ed050cb76","auto_rejected","exact_duplicate_in_batch",""
"data\source_candidates\strict_2d_lineart_batch3_20260715\raw_extracted\D01448673\D01448673_tang_ceiling_pattern_p252_i01_x3227_636x108.png","","636","108","5.8889","59.9204","0.0011","0.4834","e6dc44c4324eabc32f1725fcde29d3a87e018bf02e9a82527cc71988dbb1f43b","auto_rejected","too_colorful",""
"data\source_candidates\strict_2d_lineart_batch3_20260715\raw_extracted\D01448673\D01448673_tang_ceiling_pattern_p252_i02_x3228_445x91.png","","445","91","4.8901","3.0312","0.2725","0.3082","2209bdf1b659fb51fe91412695efc8664454fa08ad8fc68f0141e1d24af14f60","auto_rejected","insufficient_white_background",""
"data\source_candidates\strict_2d_lineart_batch3_20260715\raw_extracted\D01448673\D01448673_tang_ceiling_pattern_p252_i03_x3229_705x92.png","candidate_210__D01448673_tang_ceiling_pattern_p252_i03_x3229_705x92.png","705","92","7.663","0.0","0.447","0.0457","62210f923e1bed056a5474e68c99bec57824230cf6675af246e35626633a7a84","kept_for_visual_review","",""
"data\source_candidates\strict_2d_lineart_batch3_20260715\raw_extracted\D01448673\D01448673_tang_ceiling_pattern_p252_i04_x3230_324x107.png","candidate_211__D01448673_tang_ceiling_pattern_p252_i04_x3230_324x107.png","324","107","3.028","0.0","0.4272","0.2989","c41503706cd473ff479e683837262cf40bf99ac89906a15ec27f66b75d98e00b","kept_for_visual_review","",""
"data\source_candidates\strict_2d_lineart_batch3_20260715\raw_extracted\D01448673\D01448673_tang_ceiling_pattern_p252_i05_x3231_356x106.png","candidate_212__D01448673_tang_ceiling_pattern_p252_i05_x3231_356x106.png","356","106","3.3585","0.0","0.4925","0.2056","68d1782c21683efe8094f6cbc5a5566e12a4b345d7ea575cc7a87e4db4e84d1b","kept_for_visual_review","",""
"data\source_candidates\strict_2d_lineart_batch3_20260715\raw_extracted\D01448673\D01448673_tang_ceiling_pattern_p252_i06_x3232_361x150.png","candidate_213__D01448673_tang_ceiling_pattern_p252_i06_x3232_361x150.png","361","150","2.4067","0.0","0.4479","0.267","d2e609d8b568e9c664ea990964f3ac874f060fe70337b449963d17940ef012bf","kept_for_visual_review","",""
"data\source_candidates\strict_2d_lineart_batch3_20260715\raw_extracted\D01448673\D01448673_tang_ceiling_pattern_p253_i00_x3052_431x174.png","","431","174","2.477","0.0","0.5702","0.1943","8893bc4cdc2fa44fd21a3e9c8704438c48097c24a799be8214032d56c4124ba6","auto_rejected","exact_duplicate_in_batch",""
"data\source_candidates\strict_2d_lineart_batch3_20260715\raw_extracted\D01448673\D01448673_tang_ceiling_pattern_p253_i01_x3241_577x194.png","candidate_214__D01448673_tang_ceiling_pattern_p253_i01_x3241_577x194.png","577","194","2.9742","0.0","0.581","0.2409","f56f7a93e20763afeb7d3be64f04ae71a885135b70d7497009ed0098851ec44e","kept_for_visual_review","",""
"data\source_candidates\strict_2d_lineart_batch3_20260715\raw_extracted\D01448673\D01448673_tang_ceiling_pattern_p253_i02_x3242_471x116.png","","471","116","4.0603","0.0","0.2459","0.3976","577cdaae324019dfca53b8205de76af015fe19f5edaf5b43537f220faadd862b","auto_rejected","insufficient_white_background",""
"data\source_candidates\strict_2d_lineart_batch3_20260715\raw_extracted\D01448673\D01448673_tang_ceiling_pattern_p253_i03_x3243_628x95.png","","628","95","6.6105","60.9916","0.0","0.4202","79c5c61514db5481ac24091e930822fc1dd087a4aa2804acb1d7ce89b88ff19a","auto_rejected","too_colorful",""
"data\source_candidates\strict_2d_lineart_batch3_20260715\raw_extracted\D01448673\D01448673_tang_ceiling_pattern_p253_i04_x3244_631x99.png","","631","99","6.3737","52.2835","0.0","0.2835","32912ed86b6842ea6c093bcf1401ec61532edf9176cdc1776b6effe90bc294bf","auto_rejected","too_colorful",""
"data\source_candidates\strict_2d_lineart_batch3_20260715\raw_extracted\D01448673\D01448673_tang_ceiling_pattern_p253_i05_x3245_622x111.png","","622","111","5.6036","45.2104","0.0","0.1128","9ff5687277b0951dd39e5be6b2e746ce26992832d38770b952f8910afdf80791","auto_rejected","too_colorful",""
"data\source_candidates\strict_2d_lineart_batch3_20260715\raw_extracted\D01448673\D01448673_tang_ceiling_pattern_p253_i06_x3246_424x113.png","","424","113","3.7522","26.5461","0.0","0.3205","54a52652929ec66d4056b6b3688c30e109c62fd4a543acf3216da99becb32167","auto_rejected","too_colorful",""
"data\source_candidates\strict_2d_lineart_batch3_20260715\raw_extracted\D01779698\D01779698_rendong_pattern_p032_i03_x195_456x268.png","","456","268","1.7015","0.2588","0.9304","0.0209","d89e89238c64c23bc62f9269c2ba43ac863c0da93839be1edff6d9fc50318fd8","auto_rejected","dimension_or_aspect",""
"data\source_candidates\strict_2d_lineart_batch3_20260715\raw_extracted\D01779698\D01779698_rendong_pattern_p032_i04_x196_928x130.png","","928","130","7.1385","71.6181","0.0187","0.125","0e59d7503b25fdc0c8ae5ec4ba9e0ce422aebae06134d098f16b84ddb2121d33","auto_rejected","too_colorful",""
"data\source_candidates\strict_2d_lineart_batch3_20260715\raw_extracted\D01779698\D01779698_rendong_pattern_p033_i01_x200_590x96.png","","590","96","6.1458","40.6031","0.0","0.446","fd6d81574e53d99bf2487493ef7698c3f22b490f3aeb05b90a089928c55009eb","auto_rejected","too_colorful",""
"data\source_candidates\strict_2d_lineart_batch3_20260715\raw_extracted\D01779698\D01779698_rendong_pattern_p034_i02_x207_1091x253.png","candidate_215__D01779698_rendong_pattern_p034_i02_x207_1091x253.png","1091","253","4.3123","0.6045","0.855","0.0472","83c107f233748e222e1ccb4066cb0dfa95477d6f79ffe5645e769103c5ae7fef","kept_for_visual_review","",""
"data\source_candidates\strict_2d_lineart_batch3_20260715\raw_extracted\D01779698\D01779698_rendong_pattern_p035_i00_x210_1228x403.png","","1228","403","3.0471","27.2633","0.0978","0.3099","d4f4b83eca0d3072efc96e475eae07fae7802d3e820c5ee5880ad268d28c7e3d","auto_rejected","too_colorful",""
"data\source_candidates\strict_2d_lineart_batch3_20260715\raw_extracted\D01779698\D01779698_rendong_pattern_p035_i01_x211_1204x315.png","","1204","315","3.8222","0.109","0.7917","0.0046","41f96fcfe4920f62f2d789e0804bc2b0c8acdd0deea1755cfe8e25464d078202","auto_rejected","insufficient_line_content",""
"data\source_candidates\strict_2d_lineart_batch3_20260715\raw_extracted\D01779698\D01779698_rendong_pattern_p035_i02_x212_1205x408.png","","1205","408","2.9534","30.4163","0.1376","0.1889","960b9fd06d7d1bbc54a457ac1867434a508c464468348c0f9c87f51a593add20","auto_rejected","too_colorful",""
"data\source_candidates\strict_2d_lineart_batch3_20260715\raw_extracted\D01779698\D01779698_rendong_pattern_p035_i03_x213_1268x208.png","candidate_216__D01779698_rendong_pattern_p035_i03_x213_1268x208.png","1268","208","6.0962","3.9067","0.7513","0.0407","0f893a5ee7ca052ef1116dbcaa881ab597f8912abc189923c5addd5076866aa4","kept_for_visual_review","",""
"data\source_candidates\strict_2d_lineart_batch3_20260715\raw_extracted\D01779698\D01779698_rendong_pattern_p036_i00_x216_1202x498.png","","1202","498","2.4137","40.194","0.123","0.5013","134f4bfac79981bb0510c9baaa753eeba8d4afd6136ec65d53bd1dcda53b4ffc","auto_rejected","too_colorful",""
"data\source_candidates\strict_2d_lineart_batch3_20260715\raw_extracted\D01779698\D01779698_rendong_pattern_p036_i01_x217_1220x253.png","candidate_217__D01779698_rendong_pattern_p036_i01_x217_1220x253.png","1220","253","4.8221","5.8023","0.8295","0.0223","8c9f9a2fd0c6bb3370d19e2fbc14fcd59e65dbaff451fa8ab9d4d5e8caef4dbe","kept_for_visual_review","",""
"data\source_candidates\strict_2d_lineart_batch3_20260715\raw_extracted\D01779698\D01779698_rendong_pattern_p037_i01_x221_1224x279.png","","1224","279","4.3871","1.4712","0.0029","0.2818","07bd6ba3acb8f9f24840b973f3df9d0ffa8f03bc7b845f393e0944b8c52f70d0","auto_rejected","insufficient_white_background",""
"data\source_candidates\strict_2d_lineart_batch3_20260715\raw_extracted\D01779698\D01779698_rendong_pattern_p037_i02_x222_1227x275.png","","1227","275","4.4618","0.1189","0.6907","0.0007","ab2ff1a1c0527754c6735d63d0b5b2f6b3d28746ac00699383c17919d68f86ae","auto_rejected","insufficient_line_content",""
"data\source_candidates\strict_2d_lineart_batch3_20260715\raw_extracted\D01779698\D01779698_rendong_pattern_p043_i00_x261_1281x318.png","candidate_218__D01779698_rendong_pattern_p043_i00_x261_1281x318.png","1281","318","4.0283","13.3481","0.5677","0.1092","6f3d97901d66aca3104446ac6d3ed902c6a19cc7451b46184129baed6a9130b2","kept_for_visual_review","",""
"data\source_candidates\strict_2d_lineart_batch3_20260715\raw_extracted\D01779698\D01779698_rendong_pattern_p061_i00_x374_1023x361.png","","1023","361","2.8338","27.2979","0.1743","0.3231","99453f970e79f2eaf236e149f96d6c9de1a6d4612ee0ee29d9ca82ff92329cad","auto_rejected","too_colorful",""
"data\source_candidates\strict_2d_lineart_batch3_20260715\raw_extracted\D01779698\D01779698_rendong_pattern_p061_i01_x375_1039x352.png","","1039","352","2.9517","30.2033","0.1292","0.1894","50550bdfc4f27b3ff234c07dc1a85970e61102767ce10643a4fd1193f7d08754","auto_rejected","too_colorful",""
"data\source_candidates\strict_2d_lineart_batch3_20260715\raw_extracted\D01779698\D01779698_rendong_pattern_p061_i02_x376_1067x350.png","","1067","350","3.0486","26.9672","0.096","0.3109","2b00428c077ff25b6b68d1c7ec2891e433db9960cec4fb46072909377c52503c","auto_rejected","too_colorful",""
"data\source_candidates\strict_2d_lineart_batch3_20260715\raw_extracted\D01779698\D01779698_rendong_pattern_p061_i03_x377_1084x449.png","","1084","449","2.4143","39.9408","0.1214","0.5032","c47744beb27c8a97b0b2177cb6f58c09063e1d43075a0c3424302e8759ee0dc6","auto_rejected","too_colorful",""
