case_id,matrix_id,method,prototype_id,backbone_variant,density_level,replicate,production_seed,generation_success,error_type,error_message,ordinary_l1_count,selected_l1_only_count,selected_l2_count,branchunit_count,stage3_runtime_seconds,stage4_runtime_seconds,conflict_graph_runtime_seconds,selection_runtime_seconds,render_runtime_seconds,total_runtime_seconds,l1_candidate_count,branchunit_candidate_count,conflict_edge_count,pair_penalty_count,search_node_count,search_node_limit,search_node_limit_reached,case_dir
A001,A,Ours,proto_sw_1_1,expanded,simple,1,200000,1,,,4,3,1,4,9.18307569999888,1.4163807000004454,3.519416100003582,0.010356200000387616,0.042424300001584925,14.188872499998979,980,100,0,408,177,300000,0,raw_cases/A001
A002,A,Ours,proto_sw_1_1,expanded,medium,1,200000,1,,,5,3,3,5,9.109344599997712,1.8028908999986015,2.388515099999495,0.014871100000164006,0.04510469999877387,13.37776269999813,980,125,196,337,1057,300000,0,raw_cases/A002
A003,A,Ours,proto_sw_1_1,expanded,rich,1,200000,1,,,6,4,2,6,9.088044899999659,2.139361599998665,2.5106642999999167,0.013753300001553725,0.04349089999959688,13.811052299999574,980,150,0,358,353,300000,0,raw_cases/A003
A004,A,Ours,proto_sw_1_1,compact,simple,1,200000,1,,,4,3,1,4,8.542028799998661,1.3632791000018187,4.015603800002282,0.01072779999958584,0.04526350000014645,13.994412299998658,1017,100,0,1166,205,300000,0,raw_cases/A004
A005,A,Ours,proto_sw_1_1,compact,medium,1,200000,1,,,5,3,2,5,8.585274799999752,1.7731133999986923,5.65108809999947,0.015063999999256339,0.042497299997194204,16.08133699999962,1017,125,180,1357,1035,300000,0,raw_cases/A005
A006,A,Ours,proto_sw_1_1,compact,rich,1,200000,1,,,6,4,2,6,8.528139300000475,2.1173624000002746,7.518558600000688,0.013479699999152217,0.04367399999682675,18.2390919999998,1017,150,24,1406,443,300000,0,raw_cases/A006
A007,A,Ours,proto_sw_1_1,swept,simple,1,200000,1,,,4,3,1,4,9.160920399997849,1.477489400000195,4.325028300001577,0.010605200001009507,0.035083300001133466,15.022678400000586,972,100,0,886,146,300000,0,raw_cases/A007
A008,A,Ours,proto_sw_1_1,swept,medium,1,200000,1,,,6,4,2,6,9.095243899999332,2.1734150999982376,5.627548999997089,0.01093820000096457,0.03953639999963343,16.966814700001123,972,150,356,1349,772,300000,0,raw_cases/A008
A009,A,Ours,proto_sw_1_1,swept,rich,1,200000,1,,,6,4,2,6,8.763682299999346,2.0409226000010676,3.901922099998046,0.0057849000004353,0.03714310000214027,14.769147900002281,972,150,187,635,423,300000,0,raw_cases/A009
A010,A,Ours,proto_sw_1_1,expanded,simple,2,200001,1,,,4,3,1,4,10.401839300000574,1.356925300002331,1.8248190000012983,0.002044100001512561,0.02661390000139363,13.62527609999961,999,100,0,398,202,300000,0,raw_cases/A010
A011,A,Ours,proto_sw_1_1,expanded,medium,2,200001,1,,,4,3,1,4,10.564665900001273,1.3506023000009009,1.9065525000005437,0.0029214999995019753,0.02946949999750359,13.869295599997713,999,100,0,398,202,300000,0,raw_cases/A011
A012,A,Ours,proto_sw_1_1,expanded,rich,2,200001,1,,,6,5,1,6,10.59831209999902,2.023108899997169,6.244421600000351,0.0051265000001876615,0.028467000000091502,18.91893390000041,999,150,154,1533,262,300000,0,raw_cases/A012
A013,A,Ours,proto_sw_1_1,compact,simple,2,200001,1,,,4,3,1,4,9.531826600003114,1.3559855000021344,0.707075000002078,0.0021196999987296294,0.027317299998685485,11.640545999998722,1065,100,0,292,134,300000,0,raw_cases/A013
A014,A,Ours,proto_sw_1_1,compact,medium,2,200001,1,,,5,4,1,5,9.641010499999538,1.6288309000010486,4.198215000000346,0.002739899999141926,0.03191010000227834,15.51783720000094,1065,125,366,1011,440,300000,0,raw_cases/A014
A015,A,Ours,proto_sw_1_1,compact,rich,2,200001,1,,,6,5,1,6,9.504562499998428,2.053102800000488,2.6455625999988115,0.0022626000027230475,0.025687000001198612,14.245598699999391,1065,150,24,893,128,300000,0,raw_cases/A015
A016,A,Ours,proto_sw_1_1,swept,simple,2,200001,1,,,4,3,1,4,8.564070299999003,1.2784282000029634,0.931821599999239,0.002289500000188127,0.027089999999589054,10.817731099999946,1031,100,0,70,110,300000,0,raw_cases/A016
A017,A,Ours,proto_sw_1_1,swept,medium,2,200001,1,,,5,4,1,5,8.92694180000035,1.6502780000009807,1.6096268000001146,0.0030406000005314127,0.028321800000412622,12.235009300002275,1031,125,0,56,291,300000,0,raw_cases/A017
A018,A,Ours,proto_sw_1_1,swept,rich,2,200001,1,,,6,5,1,6,8.829466899998806,1.9402090000003227,3.7021935999982816,0.002283099998749094,0.026238300000841264,14.51425769999696,1031,150,0,567,152,300000,0,raw_cases/A018
A019,A,Ours,proto_sw_1_1,expanded,simple,3,200002,1,,,4,3,1,4,10.170274599997356,1.327410100002453,2.6362384999993083,0.0019572999990487006,0.024447200001304736,14.17556649999824,964,100,0,281,171,300000,0,raw_cases/A019
A020,A,Ours,proto_sw_1_1,expanded,medium,3,200002,1,,,5,3,2,5,10.061646599999222,1.6065224000012677,2.9473403000010876,0.004678799999965122,0.02927840000120341,14.665005900002143,964,125,36,250,407,300000,0,raw_cases/A020
A021,A,Ours,proto_sw_1_1,expanded,rich,3,200002,1,,,6,4,3,6,9.842659699999786,1.9769762000032642,3.0235035000005155,0.005807100002130028,0.03433229999791365,14.900318399999378,964,150,44,620,1146,300000,0,raw_cases/A021
A022,A,Ours,proto_sw_1_1,compact,simple,3,200002,1,,,4,3,1,4,9.07436890000099,1.3046848000012687,1.0789573999973072,0.002433600002405001,0.023414499999489635,11.496957999999722,1096,100,14,312,88,300000,0,raw_cases/A022
A023,A,Ours,proto_sw_1_1,compact,medium,3,200002,1,,,5,3,2,5,9.188117199999397,1.616667000002053,6.169875999999931,0.005013100002543069,0.028223799999977928,17.02225570000155,1096,125,294,2418,869,300000,0,raw_cases/A023
A024,A,Ours,proto_sw_1_1,compact,rich,3,200002,1,,,6,4,2,6,9.037116200001037,2.027538899998035,6.20465879999756,0.003640300001279684,0.031000000002677552,17.325059999999212,1096,150,294,1474,179,300000,0,raw_cases/A024
A025,A,Ours,proto_sw_1_1,swept,simple,3,200002,1,,,4,3,1,4,8.243171999998594,1.2495238999981666,2.370791299999837,0.0018698999992921017,0.02722449999782839,11.910765199998423,987,100,92,399,137,300000,0,raw_cases/A025
A026,A,Ours,proto_sw_1_1,swept,medium,3,200002,1,,,5,3,2,5,8.266632899998513,1.6232612000021618,2.794315999999526,0.006413099999917904,0.030039500001294073,12.736823399998684,987,125,180,521,1885,300000,0,raw_cases/A026
A027,A,Ours,proto_sw_1_1,swept,rich,3,200002,1,,,6,4,2,6,8.222988700003043,1.9809126000000106,2.609758899998269,0.009645000001910375,0.026047499999549473,12.865669299997535,987,150,0,752,4150,300000,0,raw_cases/A027
A028,A,Ours,proto_sw_1_1,expanded,simple,4,200003,1,,,4,3,1,4,9.438971600000514,1.3270482999978412,1.271623799999361,0.0016455000004498288,0.022770400002627866,12.074351399998704,1000,100,5,178,118,300000,0,raw_cases/A028
A029,A,Ours,proto_sw_1_1,expanded,medium,4,200003,1,,,5,3,3,5,9.490941300002305,1.6553182000025117,3.0923333000027924,0.003685899999254616,0.03130249999958323,14.287417399998958,1000,125,32,333,455,300000,0,raw_cases/A029
A030,A,Ours,proto_sw_1_1,expanded,rich,4,200003,1,,,6,4,2,6,9.523459500000172,1.951097999997728,2.1438789999992878,0.005330200001480989,0.04607489999762038,13.687569799996709,1000,150,14,309,493,300000,0,raw_cases/A030
A031,A,Ours,proto_sw_1_1,compact,simple,4,200003,1,,,4,3,1,4,9.505038199997216,1.2833045000006678,0.3237619999999879,0.0016319000023941044,0.03236249999827123,11.163043599997764,1096,100,0,52,70,300000,0,raw_cases/A031
A032,A,Ours,proto_sw_1_1,compact,medium,4,200003,1,,,6,4,2,6,9.34766479999962,1.8882419000001391,1.8975945999991382,0.002328399998077657,0.033794099999795435,13.183119299999817,1096,150,176,521,325,300000,0,raw_cases/A032
A033,A,Ours,proto_sw_1_1,compact,rich,4,200003,1,,,6,4,2,6,9.262077800001862,1.9407706999991206,1.5726819999981672,0.003836700001556892,0.03097890000208281,12.825130999997782,1096,150,129,341,332,300000,0,raw_cases/A033
A034,A,Ours,proto_sw_1_1,swept,simple,4,200003,1,,,4,3,1,4,8.607230600002367,1.2825991999998223,2.157248299998173,0.00284280000050785,0.029925300001195865,12.094205299999885,995,100,0,114,163,300000,0,raw_cases/A034
A035,A,Ours,proto_sw_1_1,swept,medium,4,200003,1,,,5,3,2,5,8.643667699998332,1.6502723000012338,2.135245000001305,0.001907900001242524,0.024937099999078782,12.471592800000508,995,125,0,58,110,300000,0,raw_cases/A035
A036,A,Ours,proto_sw_1_1,swept,rich,4,200003,1,,,6,4,3,6,8.650948399998015,1.9375232999991567,2.6128504000007524,0.004883799996605376,0.03601859999980661,13.262110000003304,995,150,50,343,488,300000,0,raw_cases/A036
A037,A,Ours,proto_sw_1_1,expanded,simple,5,200004,1,,,4,3,1,4,9.622735100001591,1.2769995000016934,2.325395699997898,0.002043600001343293,0.026804999997693812,13.267053400002624,966,100,485,624,161,300000,0,raw_cases/A037
A038,A,Ours,proto_sw_1_1,expanded,medium,5,200004,1,,,4,3,2,4,9.34859040000083,1.2893456000019796,3.2102349999986473,0.003689099998155143,0.024106600001687184,13.893391199999314,966,100,52,1091,294,300000,0,raw_cases/A038
A039,A,Ours,proto_sw_1_1,expanded,rich,5,200004,1,,,6,4,2,6,9.584435199998552,1.871447800000169,5.966542300000583,0.023693499999353662,0.03636039999764762,17.500136599999678,966,150,206,1780,12734,300000,0,raw_cases/A039
A040,A,Ours,proto_sw_1_1,compact,simple,5,200004,1,,,4,3,1,4,8.251505399999587,1.296794800000498,1.0601078999970923,0.0022559000026376452,0.023067900001478847,10.649654799999553,1031,100,0,194,168,300000,0,raw_cases/A040
A041,A,Ours,proto_sw_1_1,compact,medium,5,200004,1,,,5,3,3,5,8.394382399997994,1.6758033000005526,3.188258300000598,0.006685299998935079,0.028246199999557575,13.308987300002627,1031,125,431,668,5320,300000,0,raw_cases/A041
A042,A,Ours,proto_sw_1_1,compact,rich,5,200004,1,,,6,4,2,6,8.357144499997958,1.9484900000024936,3.1829432000013185,0.003948199999285862,0.029138499998225598,13.535397799998464,1031,150,534,657,1408,300000,0,raw_cases/A042
A043,A,Ours,proto_sw_1_1,swept,simple,5,200004,1,,,4,3,1,4,8.362275399998907,1.2686872000012954,0.7464915999989898,0.0022202000000106636,0.024988099998154212,10.417574699997203,1027,100,0,101,113,300000,0,raw_cases/A043
A044,A,Ours,proto_sw_1_1,swept,medium,5,200004,1,,,6,4,3,6,8.332737699998688,1.9449734000008903,3.621269299997948,0.0039770000003045425,0.02958240000225487,13.95315219999975,1027,150,41,731,480,300000,0,raw_cases/A044
A045,A,Ours,proto_sw_1_1,swept,rich,5,200004,1,,,6,4,2,6,8.590117799998552,1.8736940000017057,4.972053099998448,0.003637400001025526,0.030540600000676932,15.484896200003277,1027,150,0,646,643,300000,0,raw_cases/A045
A046,A,Ours,proto_sw_1_1,expanded,simple,6,200005,1,,,4,3,1,4,8.340247799998906,1.2643860999996832,1.9488514000004216,0.0016980999971565325,0.028500200001872145,11.596132700000453,981,100,0,333,105,300000,0,raw_cases/A046
A047,A,Ours,proto_sw_1_1,expanded,medium,6,200005,1,,,5,3,2,5,8.417991500002245,1.5968075999990106,2.1137168999994174,0.002456900001561735,0.026916200000414392,12.173413000000437,981,125,0,377,205,300000,0,raw_cases/A047
A048,A,Ours,proto_sw_1_1,expanded,rich,6,200005,1,,,6,4,2,6,8.577413400002115,1.909551199998532,2.4481388999993214,0.006309299998974893,0.033232900001166854,12.991830300001311,981,150,170,894,4044,300000,0,raw_cases/A048
A049,A,Ours,proto_sw_1_1,compact,simple,6,200005,1,,,4,3,2,4,7.725696999998036,1.2689683999997214,4.19018270000015,0.00429479999729665,0.02656109999952605,13.2315978000006,1065,100,249,919,111,300000,0,raw_cases/A049
A050,A,Ours,proto_sw_1_1,compact,medium,6,200005,1,,,5,3,2,5,7.729971500000829,1.5829402999988815,3.235241999998834,0.004773000000568572,0.029906799998570932,12.600460800000292,1065,125,129,1053,480,300000,0,raw_cases/A050
A051,A,Ours,proto_sw_1_1,compact,rich,6,200005,1,,,6,4,2,6,7.803516500000114,1.9707533000000694,2.3920854999996664,0.0030245999987528194,0.03252459999930579,12.216733799999929,1065,150,0,491,112,300000,0,raw_cases/A051
A052,A,Ours,proto_sw_1_1,swept,simple,6,200005,1,,,4,3,1,4,7.717959300000075,1.3289325000005192,2.5020538000026136,0.004187800001091091,0.033259399999224115,11.60497640000176,1002,100,237,500,109,300000,0,raw_cases/A052
A053,A,Ours,proto_sw_1_1,swept,medium,6,200005,1,,,6,4,2,6,7.6506326000017,1.8918207999995502,2.8282839999992575,0.002645799999299925,0.033692699998937314,12.423600100002659,1002,150,2,535,247,300000,0,raw_cases/A053
A054,A,Ours,proto_sw_1_1,swept,rich,6,200005,1,,,6,4,2,6,7.650453000002017,2.139998899998318,5.655339600001753,0.00558400000227266,0.027814999997644918,15.495063400001527,1002,150,237,1173,297,300000,0,raw_cases/A054
A055,A,Ours,proto_sw_1_1,expanded,simple,7,200006,1,,,4,3,1,4,10.347096299999976,1.2248628999986977,1.0164325000005192,0.0025185000013152603,0.025493500001175562,12.630232100000285,994,100,0,184,87,300000,0,raw_cases/A055
A056,A,Ours,proto_sw_1_1,expanded,medium,7,200006,1,,,4,3,1,4,10.17174309999973,1.26533500000005,1.9721951999999874,0.0029343000023800414,0.02396270000099321,13.456242099997326,994,100,0,243,140,300000,0,raw_cases/A056
A057,A,Ours,proto_sw_1_1,expanded,rich,7,200006,1,,,6,5,1,6,10.188745100000233,1.9014917999993486,5.357374899998831,0.004262300000846153,0.0302068999990297,17.496010200000455,994,150,335,1346,492,300000,0,raw_cases/A057
A058,A,Ours,proto_sw_1_1,compact,simple,7,200006,1,,,4,3,1,4,8.800885799999378,1.3240587000000232,4.892815499999415,0.002621499999804655,0.025287700002081692,15.063885100000334,1091,100,0,1230,176,300000,0,raw_cases/A058
A059,A,Ours,proto_sw_1_1,compact,medium,7,200006,1,,,5,4,1,5,8.75857460000043,1.5981442000011157,3.849074900001142,0.004235299998981645,0.03133960000195657,14.256680400001642,1091,125,120,557,463,300000,0,raw_cases/A059
A060,A,Ours,proto_sw_1_1,compact,rich,7,200006,1,,,6,5,2,6,8.773158500000136,1.9971608000014385,7.0856529000011506,0.007138100001611747,0.03446460000122897,17.915508599999157,1091,150,120,685,681,300000,0,raw_cases/A060
A061,A,Ours,proto_sw_1_1,swept,simple,7,200006,1,,,4,3,1,4,8.309329499999876,1.3048362999979872,0.5435787999995227,0.0019023999993805774,0.027147000000695698,10.206928999999946,1061,100,0,133,87,300000,0,raw_cases/A061
A062,A,Ours,proto_sw_1_1,swept,medium,7,200006,1,,,6,5,1,6,8.258772400000453,1.8624548000007053,5.427377400003024,0.004072399999131449,0.03286410000146134,15.606668899999931,1061,150,8,1477,253,300000,0,raw_cases/A062
A063,A,Ours,proto_sw_1_1,swept,rich,7,200006,1,,,6,5,1,6,8.383560099999158,1.959890300000552,4.417233100000885,0.002764799999567913,0.03309399999852758,14.81459890000042,1061,150,69,722,224,300000,0,raw_cases/A063
A064,A,Ours,proto_sw_1_1,expanded,simple,8,200007,1,,,4,3,2,4,7.645658600002207,1.3221917000009853,2.2103461000006064,0.0027575999993132427,0.032559700001002057,11.229874500000733,966,100,0,174,139,300000,0,raw_cases/A064
A065,A,Ours,proto_sw_1_1,expanded,medium,8,200007,1,,,4,3,2,4,7.6852005000000645,1.298376400001871,2.2073070999977062,0.0027350000018486753,0.029395499997917796,11.239086199999292,966,100,0,174,139,300000,0,raw_cases/A065
A066,A,Ours,proto_sw_1_1,expanded,rich,8,200007,1,,,6,5,1,6,7.7617886000007275,1.9938889000004565,8.100217600000178,0.004590500000631437,0.034650800000235904,17.914020600001095,966,150,84,913,366,300000,0,raw_cases/A066
A067,A,Ours,proto_sw_1_1,compact,simple,8,200007,1,,,4,3,1,4,8.91316359999837,1.3206094999986817,0.6861219000020355,0.0013400999996520113,0.02742710000165971,10.965536499999871,1125,100,0,227,97,300000,0,raw_cases/A067
A068,A,Ours,proto_sw_1_1,compact,medium,8,200007,1,,,5,4,1,5,8.917799800001376,1.6516774999981862,2.503067000001465,0.0027520000003278255,0.031208099997456884,13.125088400000095,1125,125,9,733,136,300000,0,raw_cases/A068
A069,A,Ours,proto_sw_1_1,compact,rich,8,200007,1,,,6,5,1,6,9.05999570000131,2.0303888999987976,2.50218550000136,0.004058700000314275,0.030498100000841077,13.645029999999679,1125,150,4,503,137,300000,0,raw_cases/A069
A070,A,Ours,proto_sw_1_1,swept,simple,8,200007,1,,,4,3,2,4,8.326071199997386,1.3392057999990357,4.22636550000243,0.0028514000005088747,0.030397800001082942,13.93771740000011,1038,100,556,560,189,300000,0,raw_cases/A070
A071,A,Ours,proto_sw_1_1,swept,medium,8,200007,1,,,6,5,1,6,8.163270099998044,1.9763386999984505,5.466019100000267,0.004109899997274624,0.03167060000123456,15.660364800001844,1038,150,30,270,443,300000,0,raw_cases/A071
A072,A,Ours,proto_sw_1_1,swept,rich,8,200007,1,,,6,5,1,6,8.130400399997598,1.9770394999977725,4.867267500001617,0.0029949999989185017,0.024556200001825346,15.01834659999804,1038,150,30,209,195,300000,0,raw_cases/A072
A073,A,Ours,proto_sw_1_1,expanded,simple,9,200008,1,,,4,3,1,4,8.547542799999064,1.3017605999993975,2.6488107000004675,0.0018916000008175615,0.028394400000252062,12.541523299998516,972,100,0,362,116,300000,0,raw_cases/A073
A074,A,Ours,proto_sw_1_1,expanded,medium,9,200008,1,,,5,4,1,5,8.541267399999924,1.6364150999979756,2.1022488999988127,0.004015400001662783,0.023209099999803584,12.324305699999968,972,125,32,426,306,300000,0,raw_cases/A074
A075,A,Ours,proto_sw_1_1,expanded,rich,9,200008,1,,,6,5,1,6,8.502833400001691,1.9924247999988438,4.927306699999463,0.0054273000023385976,0.027116500001284294,15.47244579999824,972,150,89,962,398,300000,0,raw_cases/A075
A076,A,Ours,proto_sw_1_1,compact,simple,9,200008,1,,,4,3,1,4,9.463177800000267,1.2850225000001956,1.5143295000016224,0.0016399999985878821,0.02524990000165417,12.30230930000107,1099,100,0,402,97,300000,0,raw_cases/A076
A077,A,Ours,proto_sw_1_1,compact,medium,9,200008,1,,,5,4,1,5,9.683903799999825,1.7098304999999527,1.7302568000013707,0.02112969999870984,0.03154220000214991,13.202751999997417,1099,125,14,410,102,300000,0,raw_cases/A077
A078,A,Ours,proto_sw_1_1,compact,rich,9,200008,1,,,5,4,1,5,9.596550800000841,1.7329672999985632,2.3005144000017026,0.003467599999567028,0.0316897999982757,13.68541489999916,1099,125,107,842,263,300000,0,raw_cases/A078
A079,A,Ours,proto_sw_1_1,swept,simple,9,200008,1,,,4,3,1,4,8.525596200001019,1.4148887999981525,0.7751105000024836,0.0014668000003439374,0.026731300000392366,10.7597448000015,1045,100,0,260,131,300000,0,raw_cases/A079
A080,A,Ours,proto_sw_1_1,swept,medium,9,200008,1,,,5,4,1,5,8.593037599999661,1.6792875999999524,3.563798399998632,0.002398700002231635,0.028970200000912882,13.880531799997698,1045,125,355,702,226,300000,0,raw_cases/A080
A081,A,Ours,proto_sw_1_1,swept,rich,9,200008,1,,,6,5,1,6,8.596162100002402,2.024574600000051,5.213992699998926,0.0029398000006040093,0.03353319999951054,15.88677319999988,1045,150,355,754,265,300000,0,raw_cases/A081
A082,A,Ours,proto_sw_1_1,expanded,simple,10,200009,1,,,4,3,1,4,8.779081799999403,1.3612252000020817,1.7102004999978817,0.00236169999698177,0.025533399999403628,11.894584199999372,952,100,0,433,54,300000,0,raw_cases/A082
A083,A,Ours,proto_sw_1_1,expanded,medium,10,200009,1,,,5,3,2,5,8.739267799999652,1.6058594999994966,2.1659694999980275,0.0031059999964782037,0.027669799997966038,12.556049599999824,952,125,24,557,314,300000,0,raw_cases/A083
A084,A,Ours,proto_sw_1_1,expanded,rich,10,200009,1,,,6,4,2,6,8.93779849999919,1.9322027000016533,1.929886300000362,0.008894999999029096,0.03542889999880572,12.864670200000546,952,150,183,429,3178,300000,0,raw_cases/A084
A085,A,Ours,proto_sw_1_1,compact,simple,10,200009,1,,,4,3,1,4,8.76502850000179,1.3225576999975601,0.8105493999973987,0.0012573999993037432,0.026633000001311302,10.938617600000725,1044,100,0,309,41,300000,0,raw_cases/A085
A086,A,Ours,proto_sw_1_1,compact,medium,10,200009,1,,,5,3,2,5,8.755797600002552,1.7357658999972045,2.5557120999983454,0.0053270999997039326,0.02677449999828241,13.094835100000637,1044,125,160,683,713,300000,0,raw_cases/A086
A087,A,Ours,proto_sw_1_1,compact,rich,10,200009,1,,,6,4,2,6,8.93815800000084,1.945709599996917,4.980811299999914,0.0052007000012963545,0.026968599999236176,15.918811700001243,1044,150,192,1590,451,300000,0,raw_cases/A087
A088,A,Ours,proto_sw_1_1,swept,simple,10,200009,1,,,4,3,1,4,7.8012750999987475,1.2312930999978562,2.4359154000012495,0.001761600000463659,0.023503899999923306,11.507014499999059,964,100,16,317,161,300000,0,raw_cases/A088
A089,A,Ours,proto_sw_1_1,swept,medium,10,200009,1,,,5,3,2,5,7.714987600000313,1.6177740999992238,7.38573550000001,0.0110785000033502,0.03094039999996312,16.776814900000318,964,125,317,1441,2688,300000,0,raw_cases/A089
A090,A,Ours,proto_sw_1_1,swept,rich,10,200009,1,,,6,4,2,6,7.777774299996963,1.880381099999795,3.280554099997971,0.0026637000009941403,0.02918399999907706,12.98702559999947,964,150,154,574,391,300000,0,raw_cases/A090
A091,A,Ours,proto_sw_1_3,expanded,simple,1,200000,1,,,4,3,1,4,28.82505350000065,1.2867992999999842,1.5617982000003394,0.0016326999975717627,0.028810699997848133,31.722734399998444,822,100,0,631,101,300000,0,raw_cases/A091
A092,A,Ours,proto_sw_1_3,expanded,medium,1,200000,1,,,5,3,2,5,16.99992889999703,1.6074418999996851,1.2267006000001857,0.008378300000913441,0.02968689999761409,19.889381799999683,822,125,12,600,1824,300000,0,raw_cases/A092
A093,A,Ours,proto_sw_1_3,expanded,rich,1,200000,1,,,6,4,2,6,17.026363900000433,1.9080159000004642,2.3294176000017615,0.004430500001035398,0.03154259999791975,21.315770299999713,822,150,334,801,410,300000,0,raw_cases/A093
A094,A,Ours,proto_sw_1_3,compact,simple,1,200000,1,,,4,3,1,4,26.2556783,1.2999266000006173,1.299210300003324,0.0018747000030998606,0.024306400002387818,28.89473850000286,1092,100,0,556,171,300000,0,raw_cases/A094
A095,A,Ours,proto_sw_1_3,compact,medium,1,200000,1,,,6,4,2,6,25.928353200000856,1.9188740999998117,1.122847599999659,0.005379900001571514,0.025102600000536768,29.015820900000108,1092,150,0,265,865,300000,0,raw_cases/A095
A096,A,Ours,proto_sw_1_3,compact,rich,1,200000,1,,,6,4,2,6,26.32980359999783,1.9673576999994111,3.4073066000019026,0.009362299999338575,0.034333999999944353,31.767697899998893,1092,150,36,1051,1591,300000,0,raw_cases/A096
A097,A,Ours,proto_sw_1_3,swept,simple,1,200000,1,,,4,3,1,4,23.587890899998456,1.2641036999993958,1.5517094999995606,0.0026795999983733054,0.029170699999667704,26.449309399999038,856,100,0,575,150,300000,0,raw_cases/A097
A098,A,Ours,proto_sw_1_3,swept,medium,1,200000,1,,,6,4,2,6,23.11295489999975,1.8489608999989287,2.480093599999236,0.007286500000191154,0.027513000000908505,27.49309279999943,856,150,56,847,1186,300000,0,raw_cases/A098
A099,A,Ours,proto_sw_1_3,swept,rich,1,200000,1,,,6,4,2,6,23.65501800000129,1.9021927999965556,1.6876685000024736,0.004899600000499049,0.026654900000721682,27.289377199998853,856,150,4,695,433,300000,0,raw_cases/A099
A100,A,Ours,proto_sw_1_3,expanded,simple,2,200001,1,,,4,3,2,4,16.95377240000016,1.2586965999980748,0.3892690000029688,0.0014486000000033528,0.023686100001214072,18.644142200002534,869,100,0,114,73,300000,0,raw_cases/A100
A101,A,Ours,proto_sw_1_3,expanded,medium,2,200001,1,,,5,4,1,5,16.90751739999905,1.6288027000009606,0.554056999997556,0.0028711999984807335,0.03230270000130986,19.144406899999012,869,125,0,189,100,300000,0,raw_cases/A101
A102,A,Ours,proto_sw_1_3,expanded,rich,2,200001,1,,,6,5,1,6,16.96221610000066,2.161396399998921,0.9282231999968644,0.0016765999971539713,0.03210880000187899,20.101706299999933,869,150,0,400,93,300000,0,raw_cases/A102
A103,A,Ours,proto_sw_1_3,compact,simple,2,200001,1,,,4,3,1,4,29.767650100002356,1.302806399999099,2.006074600001739,0.0030722999981662724,0.030556300000171177,33.12551679999888,1112,100,47,437,280,300000,0,raw_cases/A103
A104,A,Ours,proto_sw_1_3,compact,medium,2,200001,1,,,5,4,1,5,29.85862249999991,1.5291115999971225,1.5277298999972118,0.002946100001281593,0.029203899997810367,32.965876400001434,1112,125,37,705,177,300000,0,raw_cases/A104
A105,A,Ours,proto_sw_1_3,compact,rich,2,200001,1,,,6,5,1,6,29.68590200000108,1.8819333999999799,1.2339462999989337,0.0021402000020316336,0.025148999997327337,32.843705999999656,1112,150,33,316,339,300000,0,raw_cases/A105
A106,A,Ours,proto_sw_1_3,swept,simple,2,200001,1,,,4,3,1,4,28.622571700001572,1.2581290999987687,0.7657672000023013,0.00228909999714233,0.02238500000021304,30.68747430000076,814,100,124,292,138,300000,0,raw_cases/A106
A107,A,Ours,proto_sw_1_3,swept,medium,2,200001,1,,,5,4,1,5,28.76695390000168,1.537060599999677,1.2716680000012275,0.0017112000023189466,0.02387050000106683,31.62136610000016,814,125,181,379,121,300000,0,raw_cases/A107
A108,A,Ours,proto_sw_1_3,swept,rich,2,200001,1,,,6,5,1,6,28.475118599999405,1.9625040999999328,0.7727320999983931,0.002024000001256354,0.029847000001609558,31.25779490000059,814,150,0,265,116,300000,0,raw_cases/A108
A109,A,Ours,proto_sw_1_3,expanded,simple,3,200002,1,,,4,3,1,4,13.260790899999847,1.319638599998143,0.8362484999997832,0.0015277999991667457,0.024212500000430737,15.455746999999974,860,100,60,284,144,300000,0,raw_cases/A109
A110,A,Ours,proto_sw_1_3,expanded,medium,3,200002,1,,,5,3,2,5,13.071143500001199,1.5341864000001806,0.9063100999992457,0.003234100000554463,0.024460399999952642,15.558164399997622,860,125,0,316,909,300000,0,raw_cases/A110
A111,A,Ours,proto_sw_1_3,expanded,rich,3,200002,1,,,6,4,2,6,13.046334700000443,1.9460269999981392,3.1942047999982606,0.009037200001330348,0.02892219999921508,18.23975209999844,860,150,0,1112,2340,300000,0,raw_cases/A111
A112,A,Ours,proto_sw_1_3,compact,simple,3,200002,1,,,4,3,1,4,25.433199000002787,1.2572627999979886,0.17001879999952507,0.0010435999975015875,0.023578899999847636,26.90232130000004,1083,100,0,49,70,300000,0,raw_cases/A112
A113,A,Ours,proto_sw_1_3,compact,medium,3,200002,1,,,6,4,2,6,25.343498199999885,1.9767888000023959,1.1656130000010307,0.004209599999740021,0.0326801000010164,28.541989999997895,1083,150,0,378,467,300000,0,raw_cases/A113
A114,A,Ours,proto_sw_1_3,compact,rich,3,200002,1,,,6,4,2,6,25.281788000000233,1.9314432999999553,4.657236600000033,0.008510299998306436,0.027741199999582022,31.921408100002736,1083,150,0,1090,2826,300000,0,raw_cases/A114
A115,A,Ours,proto_sw_1_3,swept,simple,3,200002,1,,,4,3,1,4,22.895038800001203,1.2247538000010536,1.8299112999993667,0.003321000000141794,0.030621600002632476,26.00165299999935,813,100,0,304,163,300000,0,raw_cases/A115
A116,A,Ours,proto_sw_1_3,swept,medium,3,200002,1,,,5,3,2,5,23.055318499998975,1.636118100002932,1.6319187999979476,0.0034446999998181127,0.03341329999966547,26.37303199999951,813,125,91,822,885,300000,0,raw_cases/A116
A117,A,Ours,proto_sw_1_3,swept,rich,3,200002,1,,,6,4,2,6,23.377381400001468,2.0944853000000876,1.5045143999996071,0.0034707000013440847,0.026245600001857383,27.020497699999396,813,150,77,812,1324,300000,0,raw_cases/A117
A118,A,Ours,proto_sw_1_3,expanded,simple,4,200003,1,,,4,3,1,4,19.2036334000004,1.3219951999999466,0.7865812000018195,0.002289500000188127,0.025790700001380173,21.35826299999826,857,100,29,273,148,300000,0,raw_cases/A118
A119,A,Ours,proto_sw_1_3,expanded,medium,4,200003,1,,,5,3,2,5,33.046034099999815,1.5569310999999288,0.574700599998323,0.0019786999982898124,0.02846470000076806,35.22137239999938,857,125,40,226,269,300000,0,raw_cases/A119
A120,A,Ours,proto_sw_1_3,expanded,rich,4,200003,1,,,6,4,2,6,33.29562149999765,1.8899588999993284,0.6870719999969879,0.0018922000017482787,0.02753870000015013,35.919258300000365,857,150,16,216,242,300000,0,raw_cases/A120
A121,A,Ours,proto_sw_1_3,compact,simple,4,200003,1,,,4,3,1,4,29.512868900001195,1.231253400001151,0.5760497000010218,0.0021368999987316784,0.025684000000183005,31.36407539999709,1089,100,0,136,81,300000,0,raw_cases/A121
A122,A,Ours,proto_sw_1_3,compact,medium,4,200003,1,,,6,4,3,6,29.65511450000122,1.907536099999561,0.730789500001265,0.0020232999995641876,0.026671399999031564,32.33753079999951,1089,150,28,153,272,300000,0,raw_cases/A122
A123,A,Ours,proto_sw_1_3,compact,rich,4,200003,1,,,6,4,3,6,29.231641900001705,1.8883725000014238,0.7270560000033583,0.002477300000464311,0.03268770000067889,31.896128199998202,1089,150,28,153,272,300000,0,raw_cases/A123
A124,A,Ours,proto_sw_1_3,swept,simple,4,200003,1,,,4,3,1,4,23.80548970000018,1.269817400003376,0.3529331000027014,0.0031061999980011024,0.031341099998826394,25.481082199999946,820,100,0,213,133,300000,0,raw_cases/A124
A125,A,Ours,proto_sw_1_3,swept,medium,4,200003,1,,,5,3,2,5,23.76597920000131,1.591862700002821,0.2586697999977332,0.002658299999893643,0.026567199998680735,25.663893999997526,820,125,0,96,88,300000,0,raw_cases/A125
A126,A,Ours,proto_sw_1_3,swept,rich,4,200003,1,,,6,4,2,6,23.714561499997217,1.8945434000015666,0.7420657000002393,0.00436239999908139,0.029247900001792004,26.40259590000278,820,150,51,243,764,300000,0,raw_cases/A126
A127,A,Ours,proto_sw_1_3,expanded,simple,5,200004,1,,,4,3,2,4,16.19301700000142,1.3176681000004464,1.2514422999993258,0.0014965000009397045,0.028788600000552833,18.80578090000199,860,100,0,270,91,300000,0,raw_cases/A127
A128,A,Ours,proto_sw_1_3,expanded,medium,5,200004,1,,,5,3,2,5,16.39952059999996,1.6923478999997315,2.548686899997847,0.007421599999361206,0.0320257000021229,20.69303680000303,860,125,0,620,1239,300000,0,raw_cases/A128
A129,A,Ours,proto_sw_1_3,expanded,rich,5,200004,1,,,6,4,2,6,16.56220100000064,1.9707908000018506,2.880584099999396,0.0036489999984041788,0.033736299999873154,21.465737000002264,860,150,0,711,412,300000,0,raw_cases/A129
A130,A,Ours,proto_sw_1_3,compact,simple,5,200004,1,,,4,3,1,4,32.818181300001015,1.2530000000006112,1.2058412999977008,0.00229149999722722,0.023468200000934303,35.31702330000189,1186,100,0,361,155,300000,0,raw_cases/A130
A131,A,Ours,proto_sw_1_3,compact,medium,5,200004,1,,,5,3,3,5,32.86077430000296,1.679212600000028,3.4041976000007708,0.006102799998188857,0.02728690000003553,37.99124529999972,1186,125,0,566,268,300000,0,raw_cases/A131
A132,A,Ours,proto_sw_1_3,compact,rich,5,200004,1,,,6,4,2,6,32.611315999998624,1.9371665999969991,2.960505999999441,0.008464599999570055,0.026211899999907473,37.561508500002674,1186,150,32,537,571,300000,0,raw_cases/A132
A133,A,Ours,proto_sw_1_3,swept,simple,5,200004,1,,,4,3,1,4,26.87738420000096,1.2906240999982401,1.5001006000020425,0.00142529999720864,0.028191299999889452,29.711732600000687,848,100,0,357,52,300000,0,raw_cases/A133
A134,A,Ours,proto_sw_1_3,swept,medium,5,200004,1,,,6,4,2,6,43.87856049999755,1.9493423999992956,2.9589835999977367,0.00417129999914323,0.03441730000122334,48.84025529999781,848,150,139,1084,982,300000,0,raw_cases/A134
A135,A,Ours,proto_sw_1_3,swept,rich,5,200004,1,,,6,4,2,6,27.15852079999968,1.8654741999998805,2.9094131999991077,0.002290300002641743,0.02442680000240216,31.980793900002027,848,150,192,485,191,300000,0,raw_cases/A135
A136,A,Ours,proto_sw_1_3,expanded,simple,6,200005,1,,,4,3,1,4,16.85353699999905,1.3427407999988645,0.8295163000002503,0.0015297000027203467,0.028475399998569628,19.068070299999818,819,100,0,367,151,300000,0,raw_cases/A136
A137,A,Ours,proto_sw_1_3,expanded,medium,6,200005,1,,,5,3,2,5,17.071595000001253,1.5703901000015321,0.6705604999988282,0.003800099999352824,0.03036689999862574,19.36551359999794,819,125,0,281,450,300000,0,raw_cases/A137
A138,A,Ours,proto_sw_1_3,expanded,rich,6,200005,1,,,6,4,2,6,16.970400099999097,1.949371800001245,1.4800756000004185,0.0070727999991504475,0.02953669999988051,20.454752699999517,819,150,0,608,947,300000,0,raw_cases/A138
A139,A,Ours,proto_sw_1_3,compact,simple,6,200005,1,,,4,3,2,4,58.26783699999942,1.277224399997067,0.9851208000000042,0.00245109999741544,0.027658300001348834,60.57892360000187,1118,100,0,180,129,300000,0,raw_cases/A139
A140,A,Ours,proto_sw_1_3,compact,medium,6,200005,1,,,6,4,2,6,31.682666500000778,1.9174582000014198,1.8184118999997736,0.0024589000022388063,0.02974009999888949,35.465234000002965,1118,150,129,512,250,300000,0,raw_cases/A140
A141,A,Ours,proto_sw_1_3,compact,rich,6,200005,1,,,6,4,2,6,58.34031689999756,1.9232406000010087,4.979323299998214,0.008217700000386685,0.02633820000119158,65.29120989999865,1118,150,370,1703,2719,300000,0,raw_cases/A141
A142,A,Ours,proto_sw_1_3,swept,simple,6,200005,1,,,4,3,1,4,27.27845999999772,1.2815207000021474,0.6917687999994087,0.0015175000007729977,0.030984799999714596,29.297103199998674,885,100,0,190,102,300000,0,raw_cases/A142
A143,A,Ours,proto_sw_1_3,swept,medium,6,200005,1,,,5,3,2,5,27.391360700003133,1.5982750000002852,1.586321599999792,0.005693700000847457,0.02421630000026198,30.620540100000653,885,125,112,627,711,300000,0,raw_cases/A143
A144,A,Ours,proto_sw_1_3,swept,rich,6,200005,1,,,6,4,2,6,47.35550650000005,1.9273844999988796,3.166503099997499,0.008313700000144308,0.034563799999887124,52.50800150000214,885,150,70,766,920,300000,0,raw_cases/A144
A145,A,Ours,proto_sw_1_3,expanded,simple,7,200006,1,,,4,3,1,4,15.703659700000571,1.2045011000009254,0.683135700001003,0.001392500002111774,0.0252306000002136,17.63330330000099,868,100,0,305,92,300000,0,raw_cases/A145
A146,A,Ours,proto_sw_1_3,expanded,medium,7,200006,1,,,5,4,1,5,15.596435200000997,1.6289097999979276,1.3515263000008417,0.0018933000028482638,0.024348199996893527,18.618204099999275,868,125,59,607,160,300000,0,raw_cases/A146
A147,A,Ours,proto_sw_1_3,expanded,rich,7,200006,1,,,6,5,1,6,15.688855199998216,1.8731206999982533,2.097988000001351,0.003446900002018083,0.02539510000133305,19.702224299999216,868,150,186,844,287,300000,0,raw_cases/A147
A148,A,Ours,proto_sw_1_3,compact,simple,7,200006,1,,,4,3,2,4,33.402728100001696,1.2952159000014944,0.7701302999994368,0.0023698999975749757,0.025229799997759983,35.509160699999484,1326,100,0,267,114,300000,0,raw_cases/A148
A149,A,Ours,proto_sw_1_3,compact,medium,7,200006,1,,,6,5,1,6,33.52260209999804,1.900203999997757,2.375641300001007,0.0031195000010484364,0.034369800003332784,37.854157300000224,1326,150,198,567,201,300000,0,raw_cases/A149
A150,A,Ours,proto_sw_1_3,compact,rich,7,200006,1,,,6,5,1,6,33.55904440000086,1.982185599998047,2.2870957999984967,0.002733100001933053,0.030194499999197433,37.87941359999968,1326,150,0,412,187,300000,0,raw_cases/A150
A151,A,Ours,proto_sw_1_3,swept,simple,7,200006,1,,,4,3,1,4,27.623023699998157,1.2234427999974287,1.1795910999971966,0.001726099999359576,0.02734700000291923,30.068347399999766,819,100,12,298,88,300000,0,raw_cases/A151
A152,A,Ours,proto_sw_1_3,swept,medium,7,200006,1,,,5,4,1,5,27.131759500000044,1.5427565999998478,1.4076947000030486,0.0020279999989725184,0.022935000000870787,30.12188480000259,819,125,14,378,173,300000,0,raw_cases/A152
A153,A,Ours,proto_sw_1_3,swept,rich,7,200006,1,,,6,5,1,6,27.147684600000503,1.8835012000017741,1.9248388999985764,0.002915100001700921,0.024157399999239715,30.99601089999851,819,150,0,760,303,300000,0,raw_cases/A153
A154,A,Ours,proto_sw_1_3,expanded,simple,8,200007,1,,,4,3,1,4,15.956261899998935,1.243870700000116,0.5710985000005167,0.001255800001672469,0.02892299999803072,17.81671209999695,870,100,40,342,114,300000,0,raw_cases/A154
A155,A,Ours,proto_sw_1_3,expanded,medium,8,200007,1,,,5,4,1,5,15.871031400001812,1.643625199998496,2.0986382000010053,0.0030941000004531816,0.026475700000446523,19.660313899999892,870,125,55,1009,154,300000,0,raw_cases/A155
A156,A,Ours,proto_sw_1_3,expanded,rich,8,200007,1,,,6,5,1,6,15.920703200001299,1.8507259999969392,4.058737999999721,0.004037599999719532,0.028376700000080746,21.875436000002082,870,150,55,1317,328,300000,0,raw_cases/A156
A157,A,Ours,proto_sw_1_3,compact,simple,8,200007,1,,,4,3,1,4,31.474268000001757,1.2109014999987266,2.05764050000289,0.0023836000000301283,0.026220700001431396,34.788300700001855,1336,100,72,484,116,300000,0,raw_cases/A157
A158,A,Ours,proto_sw_1_3,compact,medium,8,200007,1,,,6,5,1,6,31.3756386999994,1.9238588999978674,3.1929822000020067,0.002979500000947155,0.030143600000883453,36.53891989999829,1336,150,130,1031,198,300000,0,raw_cases/A158
A159,A,Ours,proto_sw_1_3,compact,rich,8,200007,1,,,6,5,1,6,31.301082400001178,1.8962558999992325,2.4302056000015,0.0034873000004154164,0.029488000000128523,35.68282899999758,1336,150,51,494,247,300000,0,raw_cases/A159
A160,A,Ours,proto_sw_1_3,swept,simple,8,200007,1,,,4,3,1,4,28.0517918000005,1.279900199999247,1.4886998000001768,0.0025106000030064024,0.02422870000009425,30.861365400000068,814,100,0,409,133,300000,0,raw_cases/A160
A161,A,Ours,proto_sw_1_3,swept,medium,8,200007,1,,,5,4,1,5,27.76842680000118,1.5882486999980756,2.3713406000024406,0.0039146999988588504,0.029446799999277573,31.778995199998462,814,125,296,540,231,300000,0,raw_cases/A161
A162,A,Ours,proto_sw_1_3,swept,rich,8,200007,1,,,6,5,1,6,42.04360430000088,1.9979390000007697,2.9527501999982633,0.003144800000882242,0.024479299998347415,47.036701999997604,814,150,372,733,69,300000,0,raw_cases/A162
A163,A,Ours,proto_sw_1_3,expanded,simple,9,200008,1,,,4,3,1,4,15.278349000000162,1.2489524000011443,0.7389000000002852,0.0019706000020960346,0.025461700002779253,17.307881700002326,862,100,0,258,97,300000,0,raw_cases/A163
A164,A,Ours,proto_sw_1_3,expanded,medium,9,200008,1,,,5,4,1,5,15.466011600001366,1.615480699998443,1.1245936999985133,0.002732799999648705,0.024037999999563908,18.24973559999853,862,125,0,406,166,300000,0,raw_cases/A164
A165,A,Ours,proto_sw_1_3,expanded,rich,9,200008,1,,,6,5,1,6,15.380817899997055,1.904731200000242,1.8107278999996197,0.00289859999975306,0.024002599999221275,19.14223579999816,862,150,0,664,209,300000,0,raw_cases/A165
A166,A,Ours,proto_sw_1_3,compact,simple,9,200008,1,,,4,3,1,4,30.41464300000007,1.2534478999987186,1.0928055999975186,0.0022824000006949063,0.023578399999678368,32.807144999998854,1155,100,31,275,101,300000,0,raw_cases/A166
A167,A,Ours,proto_sw_1_3,compact,medium,9,200008,1,,,6,5,2,6,30.4296918,1.9275704000028782,2.8768187999994552,0.0031579999995301478,0.026265299999067793,35.27956859999904,1155,150,200,895,363,300000,0,raw_cases/A167
A168,A,Ours,proto_sw_1_3,compact,rich,9,200008,1,,,6,5,1,6,30.3402634999984,1.8870590000005905,3.049775599996792,0.004380399997899076,0.03427409999858355,35.335439999998925,1155,150,372,1091,195,300000,0,raw_cases/A168
A169,A,Ours,proto_sw_1_3,swept,simple,9,200008,1,,,4,3,1,4,27.21848339999997,1.2989345000023604,0.8477177999993728,0.002347699999518227,0.026577599997835932,29.40694070000245,888,100,7,247,112,300000,0,raw_cases/A169
A170,A,Ours,proto_sw_1_3,swept,medium,9,200008,1,,,5,4,1,5,27.074223299998266,1.5869807999988552,1.4611141000023053,0.0028366999977151863,0.0281963999987056,30.171430800000962,888,125,0,514,141,300000,0,raw_cases/A170
A171,A,Ours,proto_sw_1_3,swept,rich,9,200008,1,,,6,5,1,6,27.204083999997238,1.9297106000012718,2.4075234000010823,0.002908999998908257,0.03071480000289739,31.589541100001952,888,150,72,773,280,300000,0,raw_cases/A171
A172,A,Ours,proto_sw_1_3,expanded,simple,10,200009,1,,,4,3,1,4,17.032233400001132,1.2869967000006,0.8235590000003867,0.001719500000035623,0.027040600001782877,19.18939390000014,868,100,0,440,206,300000,0,raw_cases/A172
A173,A,Ours,proto_sw_1_3,expanded,medium,10,200009,1,,,6,4,2,6,28.441703600001347,1.866858500001399,1.1583049000000756,0.0025788999992073514,0.028456899999582674,31.511191199999303,868,150,80,562,889,300000,0,raw_cases/A173
A174,A,Ours,proto_sw_1_3,expanded,rich,10,200009,1,,,6,4,2,6,28.524479299998347,1.8420909000014944,2.4635293999999703,0.00389030000224011,0.03354830000171205,32.8825934000015,868,150,0,684,688,300000,0,raw_cases/A174
A175,A,Ours,proto_sw_1_3,compact,simple,10,200009,1,,,4,3,1,4,35.876873199998954,1.2973869999987073,1.4634793999975955,0.003012799999851268,0.028555500000948086,38.68535669999983,1127,100,258,490,151,300000,0,raw_cases/A175
A176,A,Ours,proto_sw_1_3,compact,medium,10,200009,1,,,6,4,2,6,36.063675299999886,1.9055063000014343,2.447657900000195,0.00667069999690284,0.02958510000098613,40.47058079999988,1127,150,27,705,810,300000,0,raw_cases/A176
A177,A,Ours,proto_sw_1_3,compact,rich,10,200009,1,,,6,4,2,6,35.74928469999941,1.904735799998889,2.863068899998325,0.007484599998861086,0.02643800000078045,40.568104400001175,1127,150,0,495,733,300000,0,raw_cases/A177
A178,A,Ours,proto_sw_1_3,swept,simple,10,200009,1,,,4,3,1,4,26.32591229999889,1.243033100003231,1.5150457999989158,0.0025912000019161496,0.026438199998665368,29.131054699999368,822,100,0,682,98,300000,0,raw_cases/A178
A179,A,Ours,proto_sw_1_3,swept,medium,10,200009,1,,,6,4,2,6,42.27600049999819,1.8945954000009806,2.671007799999643,0.003944299998693168,0.029554699998698197,46.890240099997754,822,150,110,900,483,300000,0,raw_cases/A179
A180,A,Ours,proto_sw_1_3,swept,rich,10,200009,1,,,6,4,2,6,42.22952829999849,1.9622458999983792,2.8366556000000855,0.004476600002817577,0.029404600001726067,47.07568099999844,822,150,1,613,1076,300000,0,raw_cases/A180
A181,A,Ours,proto_sw_2_3,expanded,simple,1,200000,1,,,5,3,2,5,21.149360100000195,1.4268456999998307,6.72774919999938,0.008337800001754658,0.025283099999796832,29.35153949999949,1512,170,743,1792,1318,300000,0,raw_cases/A181
A182,A,Ours,proto_sw_2_3,expanded,medium,1,200000,1,,,6,4,2,6,21.424393000001146,1.699738299997989,5.868389499999466,0.004619100000127219,0.026310100001865067,29.03856359999918,1512,204,0,1455,689,300000,0,raw_cases/A182
A183,A,Ours,proto_sw_2_3,expanded,rich,1,200000,1,,,7,4,4,7,21.31018309999854,2.0559360000006563,8.73335760000191,0.04044729999804986,0.0339968999978737,32.19004910000149,1512,238,446,2320,14813,300000,0,raw_cases/A183
A184,A,Ours,proto_sw_2_3,compact,simple,1,200000,1,,,6,4,2,6,21.511057799998525,1.7995154999989609,1.4587537000006705,0.002626800000143703,0.031135299999732524,24.818270399999165,1476,204,217,650,663,300000,0,raw_cases/A184
A185,A,Ours,proto_sw_2_3,compact,medium,1,200000,1,,,6,4,2,6,21.556835899998987,1.7752021000014793,3.3238329000014346,0.010304200000973651,0.02327069999955711,26.706610099998215,1476,204,159,1083,5052,300000,0,raw_cases/A185
A186,A,Ours,proto_sw_2_3,compact,rich,1,200000,1,,,7,4,4,7,21.765447900001163,1.9861568999986048,9.298027200002252,0.027640699998300988,0.03165660000013304,33.12700019999829,1476,238,393,2107,19202,300000,0,raw_cases/A186
A187,A,Ours,proto_sw_2_3,swept,simple,1,200000,1,,,6,4,2,6,20.4951688000001,1.7384031000001414,3.432911400002922,0.004226199998811353,0.02437379999901168,25.713979299998755,1476,204,583,1239,356,300000,0,raw_cases/A187
A188,A,Ours,proto_sw_2_3,swept,medium,1,200000,1,,,6,4,2,6,20.670239900002343,1.72587890000068,3.8745875999993586,0.007291699999768753,0.023135400002502138,26.32146019999709,1476,204,402,977,988,300000,0,raw_cases/A188
A189,A,Ours,proto_sw_2_3,swept,rich,1,200000,1,,,6,4,3,6,20.58774600000106,1.6978807000014058,5.122021099999984,0.011624499999015825,0.02625609999813605,27.462955499999225,1476,204,90,1405,4954,300000,0,raw_cases/A189
A190,A,Ours,proto_sw_2_3,expanded,simple,2,200001,1,,,5,4,1,5,20.968309600000794,1.4808626000012737,1.5898305999980948,0.003357599998707883,0.02264899999863701,24.07928809999794,1404,170,5,419,273,300000,0,raw_cases/A190
A191,A,Ours,proto_sw_2_3,expanded,medium,2,200001,1,,,6,5,1,6,21.034080800000083,1.6969113999984984,6.671295800002554,0.00350099999923259,0.027198299998417497,29.44874410000193,1404,204,559,2217,374,300000,0,raw_cases/A191
A192,A,Ours,proto_sw_2_3,expanded,rich,2,200001,1,,,6,5,1,6,21.167128799999773,1.6697013000011793,3.729965700000321,0.003516900000249734,0.025364799999806564,26.6091817000015,1404,204,59,1292,605,300000,0,raw_cases/A192
A193,A,Ours,proto_sw_2_3,compact,simple,2,200001,1,,,5,4,1,5,20.883977600002254,1.5006549999998242,2.1057935999997426,0.0021815000000060536,0.0259756000014022,24.53304449999996,1440,170,0,273,168,300000,0,raw_cases/A193
A194,A,Ours,proto_sw_2_3,compact,medium,2,200001,1,,,6,5,1,6,20.925026099997922,1.7187106999990647,2.8445498999972187,0.0035752999974647537,0.022173999997903593,25.529065900002024,1440,204,0,462,195,300000,0,raw_cases/A194
A195,A,Ours,proto_sw_2_3,compact,rich,2,200001,1,,,6,5,1,6,20.89514970000164,1.7684086000008392,8.261204800000996,0.005627900001854869,0.023206099998787977,30.966059099999256,1440,204,616,2498,468,300000,0,raw_cases/A195
A196,A,Ours,proto_sw_2_3,swept,simple,2,200001,1,,,5,4,1,5,22.272445499998867,1.4857698000014352,2.6285843000005116,0.0023413000017171726,0.026700899998104433,26.429372300000978,1476,170,202,643,257,300000,0,raw_cases/A196
A197,A,Ours,proto_sw_2_3,swept,medium,2,200001,1,,,6,5,1,6,22.07612280000103,1.6987535000007483,8.21118370000113,0.0037107000025571324,0.02850620000026538,32.032294299999194,1476,204,574,2450,261,300000,0,raw_cases/A197
A198,A,Ours,proto_sw_2_3,swept,rich,2,200001,1,,,7,6,1,7,21.9999871,1.9893445999987307,7.908951299999899,0.004715399998531211,0.029230599997390527,31.949651200000517,1476,238,134,2240,356,300000,0,raw_cases/A198
A199,A,Ours,proto_sw_2_3,expanded,simple,3,200002,1,,,5,3,2,5,18.641261400000076,1.529884100000345,3.419258300000365,0.006038899999111891,0.02208990000144695,23.631332299999485,1476,170,184,1285,1329,300000,0,raw_cases/A199
A200,A,Ours,proto_sw_2_3,expanded,medium,3,200002,1,,,6,4,3,6,18.796903000002203,1.6965548000007402,6.848198399999092,0.009273200001189252,0.02881080000224756,27.397485499997856,1476,204,312,2312,3178,300000,0,raw_cases/A200
A201,A,Ours,proto_sw_2_3,expanded,rich,3,200002,1,,,7,4,5,7,18.666779999999562,1.9772286000006716,11.866724799998337,0.19352319999961765,0.0338990999989619,32.75790739999866,1476,238,390,3022,88429,300000,0,raw_cases/A201
A202,A,Ours,proto_sw_2_3,compact,simple,3,200002,1,,,5,3,2,5,18.583124900000257,1.4371546000002127,3.320031999999628,0.0038454000023193657,0.03137580000111484,23.394932399998652,1440,170,3,685,130,300000,0,raw_cases/A202
A203,A,Ours,proto_sw_2_3,compact,medium,3,200002,1,,,6,4,3,6,18.648226599998452,1.8715370000027178,5.336972000000969,0.006011299999954645,0.036203600000590086,25.918703199997253,1440,204,234,1450,1124,300000,0,raw_cases/A203
A204,A,Ours,proto_sw_2_3,compact,rich,3,200002,1,,,7,4,4,7,18.72117050000088,2.1185306000006676,7.465310600000521,0.046793500001513166,0.029050099998130463,28.399524300002668,1440,238,109,1632,24343,300000,0,raw_cases/A204
A205,A,Ours,proto_sw_2_3,swept,simple,3,200002,1,,,5,3,3,5,19.494073899997602,1.524662800002261,6.431240699999762,0.008072900000115624,0.028067199997167336,27.501667799999268,1476,170,463,2679,1124,300000,0,raw_cases/A205
A206,A,Ours,proto_sw_2_3,swept,medium,3,200002,1,,,6,4,3,6,19.27891929999896,1.732445199999347,8.190214600002946,0.004698299999290612,0.04378759999963222,29.268112400000973,1476,204,348,2564,801,300000,0,raw_cases/A206
A207,A,Ours,proto_sw_2_3,swept,rich,3,200002,1,,,6,4,2,6,19.647526200002176,1.769245299998147,8.816461500002333,0.021182199998293072,0.025736300001881318,30.294454000002588,1476,204,616,2834,8618,300000,0,raw_cases/A207
A208,A,Ours,proto_sw_2_3,expanded,simple,4,200003,1,,,5,3,2,5,20.84920979999879,1.483206600001722,0.39044949999879464,0.002664700001332676,0.023272000002179993,22.766469999998662,1440,170,36,224,282,300000,0,raw_cases/A208
A209,A,Ours,proto_sw_2_3,expanded,medium,4,200003,1,,,6,4,2,6,20.47694070000216,1.7407580999970378,4.417513499996858,0.022908099999767728,0.024742199999309378,26.70431660000031,1440,204,39,815,7514,300000,0,raw_cases/A209
A210,A,Ours,proto_sw_2_3,expanded,rich,4,200003,1,,,6,4,2,6,20.530475800002023,1.7421802999997453,6.431468500002666,0.014603300001908792,0.031974500001524575,28.765051700000186,1440,204,923,3114,4657,300000,0,raw_cases/A210
A211,A,Ours,proto_sw_2_3,compact,simple,4,200003,1,,,6,4,2,6,19.978555300000153,1.7055125000006228,5.5595288000004075,0.008194599999114871,0.025515499997709412,27.29478509999899,1476,204,563,1827,3850,300000,0,raw_cases/A211
A212,A,Ours,proto_sw_2_3,compact,medium,4,200003,1,,,6,4,2,6,19.71229179999864,1.7709566999983508,2.46987220000301,0.005091899998660665,0.02609680000023218,23.99715659999856,1476,204,32,1109,617,300000,0,raw_cases/A212
A213,A,Ours,proto_sw_2_3,compact,rich,4,200003,1,,,6,4,2,6,19.419756599996617,1.7705010999998194,6.355077699998219,0.008089799997833325,0.02541190000192728,27.59288899999956,1476,204,223,2249,1486,300000,0,raw_cases/A213
A214,A,Ours,proto_sw_2_3,swept,simple,4,200003,1,,,6,4,2,6,20.042021600002045,1.7777385000008508,3.5024283999991894,0.0031103000001166947,0.03041490000032354,25.36990439999863,1476,204,270,1263,360,300000,0,raw_cases/A214
A215,A,Ours,proto_sw_2_3,swept,medium,4,200003,1,,,6,4,2,6,20.036194899999828,1.7245684999979858,4.808387599998241,0.0050694999990810174,0.02746109999861801,26.614503900000273,1476,204,72,1523,1300,300000,0,raw_cases/A215
A216,A,Ours,proto_sw_2_3,swept,rich,4,200003,1,,,6,4,2,6,19.929642999999487,1.738541200000327,8.488384699998278,0.03032840000014403,0.02423349999662605,30.227119800001674,1476,204,135,2979,9968,300000,0,raw_cases/A216
A217,A,Ours,proto_sw_2_3,expanded,simple,5,200004,1,,,5,3,2,5,21.197394099999656,1.4460657000017818,2.9847346999995352,0.0066996999994444195,0.02144659999976284,25.673485100000107,1476,170,361,680,1240,300000,0,raw_cases/A217
A218,A,Ours,proto_sw_2_3,expanded,medium,5,200004,1,,,6,4,2,6,21.290744699999777,1.7233606000008876,4.850181399997382,0.010957300000882242,0.023417500000505242,27.916559500001313,1476,204,365,1281,2641,300000,0,raw_cases/A218
A219,A,Ours,proto_sw_2_3,expanded,rich,5,200004,1,,,6,4,3,6,21.2075683999974,1.8393864999998186,7.120512999998027,0.02301689999876544,0.0252954999996291,30.2293385999983,1476,204,571,2153,15403,300000,0,raw_cases/A219
A220,A,Ours,proto_sw_2_3,compact,simple,5,200004,1,,,6,4,2,6,19.778903499998705,1.7970558999986679,1.6246400999989419,0.004565999999613268,0.03050950000033481,23.250965900002484,1440,204,126,500,445,300000,0,raw_cases/A220
A221,A,Ours,proto_sw_2_3,compact,medium,5,200004,1,,,6,4,2,6,19.8993346999996,1.7597177999996347,2.1602781000001414,0.004061899999214802,0.024744900001678616,23.862515800003166,1440,204,25,663,459,300000,0,raw_cases/A221
A222,A,Ours,proto_sw_2_3,compact,rich,5,200004,1,,,6,4,2,6,19.83589479999864,1.7357363000010082,2.4760569000027317,0.0027330999982950743,0.03062370000043302,24.096676399996795,1440,204,175,780,329,300000,0,raw_cases/A222
A223,A,Ours,proto_sw_2_3,swept,simple,5,200004,1,,,6,4,2,6,20.47480859999996,1.739674099997501,5.771083299998281,0.003801700000622077,0.028877400000055786,28.031455399999686,1440,204,507,1943,494,300000,0,raw_cases/A223
A224,A,Ours,proto_sw_2_3,swept,medium,5,200004,1,,,6,4,2,6,20.553983500001777,1.7681549999979325,2.4981647999993584,0.0076539000001503155,0.03243250000014086,24.880205400000705,1440,204,63,633,610,300000,0,raw_cases/A224
A225,A,Ours,proto_sw_2_3,swept,rich,5,200004,1,,,6,4,2,6,20.222381999999925,1.7764820999982476,3.3629438999996637,0.01259339999887743,0.02832470000066678,25.421021199999814,1440,204,98,847,7209,300000,0,raw_cases/A225
A226,A,Ours,proto_sw_2_3,expanded,simple,6,200005,1,,,6,4,4,6,19.815566899997066,1.8730705000016314,2.5800108999974327,0.01447800000096322,0.03305569999793079,24.33127009999953,1476,204,90,233,1493,300000,0,raw_cases/A226
A227,A,Ours,proto_sw_2_3,expanded,medium,6,200005,1,,,6,4,2,6,19.93944779999947,1.795392299998639,5.503468300001259,0.007262899998750072,0.028473200000007637,27.288514899999427,1476,204,403,2454,1615,300000,0,raw_cases/A227
A228,A,Ours,proto_sw_2_3,expanded,rich,6,200005,1,,,6,4,2,6,19.954655400000775,1.7459800000033283,6.317113999997673,0.008640200001536869,0.03187239999897429,28.074551199999405,1476,204,179,1708,2127,300000,0,raw_cases/A228
A229,A,Ours,proto_sw_2_3,compact,simple,6,200005,1,,,6,4,2,6,19.188458799999353,1.7372221000005084,3.1162662000024284,0.010087700000440236,0.02428449999933946,24.0900776999988,1440,204,152,738,2809,300000,0,raw_cases/A229
A230,A,Ours,proto_sw_2_3,compact,medium,6,200005,1,,,6,4,3,6,18.99856709999949,1.7565907999996853,3.630572800000664,0.009580599999026163,0.028574899999512127,24.43899270000111,1440,204,312,1294,2446,300000,0,raw_cases/A230
A231,A,Ours,proto_sw_2_3,compact,rich,6,200005,1,,,7,5,2,7,19.10559099999955,2.0524068999984593,4.766826999999466,0.010018799999670591,0.03172950000225683,25.980358599998,1440,238,134,1260,5134,300000,0,raw_cases/A231
A232,A,Ours,proto_sw_2_3,swept,simple,6,200005,1,,,6,4,2,6,19.41716219999944,1.7158529999978782,2.5536056000019016,0.007851899998058798,0.026060600001073908,23.736913499997172,1440,204,53,726,3194,300000,0,raw_cases/A232
A233,A,Ours,proto_sw_2_3,swept,medium,6,200005,1,,,6,4,2,6,19.309910899999522,1.7896914999982982,7.826605599999311,0.004676199998357333,0.026073400000313995,28.97031629999765,1440,204,169,2022,581,300000,0,raw_cases/A233
A234,A,Ours,proto_sw_2_3,swept,rich,6,200005,1,,,6,4,2,6,19.144200999999157,1.7398344000030193,6.041179399999237,0.009705799999210285,0.02826160000040545,26.980428300001222,1440,204,155,1416,3353,300000,0,raw_cases/A234
A235,A,Ours,proto_sw_2_3,expanded,simple,7,200006,1,,,5,4,1,5,18.515702100001363,1.5126454999990528,4.269418900003075,0.00399719999768422,0.02523289999953704,24.34447200000068,1476,170,232,1398,489,300000,0,raw_cases/A235
A236,A,Ours,proto_sw_2_3,expanded,medium,7,200006,1,,,6,5,1,6,18.48720830000093,1.8013284000007843,3.328946599998744,0.008000999998330371,0.028863199997431366,23.671048500000325,1476,204,198,1024,74,300000,0,raw_cases/A236
A237,A,Ours,proto_sw_2_3,expanded,rich,7,200006,1,,,7,6,1,7,18.675936799998453,2.0636419000002206,4.164786800000002,0.003073600000789156,0.03163710000080755,24.95568529999946,1476,238,505,1830,306,300000,0,raw_cases/A237
A238,A,Ours,proto_sw_2_3,compact,simple,7,200006,1,,,6,5,1,6,19.494850600000063,1.7974477000025217,2.2555328000016743,0.002634199998283293,0.02482410000084201,23.588318900001468,1476,204,38,644,205,300000,0,raw_cases/A238
A239,A,Ours,proto_sw_2_3,compact,medium,7,200006,1,,,6,5,1,6,19.523983999999473,1.7137455999982194,5.750919199999771,0.003203100000973791,0.024228399997809902,27.02969099999973,1476,204,469,2217,315,300000,0,raw_cases/A239
A240,A,Ours,proto_sw_2_3,compact,rich,7,200006,1,,,7,6,2,7,19.362256600001274,2.0770941999981005,6.580131300001085,0.00438150000263704,0.02772710000135703,28.065379100000428,1476,238,696,2226,359,300000,0,raw_cases/A240
A241,A,Ours,proto_sw_2_3,swept,simple,7,200006,1,,,5,4,2,5,18.621309699999983,1.4639351999976498,5.559244600000966,0.0061727000029350165,0.025853400002233684,25.69245790000059,1476,170,498,2187,1015,300000,0,raw_cases/A241
A242,A,Ours,proto_sw_2_3,swept,medium,7,200006,1,,,6,5,1,6,18.506100600003265,1.7540530999976909,6.651363200002379,0.005542300001252443,0.026301599998987513,26.95631250000224,1476,204,167,1712,364,300000,0,raw_cases/A242
A243,A,Ours,proto_sw_2_3,swept,rich,7,200006,1,,,6,5,1,6,18.176132199998392,1.823116100000334,6.040145700000721,0.003717800002050353,0.023436200001015095,26.07937419999871,1476,204,422,1586,352,300000,0,raw_cases/A243
A244,A,Ours,proto_sw_2_3,expanded,simple,8,200007,1,,,5,4,1,5,23.692178799999965,1.4001040000002831,3.54187119999915,0.002577800001745345,0.026896600000327453,28.676098300002195,1476,170,120,924,420,300000,0,raw_cases/A244
A245,A,Ours,proto_sw_2_3,expanded,medium,8,200007,1,,,6,5,2,6,23.680211200000485,1.7626501999984612,6.613968100002239,0.008694100000866456,0.03344670000296901,32.11610700000165,1476,204,385,1616,1050,300000,0,raw_cases/A245
A246,A,Ours,proto_sw_2_3,expanded,rich,8,200007,1,,,6,5,1,6,23.813765099999728,1.7407830999982252,9.904737400000158,0.007942000000184635,0.03001350000340608,35.51594850000038,1476,204,665,3363,1840,300000,0,raw_cases/A246
A247,A,Ours,proto_sw_2_3,compact,simple,8,200007,1,,,6,5,1,6,21.869248099999822,1.7126418999978341,6.926248100000521,0.005761699998402037,0.022401400001399452,30.5763025999986,1440,204,304,2410,548,300000,0,raw_cases/A247
A248,A,Ours,proto_sw_2_3,compact,medium,8,200007,1,,,6,5,1,6,21.762704299999314,1.749541599998338,3.9766730000010284,0.004504000000451924,0.024664700002176687,27.531366900002467,1440,204,56,1402,532,300000,0,raw_cases/A248
A249,A,Ours,proto_sw_2_3,compact,rich,8,200007,1,,,6,5,1,6,21.756865999999718,1.8038004000009096,4.6955057999985,0.009928699997544754,0.02320029999827966,28.30892180000228,1440,204,23,1018,403,300000,0,raw_cases/A249
A250,A,Ours,proto_sw_2_3,swept,simple,8,200007,1,,,5,4,2,5,23.821393599999283,1.4831633000030706,5.192162699997425,0.0029304000017873477,0.03508489999876474,30.54754369999864,1440,170,234,1763,230,300000,0,raw_cases/A250
A251,A,Ours,proto_sw_2_3,swept,medium,8,200007,1,,,6,5,1,6,23.80830109999806,1.7291222999992897,10.37034979999953,0.006782499996916158,0.023351199997705407,35.951832799997646,1440,204,255,3854,654,300000,0,raw_cases/A251
A252,A,Ours,proto_sw_2_3,swept,rich,8,200007,1,,,6,5,1,6,23.893824299997505,1.6823402000009082,9.182532799997716,0.005138299999089213,0.02330960000108462,34.80259720000322,1440,204,291,3204,955,300000,0,raw_cases/A252
A253,A,Ours,proto_sw_2_3,expanded,simple,9,200008,1,,,6,5,1,6,20.43787389999852,1.7842839999975695,3.263771399997495,0.006015500002831686,0.024943100001109997,25.530364299997018,1476,204,124,932,537,300000,0,raw_cases/A253
A254,A,Ours,proto_sw_2_3,expanded,medium,9,200008,1,,,6,5,1,6,20.455973600001016,1.7687539999969886,5.690755200001149,0.004650700000638608,0.02273829999830923,27.959479799999826,1476,204,51,1832,212,300000,0,raw_cases/A254
A255,A,Ours,proto_sw_2_3,expanded,rich,9,200008,1,,,7,6,1,7,20.27529080000022,2.0088933000006364,7.949640800001362,0.004642399999283953,0.028205199996591546,30.285982199999125,1476,238,324,2363,528,300000,0,raw_cases/A255
A256,A,Ours,proto_sw_2_3,compact,simple,9,200008,1,,,6,5,1,6,19.710031500002515,1.7593133999980637,6.127150599997549,0.004284300001017982,0.03129070000068168,27.64569549999942,1440,204,448,2085,1041,300000,0,raw_cases/A256
A257,A,Ours,proto_sw_2_3,compact,medium,9,200008,1,,,6,5,1,6,19.55461640000067,1.7100210000025982,6.687163299997337,0.006200300002092263,0.03221710000070743,28.00860179999654,1440,204,450,2430,304,300000,0,raw_cases/A257
A258,A,Ours,proto_sw_2_3,compact,rich,9,200008,1,,,7,6,1,7,19.476554299999407,2.0504881999986537,8.97458810000171,0.004674600000726059,0.02577249999740161,30.548077299998113,1440,238,479,3169,374,300000,0,raw_cases/A258
A259,A,Ours,proto_sw_2_3,swept,simple,9,200008,1,,,5,4,1,5,20.109256100000493,1.5165796000001137,3.9943196999993233,0.004319399999076268,0.023956100001669256,25.663669100002153,1440,170,626,1784,373,300000,0,raw_cases/A259
A260,A,Ours,proto_sw_2_3,swept,medium,9,200008,1,,,6,5,1,6,20.055092000002332,1.8041723999995156,3.46767170000021,0.0027006000018445775,0.03116030000091996,25.37684369999988,1440,204,282,1585,249,300000,0,raw_cases/A260
A261,A,Ours,proto_sw_2_3,swept,rich,9,200008,1,,,6,5,1,6,20.330180500001006,1.7797618999975384,4.842874899997696,0.006368300000758609,0.033118700001068646,27.01046100000167,1440,204,209,1531,726,300000,0,raw_cases/A261
A262,A,Ours,proto_sw_2_3,expanded,simple,10,200009,1,,,6,4,3,6,19.587256399998296,1.8340337999979965,2.5249000000003434,0.005783500000688946,0.02929279999807477,23.999069299999974,1440,204,139,594,503,300000,0,raw_cases/A262
A263,A,Ours,proto_sw_2_3,expanded,medium,10,200009,1,,,6,4,2,6,19.74754120000216,1.7509217000006174,2.1091097999997146,0.004018499999801861,0.031060099998285295,23.656595199998264,1440,204,216,735,583,300000,0,raw_cases/A263
A264,A,Ours,proto_sw_2_3,expanded,rich,10,200009,1,,,6,4,2,6,19.676220500001364,1.7388711999992665,9.109481600000436,0.007449799999449169,0.03210330000001704,30.583041300000332,1440,204,507,3446,1643,300000,0,raw_cases/A264
A265,A,Ours,proto_sw_2_3,compact,simple,10,200009,1,,,6,4,2,6,19.58300330000202,1.8529383999994025,2.374994300000253,0.007610100001329556,0.025081499999942025,23.859916500001418,1476,204,112,651,546,300000,0,raw_cases/A265
A266,A,Ours,proto_sw_2_3,compact,medium,10,200009,1,,,6,4,2,6,19.76801070000147,1.794438299999456,4.510268500001985,0.009133999999903608,0.024905199999921024,26.11960850000105,1476,204,80,1350,2979,300000,0,raw_cases/A266
A267,A,Ours,proto_sw_2_3,compact,rich,10,200009,1,,,6,4,2,6,19.77027100000123,1.889863600001263,7.353939399999945,0.005836500000441447,0.030547400001523783,29.071156800000608,1476,204,246,2417,749,300000,0,raw_cases/A267
A268,A,Ours,proto_sw_2_3,swept,simple,10,200009,1,,,6,4,2,6,19.209090799999103,1.8717157999999472,5.960051499998372,0.0065467999993416015,0.028580600002896972,27.092934799999057,1476,204,364,1566,1756,300000,0,raw_cases/A268
A269,A,Ours,proto_sw_2_3,swept,medium,10,200009,1,,,6,4,2,6,19.19124699999884,1.8489009000004444,7.066159300000436,0.0105321000010008,0.026997100001608487,28.159442899999704,1476,204,517,2453,4328,300000,0,raw_cases/A269
A270,A,Ours,proto_sw_2_3,swept,rich,10,200009,1,,,6,4,2,6,19.42865229999734,1.8195049000023573,1.968619299997954,0.005426100000477163,0.025086499997996725,23.261878699999215,1476,204,0,685,1419,300000,0,raw_cases/A270
A271,A,Ours,proto_sw_3_1,expanded,simple,1,200000,1,,,5,3,2,5,10.345763600002101,1.459812500001135,1.3753735999998753,0.005444499998702668,0.027382799999031704,13.231078500000876,1299,125,0,177,310,300000,0,raw_cases/A271
A272,A,Ours,proto_sw_3_1,expanded,medium,1,200000,1,,,5,3,2,5,10.402004800002032,1.3830511999985902,4.366637700000865,0.0031816999980947003,0.029504300000553485,16.19764739999664,1299,125,0,650,478,300000,0,raw_cases/A272
A273,A,Ours,proto_sw_3_1,expanded,rich,1,200000,1,,,6,4,3,6,10.528435100000934,1.6566029000023264,7.327320500000496,0.005936699999438133,0.027346000002580695,19.56091910000032,1299,150,0,1905,636,300000,0,raw_cases/A273
A274,A,Ours,proto_sw_3_1,compact,simple,1,200000,1,,,6,4,3,6,14.73834160000115,1.725035499999649,5.444669799999247,0.013187000000471016,0.031720999999379274,21.96798149999813,1218,150,663,1188,614,300000,0,raw_cases/A274
A275,A,Ours,proto_sw_3_1,compact,medium,1,200000,1,,,6,4,3,6,14.712229000000661,1.7014467999979388,4.760818599999766,0.004810900001757545,0.03175849999752245,21.24007200000051,1218,150,525,1299,253,300000,0,raw_cases/A275
A276,A,Ours,proto_sw_3_1,compact,rich,1,200000,1,,,6,4,2,6,14.612379099999089,1.7745747999979358,7.525026100000105,0.007843599996704143,0.03408999999737716,23.971438399999897,1218,150,341,2155,1140,300000,0,raw_cases/A276
A277,A,Ours,proto_sw_3_1,swept,simple,1,200000,1,,,5,3,3,5,15.254700699999376,1.4509079999988899,4.203771600001346,0.014857400001346832,0.03198560000237194,20.974003899998934,1254,125,275,1050,6168,300000,0,raw_cases/A277
A278,A,Ours,proto_sw_3_1,swept,medium,1,200000,1,,,6,4,2,6,15.154258600003232,1.7020983999973396,3.6477646000021196,0.004203499996947357,0.032555500001762994,20.554402499998105,1254,150,15,620,1056,300000,0,raw_cases/A278
A279,A,Ours,proto_sw_3_1,swept,rich,1,200000,1,,,6,4,2,6,15.089644599996973,1.6886492999983602,6.184419599998364,0.005532800001674332,0.034421099997416604,23.019869499999913,1254,150,343,1874,203,300000,0,raw_cases/A279
A280,A,Ours,proto_sw_3_1,expanded,simple,2,200001,1,,,5,4,1,5,9.562588000000687,1.4168271999988065,1.0246344000006502,0.002496400000381982,0.02642339999874821,12.051872800002457,1366,125,24,326,132,300000,0,raw_cases/A280
A281,A,Ours,proto_sw_3_1,expanded,medium,2,200001,1,,,6,5,1,6,9.666462899996986,1.670922299999802,4.5194453000003705,0.008655199999338947,0.028819699997256976,15.90758089999872,1366,150,218,1231,208,300000,0,raw_cases/A281
A282,A,Ours,proto_sw_3_1,expanded,rich,2,200001,1,,,6,5,1,6,9.679056799999671,1.757184199999756,3.13913329999923,0.004928999998810468,0.02896840000175871,14.624381300000096,1366,150,34,533,235,300000,0,raw_cases/A282
A283,A,Ours,proto_sw_3_1,compact,simple,2,200001,1,,,6,5,1,6,13.300030399997922,1.7148969000008947,6.381212100000994,0.003770399998757057,0.029466200001479592,21.446372499998688,1260,150,42,820,200,300000,0,raw_cases/A283
A284,A,Ours,proto_sw_3_1,compact,medium,2,200001,1,,,6,5,2,6,13.18098060000193,1.737206599998899,5.088323500000115,0.002668200002517551,0.033174700001836754,20.061079099999915,1260,150,348,1029,219,300000,0,raw_cases/A284
A285,A,Ours,proto_sw_3_1,compact,rich,2,200001,1,,,6,5,1,6,13.118845099997998,1.6820392000008724,4.552511600002617,0.005108999997901265,0.027164499999344116,19.402401699997426,1260,150,288,1324,339,300000,0,raw_cases/A285
A286,A,Ours,proto_sw_3_1,swept,simple,2,200001,1,,,6,5,1,6,14.457159499997942,1.6893438000006427,4.781491399997321,0.002545899998949608,0.024367400001210626,20.97118000000046,1319,150,183,1052,156,300000,0,raw_cases/A286
A287,A,Ours,proto_sw_3_1,swept,medium,2,200001,1,,,6,5,1,6,14.515493200000492,1.7788680999983626,5.840575000001991,0.003188300001056632,0.025783000000956235,22.177112399996986,1319,150,305,1598,174,300000,0,raw_cases/A287
A288,A,Ours,proto_sw_3_1,swept,rich,2,200001,1,,,7,6,1,7,14.44682770000145,1.9958478000007744,6.5874938999986625,0.004669199999625562,0.025280499998189043,23.07391009999992,1319,175,411,1331,1465,300000,0,raw_cases/A288
A289,A,Ours,proto_sw_3_1,expanded,simple,3,200002,1,,,5,3,2,5,8.730520299999625,1.4380739999978687,3.5533059000008507,0.00903929999913089,0.02642530000230181,13.773944099997607,1299,125,83,706,2043,300000,0,raw_cases/A289
A290,A,Ours,proto_sw_3_1,expanded,medium,3,200002,1,,,6,4,2,6,8.410312500000146,1.7157196000007389,2.386158900000737,0.004005800001323223,0.030249499999627005,12.561131499998737,1299,150,336,878,1534,300000,0,raw_cases/A290
A291,A,Ours,proto_sw_3_1,expanded,rich,3,200002,1,,,6,4,2,6,8.656387299997732,1.7114595999992162,2.3833214000005682,0.005224700002145255,0.0327930000021297,12.803165999997873,1299,150,336,878,1534,300000,0,raw_cases/A291
A292,A,Ours,proto_sw_3_1,compact,simple,3,200002,1,,,5,3,3,5,12.290229700000054,1.40009690000079,1.7827393999978085,0.0031669000018155202,0.025892099998600315,15.516763999999966,1256,125,178,644,391,300000,0,raw_cases/A292
A293,A,Ours,proto_sw_3_1,compact,medium,3,200002,1,,,6,4,2,6,12.339458300000842,1.720991199999844,5.348729800000001,0.006433999998989748,0.02758209999956307,19.46105549999993,1256,150,55,979,1087,300000,0,raw_cases/A293
A294,A,Ours,proto_sw_3_1,compact,rich,3,200002,1,,,6,4,3,6,12.301088799998979,1.7171588000019256,5.5650191999993694,0.013920699999289354,0.03698150000127498,19.654327600001125,1256,150,414,1690,8574,300000,0,raw_cases/A294
A295,A,Ours,proto_sw_3_1,swept,simple,3,200002,1,,,6,4,2,6,12.603523300000234,1.6614082000014605,2.884292300001107,0.004332399999839254,0.028754499999195104,17.201498599999468,1284,150,290,662,2021,300000,0,raw_cases/A295
A296,A,Ours,proto_sw_3_1,swept,medium,3,200002,1,,,6,4,3,6,12.632973100000527,1.769251699999586,4.149804299999232,0.0076509999998961575,0.02851820000068983,18.60401980000097,1284,150,140,1077,3740,300000,0,raw_cases/A296
A297,A,Ours,proto_sw_3_1,swept,rich,3,200002,1,,,6,4,2,6,12.763766000000032,1.6897237000011955,4.278106300000218,0.0033634999999776483,0.0301833000012266,18.77841510000144,1284,150,294,1188,1530,300000,0,raw_cases/A297
A298,A,Ours,proto_sw_3_1,expanded,simple,4,200003,1,,,5,3,2,5,9.816549700000905,1.4946464000022388,3.3440900999994483,0.005394900003011571,0.028052199999365257,14.701981099999102,1360,125,20,758,1313,300000,0,raw_cases/A298
A299,A,Ours,proto_sw_3_1,expanded,medium,4,200003,1,,,6,4,2,6,10.007545899999968,1.6929384999966715,5.491760799999611,0.007797300000675023,0.029095300000335556,17.247902499999327,1360,150,286,1002,2467,300000,0,raw_cases/A299
A300,A,Ours,proto_sw_3_1,expanded,rich,4,200003,1,,,6,4,2,6,10.06436389999726,1.7624567999991996,1.5700629999992088,0.0026921000026050024,0.0282839999999851,13.442113000000973,1360,150,413,723,277,300000,0,raw_cases/A300
A301,A,Ours,proto_sw_3_1,compact,simple,4,200003,1,,,5,3,3,5,9.379182100001344,1.3937738999993599,4.845248100002209,0.004638700000214158,0.028630100001464598,15.669803500000853,1366,125,505,790,429,300000,0,raw_cases/A301
A302,A,Ours,proto_sw_3_1,compact,medium,4,200003,1,,,6,4,2,6,9.552179300000716,1.7155654999987746,9.70540770000298,0.008938599999964936,0.03427499999816064,21.03144170000087,1366,150,908,2055,2500,300000,0,raw_cases/A302
A303,A,Ours,proto_sw_3_1,compact,rich,4,200003,1,,,6,4,2,6,9.32835850000265,1.7284032000025036,6.470168399999238,0.005448299998533912,0.03222019999884651,17.57892290000018,1366,150,675,1771,1424,300000,0,raw_cases/A303
A304,A,Ours,proto_sw_3_1,swept,simple,4,200003,1,,,5,3,2,5,9.435810199996922,1.4332182999969518,4.276385400000436,0.005357599999115337,0.02790590000222437,15.194448300000658,1334,125,258,820,226,300000,0,raw_cases/A304
A305,A,Ours,proto_sw_3_1,swept,medium,4,200003,1,,,6,4,3,6,9.257810600000084,1.6622238000018115,2.7819681000000855,0.0064272999989043456,0.037403300000733,13.771792200001073,1334,150,181,597,2245,300000,0,raw_cases/A305
A306,A,Ours,proto_sw_3_1,swept,rich,4,200003,1,,,6,4,2,6,9.20984849999877,1.6905298999990919,3.6413217000008444,0.004514200001722202,0.025415899999643443,14.58580129999973,1334,150,159,600,242,300000,0,raw_cases/A306
A307,A,Ours,proto_sw_3_1,expanded,simple,5,200004,1,,,5,3,2,5,10.628010899999936,1.3515968000028806,4.624816200001078,0.0034793999984685797,0.025125000000116415,16.64595349999945,1354,125,138,1259,241,300000,0,raw_cases/A307
A308,A,Ours,proto_sw_3_1,expanded,medium,5,200004,1,,,5,3,2,5,10.66945990000022,1.4171625999988464,6.273531599999842,0.006114600000728387,0.027506399997946573,18.412959199999023,1354,125,126,1029,799,300000,0,raw_cases/A308
A309,A,Ours,proto_sw_3_1,expanded,rich,5,200004,1,,,5,3,2,5,10.689418100002513,1.4098149000019475,6.318672599998536,0.004404600000270875,0.028168299999379087,18.46466639999926,1354,125,126,1029,799,300000,0,raw_cases/A309
A310,A,Ours,proto_sw_3_1,compact,simple,5,200004,1,,,5,3,2,5,10.283052699996915,1.4807852000012645,1.525398400000995,0.0034986999999091495,0.02582769999935408,13.33235870000135,1310,125,226,561,367,300000,0,raw_cases/A310
A311,A,Ours,proto_sw_3_1,compact,medium,5,200004,1,,,6,4,2,6,10.167083600001206,1.758544999996957,1.1382956000015838,0.002019700001255842,0.03603500000099302,13.117712100000062,1310,150,60,286,188,300000,0,raw_cases/A311
A312,A,Ours,proto_sw_3_1,compact,rich,5,200004,1,,,6,4,2,6,10.339341799997783,1.7160737000012887,0.4598020999983419,0.0019462000018393155,0.032136800000444055,12.565669600000547,1310,150,48,98,217,300000,0,raw_cases/A312
A313,A,Ours,proto_sw_3_1,swept,simple,5,200004,1,,,6,4,3,6,15.548049199998786,1.6945352000002458,1.6910134999998263,0.003894500001479173,0.028106300000217743,18.979791099998693,1238,150,138,303,1045,300000,0,raw_cases/A313
A314,A,Ours,proto_sw_3_1,swept,medium,5,200004,1,,,6,4,2,6,15.508352100001503,1.6727489000004425,3.2243808999992325,0.004976399999577552,0.025580400000762893,20.451560299999983,1238,150,288,816,1348,300000,0,raw_cases/A314
A315,A,Ours,proto_sw_3_1,swept,rich,5,200004,1,,,7,4,3,7,15.52942080000139,2.0265351999987615,6.966465299999982,0.006089399998018052,0.026642799999535782,24.570135100002517,1238,175,584,2305,1673,300000,0,raw_cases/A315
A316,A,Ours,proto_sw_3_1,expanded,simple,6,200005,1,,,5,3,3,5,10.93944289999854,1.4761130999977468,2.6735674000010476,0.00397520000115037,0.02673499999946216,15.134941099997377,1434,125,157,836,571,300000,0,raw_cases/A316
A317,A,Ours,proto_sw_3_1,expanded,medium,6,200005,1,,,6,4,2,6,10.914351200000965,1.6995029999998224,3.477790400000231,0.010992599996825447,0.035831000001053326,16.158473100000265,1434,150,41,1131,575,300000,0,raw_cases/A317
A318,A,Ours,proto_sw_3_1,expanded,rich,6,200005,1,,,6,4,2,6,10.783135200003017,1.6706297999990056,10.128135499999189,0.008276500000647502,0.032253199999104254,22.637972700002138,1434,150,314,2318,1431,300000,0,raw_cases/A318
A319,A,Ours,proto_sw_3_1,compact,simple,6,200005,1,,,6,4,2,6,10.724885899999208,1.7215956000000006,2.3564617000010912,0.003478999999060761,0.025835800002823817,14.846208700000716,1364,150,211,665,601,300000,0,raw_cases/A319
A320,A,Ours,proto_sw_3_1,compact,medium,6,200005,1,,,6,4,2,6,10.743702600000688,1.6656941000001098,2.377712600002269,0.0035949000011896715,0.03488710000237916,14.839971700002934,1364,150,261,743,397,300000,0,raw_cases/A320
A321,A,Ours,proto_sw_3_1,compact,rich,6,200005,1,,,6,4,2,6,10.844605300000694,1.669614599999477,4.149356500001886,0.011979999999311985,0.026199300002190284,16.7214501999988,1364,150,606,1185,4514,300000,0,raw_cases/A321
A322,A,Ours,proto_sw_3_1,swept,simple,6,200005,1,,,6,4,2,6,10.735165699999925,1.7369173000006413,2.0901028999978735,0.004469899999094196,0.025853799998003524,14.60800670000026,1357,150,330,664,965,300000,0,raw_cases/A322
A323,A,Ours,proto_sw_3_1,swept,medium,6,200005,1,,,6,4,3,6,10.723665400000755,1.7161503999996057,7.19123540000146,0.004219300000841031,0.0277155000003404,19.685436600000685,1357,150,374,2137,524,300000,0,raw_cases/A323
A324,A,Ours,proto_sw_3_1,swept,rich,6,200005,1,,,6,4,2,6,10.818629299999884,1.772343999997247,2.853104000001622,0.0030963999997766223,0.032797399999253685,15.497187299999496,1357,150,133,921,280,300000,0,raw_cases/A324
A325,A,Ours,proto_sw_3_1,expanded,simple,7,200006,1,,,5,4,1,5,10.9118739000005,1.4600943000004918,2.4814673000000766,0.0019491000020934734,0.028166600000986364,14.899033400000917,1387,125,88,273,249,300000,0,raw_cases/A325
A326,A,Ours,proto_sw_3_1,expanded,medium,7,200006,1,,,6,5,1,6,11.186640799998713,1.7749756000011985,2.6080710999995063,0.00240019999910146,0.027816000001621433,15.614990800000669,1387,150,88,256,318,300000,0,raw_cases/A326
A327,A,Ours,proto_sw_3_1,expanded,rich,7,200006,1,,,6,5,1,6,11.03974449999805,1.762714500000584,5.448714800000744,0.0026751000004878733,0.024849099998391466,18.332636800001637,1387,150,281,945,169,300000,0,raw_cases/A327
A328,A,Ours,proto_sw_3_1,compact,simple,7,200006,1,,,5,4,1,5,17.740387800000462,1.4849787999992259,0.8443167000004905,0.0019522999973560218,0.027413799998612376,20.116785499998514,1312,125,0,6,77,300000,0,raw_cases/A328
A329,A,Ours,proto_sw_3_1,compact,medium,7,200006,1,,,6,5,1,6,17.827728899999784,1.7210962999997719,4.061548699999548,0.0023725000028207432,0.032170599999517435,23.663548399999854,1312,150,508,890,129,300000,0,raw_cases/A329
A330,A,Ours,proto_sw_3_1,compact,rich,7,200006,1,,,7,6,1,7,17.90019780000148,1.9839896000012232,6.418777499999123,0.00283560000025318,0.03485519999958342,26.363691800001106,1312,175,272,907,366,300000,0,raw_cases/A330
A331,A,Ours,proto_sw_3_1,swept,simple,7,200006,1,,,5,4,1,5,17.457293800001935,1.4593003999980283,4.064936900002067,0.004337700000178302,0.02764050000041607,23.032057399999758,1362,125,138,685,174,300000,0,raw_cases/A331
A332,A,Ours,proto_sw_3_1,swept,medium,7,200006,1,,,6,5,1,6,17.508471599998302,1.9111126000025251,2.453459499996825,0.004555199997412274,0.02855730000010226,21.924925999999687,1362,150,64,580,591,300000,0,raw_cases/A332
A333,A,Ours,proto_sw_3_1,swept,rich,7,200006,1,,,6,5,1,6,17.562735899999097,1.8211005000011937,4.997907499997382,0.0038544000017282087,0.03125699999873177,24.43567140000232,1362,150,586,1831,843,300000,0,raw_cases/A333
A334,A,Ours,proto_sw_3_1,expanded,simple,8,200007,1,,,5,4,1,5,8.719898600000306,1.4333809000017936,4.01257540000006,0.003166300000884803,0.03127909999966505,14.215213499999663,1357,125,0,743,208,300000,0,raw_cases/A334
A335,A,Ours,proto_sw_3_1,expanded,medium,8,200007,1,,,5,4,1,5,8.628332000000228,1.4671205999984522,3.2360363000007055,0.002061600000160979,0.024651200001244433,13.377774300002784,1357,125,67,200,220,300000,0,raw_cases/A335
A336,A,Ours,proto_sw_3_1,expanded,rich,8,200007,1,,,6,5,1,6,9.04329080000025,1.70182080000086,3.4558673999999883,0.0035763999985647388,0.027356300000974443,14.255384500000218,1357,150,104,400,289,300000,0,raw_cases/A336
A337,A,Ours,proto_sw_3_1,compact,simple,8,200007,1,,,6,5,1,6,13.533311600000161,1.7141288000020722,3.744294500000251,0.003028800001629861,0.034987099999852944,19.046067100000073,1253,150,108,705,353,300000,0,raw_cases/A337
A338,A,Ours,proto_sw_3_1,compact,medium,8,200007,1,,,6,5,1,6,13.51227039999867,1.750646600001346,3.7636884999992617,0.003952799997932743,0.033170299997436814,19.079260200000135,1253,150,139,362,332,300000,0,raw_cases/A338
A339,A,Ours,proto_sw_3_1,compact,rich,8,200007,1,,,6,5,1,6,13.346732699999848,1.7572387000000163,5.912974099999701,0.004017499999463325,0.032853299999260344,21.06826099999671,1253,150,155,1091,424,300000,0,raw_cases/A339
A340,A,Ours,proto_sw_3_1,swept,simple,8,200007,1,,,5,4,1,5,13.65094610000233,1.453113999999914,2.5239755999973568,0.0024574000017310027,0.026116599998204038,17.669872400001623,1252,125,92,541,238,300000,0,raw_cases/A340
A341,A,Ours,proto_sw_3_1,swept,medium,8,200007,1,,,6,5,1,6,13.561002300000837,1.7545098000009602,6.61978050000107,0.0030498000014631543,0.028283200001169462,21.98097730000154,1252,150,614,1980,232,300000,0,raw_cases/A341
A342,A,Ours,proto_sw_3_1,swept,rich,8,200007,1,,,6,5,1,6,13.465212200000678,1.650757799998246,7.073086100001092,0.0030234000005293638,0.02404229999956442,22.2299251000004,1252,150,585,1545,335,300000,0,raw_cases/A342
A343,A,Ours,proto_sw_3_1,expanded,simple,9,200008,1,,,6,5,1,6,10.421502499997587,1.75340370000049,5.333840899998904,0.003956900000048336,0.025782900000194786,17.554465500001243,1411,150,175,687,233,300000,0,raw_cases/A343
A344,A,Ours,proto_sw_3_1,expanded,medium,9,200008,1,,,6,5,1,6,10.702356100002362,1.6780804000009084,4.559771500000352,0.004206100002193125,0.03452589999869815,16.996796799998265,1411,150,387,816,302,300000,0,raw_cases/A344
A345,A,Ours,proto_sw_3_1,expanded,rich,9,200008,1,,,6,5,1,6,10.316114600002038,1.7182830000019749,3.7877540000008594,0.0036054999982297886,0.028505499998573214,15.872288500002469,1411,150,174,792,677,300000,0,raw_cases/A345
A346,A,Ours,proto_sw_3_1,compact,simple,9,200008,1,,,5,4,1,5,10.52096739999979,1.4695631000031426,4.847024499998952,0.0045922999997856095,0.02891960000124527,16.89266570000109,1351,125,226,859,501,300000,0,raw_cases/A346
A347,A,Ours,proto_sw_3_1,compact,medium,9,200008,1,,,6,5,1,6,10.587938500000746,1.7146350000002712,3.9302832999965176,0.0030293999989225995,0.03367179999986547,16.284467100002075,1351,150,291,844,618,300000,0,raw_cases/A347
A348,A,Ours,proto_sw_3_1,compact,rich,9,200008,1,,,6,5,1,6,10.53062719999798,1.6931163000008382,0.8112084000022151,0.002682099999219645,0.026037600000563543,13.077779700000974,1351,150,58,210,152,300000,0,raw_cases/A348
A349,A,Ours,proto_sw_3_1,swept,simple,9,200008,1,,,6,5,1,6,15.293473800000356,1.6798256000001857,3.603888300000108,0.004039799998281524,0.03029400000013993,20.627102300000843,1398,150,394,1207,493,300000,0,raw_cases/A349
A350,A,Ours,proto_sw_3_1,swept,medium,9,200008,1,,,6,5,1,6,15.12520570000197,1.692337899999984,3.4166311000008136,0.0024742999994487036,0.029755599996860838,20.280096099999355,1398,150,221,980,137,300000,0,raw_cases/A350
A351,A,Ours,proto_sw_3_1,swept,rich,9,200008,1,,,6,5,1,6,15.319906799999444,1.7515515999984927,3.464672199999768,0.002422000001388369,0.025187600000208477,20.583943099998578,1398,150,221,980,137,300000,0,raw_cases/A351
A352,A,Ours,proto_sw_3_1,expanded,simple,10,200009,1,,,5,3,2,5,10.689546899997367,1.5228659999993397,2.035221800000727,0.003908300001057796,0.03532170000107726,14.304869999999937,1420,125,0,316,238,300000,0,raw_cases/A352
A353,A,Ours,proto_sw_3_1,expanded,medium,10,200009,1,,,6,4,2,6,10.927678300002299,1.7050118999977713,1.047362900000735,0.0030755000007047784,0.03501390000019455,13.735215000000608,1420,150,18,137,328,300000,0,raw_cases/A353
A354,A,Ours,proto_sw_3_1,expanded,rich,10,200009,1,,,6,4,2,6,10.717044500001066,1.6823703000009118,5.184390499998699,0.01669930000207387,0.033540000000357395,17.647859400000016,1420,150,326,1146,8878,300000,0,raw_cases/A354
A355,A,Ours,proto_sw_3_1,compact,simple,10,200009,1,,,6,4,2,6,13.706066899998405,1.7312032000008912,6.206440000001749,0.012218600000778679,0.02464989999862155,21.694274499997846,1357,150,56,940,685,300000,0,raw_cases/A355
A356,A,Ours,proto_sw_3_1,compact,medium,10,200009,1,,,6,4,2,6,13.97589589999916,1.6336056999971333,7.203174400001444,0.009814300003199605,0.0333870999966166,22.869580900001893,1357,150,85,1389,1829,300000,0,raw_cases/A356
A357,A,Ours,proto_sw_3_1,compact,rich,10,200009,1,,,7,4,3,7,13.686886200001027,2.021989199998643,9.044793999997637,0.010242399999697227,0.029109799997968366,24.807576999999583,1357,175,712,1880,3588,300000,0,raw_cases/A357
A358,A,Ours,proto_sw_3_1,swept,simple,10,200009,1,,,6,4,2,6,12.523902500000986,1.7507638999995834,3.8424421999989136,0.008665200002724305,0.025659499999164836,18.171221000000514,1389,150,0,416,1475,300000,0,raw_cases/A358
A359,A,Ours,proto_sw_3_1,swept,medium,10,200009,1,,,6,4,2,6,12.630823200001032,1.685493699998915,3.1705127999994147,0.007240799997816794,0.03111019999778364,17.542806200002815,1389,150,125,715,2803,300000,0,raw_cases/A359
A360,A,Ours,proto_sw_3_1,swept,rich,10,200009,1,,,6,4,2,6,12.611689899997145,1.6908012999992934,5.107294200002798,0.007318799998756731,0.03341079999881913,19.470254299998487,1389,150,243,1476,821,300000,0,raw_cases/A360
A361,A,Ours,proto_sw_3_2,expanded,simple,1,200000,1,,,5,3,2,5,68.37623249999888,1.8081249999995634,0.7608538000022236,0.002062899999145884,0.0281144000000495,70.99070120000033,2232,125,85,186,448,300000,0,raw_cases/A361
A362,A,Ours,proto_sw_3_2,expanded,medium,1,200000,1,,,6,4,2,6,68.42265670000052,2.2798881999988225,1.5913255000014033,0.002613600001495797,0.03417590000026394,72.34836060000089,2232,150,132,480,370,300000,0,raw_cases/A362
A363,A,Ours,proto_sw_3_2,expanded,rich,1,200000,1,,,7,4,3,7,68.31104619999678,2.586448300000484,2.464891899999202,0.004867599996941863,0.03530529999989085,73.42220749999979,2232,175,94,509,596,300000,0,raw_cases/A363
A364,A,Ours,proto_sw_3_2,compact,simple,1,200000,1,,,5,3,2,5,67.57602709999992,1.8317616999993334,1.0116775000024063,0.003753500001039356,0.033150300001580035,70.47444140000152,2224,125,110,322,645,300000,0,raw_cases/A364
A365,A,Ours,proto_sw_3_2,compact,medium,1,200000,1,,,6,4,2,6,67.73463930000071,2.203991099999257,1.218467899998359,0.0036734000022988766,0.025495300000329735,71.20064929999717,2224,150,110,335,1101,300000,0,raw_cases/A365
A366,A,Ours,proto_sw_3_2,compact,rich,1,200000,1,,,7,4,3,7,67.72852670000066,2.5775390999988304,1.7791834999989078,0.015204399998765439,0.028864899999462068,72.1476724000022,2224,175,111,587,5864,300000,0,raw_cases/A366
A367,A,Ours,proto_sw_3_2,swept,simple,1,200000,1,,,5,3,2,5,67.48338529999819,1.8272429999997257,0.9289969999990717,0.005459500000142725,0.026608799998939503,70.28698240000085,2251,125,0,308,1041,300000,0,raw_cases/A367
A368,A,Ours,proto_sw_3_2,swept,medium,1,200000,1,,,6,4,2,6,67.03507329999775,2.1946778999990784,0.9483920999991824,0.0029355999977269676,0.034101299999747425,70.23407059999954,2251,150,115,237,362,300000,0,raw_cases/A368
A369,A,Ours,proto_sw_3_2,swept,rich,1,200000,1,,,7,4,3,7,67.05371060000107,2.5581371000007493,2.1301297999998496,0.0038820999980089255,0.03231409999716561,71.79430529999809,2251,175,186,477,890,300000,0,raw_cases/A369
A370,A,Ours,proto_sw_3_2,expanded,simple,2,200001,1,,,5,4,1,5,54.115236800000275,1.8409105999999156,1.0512538000002678,0.002205400000093505,0.030542399999831105,57.053811400000995,2248,125,21,267,279,300000,0,raw_cases/A370
A371,A,Ours,proto_sw_3_2,expanded,medium,2,200001,1,,,6,5,1,6,54.07122090000121,2.183250699999917,0.7771974000024784,0.0015619000005244743,0.03145799999765586,57.08319070000289,2248,150,22,151,110,300000,0,raw_cases/A371
A372,A,Ours,proto_sw_3_2,expanded,rich,2,200001,1,,,7,6,1,7,53.65298839999741,2.6364185999991605,0.7514953999998397,0.0021078000027046073,0.03428709999934654,57.09501840000303,2248,175,36,237,305,300000,0,raw_cases/A372
A373,A,Ours,proto_sw_3_2,compact,simple,2,200001,1,,,5,4,1,5,45.738305999999284,1.7939279000020179,0.9456191999997827,0.0018845000013243407,0.027851899998495355,48.52180799999769,2088,125,7,307,78,300000,0,raw_cases/A373
A374,A,Ours,proto_sw_3_2,compact,medium,2,200001,1,,,6,5,1,6,45.56660019999981,2.2204007000000274,2.2515316999997594,0.0019057999998040032,0.02867849999893224,50.08306559999983,2088,150,49,178,149,300000,0,raw_cases/A374
A375,A,Ours,proto_sw_3_2,compact,rich,2,200001,1,,,7,6,1,7,45.545691300001636,2.5910774000003585,3.3678780000009283,0.0032223000016529113,0.03242089999912423,51.55985589999909,2088,175,131,805,347,300000,0,raw_cases/A375
A376,A,Ours,proto_sw_3_2,swept,simple,2,200001,1,,,5,4,1,5,50.50434150000001,1.8355956000013975,1.0363299999989977,0.002347699999518227,0.026034700000309385,53.41968049999923,2156,125,42,149,134,300000,0,raw_cases/A376
A377,A,Ours,proto_sw_3_2,swept,medium,2,200001,1,,,6,5,1,6,50.33282120000149,2.3266988999966998,1.034691799999564,0.0023338999999396037,0.0316419999981008,53.74775999999838,2156,150,30,195,271,300000,0,raw_cases/A377
A378,A,Ours,proto_sw_3_2,swept,rich,2,200001,1,,,7,6,1,7,50.191542800002935,2.6667034000020067,3.052246600000217,0.002735699999902863,0.02862210000239429,55.95948230000067,2156,175,134,708,330,300000,0,raw_cases/A378
A379,A,Ours,proto_sw_3_2,expanded,simple,3,200002,1,,,5,3,3,5,55.15711530000044,1.8973865999978443,1.294714900002873,0.006738799998856848,0.028945400001248345,58.40007490000062,2238,125,85,227,501,300000,0,raw_cases/A379
A380,A,Ours,proto_sw_3_2,expanded,medium,3,200002,1,,,6,4,2,6,55.12844739999855,2.220480600000883,1.4647092999985034,0.003917600002750987,0.033300700000836514,58.86983419999888,2238,150,3,298,256,300000,0,raw_cases/A380
A381,A,Ours,proto_sw_3_2,expanded,rich,3,200002,1,,,7,4,3,7,55.31206519999978,2.5870340000001306,2.4187265999971714,0.012133000000176253,0.03801540000131354,60.39014289999977,2238,175,51,663,2832,300000,0,raw_cases/A381
A382,A,Ours,proto_sw_3_2,compact,simple,3,200002,1,,,5,3,2,5,56.1467072000014,1.882429700002831,1.342721299999539,0.0027689000016835053,0.034524899998359615,59.42761380000229,2222,125,27,357,105,300000,0,raw_cases/A382
A383,A,Ours,proto_sw_3_2,compact,medium,3,200002,1,,,6,4,2,6,56.384435400002985,2.243283899999369,1.2644757999987633,0.00562309999804711,0.029714899999817135,59.94904519999909,2222,150,56,365,675,300000,0,raw_cases/A383
A384,A,Ours,proto_sw_3_2,compact,rich,3,200002,1,,,7,4,4,7,56.648152100002335,2.6855820000018866,1.8141376999992644,0.015078999997058418,0.030625100000179373,61.20918380000148,2222,175,84,507,7339,300000,0,raw_cases/A384
A385,A,Ours,proto_sw_3_2,swept,simple,3,200002,1,,,6,4,2,6,58.678425699999934,2.197224700001243,3.1904157000026316,0.0091361999984656,0.02929220000078203,64.12166460000299,2249,150,13,836,1583,300000,0,raw_cases/A385
A386,A,Ours,proto_sw_3_2,swept,medium,3,200002,1,,,6,4,2,6,58.49665180000011,2.2093007000003126,1.3362066999980016,0.003605599998991238,0.03283279999959632,62.136630099998,2249,150,56,368,351,300000,0,raw_cases/A386
A387,A,Ours,proto_sw_3_2,swept,rich,3,200002,1,,,7,4,3,7,58.47305369999958,2.5896669999965525,4.560873099999299,0.007496999998693354,0.03092300000207615,65.6773084000015,2249,175,32,603,1594,300000,0,raw_cases/A387
A388,A,Ours,proto_sw_3_2,expanded,simple,4,200003,1,,,6,4,2,6,51.205477900002734,2.2267427000006137,1.744869699999981,0.0033868999998958316,0.034624099997017765,55.23344830000133,2232,150,144,364,228,300000,0,raw_cases/A388
A389,A,Ours,proto_sw_3_2,expanded,medium,4,200003,1,,,6,4,2,6,50.70288000000073,2.2298860999981116,1.8208441999995557,0.004986200001440011,0.026884200000495184,54.80183670000042,2232,150,144,364,228,300000,0,raw_cases/A389
A390,A,Ours,proto_sw_3_2,expanded,rich,4,200003,1,,,7,5,2,7,50.646170599997276,2.6121941000019433,1.9177220000019588,0.004503500000282656,0.03920790000120178,55.23737759999858,2232,175,184,442,1058,300000,0,raw_cases/A390
A391,A,Ours,proto_sw_3_2,compact,simple,4,200003,1,,,5,3,2,5,47.529939700001705,1.8392358000019158,2.049854699998832,0.0053406000006361865,0.029881099999329308,51.47062750000259,2132,125,261,480,1123,300000,0,raw_cases/A391
A392,A,Ours,proto_sw_3_2,compact,medium,4,200003,1,,,6,4,2,6,47.60006179999982,2.225855100001354,1.857257399999071,0.006546900000103051,0.02875510000012582,51.73483699999997,2132,150,127,341,421,300000,0,raw_cases/A392
A393,A,Ours,proto_sw_3_2,compact,rich,4,200003,1,,,7,5,2,7,47.16331259999788,2.6717147000017576,1.9627270999990287,0.016114199999719858,0.034645300002011936,51.865782600001694,2132,175,47,381,1509,300000,0,raw_cases/A393
A394,A,Ours,proto_sw_3_2,swept,simple,4,200003,1,,,5,3,2,5,47.35689039999852,1.846726800002216,2.1907308000008925,0.004460699998162454,0.024264200001198333,51.43799129999752,2150,125,60,748,413,300000,0,raw_cases/A394
A395,A,Ours,proto_sw_3_2,swept,medium,4,200003,1,,,6,4,2,6,47.343494500000816,2.183655799999542,1.048376400001871,0.003966899999795714,0.03761809999923571,50.64021860000139,2150,150,20,206,1298,300000,0,raw_cases/A395
A396,A,Ours,proto_sw_3_2,swept,rich,4,200003,1,,,7,5,2,7,47.31086520000099,2.5767789999990782,2.0004212000021653,0.004334500001277775,0.03824000000167871,51.94655839999905,2150,175,176,554,1650,300000,0,raw_cases/A396
A397,A,Ours,proto_sw_3_2,expanded,simple,5,200004,1,,,5,3,3,5,74.24345069999981,1.9080600000015693,2.5148121999991417,0.008737200001633028,0.03226320000248961,78.72294260000126,2242,125,60,546,1918,300000,0,raw_cases/A397
A398,A,Ours,proto_sw_3_2,expanded,medium,5,200004,1,,,6,4,2,6,74.45105829999738,2.283650999997917,2.212302700001601,0.00414440000167815,0.02884470000208239,78.99819489999936,2242,150,69,470,449,300000,0,raw_cases/A398
A399,A,Ours,proto_sw_3_2,expanded,rich,5,200004,1,,,7,4,4,7,74.52102100000047,2.6283799999982875,3.3011799000014435,0.0364131999995152,0.031084899997949833,80.5362337000006,2242,175,124,532,21307,300000,0,raw_cases/A399
A400,A,Ours,proto_sw_3_2,compact,simple,5,200004,1,,,5,3,2,5,70.21508730000278,1.8482430999974895,0.8903179000008095,0.0030764000002818648,0.030610400001023663,73.00666739999724,2225,125,0,100,216,300000,0,raw_cases/A400
A401,A,Ours,proto_sw_3_2,compact,medium,5,200004,1,,,6,4,2,6,70.09142749999955,2.1998627000029956,1.8964182999989134,0.002430200001981575,0.028541100000438746,74.23758050000106,2225,150,136,463,254,300000,0,raw_cases/A401
A402,A,Ours,proto_sw_3_2,compact,rich,5,200004,1,,,7,4,3,7,70.16547230000288,2.6839634999996633,4.284209500001452,0.006931399999302812,0.028851400002167793,77.19199720000324,2225,175,460,770,2822,300000,0,raw_cases/A402
A403,A,Ours,proto_sw_3_2,swept,simple,5,200004,1,,,5,3,2,5,82.15855740000188,1.8288724000012735,1.8087731999985408,0.005753800000093179,0.030702100000780774,85.85169250000035,2253,125,84,388,1230,300000,0,raw_cases/A403
A404,A,Ours,proto_sw_3_2,swept,medium,5,200004,1,,,6,4,2,6,82.15816350000023,2.1674146999976074,2.617534400000295,0.0067955999984405935,0.03241089999937685,87.00389269999869,2253,150,245,525,401,300000,0,raw_cases/A404
A405,A,Ours,proto_sw_3_2,swept,rich,5,200004,1,,,7,4,3,7,82.29574880000291,2.5424268999995547,3.7408321000002616,0.010965400000713998,0.030586299999413313,88.6399394,2253,175,253,960,3196,300000,0,raw_cases/A405
A406,A,Ours,proto_sw_3_2,expanded,simple,6,200005,1,,,5,3,2,5,60.731804700000794,1.8071251000001212,0.694423299999471,0.006598500000109198,0.03353659999993397,63.2922436000008,2241,125,33,162,1168,300000,0,raw_cases/A406
A407,A,Ours,proto_sw_3_2,expanded,medium,6,200005,1,,,6,4,2,6,60.924469800000224,2.230411299999105,1.3305447999991884,0.002398299999185838,0.035964399998192675,64.54173499999888,2241,150,93,336,437,300000,0,raw_cases/A407
A408,A,Ours,proto_sw_3_2,expanded,rich,6,200005,1,,,7,5,2,7,61.32049310000002,2.575820099998964,1.7210565999994287,0.008026499999687076,0.027940700001636287,65.6700290000008,2241,175,92,397,1901,300000,0,raw_cases/A408
A409,A,Ours,proto_sw_3_2,compact,simple,6,200005,1,,,5,3,2,5,61.66060590000052,1.9520334000008006,1.5751942000024428,0.0031162999985099304,0.024515900000551483,65.23149080000076,2232,125,42,509,657,300000,0,raw_cases/A409
A410,A,Ours,proto_sw_3_2,compact,medium,6,200005,1,,,6,4,2,6,61.94249860000127,2.239795600002253,1.3908063999988372,0.0024009000007936265,0.03507030000037048,65.6252762999975,2232,150,135,424,379,300000,0,raw_cases/A410
A411,A,Ours,proto_sw_3_2,compact,rich,6,200005,1,,,7,5,2,7,61.219071800001984,2.5995943999987503,2.8788750000021537,0.006806700002925936,0.032783099999505794,66.7611539999998,2232,175,329,991,1082,300000,0,raw_cases/A411
A412,A,Ours,proto_sw_3_2,swept,simple,6,200005,1,,,5,3,2,5,60.74823329999708,1.7801669000000402,0.6422940999982529,0.0019788000026892405,0.030048699998587836,63.216887799997494,2244,125,63,194,355,300000,0,raw_cases/A412
A413,A,Ours,proto_sw_3_2,swept,medium,6,200005,1,,,6,4,2,6,61.01506860000154,2.2021854000013263,1.2651489000018046,0.006689699999697041,0.027873499999259366,64.53748229999837,2244,150,74,236,1732,300000,0,raw_cases/A413
A414,A,Ours,proto_sw_3_2,swept,rich,6,200005,1,,,7,5,2,7,60.8726865000026,2.6380978999986837,2.4547794999998587,0.00475449999794364,0.03374940000139759,66.02049529999931,2244,175,220,775,385,300000,0,raw_cases/A414
A415,A,Ours,proto_sw_3_2,expanded,simple,7,200006,1,,,5,4,1,5,61.62287020000076,1.9812474999998813,3.562679400001798,0.0035113999983877875,0.025367799997184193,67.21385310000187,2240,125,153,620,652,300000,0,raw_cases/A415
A416,A,Ours,proto_sw_3_2,expanded,medium,7,200006,1,,,6,5,1,6,61.52174319999904,2.215881600001012,1.6129406999971252,0.0021422999998321757,0.025601800000004005,65.3948492999989,2240,150,0,552,108,300000,0,raw_cases/A416
A417,A,Ours,proto_sw_3_2,expanded,rich,7,200006,1,,,7,6,1,7,61.67791269999725,2.605289700000867,1.8994615000010526,0.002859399999579182,0.03044450000015786,66.23078229999737,2240,175,11,479,158,300000,0,raw_cases/A417
A418,A,Ours,proto_sw_3_2,compact,simple,7,200006,1,,,5,4,2,5,57.804563300000154,1.8840711999982886,0.50995740000144,0.002109000000928063,0.028038799999194453,60.242688099999214,2120,125,12,42,99,300000,0,raw_cases/A418
A419,A,Ours,proto_sw_3_2,compact,medium,7,200006,1,,,6,5,1,6,57.62277040000117,2.277364400000806,0.8709051000005275,0.0015538000006927177,0.029871700000512647,60.8169084000001,2120,150,42,155,154,300000,0,raw_cases/A419
A420,A,Ours,proto_sw_3_2,compact,rich,7,200006,1,,,6,5,1,6,57.73518519999925,2.234877499999129,2.4016241999997874,0.0033164000014949124,0.028734599996823817,62.429604500001005,2120,150,50,349,179,300000,0,raw_cases/A420
A421,A,Ours,proto_sw_3_2,swept,simple,7,200006,1,,,5,4,1,5,59.307863400001224,1.9781128999966313,1.0178592999982357,0.0031182000020635314,0.02611139999862644,62.34988290000183,2188,125,80,377,136,300000,0,raw_cases/A421
A422,A,Ours,proto_sw_3_2,swept,medium,7,200006,1,,,6,5,1,6,59.33203280000089,2.275509699997201,1.1476822999975411,0.0025802999989537057,0.03418519999831915,62.81205939999927,2188,150,12,218,155,300000,0,raw_cases/A422
A423,A,Ours,proto_sw_3_2,swept,rich,7,200006,1,,,7,6,1,7,59.42154880000089,2.689012399998319,1.178428699997312,0.0020809999987250194,0.029364699999860022,63.33621399999902,2188,175,145,280,146,300000,0,raw_cases/A423
A424,A,Ours,proto_sw_3_2,expanded,simple,8,200007,1,,,5,4,2,5,45.87568679999822,1.7929504000021552,1.1211567999998806,0.001779900001565693,0.027854600000864593,48.83514279999872,2240,125,48,232,251,300000,0,raw_cases/A424
A425,A,Ours,proto_sw_3_2,expanded,medium,8,200007,1,,,6,5,1,6,45.72942880000119,2.2149768999988737,2.8527491000022565,0.0021660999991581775,0.0279960999978357,50.846579300003214,2240,150,228,476,232,300000,0,raw_cases/A425
A426,A,Ours,proto_sw_3_2,expanded,rich,8,200007,1,,,7,6,1,7,45.86548059999768,2.4959521000018867,0.9403956999994989,0.005318999999872176,0.031766899999638554,49.353863600001205,2240,175,61,212,86,300000,0,raw_cases/A426
A427,A,Ours,proto_sw_3_2,compact,simple,8,200007,1,,,5,4,1,5,40.85058619999836,1.8736807999994198,0.7470692999995663,0.0026930999993055593,0.029799199997796677,43.523927000002004,2093,125,19,206,141,300000,0,raw_cases/A427
A428,A,Ours,proto_sw_3_2,compact,medium,8,200007,1,,,6,5,1,6,41.137783000001946,2.265530900000158,1.068313899999339,0.00236889999723644,0.02780480000001262,44.51707859999806,2093,150,19,215,231,300000,0,raw_cases/A428
A429,A,Ours,proto_sw_3_2,compact,rich,8,200007,1,,,7,6,2,7,41.56665830000202,2.530274799999461,3.384920599997713,0.002889100000174949,0.030107399998087203,47.53034669999761,2093,175,302,1186,233,300000,0,raw_cases/A429
A430,A,Ours,proto_sw_3_2,swept,simple,8,200007,1,,,5,4,1,5,44.62719570000263,1.8136879999983648,1.4241082000007736,0.001766400000633439,0.030339799999637762,47.917385699998704,2183,125,174,299,189,300000,0,raw_cases/A430
A431,A,Ours,proto_sw_3_2,swept,medium,8,200007,1,,,6,5,1,6,44.27626429999873,2.242468000000372,3.553450500003237,0.002353600000787992,0.02568539999992936,50.11682409999776,2183,150,367,1089,141,300000,0,raw_cases/A431
A432,A,Ours,proto_sw_3_2,swept,rich,8,200007,1,,,7,6,1,7,44.819723699998576,2.523956299999554,2.1387963999986823,0.0035487999994074926,0.03555199999755132,49.54324579999957,2183,175,110,342,307,300000,0,raw_cases/A432
A433,A,Ours,proto_sw_3_2,expanded,simple,9,200008,1,,,6,5,2,6,49.127537699998356,2.2073346999968635,1.2651522000014666,0.0025435000025026966,0.036314700002549216,52.66082689999894,2245,150,4,325,153,300000,0,raw_cases/A433
A434,A,Ours,proto_sw_3_2,expanded,medium,9,200008,1,,,6,5,2,6,48.823577099999966,2.29366900000241,1.448695700000826,0.005191199998080265,0.034449499999027466,52.62163729999884,2245,150,33,325,229,300000,0,raw_cases/A434
A435,A,Ours,proto_sw_3_2,expanded,rich,9,200008,1,,,7,6,1,7,49.388071900000796,2.600213999998232,1.9726602999980969,0.007005300001765136,0.02730890000020736,54.01730909999969,2245,175,30,597,201,300000,0,raw_cases/A435
A436,A,Ours,proto_sw_3_2,compact,simple,9,200008,1,,,6,5,1,6,49.04803119999997,2.2215576999988116,2.349293499999476,0.0019815000014204998,0.033162499999889405,53.67552350000187,2126,150,210,316,222,300000,0,raw_cases/A436
A437,A,Ours,proto_sw_3_2,compact,medium,9,200008,1,,,6,5,1,6,48.91443719999734,2.2530177000007825,2.094496199999412,0.00802290000137873,0.02776599999924656,53.31987510000181,2126,150,46,347,123,300000,0,raw_cases/A437
A438,A,Ours,proto_sw_3_2,compact,rich,9,200008,1,,,7,6,1,7,49.04825900000287,2.5990740999986883,2.262715000000753,0.0022019000025466084,0.03878029999759747,53.96866790000058,2126,175,30,234,277,300000,0,raw_cases/A438
A439,A,Ours,proto_sw_3_2,swept,simple,9,200008,1,,,6,5,1,6,50.13607310000225,2.3524328999992576,0.7288812999977381,0.001881899999716552,0.037174100001720944,53.27091409999775,2182,150,14,173,207,300000,0,raw_cases/A439
A440,A,Ours,proto_sw_3_2,swept,medium,9,200008,1,,,6,5,1,6,49.92609299999822,2.329502100001264,1.0657748000012361,0.0019714000009116717,0.03136889999950654,53.37068119999822,2182,150,5,253,329,300000,0,raw_cases/A440
A441,A,Ours,proto_sw_3_2,swept,rich,9,200008,1,,,7,6,2,7,49.66508600000088,2.57699760000105,1.3796298000015668,0.002354599997488549,0.03772430000026361,53.67961400000058,2182,175,50,304,286,300000,0,raw_cases/A441
A442,A,Ours,proto_sw_3_2,expanded,simple,10,200009,1,,,5,3,2,5,54.28743469999972,1.8065806999984488,0.8290043999986665,0.00198630000159028,0.026857999997446314,56.96590599999763,2238,125,57,312,212,300000,0,raw_cases/A442
A443,A,Ours,proto_sw_3_2,expanded,medium,10,200009,1,,,6,4,2,6,54.633966400000645,2.2299608000030275,1.4490934999994352,0.003914900000381749,0.02867359999800101,58.36496629999965,2238,150,0,336,818,300000,0,raw_cases/A443
A444,A,Ours,proto_sw_3_2,expanded,rich,10,200009,1,,,7,4,3,7,54.631629800001974,2.5841684000006353,2.367191900000762,0.02344259999881615,0.03076599999985774,59.659259300002304,2238,175,78,262,9168,300000,0,raw_cases/A444
A445,A,Ours,proto_sw_3_2,compact,simple,10,200009,1,,,5,3,2,5,49.33794090000083,1.8399055000008957,0.8517532000005303,0.002784500000416301,0.02779530000043451,52.078872399997636,2219,125,40,177,173,300000,0,raw_cases/A445
A446,A,Ours,proto_sw_3_2,compact,medium,10,200009,1,,,6,4,2,6,49.130613500001346,2.1885237000024063,0.8319488999986788,0.0021206000019446947,0.035039999998843996,52.20564530000047,2219,150,45,131,595,300000,0,raw_cases/A446
A447,A,Ours,proto_sw_3_2,compact,rich,10,200009,1,,,7,4,3,7,49.46740520000094,2.5577872000030766,1.1237771000014618,0.005228699999861419,0.03403170000092359,53.209822600001644,2219,175,56,160,938,300000,0,raw_cases/A447
A448,A,Ours,proto_sw_3_2,swept,simple,10,200009,1,,,5,3,2,5,50.98195779999878,1.8166404999974475,0.8776895000009972,0.003827700002148049,0.034468600002583116,53.7355841000026,2250,125,87,247,221,300000,0,raw_cases/A448
A449,A,Ours,proto_sw_3_2,swept,medium,10,200009,1,,,6,4,2,6,51.595863599999575,2.1585625000006985,0.8980056000000332,0.0027340000015101396,0.02931940000053146,54.70388239999738,2250,150,41,196,1036,300000,0,raw_cases/A449
A450,A,Ours,proto_sw_3_2,swept,rich,10,200009,1,,,7,4,3,7,51.59072300000116,2.5990062999990187,1.0339621999992232,0.014661999997770181,0.029724599997280166,55.285087600001134,2250,175,17,271,2493,300000,0,raw_cases/A450
B001,B,Ours,proto_sw_1_1,expanded,medium,1,200000,1,,,5,3,3,5,8.763586799999757,1.6427226000014343,2.3801630999987538,0.0036329000031400938,0.025826599998254096,12.833578099998704,980,125,196,337,1057,300000,0,raw_cases/B001
B002,B,Ours,proto_sw_1_1,expanded,medium,2,200000,1,,,6,5,1,6,10.360618700000487,1.962435400000686,4.232976900002541,0.0036073000010219403,0.028490599997894606,16.607106200001,987,150,246,803,265,300000,0,raw_cases/B002
B003,B,Ours,proto_sw_1_1,expanded,medium,3,200000,1,,,5,3,2,5,9.181315600002563,1.613339299998188,3.088552000001073,0.008943600001657614,0.035211999998864485,13.942043600000034,971,125,120,189,6996,300000,0,raw_cases/B003
B004,B,Ours,proto_sw_1_1,expanded,medium,4,200000,1,,,6,4,2,6,9.995289900001808,2.017045500000677,3.66486619999705,0.004732999997941079,0.028993600000831066,15.727088300001924,994,150,109,622,406,300000,0,raw_cases/B004
B005,B,Ours,proto_sw_1_1,expanded,medium,5,200000,1,,,5,3,3,5,10.289618700000574,1.564512000000832,4.248751200000697,0.00746880000224337,0.03639079999993555,16.165984300001583,961,125,44,599,3799,300000,0,raw_cases/B005
B006,B,Ours,proto_sw_1_1,expanded,medium,6,200000,1,,,5,3,3,5,8.646978100001434,1.5817752000002656,2.8143388999997114,0.005128500000864733,0.029428899997583358,13.099623999998585,979,125,54,430,922,300000,0,raw_cases/B006
B007,B,Ours,proto_sw_1_1,expanded,medium,7,200000,1,,,6,5,1,6,9.642161799998576,1.8860299000007217,4.454434499999479,0.004977700002200436,0.027430199999798788,16.028506599999673,978,150,82,878,608,300000,0,raw_cases/B007
B008,B,Ours,proto_sw_1_1,expanded,medium,8,200000,1,,,4,3,1,4,8.51376380000147,1.2367419999973208,3.6724271999992197,0.0038711999986844603,0.031742799998028204,13.475465100000292,993,100,19,332,168,300000,0,raw_cases/B008
B009,B,Ours,proto_sw_1_1,expanded,medium,9,200000,1,,,5,4,1,5,8.970305700000608,1.6568155999993905,0.7044490999978734,0.00228909999714233,0.028991499999392545,11.379854400001932,974,125,42,231,110,300000,0,raw_cases/B009
B010,B,Ours,proto_sw_1_1,expanded,medium,10,200000,1,,,5,3,2,5,8.085300399998232,1.6564846000001126,3.2052621000002546,0.006031699998857221,0.031132000000070548,13.001332300002105,933,125,300,396,4397,300000,0,raw_cases/B010
B011,B,Ours,proto_sw_1_3,expanded,medium,1,200000,1,,,5,3,2,5,17.00549239999964,1.6116125000007742,1.2224324999988312,0.0048581000010017306,0.025645400000939844,19.884762699999555,822,125,12,600,1824,300000,0,raw_cases/B011
B012,B,Ours,proto_sw_1_3,expanded,medium,2,200000,1,,,4,3,1,4,15.758951399999205,1.2783971999997448,0.6746757999972033,0.0036206000004312955,0.02373979999902076,17.752975300001708,856,100,0,243,164,300000,0,raw_cases/B012
B013,B,Ours,proto_sw_1_3,expanded,medium,3,200000,1,,,6,4,2,6,13.428861600001255,1.9785162999978638,1.2650140000005194,0.0033408000017516315,0.026346200000261888,16.72007389999999,858,150,211,467,262,300000,0,raw_cases/B013
B014,B,Ours,proto_sw_1_3,expanded,medium,4,200000,1,,,5,3,3,5,17.954447200001596,1.577852400001575,0.45211039999776403,0.0035710000011022203,0.02876960000139661,20.03566679999858,819,125,29,131,178,300000,0,raw_cases/B014
B015,B,Ours,proto_sw_1_3,expanded,medium,5,200000,1,,,5,3,2,5,17.439976699999534,1.5884183999987727,2.2062511000003724,0.003387500000826549,0.027102000000013504,21.278324500002782,815,125,0,452,331,300000,0,raw_cases/B015
B016,B,Ours,proto_sw_1_3,expanded,medium,6,200000,1,,,5,3,2,5,16.71450349999941,1.5786412999987078,0.6533445999994001,0.004034199999296106,0.028084600002330262,18.99573919999966,817,125,0,281,440,300000,0,raw_cases/B016
B017,B,Ours,proto_sw_1_3,expanded,medium,7,200000,1,,,5,4,1,5,16.560594200000196,1.6304456000034406,0.9846837999975833,0.003143500001897337,0.030183499999111518,19.22720919999847,862,125,0,415,129,300000,0,raw_cases/B017
B018,B,Ours,proto_sw_1_3,expanded,medium,8,200000,1,,,5,4,1,5,28.65477860000101,1.6997754000003624,2.216981499997928,0.0038459000024886336,0.02877509999962058,32.61904439999853,822,125,0,706,173,300000,0,raw_cases/B018
B019,B,Ours,proto_sw_1_3,expanded,medium,9,200000,1,,,5,4,1,5,16.291255799998908,1.6434617000013532,1.1054274000016449,0.003080200000113109,0.027218699997320073,19.087040200000047,824,125,0,376,177,300000,0,raw_cases/B019
B020,B,Ours,proto_sw_1_3,expanded,medium,10,200000,1,,,5,3,2,5,15.80123520000052,1.615915700000187,2.082482199999504,0.0033010000006470364,0.023496599998907186,19.54197320000094,864,125,3,599,248,300000,0,raw_cases/B020
B021,B,Ours,proto_sw_2_3,expanded,medium,1,200000,1,,,6,4,2,6,21.461467000000994,1.8025586000003386,6.001529799999844,0.006806600002164487,0.027868299999681767,29.317498199998226,1512,204,0,1455,689,300000,0,raw_cases/B021
B022,B,Ours,proto_sw_2_3,expanded,medium,2,200000,1,,,6,5,1,6,21.782257399998343,1.860457499999029,4.461690700001782,0.003730399999767542,0.02608479999980773,28.1511582000021,1440,204,506,1667,321,300000,0,raw_cases/B022
B023,B,Ours,proto_sw_2_3,expanded,medium,3,200000,1,,,6,4,2,6,18.70789060000243,1.7435626000005868,7.901215599998977,0.009217100003297674,0.030805700000200886,28.407249100000627,1476,204,448,2117,502,300000,0,raw_cases/B023
B024,B,Ours,proto_sw_2_3,expanded,medium,4,200000,1,,,6,4,2,6,20.430092700000387,1.8162139999985811,4.808811000002606,0.024800899998808745,0.02879919999759295,27.12678070000038,1440,204,43,859,8065,300000,0,raw_cases/B024
B025,B,Ours,proto_sw_2_3,expanded,medium,5,200000,1,,,6,4,2,6,21.64311689999886,1.8104124999990745,3.7456033999987994,0.012219999996887054,0.02858619999824441,27.25361469999916,1476,204,187,1115,3047,300000,0,raw_cases/B025
B026,B,Ours,proto_sw_2_3,expanded,medium,6,200000,1,,,6,4,2,6,20.173348800002714,1.7870932999976503,5.8219317000002775,0.008304000002681278,0.028180499997688457,27.832024600000295,1476,204,377,2519,2150,300000,0,raw_cases/B026
B027,B,Ours,proto_sw_2_3,expanded,medium,7,200000,1,,,6,5,1,6,19.72537299999749,1.7678415999980643,5.090765400000237,0.003430200002185302,0.028940399999555666,26.6296356999992,1512,204,529,1296,249,300000,0,raw_cases/B027
B028,B,Ours,proto_sw_2_3,expanded,medium,8,200000,1,,,6,5,1,6,23.712390600001527,1.7680608999980905,5.758161000001564,0.005727399999159388,0.02541429999837419,31.286832900001173,1476,204,296,2179,465,300000,0,raw_cases/B028
B029,B,Ours,proto_sw_2_3,expanded,medium,9,200000,1,,,6,5,1,6,20.27885679999963,1.7263034999996307,6.294423499999539,0.004294600003049709,0.02720240000053309,28.345573099999456,1476,204,120,1228,519,300000,0,raw_cases/B029
B030,B,Ours,proto_sw_2_3,expanded,medium,10,200000,1,,,6,4,2,6,19.38022820000333,1.7413562000001548,4.193470199999865,0.006691499998851214,0.024527199999283766,25.364500300001964,1440,204,310,1352,1449,300000,0,raw_cases/B030
B031,B,Ours,proto_sw_3_1,expanded,medium,1,200000,1,,,5,3,2,5,10.036854600002698,1.4404601000023831,4.406149200000073,0.003085699998337077,0.026613699999870732,15.930292500001087,1299,125,0,650,478,300000,0,raw_cases/B031
B032,B,Ours,proto_sw_3_1,expanded,medium,2,200000,1,,,6,5,1,6,9.352079200001754,1.713433699998859,6.688497200000711,0.005575600000156555,0.03333619999830262,17.812102399999276,1302,150,547,1880,215,300000,0,raw_cases/B032
B033,B,Ours,proto_sw_3_1,expanded,medium,3,200000,1,,,6,4,2,6,8.68160749999879,1.773862800000643,3.0417888999982097,0.006613400000787806,0.031154100001003826,13.550169599999208,1323,150,6,604,1644,300000,0,raw_cases/B033
B034,B,Ours,proto_sw_3_1,expanded,medium,4,200000,1,,,5,3,2,5,8.546036899999308,1.4108211999991909,1.7576389999994717,0.003421200002776459,0.02807790000224486,11.764311900002212,1336,125,61,481,276,300000,0,raw_cases/B034
B035,B,Ours,proto_sw_3_1,expanded,medium,5,200000,1,,,6,4,2,6,10.87390989999767,1.661608200000046,2.7023186000005808,0.003139199998258846,0.03225450000172714,15.290485000001354,1318,150,85,440,432,300000,0,raw_cases/B035
B036,B,Ours,proto_sw_3_1,expanded,medium,6,200000,1,,,6,4,2,6,8.863061199997901,1.6685074000015447,5.183279000000766,0.004475000001548324,0.03487180000229273,15.768469700000423,1309,150,123,1190,1388,300000,0,raw_cases/B036
B037,B,Ours,proto_sw_3_1,expanded,medium,7,200000,1,,,6,5,1,6,9.497783299997536,1.6951171000000613,5.768368699998973,0.006229300000995863,0.02541639999981271,17.009805800000322,1277,150,244,1025,284,300000,0,raw_cases/B037
B038,B,Ours,proto_sw_3_1,expanded,medium,8,200000,1,,,6,5,1,6,8.850529799998185,1.7138965000012831,2.5990702000017336,0.0026158000000577886,0.027836999997816747,13.207721799997671,1270,150,27,337,188,300000,0,raw_cases/B038
B039,B,Ours,proto_sw_3_1,expanded,medium,9,200000,1,,,5,4,1,5,7.849735799998598,1.437649199997395,2.15105400000175,0.0026426000003993977,0.031524300000455696,11.49235310000222,1267,125,73,473,405,300000,0,raw_cases/B039
B040,B,Ours,proto_sw_3_1,expanded,medium,10,200000,1,,,6,4,2,6,10.014847800001007,1.710841200001596,2.23171160000129,0.0036092000009375624,0.027462999998533633,14.004438500000106,1333,150,99,487,1305,300000,0,raw_cases/B040
B041,B,Ours,proto_sw_3_2,expanded,medium,1,200000,1,,,6,4,2,6,67.0494964999998,2.190679999999702,1.5485541999987618,0.003413200000068173,0.029905599996709498,70.83896860000095,2232,150,132,480,370,300000,0,raw_cases/B041
B042,B,Ours,proto_sw_3_2,expanded,medium,2,200000,1,,,6,5,1,6,73.35785580000083,1.8658652000012808,1.422779399999854,0.0018756999998004176,0.027539200000319397,76.68987850000121,2249,150,89,518,146,300000,0,raw_cases/B042
B043,B,Ours,proto_sw_3_2,expanded,medium,3,200000,1,,,6,4,2,6,60.311703399998805,2.1956264000000374,2.7296497999996063,0.002434899997751927,0.03080769999723998,65.2900453000002,2237,150,38,361,435,300000,0,raw_cases/B043
B044,B,Ours,proto_sw_3_2,expanded,medium,4,200000,1,,,6,4,2,6,63.376259599997866,2.15551620000042,1.619656800001394,0.005283700000290992,0.028753599999618018,67.20808860000034,2232,150,34,491,382,300000,0,raw_cases/B044
B045,B,Ours,proto_sw_3_2,expanded,medium,5,200000,1,,,6,4,2,6,68.53808519999802,2.00431540000136,1.755613400000584,0.00413720000142348,0.023981199999980163,72.34098939999967,2239,150,31,497,886,300000,0,raw_cases/B045
B046,B,Ours,proto_sw_3_2,expanded,medium,6,200000,1,,,7,5,2,7,66.39707239999916,2.240590400000656,2.1863075000001118,0.005239399997662986,0.02558330000101705,70.8688781000019,2242,175,163,657,1021,300000,0,raw_cases/B046
B047,B,Ours,proto_sw_3_2,expanded,medium,7,200000,1,,,6,5,1,6,70.32080599999972,1.7763032999973802,1.7123504000010143,0.0060761999993701465,0.022852899997815257,73.85157139999865,2248,150,8,479,124,300000,0,raw_cases/B047
B048,B,Ours,proto_sw_3_2,expanded,medium,8,200000,1,,,6,5,1,6,56.36922190000041,2.2350462000031257,2.328328199997486,0.002003600002353778,0.027286100001219893,60.97654659999898,2238,150,120,698,138,300000,0,raw_cases/B048
B049,B,Ours,proto_sw_3_2,expanded,medium,9,200000,1,,,6,5,1,6,46.251857300001575,1.6579496000013023,1.5515397000017401,0.0020480000021052547,0.023566599997138837,49.501346099998045,2249,150,48,364,194,300000,0,raw_cases/B049
B050,B,Ours,proto_sw_3_2,expanded,medium,10,200000,1,,,6,4,2,6,43.2544401999985,1.6530402000025788,1.404439199999615,0.0019167999998899177,0.02419260000169743,46.35144410000066,2236,150,145,351,142,300000,0,raw_cases/B050
