case_id,method,prototype_id,backbone_variant,density_level,replicate,production_seed,generation_success,l1_generation_success,unit_generation_applicable,unit_generation_success,error_type,error_message,ordinary_l1_count,selected_l2_count,branchunit_count,shared_stage3_plan_id,shared_stage4_inventory_id,shared_conflict_graph_id,method_plan_id,method_selection_id,runtime_seconds,method_dir
C001,IndependentCurve,proto_sw_1_1,expanded,simple,1,100013,1,1,0,0,,,4,0,4,proto_sw_1_1__seed_1575422959__global_l1_flow_v3__density_simple,,,proto_sw_1_1__seed_1575422959__global_l1_flow_v3__density_simple__baseline_independentcurve,proto_sw_1_1__seed_1575422959__global_l1_flow_v3__density_simple__baseline_independentcurve__selection,0.07361269999819342,raw_cases/C001/methods/IndependentCurve
C001,FixedSlot,proto_sw_1_1,expanded,simple,1,100013,1,1,1,1,,,4,1,4,proto_sw_1_1__seed_1575422959__global_l1_flow_v3__density_simple,,,proto_sw_1_1__seed_1575422959__global_l1_flow_v3__density_simple__baseline_fixedslot,proto_sw_1_1__seed_1575422959__global_l1_flow_v3__density_simple__baseline_fixedslot__unit_candidates_v2__global_unit_selection_joint_h2b,2.8706643000004988,raw_cases/C001/methods/FixedSlot
C001,LocalGreedy,proto_sw_1_1,expanded,simple,1,100013,1,1,1,1,,,4,2,4,proto_sw_1_1__seed_1575422959__global_l1_flow_v3__density_simple,proto_sw_1_1__seed_1575422959__global_l1_flow_v3__density_simple__unit_candidates_v2,fd2f99b6c0f210fc2bfa7b3a49320a39f3ca7a9e4816d556a47442ba4644f7b3,proto_sw_1_1__seed_1575422959__global_l1_flow_v3__density_simple,proto_sw_1_1__seed_1575422959__global_l1_flow_v3__density_simple__unit_candidates_v2__global_unit_selection_sparse5e,0.04214229999706731,raw_cases/C001/methods/LocalGreedy
C001,Ours,proto_sw_1_1,expanded,simple,1,100013,1,1,1,1,,,4,1,4,proto_sw_1_1__seed_1575422959__global_l1_flow_v3__density_simple,proto_sw_1_1__seed_1575422959__global_l1_flow_v3__density_simple__unit_candidates_v2,fd2f99b6c0f210fc2bfa7b3a49320a39f3ca7a9e4816d556a47442ba4644f7b3,proto_sw_1_1__seed_1575422959__global_l1_flow_v3__density_simple,proto_sw_1_1__seed_1575422959__global_l1_flow_v3__density_simple__unit_candidates_v2__global_unit_selection_joint_h2b,0.03914900000017951,raw_cases/C001/methods/Ours
C002,IndependentCurve,proto_sw_1_1,expanded,simple,2,100016,1,1,0,0,,,4,0,4,proto_sw_1_1__seed_1160898339__global_l1_flow_v3__density_simple,,,proto_sw_1_1__seed_1160898339__global_l1_flow_v3__density_simple__baseline_independentcurve,proto_sw_1_1__seed_1160898339__global_l1_flow_v3__density_simple__baseline_independentcurve__selection,0.05666149999888148,raw_cases/C002/methods/IndependentCurve
C002,FixedSlot,proto_sw_1_1,expanded,simple,2,100016,1,1,1,1,,,4,1,4,proto_sw_1_1__seed_1160898339__global_l1_flow_v3__density_simple,,,proto_sw_1_1__seed_1160898339__global_l1_flow_v3__density_simple__baseline_fixedslot,proto_sw_1_1__seed_1160898339__global_l1_flow_v3__density_simple__baseline_fixedslot__unit_candidates_v2__global_unit_selection_joint_h2b,2.8747107999988657,raw_cases/C002/methods/FixedSlot
C002,LocalGreedy,proto_sw_1_1,expanded,simple,2,100016,1,1,1,1,,,4,2,4,proto_sw_1_1__seed_1160898339__global_l1_flow_v3__density_simple,proto_sw_1_1__seed_1160898339__global_l1_flow_v3__density_simple__unit_candidates_v2,b3173be67f2137ce38af7c4b4072fda33adb5ec639c6c0ac56fb1c0a0e226593,proto_sw_1_1__seed_1160898339__global_l1_flow_v3__density_simple,proto_sw_1_1__seed_1160898339__global_l1_flow_v3__density_simple__unit_candidates_v2__global_unit_selection_sparse5e,0.0490397000030498,raw_cases/C002/methods/LocalGreedy
C002,Ours,proto_sw_1_1,expanded,simple,2,100016,1,1,1,1,,,4,1,4,proto_sw_1_1__seed_1160898339__global_l1_flow_v3__density_simple,proto_sw_1_1__seed_1160898339__global_l1_flow_v3__density_simple__unit_candidates_v2,b3173be67f2137ce38af7c4b4072fda33adb5ec639c6c0ac56fb1c0a0e226593,proto_sw_1_1__seed_1160898339__global_l1_flow_v3__density_simple,proto_sw_1_1__seed_1160898339__global_l1_flow_v3__density_simple__unit_candidates_v2__global_unit_selection_joint_h2b,0.03938279999783845,raw_cases/C002/methods/Ours
C003,IndependentCurve,proto_sw_1_1,expanded,medium,1,100006,1,1,0,0,,,5,0,5,proto_sw_1_1__seed_4182263884__global_l1_flow_v3__density_medium,,,proto_sw_1_1__seed_4182263884__global_l1_flow_v3__density_medium__baseline_independentcurve,proto_sw_1_1__seed_4182263884__global_l1_flow_v3__density_medium__baseline_independentcurve__selection,0.05362229999809642,raw_cases/C003/methods/IndependentCurve
C003,FixedSlot,proto_sw_1_1,expanded,medium,1,100006,1,1,1,1,,,5,1,5,proto_sw_1_1__seed_4182263884__global_l1_flow_v3__density_medium,,,proto_sw_1_1__seed_4182263884__global_l1_flow_v3__density_medium__baseline_fixedslot,proto_sw_1_1__seed_4182263884__global_l1_flow_v3__density_medium__baseline_fixedslot__unit_candidates_v2__global_unit_selection_joint_h2b,3.2459304000003613,raw_cases/C003/methods/FixedSlot
C003,LocalGreedy,proto_sw_1_1,expanded,medium,1,100006,1,1,1,1,,,5,2,5,proto_sw_1_1__seed_4182263884__global_l1_flow_v3__density_medium,proto_sw_1_1__seed_4182263884__global_l1_flow_v3__density_medium__unit_candidates_v2,4077c4607a22cbae43cfdf706263214483ad5006a9e93f29ccb9b014608a7038,proto_sw_1_1__seed_4182263884__global_l1_flow_v3__density_medium,proto_sw_1_1__seed_4182263884__global_l1_flow_v3__density_medium__unit_candidates_v2__global_unit_selection_sparse5e,0.04471980000016629,raw_cases/C003/methods/LocalGreedy
C003,Ours,proto_sw_1_1,expanded,medium,1,100006,1,1,1,1,,,5,1,5,proto_sw_1_1__seed_4182263884__global_l1_flow_v3__density_medium,proto_sw_1_1__seed_4182263884__global_l1_flow_v3__density_medium__unit_candidates_v2,4077c4607a22cbae43cfdf706263214483ad5006a9e93f29ccb9b014608a7038,proto_sw_1_1__seed_4182263884__global_l1_flow_v3__density_medium,proto_sw_1_1__seed_4182263884__global_l1_flow_v3__density_medium__unit_candidates_v2__global_unit_selection_joint_h2b,0.05035390000193729,raw_cases/C003/methods/Ours
C004,IndependentCurve,proto_sw_1_1,expanded,medium,2,100010,1,1,0,0,,,5,0,5,proto_sw_1_1__seed_1989963110__global_l1_flow_v3__density_medium,,,proto_sw_1_1__seed_1989963110__global_l1_flow_v3__density_medium__baseline_independentcurve,proto_sw_1_1__seed_1989963110__global_l1_flow_v3__density_medium__baseline_independentcurve__selection,0.06389810000109719,raw_cases/C004/methods/IndependentCurve
C004,FixedSlot,proto_sw_1_1,expanded,medium,2,100010,1,1,1,1,,,5,1,5,proto_sw_1_1__seed_1989963110__global_l1_flow_v3__density_medium,,,proto_sw_1_1__seed_1989963110__global_l1_flow_v3__density_medium__baseline_fixedslot,proto_sw_1_1__seed_1989963110__global_l1_flow_v3__density_medium__baseline_fixedslot__unit_candidates_v2__global_unit_selection_joint_h2b,4.670324599999731,raw_cases/C004/methods/FixedSlot
C004,LocalGreedy,proto_sw_1_1,expanded,medium,2,100010,1,1,1,1,,,5,2,5,proto_sw_1_1__seed_1989963110__global_l1_flow_v3__density_medium,proto_sw_1_1__seed_1989963110__global_l1_flow_v3__density_medium__unit_candidates_v2,f7b369bcc4ede1d054c2a161a0cb6ec4377cc83570bd33af98182274283e30bb,proto_sw_1_1__seed_1989963110__global_l1_flow_v3__density_medium,proto_sw_1_1__seed_1989963110__global_l1_flow_v3__density_medium__unit_candidates_v2__global_unit_selection_sparse5e,0.05972429999746964,raw_cases/C004/methods/LocalGreedy
C004,Ours,proto_sw_1_1,expanded,medium,2,100010,1,1,1,1,,,5,1,5,proto_sw_1_1__seed_1989963110__global_l1_flow_v3__density_medium,proto_sw_1_1__seed_1989963110__global_l1_flow_v3__density_medium__unit_candidates_v2,f7b369bcc4ede1d054c2a161a0cb6ec4377cc83570bd33af98182274283e30bb,proto_sw_1_1__seed_1989963110__global_l1_flow_v3__density_medium,proto_sw_1_1__seed_1989963110__global_l1_flow_v3__density_medium__unit_candidates_v2__global_unit_selection_joint_h2b,0.04169999999794527,raw_cases/C004/methods/Ours
C005,IndependentCurve,proto_sw_1_1,expanded,rich,1,100018,1,1,0,0,,,6,0,6,proto_sw_1_1__seed_2661861881__global_l1_flow_v3__density_rich,,,proto_sw_1_1__seed_2661861881__global_l1_flow_v3__density_rich__baseline_independentcurve,proto_sw_1_1__seed_2661861881__global_l1_flow_v3__density_rich__baseline_independentcurve__selection,0.0566672999993898,raw_cases/C005/methods/IndependentCurve
C005,FixedSlot,proto_sw_1_1,expanded,rich,1,100018,1,1,1,1,,,6,1,6,proto_sw_1_1__seed_2661861881__global_l1_flow_v3__density_rich,,,proto_sw_1_1__seed_2661861881__global_l1_flow_v3__density_rich__baseline_fixedslot,proto_sw_1_1__seed_2661861881__global_l1_flow_v3__density_rich__baseline_fixedslot__unit_candidates_v2__global_unit_selection_joint_h2b,4.405946299997595,raw_cases/C005/methods/FixedSlot
C005,LocalGreedy,proto_sw_1_1,expanded,rich,1,100018,1,1,1,1,,,6,2,6,proto_sw_1_1__seed_2661861881__global_l1_flow_v3__density_rich,proto_sw_1_1__seed_2661861881__global_l1_flow_v3__density_rich__unit_candidates_v2,1c7ee8fb2524af01d92c3efb28a84ee2157d8d0e2393722e7f85aff6f275d06f,proto_sw_1_1__seed_2661861881__global_l1_flow_v3__density_rich,proto_sw_1_1__seed_2661861881__global_l1_flow_v3__density_rich__unit_candidates_v2__global_unit_selection_sparse5e,0.0527542000018002,raw_cases/C005/methods/LocalGreedy
C005,Ours,proto_sw_1_1,expanded,rich,1,100018,1,1,1,1,,,6,1,6,proto_sw_1_1__seed_2661861881__global_l1_flow_v3__density_rich,proto_sw_1_1__seed_2661861881__global_l1_flow_v3__density_rich__unit_candidates_v2,1c7ee8fb2524af01d92c3efb28a84ee2157d8d0e2393722e7f85aff6f275d06f,proto_sw_1_1__seed_2661861881__global_l1_flow_v3__density_rich,proto_sw_1_1__seed_2661861881__global_l1_flow_v3__density_rich__unit_candidates_v2__global_unit_selection_joint_h2b,0.04293540000071516,raw_cases/C005/methods/Ours
C006,IndependentCurve,proto_sw_1_1,expanded,rich,2,100019,1,1,0,0,,,6,0,6,proto_sw_1_1__seed_898415462__global_l1_flow_v3__density_rich,,,proto_sw_1_1__seed_898415462__global_l1_flow_v3__density_rich__baseline_independentcurve,proto_sw_1_1__seed_898415462__global_l1_flow_v3__density_rich__baseline_independentcurve__selection,0.06010199999946053,raw_cases/C006/methods/IndependentCurve
C006,FixedSlot,proto_sw_1_1,expanded,rich,2,100019,1,1,1,1,,,6,1,6,proto_sw_1_1__seed_898415462__global_l1_flow_v3__density_rich,,,proto_sw_1_1__seed_898415462__global_l1_flow_v3__density_rich__baseline_fixedslot,proto_sw_1_1__seed_898415462__global_l1_flow_v3__density_rich__baseline_fixedslot__unit_candidates_v2__global_unit_selection_joint_h2b,7.366709199999605,raw_cases/C006/methods/FixedSlot
C006,LocalGreedy,proto_sw_1_1,expanded,rich,2,100019,1,1,1,1,,,6,1,6,proto_sw_1_1__seed_898415462__global_l1_flow_v3__density_rich,proto_sw_1_1__seed_898415462__global_l1_flow_v3__density_rich__unit_candidates_v2,86408348160478d704d1a213bc973047e735feb68907a59d1270119a6d0e8ba6,proto_sw_1_1__seed_898415462__global_l1_flow_v3__density_rich,proto_sw_1_1__seed_898415462__global_l1_flow_v3__density_rich__unit_candidates_v2__global_unit_selection_sparse5e,0.049058900000090944,raw_cases/C006/methods/LocalGreedy
C006,Ours,proto_sw_1_1,expanded,rich,2,100019,1,1,1,1,,,6,1,6,proto_sw_1_1__seed_898415462__global_l1_flow_v3__density_rich,proto_sw_1_1__seed_898415462__global_l1_flow_v3__density_rich__unit_candidates_v2,86408348160478d704d1a213bc973047e735feb68907a59d1270119a6d0e8ba6,proto_sw_1_1__seed_898415462__global_l1_flow_v3__density_rich,proto_sw_1_1__seed_898415462__global_l1_flow_v3__density_rich__unit_candidates_v2__global_unit_selection_joint_h2b,0.04412410000077216,raw_cases/C006/methods/Ours
C007,IndependentCurve,proto_sw_1_1,compact,simple,1,100000,1,1,0,0,,,4,0,4,proto_sw_1_1__seed_2781254137__global_l1_flow_v3__density_simple,,,proto_sw_1_1__seed_2781254137__global_l1_flow_v3__density_simple__baseline_independentcurve,proto_sw_1_1__seed_2781254137__global_l1_flow_v3__density_simple__baseline_independentcurve__selection,0.062283899998874404,raw_cases/C007/methods/IndependentCurve
C007,FixedSlot,proto_sw_1_1,compact,simple,1,100000,1,1,1,1,,,4,1,4,proto_sw_1_1__seed_2781254137__global_l1_flow_v3__density_simple,,,proto_sw_1_1__seed_2781254137__global_l1_flow_v3__density_simple__baseline_fixedslot,proto_sw_1_1__seed_2781254137__global_l1_flow_v3__density_simple__baseline_fixedslot__unit_candidates_v2__global_unit_selection_joint_h2b,2.038848999996844,raw_cases/C007/methods/FixedSlot
C007,LocalGreedy,proto_sw_1_1,compact,simple,1,100000,1,1,1,1,,,4,2,4,proto_sw_1_1__seed_2781254137__global_l1_flow_v3__density_simple,proto_sw_1_1__seed_2781254137__global_l1_flow_v3__density_simple__unit_candidates_v2,4a6d7cc918a55db489aff0719ff0c5d2244cdd40393fab67e66284f187c58c0c,proto_sw_1_1__seed_2781254137__global_l1_flow_v3__density_simple,proto_sw_1_1__seed_2781254137__global_l1_flow_v3__density_simple__unit_candidates_v2__global_unit_selection_sparse5e,0.05102649999753339,raw_cases/C007/methods/LocalGreedy
C007,Ours,proto_sw_1_1,compact,simple,1,100000,1,1,1,1,,,4,1,4,proto_sw_1_1__seed_2781254137__global_l1_flow_v3__density_simple,proto_sw_1_1__seed_2781254137__global_l1_flow_v3__density_simple__unit_candidates_v2,4a6d7cc918a55db489aff0719ff0c5d2244cdd40393fab67e66284f187c58c0c,proto_sw_1_1__seed_2781254137__global_l1_flow_v3__density_simple,proto_sw_1_1__seed_2781254137__global_l1_flow_v3__density_simple__unit_candidates_v2__global_unit_selection_joint_h2b,0.04707120000239229,raw_cases/C007/methods/Ours
C008,IndependentCurve,proto_sw_1_1,compact,simple,2,100008,1,1,0,0,,,4,0,4,proto_sw_1_1__seed_399132903__global_l1_flow_v3__density_simple,,,proto_sw_1_1__seed_399132903__global_l1_flow_v3__density_simple__baseline_independentcurve,proto_sw_1_1__seed_399132903__global_l1_flow_v3__density_simple__baseline_independentcurve__selection,0.056737899998552166,raw_cases/C008/methods/IndependentCurve
C008,FixedSlot,proto_sw_1_1,compact,simple,2,100008,1,1,1,1,,,4,1,4,proto_sw_1_1__seed_399132903__global_l1_flow_v3__density_simple,,,proto_sw_1_1__seed_399132903__global_l1_flow_v3__density_simple__baseline_fixedslot,proto_sw_1_1__seed_399132903__global_l1_flow_v3__density_simple__baseline_fixedslot__unit_candidates_v2__global_unit_selection_joint_h2b,2.5285789000008663,raw_cases/C008/methods/FixedSlot
C008,LocalGreedy,proto_sw_1_1,compact,simple,2,100008,1,1,1,1,,,4,2,4,proto_sw_1_1__seed_399132903__global_l1_flow_v3__density_simple,proto_sw_1_1__seed_399132903__global_l1_flow_v3__density_simple__unit_candidates_v2,07910f095b7e8699ec523f11e8afd388310a0f0462b5d185b72c0607eb6e4c78,proto_sw_1_1__seed_399132903__global_l1_flow_v3__density_simple,proto_sw_1_1__seed_399132903__global_l1_flow_v3__density_simple__unit_candidates_v2__global_unit_selection_sparse5e,0.04744819999905303,raw_cases/C008/methods/LocalGreedy
C008,Ours,proto_sw_1_1,compact,simple,2,100008,1,1,1,1,,,4,1,4,proto_sw_1_1__seed_399132903__global_l1_flow_v3__density_simple,proto_sw_1_1__seed_399132903__global_l1_flow_v3__density_simple__unit_candidates_v2,07910f095b7e8699ec523f11e8afd388310a0f0462b5d185b72c0607eb6e4c78,proto_sw_1_1__seed_399132903__global_l1_flow_v3__density_simple,proto_sw_1_1__seed_399132903__global_l1_flow_v3__density_simple__unit_candidates_v2__global_unit_selection_joint_h2b,0.04118150000067544,raw_cases/C008/methods/Ours
C009,IndependentCurve,proto_sw_1_1,compact,medium,1,100007,1,1,0,0,,,5,0,5,proto_sw_1_1__seed_3756345937__global_l1_flow_v3__density_medium,,,proto_sw_1_1__seed_3756345937__global_l1_flow_v3__density_medium__baseline_independentcurve,proto_sw_1_1__seed_3756345937__global_l1_flow_v3__density_medium__baseline_independentcurve__selection,0.047246599999198224,raw_cases/C009/methods/IndependentCurve
C009,FixedSlot,proto_sw_1_1,compact,medium,1,100007,0,0,1,0,GlobalL1FlowError,global candidate pool has no complete compatible assignment,,,,,,,,,0.1601553000000422,
C009,LocalGreedy,proto_sw_1_1,compact,medium,1,100007,1,1,1,1,,,5,4,5,proto_sw_1_1__seed_3756345937__global_l1_flow_v3__density_medium,proto_sw_1_1__seed_3756345937__global_l1_flow_v3__density_medium__unit_candidates_v2,9c8988538a2e88176f181c004bc3331c2f19598b9e991ac1070120187f586365,proto_sw_1_1__seed_3756345937__global_l1_flow_v3__density_medium,proto_sw_1_1__seed_3756345937__global_l1_flow_v3__density_medium__unit_candidates_v2__global_unit_selection_sparse5e,0.053965600000083214,raw_cases/C009/methods/LocalGreedy
C009,Ours,proto_sw_1_1,compact,medium,1,100007,1,1,1,1,,,5,2,5,proto_sw_1_1__seed_3756345937__global_l1_flow_v3__density_medium,proto_sw_1_1__seed_3756345937__global_l1_flow_v3__density_medium__unit_candidates_v2,9c8988538a2e88176f181c004bc3331c2f19598b9e991ac1070120187f586365,proto_sw_1_1__seed_3756345937__global_l1_flow_v3__density_medium,proto_sw_1_1__seed_3756345937__global_l1_flow_v3__density_medium__unit_candidates_v2__global_unit_selection_joint_h2b,0.05409480000162148,raw_cases/C009/methods/Ours
C010,IndependentCurve,proto_sw_1_1,compact,medium,2,100025,1,1,0,0,,,5,0,5,proto_sw_1_1__seed_3401931970__global_l1_flow_v3__density_medium,,,proto_sw_1_1__seed_3401931970__global_l1_flow_v3__density_medium__baseline_independentcurve,proto_sw_1_1__seed_3401931970__global_l1_flow_v3__density_medium__baseline_independentcurve__selection,0.04319509999913862,raw_cases/C010/methods/IndependentCurve
C010,FixedSlot,proto_sw_1_1,compact,medium,2,100025,0,0,1,0,GlobalL1FlowError,global candidate pool has no complete compatible assignment,,,,,,,,,0.145517100001598,
C010,LocalGreedy,proto_sw_1_1,compact,medium,2,100025,1,1,1,1,,,5,4,5,proto_sw_1_1__seed_3401931970__global_l1_flow_v3__density_medium,proto_sw_1_1__seed_3401931970__global_l1_flow_v3__density_medium__unit_candidates_v2,bf3370f0e19ada8ac3d75ebb36a04af3375cba07e847e0a4c20da1f52a798f0f,proto_sw_1_1__seed_3401931970__global_l1_flow_v3__density_medium,proto_sw_1_1__seed_3401931970__global_l1_flow_v3__density_medium__unit_candidates_v2__global_unit_selection_sparse5e,0.04877750000014203,raw_cases/C010/methods/LocalGreedy
C010,Ours,proto_sw_1_1,compact,medium,2,100025,1,1,1,1,,,5,2,5,proto_sw_1_1__seed_3401931970__global_l1_flow_v3__density_medium,proto_sw_1_1__seed_3401931970__global_l1_flow_v3__density_medium__unit_candidates_v2,bf3370f0e19ada8ac3d75ebb36a04af3375cba07e847e0a4c20da1f52a798f0f,proto_sw_1_1__seed_3401931970__global_l1_flow_v3__density_medium,proto_sw_1_1__seed_3401931970__global_l1_flow_v3__density_medium__unit_candidates_v2__global_unit_selection_joint_h2b,0.04754330000287155,raw_cases/C010/methods/Ours
C011,IndependentCurve,proto_sw_1_1,compact,rich,1,100005,1,1,0,0,,,6,0,6,proto_sw_1_1__seed_1160715944__global_l1_flow_v3__density_rich,,,proto_sw_1_1__seed_1160715944__global_l1_flow_v3__density_rich__baseline_independentcurve,proto_sw_1_1__seed_1160715944__global_l1_flow_v3__density_rich__baseline_independentcurve__selection,0.039250300000276184,raw_cases/C011/methods/IndependentCurve
C011,FixedSlot,proto_sw_1_1,compact,rich,1,100005,0,0,1,0,GlobalL1FlowError,global candidate pool has no complete compatible assignment,,,,,,,,,0.1826783999968029,
C011,LocalGreedy,proto_sw_1_1,compact,rich,1,100005,1,1,1,1,,,6,2,6,proto_sw_1_1__seed_1160715944__global_l1_flow_v3__density_rich,proto_sw_1_1__seed_1160715944__global_l1_flow_v3__density_rich__unit_candidates_v2,b07f6cdc951b63e29149d0c4b189166519ff09dbc9980054d98c81a20525c424,proto_sw_1_1__seed_1160715944__global_l1_flow_v3__density_rich,proto_sw_1_1__seed_1160715944__global_l1_flow_v3__density_rich__unit_candidates_v2__global_unit_selection_sparse5e,0.051282199998240685,raw_cases/C011/methods/LocalGreedy
C011,Ours,proto_sw_1_1,compact,rich,1,100005,1,1,1,1,,,6,1,6,proto_sw_1_1__seed_1160715944__global_l1_flow_v3__density_rich,proto_sw_1_1__seed_1160715944__global_l1_flow_v3__density_rich__unit_candidates_v2,b07f6cdc951b63e29149d0c4b189166519ff09dbc9980054d98c81a20525c424,proto_sw_1_1__seed_1160715944__global_l1_flow_v3__density_rich,proto_sw_1_1__seed_1160715944__global_l1_flow_v3__density_rich__unit_candidates_v2__global_unit_selection_joint_h2b,0.050871099996584235,raw_cases/C011/methods/Ours
C012,IndependentCurve,proto_sw_1_1,compact,rich,2,100014,1,1,0,0,,,6,0,6,proto_sw_1_1__seed_3322687601__global_l1_flow_v3__density_rich,,,proto_sw_1_1__seed_3322687601__global_l1_flow_v3__density_rich__baseline_independentcurve,proto_sw_1_1__seed_3322687601__global_l1_flow_v3__density_rich__baseline_independentcurve__selection,0.042540600003121654,raw_cases/C012/methods/IndependentCurve
C012,FixedSlot,proto_sw_1_1,compact,rich,2,100014,0,0,1,0,GlobalL1FlowError,global candidate pool has no complete compatible assignment,,,,,,,,,0.3200362999996287,
C012,LocalGreedy,proto_sw_1_1,compact,rich,2,100014,1,1,1,1,,,6,4,6,proto_sw_1_1__seed_3322687601__global_l1_flow_v3__density_rich,proto_sw_1_1__seed_3322687601__global_l1_flow_v3__density_rich__unit_candidates_v2,a9b7eefdeba378fc39fe96936fb2dbd573423da4dc6ba89272df0b5b453757b3,proto_sw_1_1__seed_3322687601__global_l1_flow_v3__density_rich,proto_sw_1_1__seed_3322687601__global_l1_flow_v3__density_rich__unit_candidates_v2__global_unit_selection_sparse5e,0.057335500001499895,raw_cases/C012/methods/LocalGreedy
C012,Ours,proto_sw_1_1,compact,rich,2,100014,1,1,1,1,,,6,2,6,proto_sw_1_1__seed_3322687601__global_l1_flow_v3__density_rich,proto_sw_1_1__seed_3322687601__global_l1_flow_v3__density_rich__unit_candidates_v2,a9b7eefdeba378fc39fe96936fb2dbd573423da4dc6ba89272df0b5b453757b3,proto_sw_1_1__seed_3322687601__global_l1_flow_v3__density_rich,proto_sw_1_1__seed_3322687601__global_l1_flow_v3__density_rich__unit_candidates_v2__global_unit_selection_joint_h2b,0.05140389999723993,raw_cases/C012/methods/Ours
C013,IndependentCurve,proto_sw_1_1,swept,simple,1,100003,1,1,0,0,,,4,0,4,proto_sw_1_1__seed_1964058663__global_l1_flow_v3__density_simple,,,proto_sw_1_1__seed_1964058663__global_l1_flow_v3__density_simple__baseline_independentcurve,proto_sw_1_1__seed_1964058663__global_l1_flow_v3__density_simple__baseline_independentcurve__selection,0.046334499998920364,raw_cases/C013/methods/IndependentCurve
C013,FixedSlot,proto_sw_1_1,swept,simple,1,100003,0,0,1,0,MatrixCError,FixedSlot slot ordinary_1 has no feasible candidates,,,,,,,,,0.02911590000076103,
C013,LocalGreedy,proto_sw_1_1,swept,simple,1,100003,1,1,1,1,,,4,2,4,proto_sw_1_1__seed_1964058663__global_l1_flow_v3__density_simple,proto_sw_1_1__seed_1964058663__global_l1_flow_v3__density_simple__unit_candidates_v2,6d260be9f42228d8cf8d9b40f2c942529f0406a80732513b6ed04532999d95fc,proto_sw_1_1__seed_1964058663__global_l1_flow_v3__density_simple,proto_sw_1_1__seed_1964058663__global_l1_flow_v3__density_simple__unit_candidates_v2__global_unit_selection_sparse5e,0.046389899998757755,raw_cases/C013/methods/LocalGreedy
C013,Ours,proto_sw_1_1,swept,simple,1,100003,1,1,1,1,,,4,1,4,proto_sw_1_1__seed_1964058663__global_l1_flow_v3__density_simple,proto_sw_1_1__seed_1964058663__global_l1_flow_v3__density_simple__unit_candidates_v2,6d260be9f42228d8cf8d9b40f2c942529f0406a80732513b6ed04532999d95fc,proto_sw_1_1__seed_1964058663__global_l1_flow_v3__density_simple,proto_sw_1_1__seed_1964058663__global_l1_flow_v3__density_simple__unit_candidates_v2__global_unit_selection_joint_h2b,0.04431109999859473,raw_cases/C013/methods/Ours
C014,IndependentCurve,proto_sw_1_1,swept,simple,2,100012,1,1,0,0,,,4,0,4,proto_sw_1_1__seed_608345505__global_l1_flow_v3__density_simple,,,proto_sw_1_1__seed_608345505__global_l1_flow_v3__density_simple__baseline_independentcurve,proto_sw_1_1__seed_608345505__global_l1_flow_v3__density_simple__baseline_independentcurve__selection,0.04960369999753311,raw_cases/C014/methods/IndependentCurve
C014,FixedSlot,proto_sw_1_1,swept,simple,2,100012,0,0,1,0,MatrixCError,FixedSlot slot ordinary_1 has no feasible candidates,,,,,,,,,0.019424099999014288,
C014,LocalGreedy,proto_sw_1_1,swept,simple,2,100012,1,1,1,1,,,4,2,4,proto_sw_1_1__seed_608345505__global_l1_flow_v3__density_simple,proto_sw_1_1__seed_608345505__global_l1_flow_v3__density_simple__unit_candidates_v2,fa4f50f45d151ee1367105fca6378942828a5d68172ae96822ae850bc5b3655f,proto_sw_1_1__seed_608345505__global_l1_flow_v3__density_simple,proto_sw_1_1__seed_608345505__global_l1_flow_v3__density_simple__unit_candidates_v2__global_unit_selection_sparse5e,0.04433159999825875,raw_cases/C014/methods/LocalGreedy
C014,Ours,proto_sw_1_1,swept,simple,2,100012,1,1,1,1,,,4,1,4,proto_sw_1_1__seed_608345505__global_l1_flow_v3__density_simple,proto_sw_1_1__seed_608345505__global_l1_flow_v3__density_simple__unit_candidates_v2,fa4f50f45d151ee1367105fca6378942828a5d68172ae96822ae850bc5b3655f,proto_sw_1_1__seed_608345505__global_l1_flow_v3__density_simple,proto_sw_1_1__seed_608345505__global_l1_flow_v3__density_simple__unit_candidates_v2__global_unit_selection_joint_h2b,0.04508990000249469,raw_cases/C014/methods/Ours
C015,IndependentCurve,proto_sw_1_1,swept,medium,1,100004,1,1,0,0,,,6,0,6,proto_sw_1_1__seed_3906224916__global_l1_flow_v3__density_medium,,,proto_sw_1_1__seed_3906224916__global_l1_flow_v3__density_medium__baseline_independentcurve,proto_sw_1_1__seed_3906224916__global_l1_flow_v3__density_medium__baseline_independentcurve__selection,0.04519530000106897,raw_cases/C015/methods/IndependentCurve
C015,FixedSlot,proto_sw_1_1,swept,medium,1,100004,1,1,1,1,,,6,2,6,proto_sw_1_1__seed_3906224916__global_l1_flow_v3__density_medium,,,proto_sw_1_1__seed_3906224916__global_l1_flow_v3__density_medium__baseline_fixedslot,proto_sw_1_1__seed_3906224916__global_l1_flow_v3__density_medium__baseline_fixedslot__unit_candidates_v2__global_unit_selection_joint_h2b,5.029390899999271,raw_cases/C015/methods/FixedSlot
C015,LocalGreedy,proto_sw_1_1,swept,medium,1,100004,1,1,1,1,,,6,4,6,proto_sw_1_1__seed_3906224916__global_l1_flow_v3__density_medium,proto_sw_1_1__seed_3906224916__global_l1_flow_v3__density_medium__unit_candidates_v2,9cc0d97288985da79051c73f2b42b331805da012133d1035f98fcf297732b0ba,proto_sw_1_1__seed_3906224916__global_l1_flow_v3__density_medium,proto_sw_1_1__seed_3906224916__global_l1_flow_v3__density_medium__unit_candidates_v2__global_unit_selection_sparse5e,0.05300650000208407,raw_cases/C015/methods/LocalGreedy
C015,Ours,proto_sw_1_1,swept,medium,1,100004,1,1,1,1,,,6,2,6,proto_sw_1_1__seed_3906224916__global_l1_flow_v3__density_medium,proto_sw_1_1__seed_3906224916__global_l1_flow_v3__density_medium__unit_candidates_v2,9cc0d97288985da79051c73f2b42b331805da012133d1035f98fcf297732b0ba,proto_sw_1_1__seed_3906224916__global_l1_flow_v3__density_medium,proto_sw_1_1__seed_3906224916__global_l1_flow_v3__density_medium__unit_candidates_v2__global_unit_selection_joint_h2b,0.05219629999919562,raw_cases/C015/methods/Ours
C016,IndependentCurve,proto_sw_1_1,swept,medium,2,100015,1,1,0,0,,,5,0,5,proto_sw_1_1__seed_1105195513__global_l1_flow_v3__density_medium,,,proto_sw_1_1__seed_1105195513__global_l1_flow_v3__density_medium__baseline_independentcurve,proto_sw_1_1__seed_1105195513__global_l1_flow_v3__density_medium__baseline_independentcurve__selection,0.04513030000089202,raw_cases/C016/methods/IndependentCurve
C016,FixedSlot,proto_sw_1_1,swept,medium,2,100015,0,0,1,0,GlobalL1FlowError,global candidate pool has no complete compatible assignment,,,,,,,,,0.1540329000017664,
C016,LocalGreedy,proto_sw_1_1,swept,medium,2,100015,1,1,1,1,,,5,4,5,proto_sw_1_1__seed_1105195513__global_l1_flow_v3__density_medium,proto_sw_1_1__seed_1105195513__global_l1_flow_v3__density_medium__unit_candidates_v2,2dce7977a1f891538f2dd021765e84901350cb5184357f8e1891da38b388b29d,proto_sw_1_1__seed_1105195513__global_l1_flow_v3__density_medium,proto_sw_1_1__seed_1105195513__global_l1_flow_v3__density_medium__unit_candidates_v2__global_unit_selection_sparse5e,0.058032100001582876,raw_cases/C016/methods/LocalGreedy
C016,Ours,proto_sw_1_1,swept,medium,2,100015,1,1,1,1,,,5,2,5,proto_sw_1_1__seed_1105195513__global_l1_flow_v3__density_medium,proto_sw_1_1__seed_1105195513__global_l1_flow_v3__density_medium__unit_candidates_v2,2dce7977a1f891538f2dd021765e84901350cb5184357f8e1891da38b388b29d,proto_sw_1_1__seed_1105195513__global_l1_flow_v3__density_medium,proto_sw_1_1__seed_1105195513__global_l1_flow_v3__density_medium__unit_candidates_v2__global_unit_selection_joint_h2b,0.04899920000025304,raw_cases/C016/methods/Ours
C017,IndependentCurve,proto_sw_1_1,swept,rich,1,100001,1,1,0,0,,,6,0,6,proto_sw_1_1__seed_302128940__global_l1_flow_v3__density_rich,,,proto_sw_1_1__seed_302128940__global_l1_flow_v3__density_rich__baseline_independentcurve,proto_sw_1_1__seed_302128940__global_l1_flow_v3__density_rich__baseline_independentcurve__selection,0.043414100000518374,raw_cases/C017/methods/IndependentCurve
C017,FixedSlot,proto_sw_1_1,swept,rich,1,100001,0,0,1,0,GlobalL1FlowError,global candidate pool has no complete compatible assignment,,,,,,,,,0.19714340000064112,
C017,LocalGreedy,proto_sw_1_1,swept,rich,1,100001,1,1,1,1,,,6,2,6,proto_sw_1_1__seed_302128940__global_l1_flow_v3__density_rich,proto_sw_1_1__seed_302128940__global_l1_flow_v3__density_rich__unit_candidates_v2,085da7808c8c526fcd46bbc70893acbddfed2833283ec326aea694ab5b65bff7,proto_sw_1_1__seed_302128940__global_l1_flow_v3__density_rich,proto_sw_1_1__seed_302128940__global_l1_flow_v3__density_rich__unit_candidates_v2__global_unit_selection_sparse5e,0.050357799998892006,raw_cases/C017/methods/LocalGreedy
C017,Ours,proto_sw_1_1,swept,rich,1,100001,1,1,1,1,,,6,1,6,proto_sw_1_1__seed_302128940__global_l1_flow_v3__density_rich,proto_sw_1_1__seed_302128940__global_l1_flow_v3__density_rich__unit_candidates_v2,085da7808c8c526fcd46bbc70893acbddfed2833283ec326aea694ab5b65bff7,proto_sw_1_1__seed_302128940__global_l1_flow_v3__density_rich,proto_sw_1_1__seed_302128940__global_l1_flow_v3__density_rich__unit_candidates_v2__global_unit_selection_joint_h2b,0.04676660000041011,raw_cases/C017/methods/Ours
C018,IndependentCurve,proto_sw_1_1,swept,rich,2,100002,1,1,0,0,,,6,0,6,proto_sw_1_1__seed_1978891010__global_l1_flow_v3__density_rich,,,proto_sw_1_1__seed_1978891010__global_l1_flow_v3__density_rich__baseline_independentcurve,proto_sw_1_1__seed_1978891010__global_l1_flow_v3__density_rich__baseline_independentcurve__selection,0.04669929999727174,raw_cases/C018/methods/IndependentCurve
C018,FixedSlot,proto_sw_1_1,swept,rich,2,100002,0,0,1,0,GlobalL1FlowError,global candidate pool has no complete compatible assignment,,,,,,,,,0.17529540000032284,
C018,LocalGreedy,proto_sw_1_1,swept,rich,2,100002,1,1,1,1,,,6,4,6,proto_sw_1_1__seed_1978891010__global_l1_flow_v3__density_rich,proto_sw_1_1__seed_1978891010__global_l1_flow_v3__density_rich__unit_candidates_v2,23ae16e4d1624fcae38fa3d417d86d5cf3683ede65827cfca28118965ec52e4b,proto_sw_1_1__seed_1978891010__global_l1_flow_v3__density_rich,proto_sw_1_1__seed_1978891010__global_l1_flow_v3__density_rich__unit_candidates_v2__global_unit_selection_sparse5e,0.045417599998472724,raw_cases/C018/methods/LocalGreedy
C018,Ours,proto_sw_1_1,swept,rich,2,100002,1,1,1,1,,,6,2,6,proto_sw_1_1__seed_1978891010__global_l1_flow_v3__density_rich,proto_sw_1_1__seed_1978891010__global_l1_flow_v3__density_rich__unit_candidates_v2,23ae16e4d1624fcae38fa3d417d86d5cf3683ede65827cfca28118965ec52e4b,proto_sw_1_1__seed_1978891010__global_l1_flow_v3__density_rich,proto_sw_1_1__seed_1978891010__global_l1_flow_v3__density_rich__unit_candidates_v2__global_unit_selection_joint_h2b,0.05559200000061537,raw_cases/C018/methods/Ours
C019,IndependentCurve,proto_sw_1_3,expanded,simple,1,100001,1,1,0,0,,,4,0,4,proto_sw_1_3__seed_302128940__global_l1_flow_v3__density_simple,,,proto_sw_1_3__seed_302128940__global_l1_flow_v3__density_simple__baseline_independentcurve,proto_sw_1_3__seed_302128940__global_l1_flow_v3__density_simple__baseline_independentcurve__selection,0.04887550000057672,raw_cases/C019/methods/IndependentCurve
C019,FixedSlot,proto_sw_1_3,expanded,simple,1,100001,1,1,1,1,,,4,1,4,proto_sw_1_3__seed_302128940__global_l1_flow_v3__density_simple,,,proto_sw_1_3__seed_302128940__global_l1_flow_v3__density_simple__baseline_fixedslot,proto_sw_1_3__seed_302128940__global_l1_flow_v3__density_simple__baseline_fixedslot__unit_candidates_v2__global_unit_selection_joint_h2b,3.6924550000003364,raw_cases/C019/methods/FixedSlot
C019,LocalGreedy,proto_sw_1_3,expanded,simple,1,100001,1,1,1,1,,,4,2,4,proto_sw_1_3__seed_302128940__global_l1_flow_v3__density_simple,proto_sw_1_3__seed_302128940__global_l1_flow_v3__density_simple__unit_candidates_v2,933f8e7e24e0878218bf01c9bd03640caf6d53d928fed007216c37c2019a8735,proto_sw_1_3__seed_302128940__global_l1_flow_v3__density_simple,proto_sw_1_3__seed_302128940__global_l1_flow_v3__density_simple__unit_candidates_v2__global_unit_selection_sparse5e,0.04309050000301795,raw_cases/C019/methods/LocalGreedy
C019,Ours,proto_sw_1_3,expanded,simple,1,100001,1,1,1,1,,,4,1,4,proto_sw_1_3__seed_302128940__global_l1_flow_v3__density_simple,proto_sw_1_3__seed_302128940__global_l1_flow_v3__density_simple__unit_candidates_v2,933f8e7e24e0878218bf01c9bd03640caf6d53d928fed007216c37c2019a8735,proto_sw_1_3__seed_302128940__global_l1_flow_v3__density_simple,proto_sw_1_3__seed_302128940__global_l1_flow_v3__density_simple__unit_candidates_v2__global_unit_selection_joint_h2b,0.04230059999827063,raw_cases/C019/methods/Ours
C020,IndependentCurve,proto_sw_1_3,expanded,simple,2,100003,1,1,0,0,,,4,0,4,proto_sw_1_3__seed_1964058663__global_l1_flow_v3__density_simple,,,proto_sw_1_3__seed_1964058663__global_l1_flow_v3__density_simple__baseline_independentcurve,proto_sw_1_3__seed_1964058663__global_l1_flow_v3__density_simple__baseline_independentcurve__selection,0.04282420000163256,raw_cases/C020/methods/IndependentCurve
C020,FixedSlot,proto_sw_1_3,expanded,simple,2,100003,1,1,1,1,,,4,1,4,proto_sw_1_3__seed_1964058663__global_l1_flow_v3__density_simple,,,proto_sw_1_3__seed_1964058663__global_l1_flow_v3__density_simple__baseline_fixedslot,proto_sw_1_3__seed_1964058663__global_l1_flow_v3__density_simple__baseline_fixedslot__unit_candidates_v2__global_unit_selection_joint_h2b,2.406948099996953,raw_cases/C020/methods/FixedSlot
C020,LocalGreedy,proto_sw_1_3,expanded,simple,2,100003,1,1,1,1,,,4,2,4,proto_sw_1_3__seed_1964058663__global_l1_flow_v3__density_simple,proto_sw_1_3__seed_1964058663__global_l1_flow_v3__density_simple__unit_candidates_v2,f1b8dbef0728f8d30cf692bb3c86b3868880aa2d9dcedfce335f751f8fc24c81,proto_sw_1_3__seed_1964058663__global_l1_flow_v3__density_simple,proto_sw_1_3__seed_1964058663__global_l1_flow_v3__density_simple__unit_candidates_v2__global_unit_selection_sparse5e,0.04600940000091214,raw_cases/C020/methods/LocalGreedy
C020,Ours,proto_sw_1_3,expanded,simple,2,100003,1,1,1,1,,,4,1,4,proto_sw_1_3__seed_1964058663__global_l1_flow_v3__density_simple,proto_sw_1_3__seed_1964058663__global_l1_flow_v3__density_simple__unit_candidates_v2,f1b8dbef0728f8d30cf692bb3c86b3868880aa2d9dcedfce335f751f8fc24c81,proto_sw_1_3__seed_1964058663__global_l1_flow_v3__density_simple,proto_sw_1_3__seed_1964058663__global_l1_flow_v3__density_simple__unit_candidates_v2__global_unit_selection_joint_h2b,0.041246000000683125,raw_cases/C020/methods/Ours
C021,IndependentCurve,proto_sw_1_3,expanded,medium,1,100018,1,1,0,0,,,5,0,5,proto_sw_1_3__seed_2661861881__global_l1_flow_v3__density_medium,,,proto_sw_1_3__seed_2661861881__global_l1_flow_v3__density_medium__baseline_independentcurve,proto_sw_1_3__seed_2661861881__global_l1_flow_v3__density_medium__baseline_independentcurve__selection,0.043726599997171434,raw_cases/C021/methods/IndependentCurve
C021,FixedSlot,proto_sw_1_3,expanded,medium,1,100018,1,1,1,1,,,5,1,5,proto_sw_1_3__seed_2661861881__global_l1_flow_v3__density_medium,,,proto_sw_1_3__seed_2661861881__global_l1_flow_v3__density_medium__baseline_fixedslot,proto_sw_1_3__seed_2661861881__global_l1_flow_v3__density_medium__baseline_fixedslot__unit_candidates_v2__global_unit_selection_joint_h2b,4.111348599999474,raw_cases/C021/methods/FixedSlot
C021,LocalGreedy,proto_sw_1_3,expanded,medium,1,100018,1,1,1,1,,,5,1,5,proto_sw_1_3__seed_2661861881__global_l1_flow_v3__density_medium,proto_sw_1_3__seed_2661861881__global_l1_flow_v3__density_medium__unit_candidates_v2,d60177ce4bfd63a5ac2134d53f26aa9a86a51e0ef1674c2ce902bec0a0675073,proto_sw_1_3__seed_2661861881__global_l1_flow_v3__density_medium,proto_sw_1_3__seed_2661861881__global_l1_flow_v3__density_medium__unit_candidates_v2__global_unit_selection_sparse5e,0.04225320000114152,raw_cases/C021/methods/LocalGreedy
C021,Ours,proto_sw_1_3,expanded,medium,1,100018,1,1,1,1,,,5,1,5,proto_sw_1_3__seed_2661861881__global_l1_flow_v3__density_medium,proto_sw_1_3__seed_2661861881__global_l1_flow_v3__density_medium__unit_candidates_v2,d60177ce4bfd63a5ac2134d53f26aa9a86a51e0ef1674c2ce902bec0a0675073,proto_sw_1_3__seed_2661861881__global_l1_flow_v3__density_medium,proto_sw_1_3__seed_2661861881__global_l1_flow_v3__density_medium__unit_candidates_v2__global_unit_selection_joint_h2b,0.0429775000011432,raw_cases/C021/methods/Ours
C022,IndependentCurve,proto_sw_1_3,expanded,medium,2,100024,1,1,0,0,,,5,0,5,proto_sw_1_3__seed_1291941794__global_l1_flow_v3__density_medium,,,proto_sw_1_3__seed_1291941794__global_l1_flow_v3__density_medium__baseline_independentcurve,proto_sw_1_3__seed_1291941794__global_l1_flow_v3__density_medium__baseline_independentcurve__selection,0.03988780000145198,raw_cases/C022/methods/IndependentCurve
C022,FixedSlot,proto_sw_1_3,expanded,medium,2,100024,1,1,1,1,,,5,2,5,proto_sw_1_3__seed_1291941794__global_l1_flow_v3__density_medium,,,proto_sw_1_3__seed_1291941794__global_l1_flow_v3__density_medium__baseline_fixedslot,proto_sw_1_3__seed_1291941794__global_l1_flow_v3__density_medium__baseline_fixedslot__unit_candidates_v2__global_unit_selection_joint_h2b,3.6329239000006055,raw_cases/C022/methods/FixedSlot
C022,LocalGreedy,proto_sw_1_3,expanded,medium,2,100024,1,1,1,1,,,5,4,5,proto_sw_1_3__seed_1291941794__global_l1_flow_v3__density_medium,proto_sw_1_3__seed_1291941794__global_l1_flow_v3__density_medium__unit_candidates_v2,b90bb8573b2608688c1f5ffa1419e6241edbb5c98ab08542fa27da78256caa03,proto_sw_1_3__seed_1291941794__global_l1_flow_v3__density_medium,proto_sw_1_3__seed_1291941794__global_l1_flow_v3__density_medium__unit_candidates_v2__global_unit_selection_sparse5e,0.048015500000474276,raw_cases/C022/methods/LocalGreedy
C022,Ours,proto_sw_1_3,expanded,medium,2,100024,1,1,1,1,,,5,2,5,proto_sw_1_3__seed_1291941794__global_l1_flow_v3__density_medium,proto_sw_1_3__seed_1291941794__global_l1_flow_v3__density_medium__unit_candidates_v2,b90bb8573b2608688c1f5ffa1419e6241edbb5c98ab08542fa27da78256caa03,proto_sw_1_3__seed_1291941794__global_l1_flow_v3__density_medium,proto_sw_1_3__seed_1291941794__global_l1_flow_v3__density_medium__unit_candidates_v2__global_unit_selection_joint_h2b,0.05037190000075498,raw_cases/C022/methods/Ours
C023,IndependentCurve,proto_sw_1_3,expanded,rich,1,100030,1,1,0,0,,,6,0,6,proto_sw_1_3__seed_2443990248__global_l1_flow_v3__density_rich,,,proto_sw_1_3__seed_2443990248__global_l1_flow_v3__density_rich__baseline_independentcurve,proto_sw_1_3__seed_2443990248__global_l1_flow_v3__density_rich__baseline_independentcurve__selection,0.0420990000020538,raw_cases/C023/methods/IndependentCurve
C023,FixedSlot,proto_sw_1_3,expanded,rich,1,100030,1,1,1,1,,,6,3,6,proto_sw_1_3__seed_2443990248__global_l1_flow_v3__density_rich,,,proto_sw_1_3__seed_2443990248__global_l1_flow_v3__density_rich__baseline_fixedslot,proto_sw_1_3__seed_2443990248__global_l1_flow_v3__density_rich__baseline_fixedslot__unit_candidates_v2__global_unit_selection_joint_h2b,7.048716299999796,raw_cases/C023/methods/FixedSlot
C023,LocalGreedy,proto_sw_1_3,expanded,rich,1,100030,1,1,1,1,,,6,3,6,proto_sw_1_3__seed_2443990248__global_l1_flow_v3__density_rich,proto_sw_1_3__seed_2443990248__global_l1_flow_v3__density_rich__unit_candidates_v2,3b22210cdb6a42e5ded9eccf511df2e22c135fc934b25dc50b5fa154e7122bc5,proto_sw_1_3__seed_2443990248__global_l1_flow_v3__density_rich,proto_sw_1_3__seed_2443990248__global_l1_flow_v3__density_rich__unit_candidates_v2__global_unit_selection_sparse5e,0.0468116000010923,raw_cases/C023/methods/LocalGreedy
C023,Ours,proto_sw_1_3,expanded,rich,1,100030,1,1,1,1,,,6,2,6,proto_sw_1_3__seed_2443990248__global_l1_flow_v3__density_rich,proto_sw_1_3__seed_2443990248__global_l1_flow_v3__density_rich__unit_candidates_v2,3b22210cdb6a42e5ded9eccf511df2e22c135fc934b25dc50b5fa154e7122bc5,proto_sw_1_3__seed_2443990248__global_l1_flow_v3__density_rich,proto_sw_1_3__seed_2443990248__global_l1_flow_v3__density_rich__unit_candidates_v2__global_unit_selection_joint_h2b,0.04935019999902579,raw_cases/C023/methods/Ours
C024,IndependentCurve,proto_sw_1_3,expanded,rich,2,100035,1,1,0,0,,,6,0,6,proto_sw_1_3__seed_2041979072__global_l1_flow_v3__density_rich,,,proto_sw_1_3__seed_2041979072__global_l1_flow_v3__density_rich__baseline_independentcurve,proto_sw_1_3__seed_2041979072__global_l1_flow_v3__density_rich__baseline_independentcurve__selection,0.036764700002095196,raw_cases/C024/methods/IndependentCurve
C024,FixedSlot,proto_sw_1_3,expanded,rich,2,100035,1,1,1,1,,,6,2,6,proto_sw_1_3__seed_2041979072__global_l1_flow_v3__density_rich,,,proto_sw_1_3__seed_2041979072__global_l1_flow_v3__density_rich__baseline_fixedslot,proto_sw_1_3__seed_2041979072__global_l1_flow_v3__density_rich__baseline_fixedslot__unit_candidates_v2__global_unit_selection_joint_h2b,11.61133880000125,raw_cases/C024/methods/FixedSlot
C024,LocalGreedy,proto_sw_1_3,expanded,rich,2,100035,1,1,1,1,,,6,4,6,proto_sw_1_3__seed_2041979072__global_l1_flow_v3__density_rich,proto_sw_1_3__seed_2041979072__global_l1_flow_v3__density_rich__unit_candidates_v2,a4f7222434034eae3cd8a4a8b4ea8358f9c82b7af84e9e26debe2922376ca348,proto_sw_1_3__seed_2041979072__global_l1_flow_v3__density_rich,proto_sw_1_3__seed_2041979072__global_l1_flow_v3__density_rich__unit_candidates_v2__global_unit_selection_sparse5e,0.05203160000019125,raw_cases/C024/methods/LocalGreedy
C024,Ours,proto_sw_1_3,expanded,rich,2,100035,1,1,1,1,,,6,2,6,proto_sw_1_3__seed_2041979072__global_l1_flow_v3__density_rich,proto_sw_1_3__seed_2041979072__global_l1_flow_v3__density_rich__unit_candidates_v2,a4f7222434034eae3cd8a4a8b4ea8358f9c82b7af84e9e26debe2922376ca348,proto_sw_1_3__seed_2041979072__global_l1_flow_v3__density_rich,proto_sw_1_3__seed_2041979072__global_l1_flow_v3__density_rich__unit_candidates_v2__global_unit_selection_joint_h2b,0.04442959999869345,raw_cases/C024/methods/Ours
C025,IndependentCurve,proto_sw_1_3,compact,simple,1,100007,1,1,0,0,,,4,0,4,proto_sw_1_3__seed_3756345937__global_l1_flow_v3__density_simple,,,proto_sw_1_3__seed_3756345937__global_l1_flow_v3__density_simple__baseline_independentcurve,proto_sw_1_3__seed_3756345937__global_l1_flow_v3__density_simple__baseline_independentcurve__selection,0.04665039999963483,raw_cases/C025/methods/IndependentCurve
C025,FixedSlot,proto_sw_1_3,compact,simple,1,100007,1,1,1,1,,,4,1,4,proto_sw_1_3__seed_3756345937__global_l1_flow_v3__density_simple,,,proto_sw_1_3__seed_3756345937__global_l1_flow_v3__density_simple__baseline_fixedslot,proto_sw_1_3__seed_3756345937__global_l1_flow_v3__density_simple__baseline_fixedslot__unit_candidates_v2__global_unit_selection_joint_h2b,3.2554769000016677,raw_cases/C025/methods/FixedSlot
C025,LocalGreedy,proto_sw_1_3,compact,simple,1,100007,1,1,1,1,,,4,2,4,proto_sw_1_3__seed_3756345937__global_l1_flow_v3__density_simple,proto_sw_1_3__seed_3756345937__global_l1_flow_v3__density_simple__unit_candidates_v2,9f21acb465009b8d44197f573e3b182a97b39819c78eefe3b7ad1ffce3af6304,proto_sw_1_3__seed_3756345937__global_l1_flow_v3__density_simple,proto_sw_1_3__seed_3756345937__global_l1_flow_v3__density_simple__unit_candidates_v2__global_unit_selection_sparse5e,0.04338920000009239,raw_cases/C025/methods/LocalGreedy
C025,Ours,proto_sw_1_3,compact,simple,1,100007,1,1,1,1,,,4,1,4,proto_sw_1_3__seed_3756345937__global_l1_flow_v3__density_simple,proto_sw_1_3__seed_3756345937__global_l1_flow_v3__density_simple__unit_candidates_v2,9f21acb465009b8d44197f573e3b182a97b39819c78eefe3b7ad1ffce3af6304,proto_sw_1_3__seed_3756345937__global_l1_flow_v3__density_simple,proto_sw_1_3__seed_3756345937__global_l1_flow_v3__density_simple__unit_candidates_v2__global_unit_selection_joint_h2b,0.045580300000438,raw_cases/C025/methods/Ours
C026,IndependentCurve,proto_sw_1_3,compact,simple,2,100010,1,1,0,0,,,4,0,4,proto_sw_1_3__seed_1989963110__global_l1_flow_v3__density_simple,,,proto_sw_1_3__seed_1989963110__global_l1_flow_v3__density_simple__baseline_independentcurve,proto_sw_1_3__seed_1989963110__global_l1_flow_v3__density_simple__baseline_independentcurve__selection,0.039990499997657025,raw_cases/C026/methods/IndependentCurve
C026,FixedSlot,proto_sw_1_3,compact,simple,2,100010,1,1,1,1,,,4,1,4,proto_sw_1_3__seed_1989963110__global_l1_flow_v3__density_simple,,,proto_sw_1_3__seed_1989963110__global_l1_flow_v3__density_simple__baseline_fixedslot,proto_sw_1_3__seed_1989963110__global_l1_flow_v3__density_simple__baseline_fixedslot__unit_candidates_v2__global_unit_selection_joint_h2b,3.525130599999102,raw_cases/C026/methods/FixedSlot
C026,LocalGreedy,proto_sw_1_3,compact,simple,2,100010,1,1,1,1,,,4,2,4,proto_sw_1_3__seed_1989963110__global_l1_flow_v3__density_simple,proto_sw_1_3__seed_1989963110__global_l1_flow_v3__density_simple__unit_candidates_v2,0ce9e9e13899815956eb2d2304091de726ee344eb543f48f9a80746e6580eb0b,proto_sw_1_3__seed_1989963110__global_l1_flow_v3__density_simple,proto_sw_1_3__seed_1989963110__global_l1_flow_v3__density_simple__unit_candidates_v2__global_unit_selection_sparse5e,0.054207599998335354,raw_cases/C026/methods/LocalGreedy
C026,Ours,proto_sw_1_3,compact,simple,2,100010,1,1,1,1,,,4,2,4,proto_sw_1_3__seed_1989963110__global_l1_flow_v3__density_simple,proto_sw_1_3__seed_1989963110__global_l1_flow_v3__density_simple__unit_candidates_v2,0ce9e9e13899815956eb2d2304091de726ee344eb543f48f9a80746e6580eb0b,proto_sw_1_3__seed_1989963110__global_l1_flow_v3__density_simple,proto_sw_1_3__seed_1989963110__global_l1_flow_v3__density_simple__unit_candidates_v2__global_unit_selection_joint_h2b,0.048531199998251395,raw_cases/C026/methods/Ours
C027,IndependentCurve,proto_sw_1_3,compact,medium,1,100000,1,1,0,0,,,6,0,6,proto_sw_1_3__seed_2781254137__global_l1_flow_v3__density_medium,,,proto_sw_1_3__seed_2781254137__global_l1_flow_v3__density_medium__baseline_independentcurve,proto_sw_1_3__seed_2781254137__global_l1_flow_v3__density_medium__baseline_independentcurve__selection,0.04650719999699504,raw_cases/C027/methods/IndependentCurve
C027,FixedSlot,proto_sw_1_3,compact,medium,1,100000,1,1,1,1,,,6,2,6,proto_sw_1_3__seed_2781254137__global_l1_flow_v3__density_medium,,,proto_sw_1_3__seed_2781254137__global_l1_flow_v3__density_medium__baseline_fixedslot,proto_sw_1_3__seed_2781254137__global_l1_flow_v3__density_medium__baseline_fixedslot__unit_candidates_v2__global_unit_selection_joint_h2b,5.43271950000053,raw_cases/C027/methods/FixedSlot
C027,LocalGreedy,proto_sw_1_3,compact,medium,1,100000,1,1,1,1,,,6,3,6,proto_sw_1_3__seed_2781254137__global_l1_flow_v3__density_medium,proto_sw_1_3__seed_2781254137__global_l1_flow_v3__density_medium__unit_candidates_v2,11cbfe50b586a78398d88ed1f4a444c6baa1ddc5c12ff838acdeed563191b587,proto_sw_1_3__seed_2781254137__global_l1_flow_v3__density_medium,proto_sw_1_3__seed_2781254137__global_l1_flow_v3__density_medium__unit_candidates_v2__global_unit_selection_sparse5e,0.049924899998586625,raw_cases/C027/methods/LocalGreedy
C027,Ours,proto_sw_1_3,compact,medium,1,100000,1,1,1,1,,,6,2,6,proto_sw_1_3__seed_2781254137__global_l1_flow_v3__density_medium,proto_sw_1_3__seed_2781254137__global_l1_flow_v3__density_medium__unit_candidates_v2,11cbfe50b586a78398d88ed1f4a444c6baa1ddc5c12ff838acdeed563191b587,proto_sw_1_3__seed_2781254137__global_l1_flow_v3__density_medium,proto_sw_1_3__seed_2781254137__global_l1_flow_v3__density_medium__unit_candidates_v2__global_unit_selection_joint_h2b,0.050486000000091735,raw_cases/C027/methods/Ours
C028,IndependentCurve,proto_sw_1_3,compact,medium,2,100006,1,1,0,0,,,5,0,5,proto_sw_1_3__seed_4182263884__global_l1_flow_v3__density_medium,,,proto_sw_1_3__seed_4182263884__global_l1_flow_v3__density_medium__baseline_independentcurve,proto_sw_1_3__seed_4182263884__global_l1_flow_v3__density_medium__baseline_independentcurve__selection,0.04516670000157319,raw_cases/C028/methods/IndependentCurve
C028,FixedSlot,proto_sw_1_3,compact,medium,2,100006,0,0,1,0,GlobalL1FlowError,global candidate pool has no complete compatible assignment,,,,,,,,,0.15614339999956428,
C028,LocalGreedy,proto_sw_1_3,compact,medium,2,100006,1,1,1,1,,,5,2,5,proto_sw_1_3__seed_4182263884__global_l1_flow_v3__density_medium,proto_sw_1_3__seed_4182263884__global_l1_flow_v3__density_medium__unit_candidates_v2,2c596053a6feddc2f678d649ca9ed6ae3fdcc12fa063e34bac4186896e8598fd,proto_sw_1_3__seed_4182263884__global_l1_flow_v3__density_medium,proto_sw_1_3__seed_4182263884__global_l1_flow_v3__density_medium__unit_candidates_v2__global_unit_selection_sparse5e,0.05026140000336454,raw_cases/C028/methods/LocalGreedy
C028,Ours,proto_sw_1_3,compact,medium,2,100006,1,1,1,1,,,5,1,5,proto_sw_1_3__seed_4182263884__global_l1_flow_v3__density_medium,proto_sw_1_3__seed_4182263884__global_l1_flow_v3__density_medium__unit_candidates_v2,2c596053a6feddc2f678d649ca9ed6ae3fdcc12fa063e34bac4186896e8598fd,proto_sw_1_3__seed_4182263884__global_l1_flow_v3__density_medium,proto_sw_1_3__seed_4182263884__global_l1_flow_v3__density_medium__unit_candidates_v2__global_unit_selection_joint_h2b,0.04752069999813102,raw_cases/C028/methods/Ours
C029,IndependentCurve,proto_sw_1_3,compact,rich,1,100008,1,1,0,0,,,6,0,6,proto_sw_1_3__seed_399132903__global_l1_flow_v3__density_rich,,,proto_sw_1_3__seed_399132903__global_l1_flow_v3__density_rich__baseline_independentcurve,proto_sw_1_3__seed_399132903__global_l1_flow_v3__density_rich__baseline_independentcurve__selection,0.039910899999085814,raw_cases/C029/methods/IndependentCurve
C029,FixedSlot,proto_sw_1_3,compact,rich,1,100008,1,1,1,1,,,6,2,6,proto_sw_1_3__seed_399132903__global_l1_flow_v3__density_rich,,,proto_sw_1_3__seed_399132903__global_l1_flow_v3__density_rich__baseline_fixedslot,proto_sw_1_3__seed_399132903__global_l1_flow_v3__density_rich__baseline_fixedslot__unit_candidates_v2__global_unit_selection_joint_h2b,6.201655400000163,raw_cases/C029/methods/FixedSlot
C029,LocalGreedy,proto_sw_1_3,compact,rich,1,100008,1,1,1,1,,,6,3,6,proto_sw_1_3__seed_399132903__global_l1_flow_v3__density_rich,proto_sw_1_3__seed_399132903__global_l1_flow_v3__density_rich__unit_candidates_v2,575472cb98503bd627ef27b157b2dc523c99d931b5d15a4238692a887e7f74f0,proto_sw_1_3__seed_399132903__global_l1_flow_v3__density_rich,proto_sw_1_3__seed_399132903__global_l1_flow_v3__density_rich__unit_candidates_v2__global_unit_selection_sparse5e,0.054146899998158915,raw_cases/C029/methods/LocalGreedy
C029,Ours,proto_sw_1_3,compact,rich,1,100008,1,1,1,1,,,6,2,6,proto_sw_1_3__seed_399132903__global_l1_flow_v3__density_rich,proto_sw_1_3__seed_399132903__global_l1_flow_v3__density_rich__unit_candidates_v2,575472cb98503bd627ef27b157b2dc523c99d931b5d15a4238692a887e7f74f0,proto_sw_1_3__seed_399132903__global_l1_flow_v3__density_rich,proto_sw_1_3__seed_399132903__global_l1_flow_v3__density_rich__unit_candidates_v2__global_unit_selection_joint_h2b,0.04959420000159298,raw_cases/C029/methods/Ours
C030,IndependentCurve,proto_sw_1_3,compact,rich,2,100017,1,1,0,0,,,6,0,6,proto_sw_1_3__seed_2772902747__global_l1_flow_v3__density_rich,,,proto_sw_1_3__seed_2772902747__global_l1_flow_v3__density_rich__baseline_independentcurve,proto_sw_1_3__seed_2772902747__global_l1_flow_v3__density_rich__baseline_independentcurve__selection,0.05233290000251145,raw_cases/C030/methods/IndependentCurve
C030,FixedSlot,proto_sw_1_3,compact,rich,2,100017,0,0,1,0,GlobalL1FlowError,global candidate pool has no complete compatible assignment,,,,,,,,,0.22571360000074492,
C030,LocalGreedy,proto_sw_1_3,compact,rich,2,100017,1,1,1,1,,,6,1,6,proto_sw_1_3__seed_2772902747__global_l1_flow_v3__density_rich,proto_sw_1_3__seed_2772902747__global_l1_flow_v3__density_rich__unit_candidates_v2,4ccf75084171d6e5aca87085bc439f59a21737fb64a7408b0999fc91c5a56dc8,proto_sw_1_3__seed_2772902747__global_l1_flow_v3__density_rich,proto_sw_1_3__seed_2772902747__global_l1_flow_v3__density_rich__unit_candidates_v2__global_unit_selection_sparse5e,0.0448526000000129,raw_cases/C030/methods/LocalGreedy
C030,Ours,proto_sw_1_3,compact,rich,2,100017,1,1,1,1,,,6,1,6,proto_sw_1_3__seed_2772902747__global_l1_flow_v3__density_rich,proto_sw_1_3__seed_2772902747__global_l1_flow_v3__density_rich__unit_candidates_v2,4ccf75084171d6e5aca87085bc439f59a21737fb64a7408b0999fc91c5a56dc8,proto_sw_1_3__seed_2772902747__global_l1_flow_v3__density_rich,proto_sw_1_3__seed_2772902747__global_l1_flow_v3__density_rich__unit_candidates_v2__global_unit_selection_joint_h2b,0.05260619999899063,raw_cases/C030/methods/Ours
C031,IndependentCurve,proto_sw_1_3,swept,simple,1,100004,1,1,0,0,,,4,0,4,proto_sw_1_3__seed_3906224916__global_l1_flow_v3__density_simple,,,proto_sw_1_3__seed_3906224916__global_l1_flow_v3__density_simple__baseline_independentcurve,proto_sw_1_3__seed_3906224916__global_l1_flow_v3__density_simple__baseline_independentcurve__selection,0.049106800001027295,raw_cases/C031/methods/IndependentCurve
C031,FixedSlot,proto_sw_1_3,swept,simple,1,100004,1,1,1,1,,,4,1,4,proto_sw_1_3__seed_3906224916__global_l1_flow_v3__density_simple,,,proto_sw_1_3__seed_3906224916__global_l1_flow_v3__density_simple__baseline_fixedslot,proto_sw_1_3__seed_3906224916__global_l1_flow_v3__density_simple__baseline_fixedslot__unit_candidates_v2__global_unit_selection_joint_h2b,2.6906145999964792,raw_cases/C031/methods/FixedSlot
C031,LocalGreedy,proto_sw_1_3,swept,simple,1,100004,1,1,1,1,,,4,2,4,proto_sw_1_3__seed_3906224916__global_l1_flow_v3__density_simple,proto_sw_1_3__seed_3906224916__global_l1_flow_v3__density_simple__unit_candidates_v2,baa86225faca7faab3762829f627843671525f3485530037a54946d5b471fdb9,proto_sw_1_3__seed_3906224916__global_l1_flow_v3__density_simple,proto_sw_1_3__seed_3906224916__global_l1_flow_v3__density_simple__unit_candidates_v2__global_unit_selection_sparse5e,0.04966159999821684,raw_cases/C031/methods/LocalGreedy
C031,Ours,proto_sw_1_3,swept,simple,1,100004,1,1,1,1,,,4,1,4,proto_sw_1_3__seed_3906224916__global_l1_flow_v3__density_simple,proto_sw_1_3__seed_3906224916__global_l1_flow_v3__density_simple__unit_candidates_v2,baa86225faca7faab3762829f627843671525f3485530037a54946d5b471fdb9,proto_sw_1_3__seed_3906224916__global_l1_flow_v3__density_simple,proto_sw_1_3__seed_3906224916__global_l1_flow_v3__density_simple__unit_candidates_v2__global_unit_selection_joint_h2b,0.048340499997721054,raw_cases/C031/methods/Ours
C032,IndependentCurve,proto_sw_1_3,swept,simple,2,100009,1,1,0,0,,,4,0,4,proto_sw_1_3__seed_548579369__global_l1_flow_v3__density_simple,,,proto_sw_1_3__seed_548579369__global_l1_flow_v3__density_simple__baseline_independentcurve,proto_sw_1_3__seed_548579369__global_l1_flow_v3__density_simple__baseline_independentcurve__selection,0.04694690000178525,raw_cases/C032/methods/IndependentCurve
C032,FixedSlot,proto_sw_1_3,swept,simple,2,100009,1,1,1,1,,,4,1,4,proto_sw_1_3__seed_548579369__global_l1_flow_v3__density_simple,,,proto_sw_1_3__seed_548579369__global_l1_flow_v3__density_simple__baseline_fixedslot,proto_sw_1_3__seed_548579369__global_l1_flow_v3__density_simple__baseline_fixedslot__unit_candidates_v2__global_unit_selection_joint_h2b,3.616526400001021,raw_cases/C032/methods/FixedSlot
C032,LocalGreedy,proto_sw_1_3,swept,simple,2,100009,1,1,1,1,,,4,2,4,proto_sw_1_3__seed_548579369__global_l1_flow_v3__density_simple,proto_sw_1_3__seed_548579369__global_l1_flow_v3__density_simple__unit_candidates_v2,ae1938ced7dfe28b0d1bc723c13717a6bb20e395f6d3992875697a52b2ce70d0,proto_sw_1_3__seed_548579369__global_l1_flow_v3__density_simple,proto_sw_1_3__seed_548579369__global_l1_flow_v3__density_simple__unit_candidates_v2__global_unit_selection_sparse5e,0.04652859999987413,raw_cases/C032/methods/LocalGreedy
C032,Ours,proto_sw_1_3,swept,simple,2,100009,1,1,1,1,,,4,1,4,proto_sw_1_3__seed_548579369__global_l1_flow_v3__density_simple,proto_sw_1_3__seed_548579369__global_l1_flow_v3__density_simple__unit_candidates_v2,ae1938ced7dfe28b0d1bc723c13717a6bb20e395f6d3992875697a52b2ce70d0,proto_sw_1_3__seed_548579369__global_l1_flow_v3__density_simple,proto_sw_1_3__seed_548579369__global_l1_flow_v3__density_simple__unit_candidates_v2__global_unit_selection_joint_h2b,0.039315100002568215,raw_cases/C032/methods/Ours
C033,IndependentCurve,proto_sw_1_3,swept,medium,1,100005,1,1,0,0,,,5,0,5,proto_sw_1_3__seed_1160715944__global_l1_flow_v3__density_medium,,,proto_sw_1_3__seed_1160715944__global_l1_flow_v3__density_medium__baseline_independentcurve,proto_sw_1_3__seed_1160715944__global_l1_flow_v3__density_medium__baseline_independentcurve__selection,0.03958979999879375,raw_cases/C033/methods/IndependentCurve
C033,FixedSlot,proto_sw_1_3,swept,medium,1,100005,1,1,1,1,,,5,1,5,proto_sw_1_3__seed_1160715944__global_l1_flow_v3__density_medium,,,proto_sw_1_3__seed_1160715944__global_l1_flow_v3__density_medium__baseline_fixedslot,proto_sw_1_3__seed_1160715944__global_l1_flow_v3__density_medium__baseline_fixedslot__unit_candidates_v2__global_unit_selection_joint_h2b,4.531659000000218,raw_cases/C033/methods/FixedSlot
C033,LocalGreedy,proto_sw_1_3,swept,medium,1,100005,1,1,1,1,,,5,1,5,proto_sw_1_3__seed_1160715944__global_l1_flow_v3__density_medium,proto_sw_1_3__seed_1160715944__global_l1_flow_v3__density_medium__unit_candidates_v2,7896d2eabb0ae16e73787bb815df5a27ba0a177e0f8f1852aea9bf2ea256b293,proto_sw_1_3__seed_1160715944__global_l1_flow_v3__density_medium,proto_sw_1_3__seed_1160715944__global_l1_flow_v3__density_medium__unit_candidates_v2__global_unit_selection_sparse5e,0.04381909999938216,raw_cases/C033/methods/LocalGreedy
C033,Ours,proto_sw_1_3,swept,medium,1,100005,1,1,1,1,,,5,1,5,proto_sw_1_3__seed_1160715944__global_l1_flow_v3__density_medium,proto_sw_1_3__seed_1160715944__global_l1_flow_v3__density_medium__unit_candidates_v2,7896d2eabb0ae16e73787bb815df5a27ba0a177e0f8f1852aea9bf2ea256b293,proto_sw_1_3__seed_1160715944__global_l1_flow_v3__density_medium,proto_sw_1_3__seed_1160715944__global_l1_flow_v3__density_medium__unit_candidates_v2__global_unit_selection_joint_h2b,0.04091129999869736,raw_cases/C033/methods/Ours
C034,IndependentCurve,proto_sw_1_3,swept,medium,2,100023,1,1,0,0,,,5,0,5,proto_sw_1_3__seed_3230428333__global_l1_flow_v3__density_medium,,,proto_sw_1_3__seed_3230428333__global_l1_flow_v3__density_medium__baseline_independentcurve,proto_sw_1_3__seed_3230428333__global_l1_flow_v3__density_medium__baseline_independentcurve__selection,0.0372572999986005,raw_cases/C034/methods/IndependentCurve
C034,FixedSlot,proto_sw_1_3,swept,medium,2,100023,1,1,1,1,,,5,1,5,proto_sw_1_3__seed_3230428333__global_l1_flow_v3__density_medium,,,proto_sw_1_3__seed_3230428333__global_l1_flow_v3__density_medium__baseline_fixedslot,proto_sw_1_3__seed_3230428333__global_l1_flow_v3__density_medium__baseline_fixedslot__unit_candidates_v2__global_unit_selection_joint_h2b,8.278466499999922,raw_cases/C034/methods/FixedSlot
C034,LocalGreedy,proto_sw_1_3,swept,medium,2,100023,1,1,1,1,,,5,1,5,proto_sw_1_3__seed_3230428333__global_l1_flow_v3__density_medium,proto_sw_1_3__seed_3230428333__global_l1_flow_v3__density_medium__unit_candidates_v2,7a0f05b0062bcafbc961ac58acdd3872d7335853d4587690d48d7dd6bcf8b72d,proto_sw_1_3__seed_3230428333__global_l1_flow_v3__density_medium,proto_sw_1_3__seed_3230428333__global_l1_flow_v3__density_medium__unit_candidates_v2__global_unit_selection_sparse5e,0.04721140000037849,raw_cases/C034/methods/LocalGreedy
C034,Ours,proto_sw_1_3,swept,medium,2,100023,1,1,1,1,,,5,1,5,proto_sw_1_3__seed_3230428333__global_l1_flow_v3__density_medium,proto_sw_1_3__seed_3230428333__global_l1_flow_v3__density_medium__unit_candidates_v2,7a0f05b0062bcafbc961ac58acdd3872d7335853d4587690d48d7dd6bcf8b72d,proto_sw_1_3__seed_3230428333__global_l1_flow_v3__density_medium,proto_sw_1_3__seed_3230428333__global_l1_flow_v3__density_medium__unit_candidates_v2__global_unit_selection_joint_h2b,0.047650799999246374,raw_cases/C034/methods/Ours
C035,IndependentCurve,proto_sw_1_3,swept,rich,1,100002,1,1,0,0,,,6,0,6,proto_sw_1_3__seed_1978891010__global_l1_flow_v3__density_rich,,,proto_sw_1_3__seed_1978891010__global_l1_flow_v3__density_rich__baseline_independentcurve,proto_sw_1_3__seed_1978891010__global_l1_flow_v3__density_rich__baseline_independentcurve__selection,0.04876439999861759,raw_cases/C035/methods/IndependentCurve
C035,FixedSlot,proto_sw_1_3,swept,rich,1,100002,1,1,1,1,,,6,2,6,proto_sw_1_3__seed_1978891010__global_l1_flow_v3__density_rich,,,proto_sw_1_3__seed_1978891010__global_l1_flow_v3__density_rich__baseline_fixedslot,proto_sw_1_3__seed_1978891010__global_l1_flow_v3__density_rich__baseline_fixedslot__unit_candidates_v2__global_unit_selection_joint_h2b,8.744079899999633,raw_cases/C035/methods/FixedSlot
C035,LocalGreedy,proto_sw_1_3,swept,rich,1,100002,1,1,1,1,,,6,3,6,proto_sw_1_3__seed_1978891010__global_l1_flow_v3__density_rich,proto_sw_1_3__seed_1978891010__global_l1_flow_v3__density_rich__unit_candidates_v2,b35008f97bef3e64d34915fd70b40fc93d4e27bcff134b3bd916c0f1a009597f,proto_sw_1_3__seed_1978891010__global_l1_flow_v3__density_rich,proto_sw_1_3__seed_1978891010__global_l1_flow_v3__density_rich__unit_candidates_v2__global_unit_selection_sparse5e,0.053266200000507524,raw_cases/C035/methods/LocalGreedy
C035,Ours,proto_sw_1_3,swept,rich,1,100002,1,1,1,1,,,6,2,6,proto_sw_1_3__seed_1978891010__global_l1_flow_v3__density_rich,proto_sw_1_3__seed_1978891010__global_l1_flow_v3__density_rich__unit_candidates_v2,b35008f97bef3e64d34915fd70b40fc93d4e27bcff134b3bd916c0f1a009597f,proto_sw_1_3__seed_1978891010__global_l1_flow_v3__density_rich,proto_sw_1_3__seed_1978891010__global_l1_flow_v3__density_rich__unit_candidates_v2__global_unit_selection_joint_h2b,0.0512468999986595,raw_cases/C035/methods/Ours
C036,IndependentCurve,proto_sw_1_3,swept,rich,2,100011,1,1,0,0,,,6,0,6,proto_sw_1_3__seed_1548718105__global_l1_flow_v3__density_rich,,,proto_sw_1_3__seed_1548718105__global_l1_flow_v3__density_rich__baseline_independentcurve,proto_sw_1_3__seed_1548718105__global_l1_flow_v3__density_rich__baseline_independentcurve__selection,0.044463500002166256,raw_cases/C036/methods/IndependentCurve
C036,FixedSlot,proto_sw_1_3,swept,rich,2,100011,0,1,1,0,Stage5SelectionError,joint H2-B search found no complete legal composition,6,,,proto_sw_1_3__seed_1548718105__global_l1_flow_v3__density_rich,,,proto_sw_1_3__seed_1548718105__global_l1_flow_v3__density_rich__baseline_fixedslot,,6.7490049000007275,raw_cases/C036/methods/FixedSlot
C036,LocalGreedy,proto_sw_1_3,swept,rich,2,100011,1,1,1,1,,,6,1,6,proto_sw_1_3__seed_1548718105__global_l1_flow_v3__density_rich,proto_sw_1_3__seed_1548718105__global_l1_flow_v3__density_rich__unit_candidates_v2,ef351602f0a74357db920550fd994230ec6fcbcf44994642ba433ec3bebe23bc,proto_sw_1_3__seed_1548718105__global_l1_flow_v3__density_rich,proto_sw_1_3__seed_1548718105__global_l1_flow_v3__density_rich__unit_candidates_v2__global_unit_selection_sparse5e,0.048238499999570195,raw_cases/C036/methods/LocalGreedy
C036,Ours,proto_sw_1_3,swept,rich,2,100011,1,1,1,1,,,6,1,6,proto_sw_1_3__seed_1548718105__global_l1_flow_v3__density_rich,proto_sw_1_3__seed_1548718105__global_l1_flow_v3__density_rich__unit_candidates_v2,ef351602f0a74357db920550fd994230ec6fcbcf44994642ba433ec3bebe23bc,proto_sw_1_3__seed_1548718105__global_l1_flow_v3__density_rich,proto_sw_1_3__seed_1548718105__global_l1_flow_v3__density_rich__unit_candidates_v2__global_unit_selection_joint_h2b,0.046636999999464024,raw_cases/C036/methods/Ours
C037,IndependentCurve,proto_sw_2_3,expanded,simple,1,100000,1,1,0,0,,,5,0,5,proto_sw_2_3__seed_2781254137__global_l1_flow_v3__density_simple,,,proto_sw_2_3__seed_2781254137__global_l1_flow_v3__density_simple__baseline_independentcurve,proto_sw_2_3__seed_2781254137__global_l1_flow_v3__density_simple__baseline_independentcurve__selection,0.03745599999820115,raw_cases/C037/methods/IndependentCurve
C037,FixedSlot,proto_sw_2_3,expanded,simple,1,100000,1,1,1,1,,,5,2,5,proto_sw_2_3__seed_2781254137__global_l1_flow_v3__density_simple,,,proto_sw_2_3__seed_2781254137__global_l1_flow_v3__density_simple__baseline_fixedslot,proto_sw_2_3__seed_2781254137__global_l1_flow_v3__density_simple__baseline_fixedslot__unit_candidates_v2__global_unit_selection_joint_h2b,6.3327792000018235,raw_cases/C037/methods/FixedSlot
C037,LocalGreedy,proto_sw_2_3,expanded,simple,1,100000,1,1,1,1,,,5,4,5,proto_sw_2_3__seed_2781254137__global_l1_flow_v3__density_simple,proto_sw_2_3__seed_2781254137__global_l1_flow_v3__density_simple__unit_candidates_v2,645e69095167cac8f3826c2a85ee25406776ffc3f31aa81fd06cc94a053ac4b3,proto_sw_2_3__seed_2781254137__global_l1_flow_v3__density_simple,proto_sw_2_3__seed_2781254137__global_l1_flow_v3__density_simple__unit_candidates_v2__global_unit_selection_sparse5e,0.05156249999708962,raw_cases/C037/methods/LocalGreedy
C037,Ours,proto_sw_2_3,expanded,simple,1,100000,1,1,1,1,,,5,2,5,proto_sw_2_3__seed_2781254137__global_l1_flow_v3__density_simple,proto_sw_2_3__seed_2781254137__global_l1_flow_v3__density_simple__unit_candidates_v2,645e69095167cac8f3826c2a85ee25406776ffc3f31aa81fd06cc94a053ac4b3,proto_sw_2_3__seed_2781254137__global_l1_flow_v3__density_simple,proto_sw_2_3__seed_2781254137__global_l1_flow_v3__density_simple__unit_candidates_v2__global_unit_selection_joint_h2b,0.04649710000012419,raw_cases/C037/methods/Ours
C038,IndependentCurve,proto_sw_2_3,expanded,simple,2,100002,1,1,0,0,,,5,0,5,proto_sw_2_3__seed_1978891010__global_l1_flow_v3__density_simple,,,proto_sw_2_3__seed_1978891010__global_l1_flow_v3__density_simple__baseline_independentcurve,proto_sw_2_3__seed_1978891010__global_l1_flow_v3__density_simple__baseline_independentcurve__selection,0.037812599999597296,raw_cases/C038/methods/IndependentCurve
C038,FixedSlot,proto_sw_2_3,expanded,simple,2,100002,1,1,1,1,,,5,2,5,proto_sw_2_3__seed_1978891010__global_l1_flow_v3__density_simple,,,proto_sw_2_3__seed_1978891010__global_l1_flow_v3__density_simple__baseline_fixedslot,proto_sw_2_3__seed_1978891010__global_l1_flow_v3__density_simple__baseline_fixedslot__unit_candidates_v2__global_unit_selection_joint_h2b,6.22216219999973,raw_cases/C038/methods/FixedSlot
C038,LocalGreedy,proto_sw_2_3,expanded,simple,2,100002,1,1,1,1,,,5,4,5,proto_sw_2_3__seed_1978891010__global_l1_flow_v3__density_simple,proto_sw_2_3__seed_1978891010__global_l1_flow_v3__density_simple__unit_candidates_v2,cf0c6a9532f70804af2d3c8b0e387e0b15f73875c301583725a34abaa968bd8a,proto_sw_2_3__seed_1978891010__global_l1_flow_v3__density_simple,proto_sw_2_3__seed_1978891010__global_l1_flow_v3__density_simple__unit_candidates_v2__global_unit_selection_sparse5e,0.052700299998832634,raw_cases/C038/methods/LocalGreedy
C038,Ours,proto_sw_2_3,expanded,simple,2,100002,1,1,1,1,,,5,2,5,proto_sw_2_3__seed_1978891010__global_l1_flow_v3__density_simple,proto_sw_2_3__seed_1978891010__global_l1_flow_v3__density_simple__unit_candidates_v2,cf0c6a9532f70804af2d3c8b0e387e0b15f73875c301583725a34abaa968bd8a,proto_sw_2_3__seed_1978891010__global_l1_flow_v3__density_simple,proto_sw_2_3__seed_1978891010__global_l1_flow_v3__density_simple__unit_candidates_v2__global_unit_selection_joint_h2b,0.04381009999997332,raw_cases/C038/methods/Ours
C039,IndependentCurve,proto_sw_2_3,expanded,medium,1,100006,1,1,0,0,,,6,0,6,proto_sw_2_3__seed_4182263884__global_l1_flow_v3__density_medium,,,proto_sw_2_3__seed_4182263884__global_l1_flow_v3__density_medium__baseline_independentcurve,proto_sw_2_3__seed_4182263884__global_l1_flow_v3__density_medium__baseline_independentcurve__selection,0.04686479999872972,raw_cases/C039/methods/IndependentCurve
C039,FixedSlot,proto_sw_2_3,expanded,medium,1,100006,1,1,1,1,,,6,1,6,proto_sw_2_3__seed_4182263884__global_l1_flow_v3__density_medium,,,proto_sw_2_3__seed_4182263884__global_l1_flow_v3__density_medium__baseline_fixedslot,proto_sw_2_3__seed_4182263884__global_l1_flow_v3__density_medium__baseline_fixedslot__unit_candidates_v2__global_unit_selection_joint_h2b,9.131332699998893,raw_cases/C039/methods/FixedSlot
C039,LocalGreedy,proto_sw_2_3,expanded,medium,1,100006,1,1,1,1,,,6,1,6,proto_sw_2_3__seed_4182263884__global_l1_flow_v3__density_medium,proto_sw_2_3__seed_4182263884__global_l1_flow_v3__density_medium__unit_candidates_v2,fb1461fdaefbf0afa7e6f4a33ee822915926779e0b255770b9ba46cb40346310,proto_sw_2_3__seed_4182263884__global_l1_flow_v3__density_medium,proto_sw_2_3__seed_4182263884__global_l1_flow_v3__density_medium__unit_candidates_v2__global_unit_selection_sparse5e,0.048763400001917034,raw_cases/C039/methods/LocalGreedy
C039,Ours,proto_sw_2_3,expanded,medium,1,100006,1,1,1,1,,,6,1,6,proto_sw_2_3__seed_4182263884__global_l1_flow_v3__density_medium,proto_sw_2_3__seed_4182263884__global_l1_flow_v3__density_medium__unit_candidates_v2,fb1461fdaefbf0afa7e6f4a33ee822915926779e0b255770b9ba46cb40346310,proto_sw_2_3__seed_4182263884__global_l1_flow_v3__density_medium,proto_sw_2_3__seed_4182263884__global_l1_flow_v3__density_medium__unit_candidates_v2__global_unit_selection_joint_h2b,0.05138699999952223,raw_cases/C039/methods/Ours
C040,IndependentCurve,proto_sw_2_3,expanded,medium,2,100023,1,1,0,0,,,6,0,6,proto_sw_2_3__seed_3230428333__global_l1_flow_v3__density_medium,,,proto_sw_2_3__seed_3230428333__global_l1_flow_v3__density_medium__baseline_independentcurve,proto_sw_2_3__seed_3230428333__global_l1_flow_v3__density_medium__baseline_independentcurve__selection,0.03956109999853652,raw_cases/C040/methods/IndependentCurve
C040,FixedSlot,proto_sw_2_3,expanded,medium,2,100023,1,1,1,1,,,6,1,6,proto_sw_2_3__seed_3230428333__global_l1_flow_v3__density_medium,,,proto_sw_2_3__seed_3230428333__global_l1_flow_v3__density_medium__baseline_fixedslot,proto_sw_2_3__seed_3230428333__global_l1_flow_v3__density_medium__baseline_fixedslot__unit_candidates_v2__global_unit_selection_joint_h2b,8.60947429999942,raw_cases/C040/methods/FixedSlot
C040,LocalGreedy,proto_sw_2_3,expanded,medium,2,100023,1,1,1,1,,,6,1,6,proto_sw_2_3__seed_3230428333__global_l1_flow_v3__density_medium,proto_sw_2_3__seed_3230428333__global_l1_flow_v3__density_medium__unit_candidates_v2,f5b900d06a1b4894956eb2f721d503d48c1eb8669dd0fea0d147f17826cd6914,proto_sw_2_3__seed_3230428333__global_l1_flow_v3__density_medium,proto_sw_2_3__seed_3230428333__global_l1_flow_v3__density_medium__unit_candidates_v2__global_unit_selection_sparse5e,0.05066580000129761,raw_cases/C040/methods/LocalGreedy
C040,Ours,proto_sw_2_3,expanded,medium,2,100023,1,1,1,1,,,6,1,6,proto_sw_2_3__seed_3230428333__global_l1_flow_v3__density_medium,proto_sw_2_3__seed_3230428333__global_l1_flow_v3__density_medium__unit_candidates_v2,f5b900d06a1b4894956eb2f721d503d48c1eb8669dd0fea0d147f17826cd6914,proto_sw_2_3__seed_3230428333__global_l1_flow_v3__density_medium,proto_sw_2_3__seed_3230428333__global_l1_flow_v3__density_medium__unit_candidates_v2__global_unit_selection_joint_h2b,0.045508999999583466,raw_cases/C040/methods/Ours
C041,IndependentCurve,proto_sw_2_3,expanded,rich,1,100003,1,1,0,0,,,7,0,7,proto_sw_2_3__seed_1964058663__global_l1_flow_v3__density_rich,,,proto_sw_2_3__seed_1964058663__global_l1_flow_v3__density_rich__baseline_independentcurve,proto_sw_2_3__seed_1964058663__global_l1_flow_v3__density_rich__baseline_independentcurve__selection,0.04280110000036075,raw_cases/C041/methods/IndependentCurve
C041,FixedSlot,proto_sw_2_3,expanded,rich,1,100003,1,1,1,1,,,7,4,7,proto_sw_2_3__seed_1964058663__global_l1_flow_v3__density_rich,,,proto_sw_2_3__seed_1964058663__global_l1_flow_v3__density_rich__baseline_fixedslot,proto_sw_2_3__seed_1964058663__global_l1_flow_v3__density_rich__baseline_fixedslot__unit_candidates_v2__global_unit_selection_joint_h2b,18.52279439999984,raw_cases/C041/methods/FixedSlot
C041,LocalGreedy,proto_sw_2_3,expanded,rich,1,100003,1,1,1,1,,,7,6,7,proto_sw_2_3__seed_1964058663__global_l1_flow_v3__density_rich,proto_sw_2_3__seed_1964058663__global_l1_flow_v3__density_rich__unit_candidates_v2,c338dbecd48ea8797bba1f02c431040403456874bff61f9c782ede739f9478ab,proto_sw_2_3__seed_1964058663__global_l1_flow_v3__density_rich,proto_sw_2_3__seed_1964058663__global_l1_flow_v3__density_rich__unit_candidates_v2__global_unit_selection_sparse5e,0.06931859999895096,raw_cases/C041/methods/LocalGreedy
C041,Ours,proto_sw_2_3,expanded,rich,1,100003,1,1,1,1,,,7,3,7,proto_sw_2_3__seed_1964058663__global_l1_flow_v3__density_rich,proto_sw_2_3__seed_1964058663__global_l1_flow_v3__density_rich__unit_candidates_v2,c338dbecd48ea8797bba1f02c431040403456874bff61f9c782ede739f9478ab,proto_sw_2_3__seed_1964058663__global_l1_flow_v3__density_rich,proto_sw_2_3__seed_1964058663__global_l1_flow_v3__density_rich__unit_candidates_v2__global_unit_selection_joint_h2b,0.1587067999971623,raw_cases/C041/methods/Ours
C042,IndependentCurve,proto_sw_2_3,expanded,rich,2,100012,1,1,0,0,,,6,0,6,proto_sw_2_3__seed_608345505__global_l1_flow_v3__density_rich,,,proto_sw_2_3__seed_608345505__global_l1_flow_v3__density_rich__baseline_independentcurve,proto_sw_2_3__seed_608345505__global_l1_flow_v3__density_rich__baseline_independentcurve__selection,0.04695770000034827,raw_cases/C042/methods/IndependentCurve
C042,FixedSlot,proto_sw_2_3,expanded,rich,2,100012,1,1,1,1,,,6,2,6,proto_sw_2_3__seed_608345505__global_l1_flow_v3__density_rich,,,proto_sw_2_3__seed_608345505__global_l1_flow_v3__density_rich__baseline_fixedslot,proto_sw_2_3__seed_608345505__global_l1_flow_v3__density_rich__baseline_fixedslot__unit_candidates_v2__global_unit_selection_joint_h2b,8.108465900000738,raw_cases/C042/methods/FixedSlot
C042,LocalGreedy,proto_sw_2_3,expanded,rich,2,100012,1,1,1,1,,,6,3,6,proto_sw_2_3__seed_608345505__global_l1_flow_v3__density_rich,proto_sw_2_3__seed_608345505__global_l1_flow_v3__density_rich__unit_candidates_v2,48e7c10359804ac92b1e24df57455af7961509ffd8e81f4816e4af7f6f16804a,proto_sw_2_3__seed_608345505__global_l1_flow_v3__density_rich,proto_sw_2_3__seed_608345505__global_l1_flow_v3__density_rich__unit_candidates_v2__global_unit_selection_sparse5e,0.049510600001667626,raw_cases/C042/methods/LocalGreedy
C042,Ours,proto_sw_2_3,expanded,rich,2,100012,1,1,1,1,,,6,2,6,proto_sw_2_3__seed_608345505__global_l1_flow_v3__density_rich,proto_sw_2_3__seed_608345505__global_l1_flow_v3__density_rich__unit_candidates_v2,48e7c10359804ac92b1e24df57455af7961509ffd8e81f4816e4af7f6f16804a,proto_sw_2_3__seed_608345505__global_l1_flow_v3__density_rich,proto_sw_2_3__seed_608345505__global_l1_flow_v3__density_rich__unit_candidates_v2__global_unit_selection_joint_h2b,0.047824499997659586,raw_cases/C042/methods/Ours
C043,IndependentCurve,proto_sw_2_3,compact,simple,1,100005,1,1,0,0,,,6,0,6,proto_sw_2_3__seed_1160715944__global_l1_flow_v3__density_simple,,,proto_sw_2_3__seed_1160715944__global_l1_flow_v3__density_simple__baseline_independentcurve,proto_sw_2_3__seed_1160715944__global_l1_flow_v3__density_simple__baseline_independentcurve__selection,0.04197279999789316,raw_cases/C043/methods/IndependentCurve
C043,FixedSlot,proto_sw_2_3,compact,simple,1,100005,1,1,1,1,,,6,1,6,proto_sw_2_3__seed_1160715944__global_l1_flow_v3__density_simple,,,proto_sw_2_3__seed_1160715944__global_l1_flow_v3__density_simple__baseline_fixedslot,proto_sw_2_3__seed_1160715944__global_l1_flow_v3__density_simple__baseline_fixedslot__unit_candidates_v2__global_unit_selection_joint_h2b,15.588489800000389,raw_cases/C043/methods/FixedSlot
C043,LocalGreedy,proto_sw_2_3,compact,simple,1,100005,1,1,1,1,,,6,1,6,proto_sw_2_3__seed_1160715944__global_l1_flow_v3__density_simple,proto_sw_2_3__seed_1160715944__global_l1_flow_v3__density_simple__unit_candidates_v2,eeb11b8f32f4122dc413050ec70e87e2c7bc03ec64f9bbc8785429e098f9b0db,proto_sw_2_3__seed_1160715944__global_l1_flow_v3__density_simple,proto_sw_2_3__seed_1160715944__global_l1_flow_v3__density_simple__unit_candidates_v2__global_unit_selection_sparse5e,0.05630270000256132,raw_cases/C043/methods/LocalGreedy
C043,Ours,proto_sw_2_3,compact,simple,1,100005,1,1,1,1,,,6,1,6,proto_sw_2_3__seed_1160715944__global_l1_flow_v3__density_simple,proto_sw_2_3__seed_1160715944__global_l1_flow_v3__density_simple__unit_candidates_v2,eeb11b8f32f4122dc413050ec70e87e2c7bc03ec64f9bbc8785429e098f9b0db,proto_sw_2_3__seed_1160715944__global_l1_flow_v3__density_simple,proto_sw_2_3__seed_1160715944__global_l1_flow_v3__density_simple__unit_candidates_v2__global_unit_selection_joint_h2b,0.04821319999973639,raw_cases/C043/methods/Ours
C044,IndependentCurve,proto_sw_2_3,compact,simple,2,100016,1,1,0,0,,,6,0,6,proto_sw_2_3__seed_1160898339__global_l1_flow_v3__density_simple,,,proto_sw_2_3__seed_1160898339__global_l1_flow_v3__density_simple__baseline_independentcurve,proto_sw_2_3__seed_1160898339__global_l1_flow_v3__density_simple__baseline_independentcurve__selection,0.040725700000621146,raw_cases/C044/methods/IndependentCurve
C044,FixedSlot,proto_sw_2_3,compact,simple,2,100016,1,1,1,1,,,6,2,6,proto_sw_2_3__seed_1160898339__global_l1_flow_v3__density_simple,,,proto_sw_2_3__seed_1160898339__global_l1_flow_v3__density_simple__baseline_fixedslot,proto_sw_2_3__seed_1160898339__global_l1_flow_v3__density_simple__baseline_fixedslot__unit_candidates_v2__global_unit_selection_joint_h2b,7.31571520000216,raw_cases/C044/methods/FixedSlot
C044,LocalGreedy,proto_sw_2_3,compact,simple,2,100016,1,1,1,1,,,6,4,6,proto_sw_2_3__seed_1160898339__global_l1_flow_v3__density_simple,proto_sw_2_3__seed_1160898339__global_l1_flow_v3__density_simple__unit_candidates_v2,ae2d2ba54da100608af5fe7a8684350db54719828b6018729bc3571068d09214,proto_sw_2_3__seed_1160898339__global_l1_flow_v3__density_simple,proto_sw_2_3__seed_1160898339__global_l1_flow_v3__density_simple__unit_candidates_v2__global_unit_selection_sparse5e,0.05983779999951366,raw_cases/C044/methods/LocalGreedy
C044,Ours,proto_sw_2_3,compact,simple,2,100016,1,1,1,1,,,6,2,6,proto_sw_2_3__seed_1160898339__global_l1_flow_v3__density_simple,proto_sw_2_3__seed_1160898339__global_l1_flow_v3__density_simple__unit_candidates_v2,ae2d2ba54da100608af5fe7a8684350db54719828b6018729bc3571068d09214,proto_sw_2_3__seed_1160898339__global_l1_flow_v3__density_simple,proto_sw_2_3__seed_1160898339__global_l1_flow_v3__density_simple__unit_candidates_v2__global_unit_selection_joint_h2b,0.05166730000200914,raw_cases/C044/methods/Ours
C045,IndependentCurve,proto_sw_2_3,compact,medium,1,100004,1,1,0,0,,,6,0,6,proto_sw_2_3__seed_3906224916__global_l1_flow_v3__density_medium,,,proto_sw_2_3__seed_3906224916__global_l1_flow_v3__density_medium__baseline_independentcurve,proto_sw_2_3__seed_3906224916__global_l1_flow_v3__density_medium__baseline_independentcurve__selection,0.042320399999880465,raw_cases/C045/methods/IndependentCurve
C045,FixedSlot,proto_sw_2_3,compact,medium,1,100004,1,1,1,1,,,6,2,6,proto_sw_2_3__seed_3906224916__global_l1_flow_v3__density_medium,,,proto_sw_2_3__seed_3906224916__global_l1_flow_v3__density_medium__baseline_fixedslot,proto_sw_2_3__seed_3906224916__global_l1_flow_v3__density_medium__baseline_fixedslot__unit_candidates_v2__global_unit_selection_joint_h2b,15.173564699998678,raw_cases/C045/methods/FixedSlot
C045,LocalGreedy,proto_sw_2_3,compact,medium,1,100004,1,1,1,1,,,6,3,6,proto_sw_2_3__seed_3906224916__global_l1_flow_v3__density_medium,proto_sw_2_3__seed_3906224916__global_l1_flow_v3__density_medium__unit_candidates_v2,eb74c711024636ee791ccd61e648e56e168df27d26ea19ab0212a2c35651ff1d,proto_sw_2_3__seed_3906224916__global_l1_flow_v3__density_medium,proto_sw_2_3__seed_3906224916__global_l1_flow_v3__density_medium__unit_candidates_v2__global_unit_selection_sparse5e,0.05385109999770066,raw_cases/C045/methods/LocalGreedy
C045,Ours,proto_sw_2_3,compact,medium,1,100004,1,1,1,1,,,6,3,6,proto_sw_2_3__seed_3906224916__global_l1_flow_v3__density_medium,proto_sw_2_3__seed_3906224916__global_l1_flow_v3__density_medium__unit_candidates_v2,eb74c711024636ee791ccd61e648e56e168df27d26ea19ab0212a2c35651ff1d,proto_sw_2_3__seed_3906224916__global_l1_flow_v3__density_medium,proto_sw_2_3__seed_3906224916__global_l1_flow_v3__density_medium__unit_candidates_v2__global_unit_selection_joint_h2b,0.06403539999882923,raw_cases/C045/methods/Ours
C046,IndependentCurve,proto_sw_2_3,compact,medium,2,100013,1,1,0,0,,,6,0,6,proto_sw_2_3__seed_1575422959__global_l1_flow_v3__density_medium,,,proto_sw_2_3__seed_1575422959__global_l1_flow_v3__density_medium__baseline_independentcurve,proto_sw_2_3__seed_1575422959__global_l1_flow_v3__density_medium__baseline_independentcurve__selection,0.0456211999990046,raw_cases/C046/methods/IndependentCurve
C046,FixedSlot,proto_sw_2_3,compact,medium,2,100013,1,1,1,1,,,6,1,6,proto_sw_2_3__seed_1575422959__global_l1_flow_v3__density_medium,,,proto_sw_2_3__seed_1575422959__global_l1_flow_v3__density_medium__baseline_fixedslot,proto_sw_2_3__seed_1575422959__global_l1_flow_v3__density_medium__baseline_fixedslot__unit_candidates_v2__global_unit_selection_joint_h2b,11.14612649999981,raw_cases/C046/methods/FixedSlot
C046,LocalGreedy,proto_sw_2_3,compact,medium,2,100013,1,1,1,1,,,6,2,6,proto_sw_2_3__seed_1575422959__global_l1_flow_v3__density_medium,proto_sw_2_3__seed_1575422959__global_l1_flow_v3__density_medium__unit_candidates_v2,32b7206f4bfbdc9c545e34b4a1ee53a0e70b52e37ed547dd22f5b69575e51ad8,proto_sw_2_3__seed_1575422959__global_l1_flow_v3__density_medium,proto_sw_2_3__seed_1575422959__global_l1_flow_v3__density_medium__unit_candidates_v2__global_unit_selection_sparse5e,0.04993960000138031,raw_cases/C046/methods/LocalGreedy
C046,Ours,proto_sw_2_3,compact,medium,2,100013,1,1,1,1,,,6,1,6,proto_sw_2_3__seed_1575422959__global_l1_flow_v3__density_medium,proto_sw_2_3__seed_1575422959__global_l1_flow_v3__density_medium__unit_candidates_v2,32b7206f4bfbdc9c545e34b4a1ee53a0e70b52e37ed547dd22f5b69575e51ad8,proto_sw_2_3__seed_1575422959__global_l1_flow_v3__density_medium,proto_sw_2_3__seed_1575422959__global_l1_flow_v3__density_medium__unit_candidates_v2__global_unit_selection_joint_h2b,0.050270699997781776,raw_cases/C046/methods/Ours
C047,IndependentCurve,proto_sw_2_3,compact,rich,1,100014,1,1,0,0,,,6,0,6,proto_sw_2_3__seed_3322687601__global_l1_flow_v3__density_rich,,,proto_sw_2_3__seed_3322687601__global_l1_flow_v3__density_rich__baseline_independentcurve,proto_sw_2_3__seed_3322687601__global_l1_flow_v3__density_rich__baseline_independentcurve__selection,0.03938920000291546,raw_cases/C047/methods/IndependentCurve
C047,FixedSlot,proto_sw_2_3,compact,rich,1,100014,1,1,1,1,,,6,2,6,proto_sw_2_3__seed_3322687601__global_l1_flow_v3__density_rich,,,proto_sw_2_3__seed_3322687601__global_l1_flow_v3__density_rich__baseline_fixedslot,proto_sw_2_3__seed_3322687601__global_l1_flow_v3__density_rich__baseline_fixedslot__unit_candidates_v2__global_unit_selection_joint_h2b,11.428442400003405,raw_cases/C047/methods/FixedSlot
C047,LocalGreedy,proto_sw_2_3,compact,rich,1,100014,1,1,1,1,,,6,4,6,proto_sw_2_3__seed_3322687601__global_l1_flow_v3__density_rich,proto_sw_2_3__seed_3322687601__global_l1_flow_v3__density_rich__unit_candidates_v2,e7ac20b8ac41288eb7daab883e72421a66fa3b88d7f0b171b4340e81ad01f84e,proto_sw_2_3__seed_3322687601__global_l1_flow_v3__density_rich,proto_sw_2_3__seed_3322687601__global_l1_flow_v3__density_rich__unit_candidates_v2__global_unit_selection_sparse5e,0.05421019999994314,raw_cases/C047/methods/LocalGreedy
C047,Ours,proto_sw_2_3,compact,rich,1,100014,1,1,1,1,,,6,3,6,proto_sw_2_3__seed_3322687601__global_l1_flow_v3__density_rich,proto_sw_2_3__seed_3322687601__global_l1_flow_v3__density_rich__unit_candidates_v2,e7ac20b8ac41288eb7daab883e72421a66fa3b88d7f0b171b4340e81ad01f84e,proto_sw_2_3__seed_3322687601__global_l1_flow_v3__density_rich,proto_sw_2_3__seed_3322687601__global_l1_flow_v3__density_rich__unit_candidates_v2__global_unit_selection_joint_h2b,0.08218649999980698,raw_cases/C047/methods/Ours
C048,IndependentCurve,proto_sw_2_3,compact,rich,2,100032,1,1,0,0,,,6,0,6,proto_sw_2_3__seed_279600048__global_l1_flow_v3__density_rich,,,proto_sw_2_3__seed_279600048__global_l1_flow_v3__density_rich__baseline_independentcurve,proto_sw_2_3__seed_279600048__global_l1_flow_v3__density_rich__baseline_independentcurve__selection,0.040379899997788016,raw_cases/C048/methods/IndependentCurve
C048,FixedSlot,proto_sw_2_3,compact,rich,2,100032,1,1,1,1,,,6,2,6,proto_sw_2_3__seed_279600048__global_l1_flow_v3__density_rich,,,proto_sw_2_3__seed_279600048__global_l1_flow_v3__density_rich__baseline_fixedslot,proto_sw_2_3__seed_279600048__global_l1_flow_v3__density_rich__baseline_fixedslot__unit_candidates_v2__global_unit_selection_joint_h2b,15.046760499997617,raw_cases/C048/methods/FixedSlot
C048,LocalGreedy,proto_sw_2_3,compact,rich,2,100032,1,1,1,1,,,6,3,6,proto_sw_2_3__seed_279600048__global_l1_flow_v3__density_rich,proto_sw_2_3__seed_279600048__global_l1_flow_v3__density_rich__unit_candidates_v2,1163ae890eb204b1f7c1f79fd236ce9ae8588224ecf77a92dadf6557234ed577,proto_sw_2_3__seed_279600048__global_l1_flow_v3__density_rich,proto_sw_2_3__seed_279600048__global_l1_flow_v3__density_rich__unit_candidates_v2__global_unit_selection_sparse5e,0.05365140000139945,raw_cases/C048/methods/LocalGreedy
C048,Ours,proto_sw_2_3,compact,rich,2,100032,1,1,1,1,,,6,2,6,proto_sw_2_3__seed_279600048__global_l1_flow_v3__density_rich,proto_sw_2_3__seed_279600048__global_l1_flow_v3__density_rich__unit_candidates_v2,1163ae890eb204b1f7c1f79fd236ce9ae8588224ecf77a92dadf6557234ed577,proto_sw_2_3__seed_279600048__global_l1_flow_v3__density_rich,proto_sw_2_3__seed_279600048__global_l1_flow_v3__density_rich__unit_candidates_v2__global_unit_selection_joint_h2b,0.058266700001695426,raw_cases/C048/methods/Ours
C049,IndependentCurve,proto_sw_2_3,swept,simple,1,100015,1,1,0,0,,,6,0,6,proto_sw_2_3__seed_1105195513__global_l1_flow_v3__density_simple,,,proto_sw_2_3__seed_1105195513__global_l1_flow_v3__density_simple__baseline_independentcurve,proto_sw_2_3__seed_1105195513__global_l1_flow_v3__density_simple__baseline_independentcurve__selection,0.04871830000047339,raw_cases/C049/methods/IndependentCurve
C049,FixedSlot,proto_sw_2_3,swept,simple,1,100015,1,1,1,1,,,6,2,6,proto_sw_2_3__seed_1105195513__global_l1_flow_v3__density_simple,,,proto_sw_2_3__seed_1105195513__global_l1_flow_v3__density_simple__baseline_fixedslot,proto_sw_2_3__seed_1105195513__global_l1_flow_v3__density_simple__baseline_fixedslot__unit_candidates_v2__global_unit_selection_joint_h2b,13.147025800000847,raw_cases/C049/methods/FixedSlot
C049,LocalGreedy,proto_sw_2_3,swept,simple,1,100015,1,1,1,1,,,6,3,6,proto_sw_2_3__seed_1105195513__global_l1_flow_v3__density_simple,proto_sw_2_3__seed_1105195513__global_l1_flow_v3__density_simple__unit_candidates_v2,8e63785bca2494cd64898a8952db1a7825f582d3c80239824d6ae301fe91cca8,proto_sw_2_3__seed_1105195513__global_l1_flow_v3__density_simple,proto_sw_2_3__seed_1105195513__global_l1_flow_v3__density_simple__unit_candidates_v2__global_unit_selection_sparse5e,0.04350970000086818,raw_cases/C049/methods/LocalGreedy
C049,Ours,proto_sw_2_3,swept,simple,1,100015,1,1,1,1,,,6,2,6,proto_sw_2_3__seed_1105195513__global_l1_flow_v3__density_simple,proto_sw_2_3__seed_1105195513__global_l1_flow_v3__density_simple__unit_candidates_v2,8e63785bca2494cd64898a8952db1a7825f582d3c80239824d6ae301fe91cca8,proto_sw_2_3__seed_1105195513__global_l1_flow_v3__density_simple,proto_sw_2_3__seed_1105195513__global_l1_flow_v3__density_simple__unit_candidates_v2__global_unit_selection_joint_h2b,0.05065470000045025,raw_cases/C049/methods/Ours
C050,IndependentCurve,proto_sw_2_3,swept,simple,2,100022,1,1,0,0,,,5,0,5,proto_sw_2_3__seed_1900972879__global_l1_flow_v3__density_simple,,,proto_sw_2_3__seed_1900972879__global_l1_flow_v3__density_simple__baseline_independentcurve,proto_sw_2_3__seed_1900972879__global_l1_flow_v3__density_simple__baseline_independentcurve__selection,0.04209890000129235,raw_cases/C050/methods/IndependentCurve
C050,FixedSlot,proto_sw_2_3,swept,simple,2,100022,1,1,1,1,,,5,2,5,proto_sw_2_3__seed_1900972879__global_l1_flow_v3__density_simple,,,proto_sw_2_3__seed_1900972879__global_l1_flow_v3__density_simple__baseline_fixedslot,proto_sw_2_3__seed_1900972879__global_l1_flow_v3__density_simple__baseline_fixedslot__unit_candidates_v2__global_unit_selection_joint_h2b,10.040525399999751,raw_cases/C050/methods/FixedSlot
C050,LocalGreedy,proto_sw_2_3,swept,simple,2,100022,1,1,1,1,,,5,3,5,proto_sw_2_3__seed_1900972879__global_l1_flow_v3__density_simple,proto_sw_2_3__seed_1900972879__global_l1_flow_v3__density_simple__unit_candidates_v2,b285e298c020b1bc9dbdd088c47f7d7c563d7be385a3ad54087e7da168322d9c,proto_sw_2_3__seed_1900972879__global_l1_flow_v3__density_simple,proto_sw_2_3__seed_1900972879__global_l1_flow_v3__density_simple__unit_candidates_v2__global_unit_selection_sparse5e,0.04745370000091498,raw_cases/C050/methods/LocalGreedy
C050,Ours,proto_sw_2_3,swept,simple,2,100022,1,1,1,1,,,5,2,5,proto_sw_2_3__seed_1900972879__global_l1_flow_v3__density_simple,proto_sw_2_3__seed_1900972879__global_l1_flow_v3__density_simple__unit_candidates_v2,b285e298c020b1bc9dbdd088c47f7d7c563d7be385a3ad54087e7da168322d9c,proto_sw_2_3__seed_1900972879__global_l1_flow_v3__density_simple,proto_sw_2_3__seed_1900972879__global_l1_flow_v3__density_simple__unit_candidates_v2__global_unit_selection_joint_h2b,0.06651630000123987,raw_cases/C050/methods/Ours
C051,IndependentCurve,proto_sw_2_3,swept,medium,1,100001,1,1,0,0,,,6,0,6,proto_sw_2_3__seed_302128940__global_l1_flow_v3__density_medium,,,proto_sw_2_3__seed_302128940__global_l1_flow_v3__density_medium__baseline_independentcurve,proto_sw_2_3__seed_302128940__global_l1_flow_v3__density_medium__baseline_independentcurve__selection,0.04482549999738694,raw_cases/C051/methods/IndependentCurve
C051,FixedSlot,proto_sw_2_3,swept,medium,1,100001,1,1,1,1,,,6,1,6,proto_sw_2_3__seed_302128940__global_l1_flow_v3__density_medium,,,proto_sw_2_3__seed_302128940__global_l1_flow_v3__density_medium__baseline_fixedslot,proto_sw_2_3__seed_302128940__global_l1_flow_v3__density_medium__baseline_fixedslot__unit_candidates_v2__global_unit_selection_joint_h2b,13.768213100000139,raw_cases/C051/methods/FixedSlot
C051,LocalGreedy,proto_sw_2_3,swept,medium,1,100001,1,1,1,1,,,6,2,6,proto_sw_2_3__seed_302128940__global_l1_flow_v3__density_medium,proto_sw_2_3__seed_302128940__global_l1_flow_v3__density_medium__unit_candidates_v2,a758e961dcb65cbe4def28fe1f457f60f9b6059e2e87ab2b48d8ad0c676c7227,proto_sw_2_3__seed_302128940__global_l1_flow_v3__density_medium,proto_sw_2_3__seed_302128940__global_l1_flow_v3__density_medium__unit_candidates_v2__global_unit_selection_sparse5e,0.050636299998586765,raw_cases/C051/methods/LocalGreedy
C051,Ours,proto_sw_2_3,swept,medium,1,100001,1,1,1,1,,,6,1,6,proto_sw_2_3__seed_302128940__global_l1_flow_v3__density_medium,proto_sw_2_3__seed_302128940__global_l1_flow_v3__density_medium__unit_candidates_v2,a758e961dcb65cbe4def28fe1f457f60f9b6059e2e87ab2b48d8ad0c676c7227,proto_sw_2_3__seed_302128940__global_l1_flow_v3__density_medium,proto_sw_2_3__seed_302128940__global_l1_flow_v3__density_medium__unit_candidates_v2__global_unit_selection_joint_h2b,0.0445082000005641,raw_cases/C051/methods/Ours
C052,IndependentCurve,proto_sw_2_3,swept,medium,2,100009,1,1,0,0,,,6,0,6,proto_sw_2_3__seed_548579369__global_l1_flow_v3__density_medium,,,proto_sw_2_3__seed_548579369__global_l1_flow_v3__density_medium__baseline_independentcurve,proto_sw_2_3__seed_548579369__global_l1_flow_v3__density_medium__baseline_independentcurve__selection,0.04604330000074697,raw_cases/C052/methods/IndependentCurve
C052,FixedSlot,proto_sw_2_3,swept,medium,2,100009,1,1,1,1,,,6,2,6,proto_sw_2_3__seed_548579369__global_l1_flow_v3__density_medium,,,proto_sw_2_3__seed_548579369__global_l1_flow_v3__density_medium__baseline_fixedslot,proto_sw_2_3__seed_548579369__global_l1_flow_v3__density_medium__baseline_fixedslot__unit_candidates_v2__global_unit_selection_joint_h2b,11.347265699998388,raw_cases/C052/methods/FixedSlot
C052,LocalGreedy,proto_sw_2_3,swept,medium,2,100009,1,1,1,1,,,6,3,6,proto_sw_2_3__seed_548579369__global_l1_flow_v3__density_medium,proto_sw_2_3__seed_548579369__global_l1_flow_v3__density_medium__unit_candidates_v2,b74756aefc2eafe34a6fa83e0758f368d27470eacf6510105e9c4c05cb344a74,proto_sw_2_3__seed_548579369__global_l1_flow_v3__density_medium,proto_sw_2_3__seed_548579369__global_l1_flow_v3__density_medium__unit_candidates_v2__global_unit_selection_sparse5e,0.055172600001242245,raw_cases/C052/methods/LocalGreedy
C052,Ours,proto_sw_2_3,swept,medium,2,100009,1,1,1,1,,,6,2,6,proto_sw_2_3__seed_548579369__global_l1_flow_v3__density_medium,proto_sw_2_3__seed_548579369__global_l1_flow_v3__density_medium__unit_candidates_v2,b74756aefc2eafe34a6fa83e0758f368d27470eacf6510105e9c4c05cb344a74,proto_sw_2_3__seed_548579369__global_l1_flow_v3__density_medium,proto_sw_2_3__seed_548579369__global_l1_flow_v3__density_medium__unit_candidates_v2__global_unit_selection_joint_h2b,0.04240139999819803,raw_cases/C052/methods/Ours
C053,IndependentCurve,proto_sw_2_3,swept,rich,1,100007,1,1,0,0,,,6,0,6,proto_sw_2_3__seed_3756345937__global_l1_flow_v3__density_rich,,,proto_sw_2_3__seed_3756345937__global_l1_flow_v3__density_rich__baseline_independentcurve,proto_sw_2_3__seed_3756345937__global_l1_flow_v3__density_rich__baseline_independentcurve__selection,0.04642760000206181,raw_cases/C053/methods/IndependentCurve
C053,FixedSlot,proto_sw_2_3,swept,rich,1,100007,1,1,1,1,,,6,2,6,proto_sw_2_3__seed_3756345937__global_l1_flow_v3__density_rich,,,proto_sw_2_3__seed_3756345937__global_l1_flow_v3__density_rich__baseline_fixedslot,proto_sw_2_3__seed_3756345937__global_l1_flow_v3__density_rich__baseline_fixedslot__unit_candidates_v2__global_unit_selection_joint_h2b,14.755075500001112,raw_cases/C053/methods/FixedSlot
C053,LocalGreedy,proto_sw_2_3,swept,rich,1,100007,1,1,1,1,,,6,3,6,proto_sw_2_3__seed_3756345937__global_l1_flow_v3__density_rich,proto_sw_2_3__seed_3756345937__global_l1_flow_v3__density_rich__unit_candidates_v2,bf80d3c02d90d756003a52bf2ba67d4e0f81539ab8c139de18d283d581f13529,proto_sw_2_3__seed_3756345937__global_l1_flow_v3__density_rich,proto_sw_2_3__seed_3756345937__global_l1_flow_v3__density_rich__unit_candidates_v2__global_unit_selection_sparse5e,0.0626555000017106,raw_cases/C053/methods/LocalGreedy
C053,Ours,proto_sw_2_3,swept,rich,1,100007,1,1,1,1,,,6,2,6,proto_sw_2_3__seed_3756345937__global_l1_flow_v3__density_rich,proto_sw_2_3__seed_3756345937__global_l1_flow_v3__density_rich__unit_candidates_v2,bf80d3c02d90d756003a52bf2ba67d4e0f81539ab8c139de18d283d581f13529,proto_sw_2_3__seed_3756345937__global_l1_flow_v3__density_rich,proto_sw_2_3__seed_3756345937__global_l1_flow_v3__density_rich__unit_candidates_v2__global_unit_selection_joint_h2b,0.07351330000165035,raw_cases/C053/methods/Ours
C054,IndependentCurve,proto_sw_2_3,swept,rich,2,100008,1,1,0,0,,,6,0,6,proto_sw_2_3__seed_399132903__global_l1_flow_v3__density_rich,,,proto_sw_2_3__seed_399132903__global_l1_flow_v3__density_rich__baseline_independentcurve,proto_sw_2_3__seed_399132903__global_l1_flow_v3__density_rich__baseline_independentcurve__selection,0.04582929999742191,raw_cases/C054/methods/IndependentCurve
C054,FixedSlot,proto_sw_2_3,swept,rich,2,100008,1,1,1,1,,,6,2,6,proto_sw_2_3__seed_399132903__global_l1_flow_v3__density_rich,,,proto_sw_2_3__seed_399132903__global_l1_flow_v3__density_rich__baseline_fixedslot,proto_sw_2_3__seed_399132903__global_l1_flow_v3__density_rich__baseline_fixedslot__unit_candidates_v2__global_unit_selection_joint_h2b,14.092196000001422,raw_cases/C054/methods/FixedSlot
C054,LocalGreedy,proto_sw_2_3,swept,rich,2,100008,1,1,1,1,,,6,3,6,proto_sw_2_3__seed_399132903__global_l1_flow_v3__density_rich,proto_sw_2_3__seed_399132903__global_l1_flow_v3__density_rich__unit_candidates_v2,cdd038bff0d3c46a71ec0adf7c637130104f8c38e39b4492c285019815d9147f,proto_sw_2_3__seed_399132903__global_l1_flow_v3__density_rich,proto_sw_2_3__seed_399132903__global_l1_flow_v3__density_rich__unit_candidates_v2__global_unit_selection_sparse5e,0.049034799998480594,raw_cases/C054/methods/LocalGreedy
C054,Ours,proto_sw_2_3,swept,rich,2,100008,1,1,1,1,,,6,3,6,proto_sw_2_3__seed_399132903__global_l1_flow_v3__density_rich,proto_sw_2_3__seed_399132903__global_l1_flow_v3__density_rich__unit_candidates_v2,cdd038bff0d3c46a71ec0adf7c637130104f8c38e39b4492c285019815d9147f,proto_sw_2_3__seed_399132903__global_l1_flow_v3__density_rich,proto_sw_2_3__seed_399132903__global_l1_flow_v3__density_rich__unit_candidates_v2__global_unit_selection_joint_h2b,0.051973800000268966,raw_cases/C054/methods/Ours
C055,IndependentCurve,proto_sw_3_1,expanded,simple,1,100011,1,1,0,0,,,6,0,6,proto_sw_3_1__seed_1548718105__global_l1_flow_v3__density_simple,,,proto_sw_3_1__seed_1548718105__global_l1_flow_v3__density_simple__baseline_independentcurve,proto_sw_3_1__seed_1548718105__global_l1_flow_v3__density_simple__baseline_independentcurve__selection,0.047231600001396146,raw_cases/C055/methods/IndependentCurve
C055,FixedSlot,proto_sw_3_1,expanded,simple,1,100011,0,0,1,0,GlobalL1FlowError,global candidate pool has no complete compatible assignment,,,,,,,,,0.27526770000258693,
C055,LocalGreedy,proto_sw_3_1,expanded,simple,1,100011,1,1,1,1,,,6,2,6,proto_sw_3_1__seed_1548718105__global_l1_flow_v3__density_simple,proto_sw_3_1__seed_1548718105__global_l1_flow_v3__density_simple__unit_candidates_v2,3430371443eee0505a49a52ba1b00a5531c0b07612527022370fb0bc5921a4f1,proto_sw_3_1__seed_1548718105__global_l1_flow_v3__density_simple,proto_sw_3_1__seed_1548718105__global_l1_flow_v3__density_simple__unit_candidates_v2__global_unit_selection_sparse5e,0.049581699997361284,raw_cases/C055/methods/LocalGreedy
C055,Ours,proto_sw_3_1,expanded,simple,1,100011,1,1,1,1,,,6,1,6,proto_sw_3_1__seed_1548718105__global_l1_flow_v3__density_simple,proto_sw_3_1__seed_1548718105__global_l1_flow_v3__density_simple__unit_candidates_v2,3430371443eee0505a49a52ba1b00a5531c0b07612527022370fb0bc5921a4f1,proto_sw_3_1__seed_1548718105__global_l1_flow_v3__density_simple,proto_sw_3_1__seed_1548718105__global_l1_flow_v3__density_simple__unit_candidates_v2__global_unit_selection_joint_h2b,0.04900670000279206,raw_cases/C055/methods/Ours
C056,IndependentCurve,proto_sw_3_1,expanded,simple,2,100013,1,1,0,0,,,5,0,5,proto_sw_3_1__seed_1575422959__global_l1_flow_v3__density_simple,,,proto_sw_3_1__seed_1575422959__global_l1_flow_v3__density_simple__baseline_independentcurve,proto_sw_3_1__seed_1575422959__global_l1_flow_v3__density_simple__baseline_independentcurve__selection,0.04340810000212514,raw_cases/C056/methods/IndependentCurve
C056,FixedSlot,proto_sw_3_1,expanded,simple,2,100013,1,1,1,1,,,5,1,5,proto_sw_3_1__seed_1575422959__global_l1_flow_v3__density_simple,,,proto_sw_3_1__seed_1575422959__global_l1_flow_v3__density_simple__baseline_fixedslot,proto_sw_3_1__seed_1575422959__global_l1_flow_v3__density_simple__baseline_fixedslot__unit_candidates_v2__global_unit_selection_joint_h2b,6.3240179999993416,raw_cases/C056/methods/FixedSlot
C056,LocalGreedy,proto_sw_3_1,expanded,simple,2,100013,1,1,1,1,,,5,2,5,proto_sw_3_1__seed_1575422959__global_l1_flow_v3__density_simple,proto_sw_3_1__seed_1575422959__global_l1_flow_v3__density_simple__unit_candidates_v2,97ea8de0580188d69ed0dc87cdbeb658fb82c7be06472d4e5924dc7895013c63,proto_sw_3_1__seed_1575422959__global_l1_flow_v3__density_simple,proto_sw_3_1__seed_1575422959__global_l1_flow_v3__density_simple__unit_candidates_v2__global_unit_selection_sparse5e,0.04799980000098003,raw_cases/C056/methods/LocalGreedy
C056,Ours,proto_sw_3_1,expanded,simple,2,100013,1,1,1,1,,,5,1,5,proto_sw_3_1__seed_1575422959__global_l1_flow_v3__density_simple,proto_sw_3_1__seed_1575422959__global_l1_flow_v3__density_simple__unit_candidates_v2,97ea8de0580188d69ed0dc87cdbeb658fb82c7be06472d4e5924dc7895013c63,proto_sw_3_1__seed_1575422959__global_l1_flow_v3__density_simple,proto_sw_3_1__seed_1575422959__global_l1_flow_v3__density_simple__unit_candidates_v2__global_unit_selection_joint_h2b,0.052994900001067435,raw_cases/C056/methods/Ours
C057,IndependentCurve,proto_sw_3_1,expanded,medium,1,100005,1,1,0,0,,,6,0,6,proto_sw_3_1__seed_1160715944__global_l1_flow_v3__density_medium,,,proto_sw_3_1__seed_1160715944__global_l1_flow_v3__density_medium__baseline_independentcurve,proto_sw_3_1__seed_1160715944__global_l1_flow_v3__density_medium__baseline_independentcurve__selection,0.04273570000077598,raw_cases/C057/methods/IndependentCurve
C057,FixedSlot,proto_sw_3_1,expanded,medium,1,100005,0,0,1,0,GlobalL1FlowError,global candidate pool has no complete compatible assignment,,,,,,,,,0.24949629999900935,
C057,LocalGreedy,proto_sw_3_1,expanded,medium,1,100005,1,1,1,1,,,6,2,6,proto_sw_3_1__seed_1160715944__global_l1_flow_v3__density_medium,proto_sw_3_1__seed_1160715944__global_l1_flow_v3__density_medium__unit_candidates_v2,7843bb762520ffe18e0325c663a100a00c7453c29a6ce38e5d721f2af103d880,proto_sw_3_1__seed_1160715944__global_l1_flow_v3__density_medium,proto_sw_3_1__seed_1160715944__global_l1_flow_v3__density_medium__unit_candidates_v2__global_unit_selection_sparse5e,0.049358799999026814,raw_cases/C057/methods/LocalGreedy
C057,Ours,proto_sw_3_1,expanded,medium,1,100005,1,1,1,1,,,6,1,6,proto_sw_3_1__seed_1160715944__global_l1_flow_v3__density_medium,proto_sw_3_1__seed_1160715944__global_l1_flow_v3__density_medium__unit_candidates_v2,7843bb762520ffe18e0325c663a100a00c7453c29a6ce38e5d721f2af103d880,proto_sw_3_1__seed_1160715944__global_l1_flow_v3__density_medium,proto_sw_3_1__seed_1160715944__global_l1_flow_v3__density_medium__unit_candidates_v2__global_unit_selection_joint_h2b,0.0470924000001105,raw_cases/C057/methods/Ours
C058,IndependentCurve,proto_sw_3_1,expanded,medium,2,100006,1,1,0,0,,,6,0,6,proto_sw_3_1__seed_4182263884__global_l1_flow_v3__density_medium,,,proto_sw_3_1__seed_4182263884__global_l1_flow_v3__density_medium__baseline_independentcurve,proto_sw_3_1__seed_4182263884__global_l1_flow_v3__density_medium__baseline_independentcurve__selection,0.04483350000009523,raw_cases/C058/methods/IndependentCurve
C058,FixedSlot,proto_sw_3_1,expanded,medium,2,100006,1,1,1,1,,,6,1,6,proto_sw_3_1__seed_4182263884__global_l1_flow_v3__density_medium,,,proto_sw_3_1__seed_4182263884__global_l1_flow_v3__density_medium__baseline_fixedslot,proto_sw_3_1__seed_4182263884__global_l1_flow_v3__density_medium__baseline_fixedslot__unit_candidates_v2__global_unit_selection_joint_h2b,6.173625499999616,raw_cases/C058/methods/FixedSlot
C058,LocalGreedy,proto_sw_3_1,expanded,medium,2,100006,1,1,1,1,,,6,2,6,proto_sw_3_1__seed_4182263884__global_l1_flow_v3__density_medium,proto_sw_3_1__seed_4182263884__global_l1_flow_v3__density_medium__unit_candidates_v2,c6214a58e18f47f2679c1e5ed8f58d3ad995c1392c74d7caf732505f6f6e6682,proto_sw_3_1__seed_4182263884__global_l1_flow_v3__density_medium,proto_sw_3_1__seed_4182263884__global_l1_flow_v3__density_medium__unit_candidates_v2__global_unit_selection_sparse5e,0.0486869000014849,raw_cases/C058/methods/LocalGreedy
C058,Ours,proto_sw_3_1,expanded,medium,2,100006,1,1,1,1,,,6,1,6,proto_sw_3_1__seed_4182263884__global_l1_flow_v3__density_medium,proto_sw_3_1__seed_4182263884__global_l1_flow_v3__density_medium__unit_candidates_v2,c6214a58e18f47f2679c1e5ed8f58d3ad995c1392c74d7caf732505f6f6e6682,proto_sw_3_1__seed_4182263884__global_l1_flow_v3__density_medium,proto_sw_3_1__seed_4182263884__global_l1_flow_v3__density_medium__unit_candidates_v2__global_unit_selection_joint_h2b,0.05328580000059446,raw_cases/C058/methods/Ours
C059,IndependentCurve,proto_sw_3_1,expanded,rich,1,100003,1,1,0,0,,,6,0,6,proto_sw_3_1__seed_1964058663__global_l1_flow_v3__density_rich,,,proto_sw_3_1__seed_1964058663__global_l1_flow_v3__density_rich__baseline_independentcurve,proto_sw_3_1__seed_1964058663__global_l1_flow_v3__density_rich__baseline_independentcurve__selection,0.046191100002033636,raw_cases/C059/methods/IndependentCurve
C059,FixedSlot,proto_sw_3_1,expanded,rich,1,100003,1,1,1,1,,,6,2,6,proto_sw_3_1__seed_1964058663__global_l1_flow_v3__density_rich,,,proto_sw_3_1__seed_1964058663__global_l1_flow_v3__density_rich__baseline_fixedslot,proto_sw_3_1__seed_1964058663__global_l1_flow_v3__density_rich__baseline_fixedslot__unit_candidates_v2__global_unit_selection_joint_h2b,8.643398600001092,raw_cases/C059/methods/FixedSlot
C059,LocalGreedy,proto_sw_3_1,expanded,rich,1,100003,1,1,1,1,,,6,4,6,proto_sw_3_1__seed_1964058663__global_l1_flow_v3__density_rich,proto_sw_3_1__seed_1964058663__global_l1_flow_v3__density_rich__unit_candidates_v2,1da856d438f55bb76267d49a2cbc514c7b2161d8b5739cd19c612136943c54e8,proto_sw_3_1__seed_1964058663__global_l1_flow_v3__density_rich,proto_sw_3_1__seed_1964058663__global_l1_flow_v3__density_rich__unit_candidates_v2__global_unit_selection_sparse5e,0.05609389999881387,raw_cases/C059/methods/LocalGreedy
C059,Ours,proto_sw_3_1,expanded,rich,1,100003,1,1,1,1,,,6,3,6,proto_sw_3_1__seed_1964058663__global_l1_flow_v3__density_rich,proto_sw_3_1__seed_1964058663__global_l1_flow_v3__density_rich__unit_candidates_v2,1da856d438f55bb76267d49a2cbc514c7b2161d8b5739cd19c612136943c54e8,proto_sw_3_1__seed_1964058663__global_l1_flow_v3__density_rich,proto_sw_3_1__seed_1964058663__global_l1_flow_v3__density_rich__unit_candidates_v2__global_unit_selection_joint_h2b,0.050732699997752206,raw_cases/C059/methods/Ours
C060,IndependentCurve,proto_sw_3_1,expanded,rich,2,100019,1,1,0,0,,,6,0,6,proto_sw_3_1__seed_898415462__global_l1_flow_v3__density_rich,,,proto_sw_3_1__seed_898415462__global_l1_flow_v3__density_rich__baseline_independentcurve,proto_sw_3_1__seed_898415462__global_l1_flow_v3__density_rich__baseline_independentcurve__selection,0.04731019999962882,raw_cases/C060/methods/IndependentCurve
C060,FixedSlot,proto_sw_3_1,expanded,rich,2,100019,0,0,1,0,GlobalL1FlowError,global candidate pool has no complete compatible assignment,,,,,,,,,0.24718700000084937,
C060,LocalGreedy,proto_sw_3_1,expanded,rich,2,100019,1,1,1,1,,,6,2,6,proto_sw_3_1__seed_898415462__global_l1_flow_v3__density_rich,proto_sw_3_1__seed_898415462__global_l1_flow_v3__density_rich__unit_candidates_v2,831f234bbd1318c00e6e3e700676e0840a09a5aa01fafdda4d6af2ad17baed1c,proto_sw_3_1__seed_898415462__global_l1_flow_v3__density_rich,proto_sw_3_1__seed_898415462__global_l1_flow_v3__density_rich__unit_candidates_v2__global_unit_selection_sparse5e,0.05001120000088122,raw_cases/C060/methods/LocalGreedy
C060,Ours,proto_sw_3_1,expanded,rich,2,100019,1,1,1,1,,,6,1,6,proto_sw_3_1__seed_898415462__global_l1_flow_v3__density_rich,proto_sw_3_1__seed_898415462__global_l1_flow_v3__density_rich__unit_candidates_v2,831f234bbd1318c00e6e3e700676e0840a09a5aa01fafdda4d6af2ad17baed1c,proto_sw_3_1__seed_898415462__global_l1_flow_v3__density_rich,proto_sw_3_1__seed_898415462__global_l1_flow_v3__density_rich__unit_candidates_v2__global_unit_selection_joint_h2b,0.04944029999751365,raw_cases/C060/methods/Ours
C061,IndependentCurve,proto_sw_3_1,compact,simple,1,100001,1,1,0,0,,,6,0,6,proto_sw_3_1__seed_302128940__global_l1_flow_v3__density_simple,,,proto_sw_3_1__seed_302128940__global_l1_flow_v3__density_simple__baseline_independentcurve,proto_sw_3_1__seed_302128940__global_l1_flow_v3__density_simple__baseline_independentcurve__selection,0.052980799999204464,raw_cases/C061/methods/IndependentCurve
C061,FixedSlot,proto_sw_3_1,compact,simple,1,100001,1,1,1,1,,,6,1,6,proto_sw_3_1__seed_302128940__global_l1_flow_v3__density_simple,,,proto_sw_3_1__seed_302128940__global_l1_flow_v3__density_simple__baseline_fixedslot,proto_sw_3_1__seed_302128940__global_l1_flow_v3__density_simple__baseline_fixedslot__unit_candidates_v2__global_unit_selection_joint_h2b,10.811258500001713,raw_cases/C061/methods/FixedSlot
C061,LocalGreedy,proto_sw_3_1,compact,simple,1,100001,1,1,1,1,,,6,2,6,proto_sw_3_1__seed_302128940__global_l1_flow_v3__density_simple,proto_sw_3_1__seed_302128940__global_l1_flow_v3__density_simple__unit_candidates_v2,54d36bd891b08f74f77c39efe2db646bb2f90fba9337a94abe9d21a6f012d303,proto_sw_3_1__seed_302128940__global_l1_flow_v3__density_simple,proto_sw_3_1__seed_302128940__global_l1_flow_v3__density_simple__unit_candidates_v2__global_unit_selection_sparse5e,0.04859579999902053,raw_cases/C061/methods/LocalGreedy
C061,Ours,proto_sw_3_1,compact,simple,1,100001,1,1,1,1,,,6,1,6,proto_sw_3_1__seed_302128940__global_l1_flow_v3__density_simple,proto_sw_3_1__seed_302128940__global_l1_flow_v3__density_simple__unit_candidates_v2,54d36bd891b08f74f77c39efe2db646bb2f90fba9337a94abe9d21a6f012d303,proto_sw_3_1__seed_302128940__global_l1_flow_v3__density_simple,proto_sw_3_1__seed_302128940__global_l1_flow_v3__density_simple__unit_candidates_v2__global_unit_selection_joint_h2b,0.050974400000995956,raw_cases/C061/methods/Ours
C062,IndependentCurve,proto_sw_3_1,compact,simple,2,100066,1,1,0,0,,,6,0,6,proto_sw_3_1__seed_3724261499__global_l1_flow_v3__density_simple,,,proto_sw_3_1__seed_3724261499__global_l1_flow_v3__density_simple__baseline_independentcurve,proto_sw_3_1__seed_3724261499__global_l1_flow_v3__density_simple__baseline_independentcurve__selection,0.0411244999995688,raw_cases/C062/methods/IndependentCurve
C062,FixedSlot,proto_sw_3_1,compact,simple,2,100066,1,1,1,1,,,6,2,6,proto_sw_3_1__seed_3724261499__global_l1_flow_v3__density_simple,,,proto_sw_3_1__seed_3724261499__global_l1_flow_v3__density_simple__baseline_fixedslot,proto_sw_3_1__seed_3724261499__global_l1_flow_v3__density_simple__baseline_fixedslot__unit_candidates_v2__global_unit_selection_joint_h2b,8.526125699998374,raw_cases/C062/methods/FixedSlot
C062,LocalGreedy,proto_sw_3_1,compact,simple,2,100066,1,1,1,1,,,6,4,6,proto_sw_3_1__seed_3724261499__global_l1_flow_v3__density_simple,proto_sw_3_1__seed_3724261499__global_l1_flow_v3__density_simple__unit_candidates_v2,44e11c471fbd29cb594285f158959780dbb73df151c85441f490b8c5ee3a198e,proto_sw_3_1__seed_3724261499__global_l1_flow_v3__density_simple,proto_sw_3_1__seed_3724261499__global_l1_flow_v3__density_simple__unit_candidates_v2__global_unit_selection_sparse5e,0.051739700000325684,raw_cases/C062/methods/LocalGreedy
C062,Ours,proto_sw_3_1,compact,simple,2,100066,1,1,1,1,,,6,2,6,proto_sw_3_1__seed_3724261499__global_l1_flow_v3__density_simple,proto_sw_3_1__seed_3724261499__global_l1_flow_v3__density_simple__unit_candidates_v2,44e11c471fbd29cb594285f158959780dbb73df151c85441f490b8c5ee3a198e,proto_sw_3_1__seed_3724261499__global_l1_flow_v3__density_simple,proto_sw_3_1__seed_3724261499__global_l1_flow_v3__density_simple__unit_candidates_v2__global_unit_selection_joint_h2b,0.05843009999807691,raw_cases/C062/methods/Ours
C063,IndependentCurve,proto_sw_3_1,compact,medium,1,100010,1,1,0,0,,,6,0,6,proto_sw_3_1__seed_1989963110__global_l1_flow_v3__density_medium,,,proto_sw_3_1__seed_1989963110__global_l1_flow_v3__density_medium__baseline_independentcurve,proto_sw_3_1__seed_1989963110__global_l1_flow_v3__density_medium__baseline_independentcurve__selection,0.0579397000001336,raw_cases/C063/methods/IndependentCurve
C063,FixedSlot,proto_sw_3_1,compact,medium,1,100010,1,1,1,1,,,6,1,6,proto_sw_3_1__seed_1989963110__global_l1_flow_v3__density_medium,,,proto_sw_3_1__seed_1989963110__global_l1_flow_v3__density_medium__baseline_fixedslot,proto_sw_3_1__seed_1989963110__global_l1_flow_v3__density_medium__baseline_fixedslot__unit_candidates_v2__global_unit_selection_joint_h2b,13.354198799999722,raw_cases/C063/methods/FixedSlot
C063,LocalGreedy,proto_sw_3_1,compact,medium,1,100010,1,1,1,1,,,6,2,6,proto_sw_3_1__seed_1989963110__global_l1_flow_v3__density_medium,proto_sw_3_1__seed_1989963110__global_l1_flow_v3__density_medium__unit_candidates_v2,4bdd10e5f263a1191cb6b63a036d2639e6bacf7920bc802c46928e37d7fdaefa,proto_sw_3_1__seed_1989963110__global_l1_flow_v3__density_medium,proto_sw_3_1__seed_1989963110__global_l1_flow_v3__density_medium__unit_candidates_v2__global_unit_selection_sparse5e,0.04820340000151191,raw_cases/C063/methods/LocalGreedy
C063,Ours,proto_sw_3_1,compact,medium,1,100010,1,1,1,1,,,6,1,6,proto_sw_3_1__seed_1989963110__global_l1_flow_v3__density_medium,proto_sw_3_1__seed_1989963110__global_l1_flow_v3__density_medium__unit_candidates_v2,4bdd10e5f263a1191cb6b63a036d2639e6bacf7920bc802c46928e37d7fdaefa,proto_sw_3_1__seed_1989963110__global_l1_flow_v3__density_medium,proto_sw_3_1__seed_1989963110__global_l1_flow_v3__density_medium__unit_candidates_v2__global_unit_selection_joint_h2b,0.051586800000222865,raw_cases/C063/methods/Ours
C064,IndependentCurve,proto_sw_3_1,compact,medium,2,100012,1,1,0,0,,,6,0,6,proto_sw_3_1__seed_608345505__global_l1_flow_v3__density_medium,,,proto_sw_3_1__seed_608345505__global_l1_flow_v3__density_medium__baseline_independentcurve,proto_sw_3_1__seed_608345505__global_l1_flow_v3__density_medium__baseline_independentcurve__selection,0.04604480000125477,raw_cases/C064/methods/IndependentCurve
C064,FixedSlot,proto_sw_3_1,compact,medium,2,100012,1,1,1,1,,,6,2,6,proto_sw_3_1__seed_608345505__global_l1_flow_v3__density_medium,,,proto_sw_3_1__seed_608345505__global_l1_flow_v3__density_medium__baseline_fixedslot,proto_sw_3_1__seed_608345505__global_l1_flow_v3__density_medium__baseline_fixedslot__unit_candidates_v2__global_unit_selection_joint_h2b,10.112350700001116,raw_cases/C064/methods/FixedSlot
C064,LocalGreedy,proto_sw_3_1,compact,medium,2,100012,1,1,1,1,,,6,2,6,proto_sw_3_1__seed_608345505__global_l1_flow_v3__density_medium,proto_sw_3_1__seed_608345505__global_l1_flow_v3__density_medium__unit_candidates_v2,89f1b8487c6168611a0a2f739dde7764893d26c3854819020bb9d7d736798494,proto_sw_3_1__seed_608345505__global_l1_flow_v3__density_medium,proto_sw_3_1__seed_608345505__global_l1_flow_v3__density_medium__unit_candidates_v2__global_unit_selection_sparse5e,0.04930339999918942,raw_cases/C064/methods/LocalGreedy
C064,Ours,proto_sw_3_1,compact,medium,2,100012,1,1,1,1,,,6,2,6,proto_sw_3_1__seed_608345505__global_l1_flow_v3__density_medium,proto_sw_3_1__seed_608345505__global_l1_flow_v3__density_medium__unit_candidates_v2,89f1b8487c6168611a0a2f739dde7764893d26c3854819020bb9d7d736798494,proto_sw_3_1__seed_608345505__global_l1_flow_v3__density_medium,proto_sw_3_1__seed_608345505__global_l1_flow_v3__density_medium__unit_candidates_v2__global_unit_selection_joint_h2b,0.05165349999879254,raw_cases/C064/methods/Ours
C065,IndependentCurve,proto_sw_3_1,compact,rich,1,100004,1,1,0,0,,,6,0,6,proto_sw_3_1__seed_3906224916__global_l1_flow_v3__density_rich,,,proto_sw_3_1__seed_3906224916__global_l1_flow_v3__density_rich__baseline_independentcurve,proto_sw_3_1__seed_3906224916__global_l1_flow_v3__density_rich__baseline_independentcurve__selection,0.04794889999902807,raw_cases/C065/methods/IndependentCurve
C065,FixedSlot,proto_sw_3_1,compact,rich,1,100004,1,1,1,1,,,6,2,6,proto_sw_3_1__seed_3906224916__global_l1_flow_v3__density_rich,,,proto_sw_3_1__seed_3906224916__global_l1_flow_v3__density_rich__baseline_fixedslot,proto_sw_3_1__seed_3906224916__global_l1_flow_v3__density_rich__baseline_fixedslot__unit_candidates_v2__global_unit_selection_joint_h2b,9.05588699999862,raw_cases/C065/methods/FixedSlot
C065,LocalGreedy,proto_sw_3_1,compact,rich,1,100004,1,1,1,1,,,6,4,6,proto_sw_3_1__seed_3906224916__global_l1_flow_v3__density_rich,proto_sw_3_1__seed_3906224916__global_l1_flow_v3__density_rich__unit_candidates_v2,96b1a33c42a1d88ba042337ae4ff7d761d4dba2dc8737fa5ebf595db1e4a05f3,proto_sw_3_1__seed_3906224916__global_l1_flow_v3__density_rich,proto_sw_3_1__seed_3906224916__global_l1_flow_v3__density_rich__unit_candidates_v2__global_unit_selection_sparse5e,0.05827549999958137,raw_cases/C065/methods/LocalGreedy
C065,Ours,proto_sw_3_1,compact,rich,1,100004,1,1,1,1,,,6,2,6,proto_sw_3_1__seed_3906224916__global_l1_flow_v3__density_rich,proto_sw_3_1__seed_3906224916__global_l1_flow_v3__density_rich__unit_candidates_v2,96b1a33c42a1d88ba042337ae4ff7d761d4dba2dc8737fa5ebf595db1e4a05f3,proto_sw_3_1__seed_3906224916__global_l1_flow_v3__density_rich,proto_sw_3_1__seed_3906224916__global_l1_flow_v3__density_rich__unit_candidates_v2__global_unit_selection_joint_h2b,0.058182400000077905,raw_cases/C065/methods/Ours
C066,IndependentCurve,proto_sw_3_1,compact,rich,2,100015,1,1,0,0,,,6,0,6,proto_sw_3_1__seed_1105195513__global_l1_flow_v3__density_rich,,,proto_sw_3_1__seed_1105195513__global_l1_flow_v3__density_rich__baseline_independentcurve,proto_sw_3_1__seed_1105195513__global_l1_flow_v3__density_rich__baseline_independentcurve__selection,0.04043200000160141,raw_cases/C066/methods/IndependentCurve
C066,FixedSlot,proto_sw_3_1,compact,rich,2,100015,1,1,1,1,,,6,2,6,proto_sw_3_1__seed_1105195513__global_l1_flow_v3__density_rich,,,proto_sw_3_1__seed_1105195513__global_l1_flow_v3__density_rich__baseline_fixedslot,proto_sw_3_1__seed_1105195513__global_l1_flow_v3__density_rich__baseline_fixedslot__unit_candidates_v2__global_unit_selection_joint_h2b,14.474601499998244,raw_cases/C066/methods/FixedSlot
C066,LocalGreedy,proto_sw_3_1,compact,rich,2,100015,1,1,1,1,,,6,3,6,proto_sw_3_1__seed_1105195513__global_l1_flow_v3__density_rich,proto_sw_3_1__seed_1105195513__global_l1_flow_v3__density_rich__unit_candidates_v2,1581b013aca365da6efe2f3947bd8758af954dc44efc9c85f285d1a324b4679b,proto_sw_3_1__seed_1105195513__global_l1_flow_v3__density_rich,proto_sw_3_1__seed_1105195513__global_l1_flow_v3__density_rich__unit_candidates_v2__global_unit_selection_sparse5e,0.053161799998633796,raw_cases/C066/methods/LocalGreedy
C066,Ours,proto_sw_3_1,compact,rich,2,100015,1,1,1,1,,,6,2,6,proto_sw_3_1__seed_1105195513__global_l1_flow_v3__density_rich,proto_sw_3_1__seed_1105195513__global_l1_flow_v3__density_rich__unit_candidates_v2,1581b013aca365da6efe2f3947bd8758af954dc44efc9c85f285d1a324b4679b,proto_sw_3_1__seed_1105195513__global_l1_flow_v3__density_rich,proto_sw_3_1__seed_1105195513__global_l1_flow_v3__density_rich__unit_candidates_v2__global_unit_selection_joint_h2b,0.05144529999961378,raw_cases/C066/methods/Ours
C067,IndependentCurve,proto_sw_3_1,swept,simple,1,100021,1,1,0,0,,,6,0,6,proto_sw_3_1__seed_686836685__global_l1_flow_v3__density_simple,,,proto_sw_3_1__seed_686836685__global_l1_flow_v3__density_simple__baseline_independentcurve,proto_sw_3_1__seed_686836685__global_l1_flow_v3__density_simple__baseline_independentcurve__selection,0.042508800001087366,raw_cases/C067/methods/IndependentCurve
C067,FixedSlot,proto_sw_3_1,swept,simple,1,100021,1,1,1,1,,,6,2,6,proto_sw_3_1__seed_686836685__global_l1_flow_v3__density_simple,,,proto_sw_3_1__seed_686836685__global_l1_flow_v3__density_simple__baseline_fixedslot,proto_sw_3_1__seed_686836685__global_l1_flow_v3__density_simple__baseline_fixedslot__unit_candidates_v2__global_unit_selection_joint_h2b,10.080673200001911,raw_cases/C067/methods/FixedSlot
C067,LocalGreedy,proto_sw_3_1,swept,simple,1,100021,1,1,1,1,,,6,2,6,proto_sw_3_1__seed_686836685__global_l1_flow_v3__density_simple,proto_sw_3_1__seed_686836685__global_l1_flow_v3__density_simple__unit_candidates_v2,e92fea577b4c57723cddc0c5b924380da29fd14d1fa254fcc0a4db006e371e07,proto_sw_3_1__seed_686836685__global_l1_flow_v3__density_simple,proto_sw_3_1__seed_686836685__global_l1_flow_v3__density_simple__unit_candidates_v2__global_unit_selection_sparse5e,0.046387200000026496,raw_cases/C067/methods/LocalGreedy
C067,Ours,proto_sw_3_1,swept,simple,1,100021,1,1,1,1,,,6,2,6,proto_sw_3_1__seed_686836685__global_l1_flow_v3__density_simple,proto_sw_3_1__seed_686836685__global_l1_flow_v3__density_simple__unit_candidates_v2,e92fea577b4c57723cddc0c5b924380da29fd14d1fa254fcc0a4db006e371e07,proto_sw_3_1__seed_686836685__global_l1_flow_v3__density_simple,proto_sw_3_1__seed_686836685__global_l1_flow_v3__density_simple__unit_candidates_v2__global_unit_selection_joint_h2b,0.052711800002725795,raw_cases/C067/methods/Ours
C068,IndependentCurve,proto_sw_3_1,swept,simple,2,100032,1,1,0,0,,,6,0,6,proto_sw_3_1__seed_279600048__global_l1_flow_v3__density_simple,,,proto_sw_3_1__seed_279600048__global_l1_flow_v3__density_simple__baseline_independentcurve,proto_sw_3_1__seed_279600048__global_l1_flow_v3__density_simple__baseline_independentcurve__selection,0.05189729999983683,raw_cases/C068/methods/IndependentCurve
C068,FixedSlot,proto_sw_3_1,swept,simple,2,100032,1,1,1,1,,,6,2,6,proto_sw_3_1__seed_279600048__global_l1_flow_v3__density_simple,,,proto_sw_3_1__seed_279600048__global_l1_flow_v3__density_simple__baseline_fixedslot,proto_sw_3_1__seed_279600048__global_l1_flow_v3__density_simple__baseline_fixedslot__unit_candidates_v2__global_unit_selection_joint_h2b,9.704587600001105,raw_cases/C068/methods/FixedSlot
C068,LocalGreedy,proto_sw_3_1,swept,simple,2,100032,1,1,1,1,,,6,4,6,proto_sw_3_1__seed_279600048__global_l1_flow_v3__density_simple,proto_sw_3_1__seed_279600048__global_l1_flow_v3__density_simple__unit_candidates_v2,f9d5136fa956b8a1de5bd3f8bbc90af92f63e06e2efc3518418abfa8b69b622b,proto_sw_3_1__seed_279600048__global_l1_flow_v3__density_simple,proto_sw_3_1__seed_279600048__global_l1_flow_v3__density_simple__unit_candidates_v2__global_unit_selection_sparse5e,0.05362249999961932,raw_cases/C068/methods/LocalGreedy
C068,Ours,proto_sw_3_1,swept,simple,2,100032,1,1,1,1,,,6,2,6,proto_sw_3_1__seed_279600048__global_l1_flow_v3__density_simple,proto_sw_3_1__seed_279600048__global_l1_flow_v3__density_simple__unit_candidates_v2,f9d5136fa956b8a1de5bd3f8bbc90af92f63e06e2efc3518418abfa8b69b622b,proto_sw_3_1__seed_279600048__global_l1_flow_v3__density_simple,proto_sw_3_1__seed_279600048__global_l1_flow_v3__density_simple__unit_candidates_v2__global_unit_selection_joint_h2b,0.055341999999654945,raw_cases/C068/methods/Ours
C069,IndependentCurve,proto_sw_3_1,swept,medium,1,100008,1,1,0,0,,,5,0,5,proto_sw_3_1__seed_399132903__global_l1_flow_v3__density_medium,,,proto_sw_3_1__seed_399132903__global_l1_flow_v3__density_medium__baseline_independentcurve,proto_sw_3_1__seed_399132903__global_l1_flow_v3__density_medium__baseline_independentcurve__selection,0.04579590000139433,raw_cases/C069/methods/IndependentCurve
C069,FixedSlot,proto_sw_3_1,swept,medium,1,100008,0,0,1,0,GlobalL1FlowError,global candidate pool has no complete compatible assignment,,,,,,,,,0.15989039999840315,
C069,LocalGreedy,proto_sw_3_1,swept,medium,1,100008,1,1,1,1,,,5,3,5,proto_sw_3_1__seed_399132903__global_l1_flow_v3__density_medium,proto_sw_3_1__seed_399132903__global_l1_flow_v3__density_medium__unit_candidates_v2,e26ccf1194830f1a0d71885a8f86967f0f7a096d0f93ce0d12d39519dc978eb6,proto_sw_3_1__seed_399132903__global_l1_flow_v3__density_medium,proto_sw_3_1__seed_399132903__global_l1_flow_v3__density_medium__unit_candidates_v2__global_unit_selection_sparse5e,0.047137599998677615,raw_cases/C069/methods/LocalGreedy
C069,Ours,proto_sw_3_1,swept,medium,1,100008,1,1,1,1,,,5,2,5,proto_sw_3_1__seed_399132903__global_l1_flow_v3__density_medium,proto_sw_3_1__seed_399132903__global_l1_flow_v3__density_medium__unit_candidates_v2,e26ccf1194830f1a0d71885a8f86967f0f7a096d0f93ce0d12d39519dc978eb6,proto_sw_3_1__seed_399132903__global_l1_flow_v3__density_medium,proto_sw_3_1__seed_399132903__global_l1_flow_v3__density_medium__unit_candidates_v2__global_unit_selection_joint_h2b,0.050362999998469604,raw_cases/C069/methods/Ours
C070,IndependentCurve,proto_sw_3_1,swept,medium,2,100014,1,1,0,0,,,6,0,6,proto_sw_3_1__seed_3322687601__global_l1_flow_v3__density_medium,,,proto_sw_3_1__seed_3322687601__global_l1_flow_v3__density_medium__baseline_independentcurve,proto_sw_3_1__seed_3322687601__global_l1_flow_v3__density_medium__baseline_independentcurve__selection,0.05505819999962114,raw_cases/C070/methods/IndependentCurve
C070,FixedSlot,proto_sw_3_1,swept,medium,2,100014,1,1,1,1,,,6,2,6,proto_sw_3_1__seed_3322687601__global_l1_flow_v3__density_medium,,,proto_sw_3_1__seed_3322687601__global_l1_flow_v3__density_medium__baseline_fixedslot,proto_sw_3_1__seed_3322687601__global_l1_flow_v3__density_medium__baseline_fixedslot__unit_candidates_v2__global_unit_selection_joint_h2b,13.947852400000556,raw_cases/C070/methods/FixedSlot
C070,LocalGreedy,proto_sw_3_1,swept,medium,2,100014,1,1,1,1,,,6,4,6,proto_sw_3_1__seed_3322687601__global_l1_flow_v3__density_medium,proto_sw_3_1__seed_3322687601__global_l1_flow_v3__density_medium__unit_candidates_v2,f98357e1354d34c81706406f61ef22a90f82c6ae225b5256141bc49af22b9df0,proto_sw_3_1__seed_3322687601__global_l1_flow_v3__density_medium,proto_sw_3_1__seed_3322687601__global_l1_flow_v3__density_medium__unit_candidates_v2__global_unit_selection_sparse5e,0.06043540000246139,raw_cases/C070/methods/LocalGreedy
C070,Ours,proto_sw_3_1,swept,medium,2,100014,1,1,1,1,,,6,2,6,proto_sw_3_1__seed_3322687601__global_l1_flow_v3__density_medium,proto_sw_3_1__seed_3322687601__global_l1_flow_v3__density_medium__unit_candidates_v2,f98357e1354d34c81706406f61ef22a90f82c6ae225b5256141bc49af22b9df0,proto_sw_3_1__seed_3322687601__global_l1_flow_v3__density_medium,proto_sw_3_1__seed_3322687601__global_l1_flow_v3__density_medium__unit_candidates_v2__global_unit_selection_joint_h2b,0.06013600000005681,raw_cases/C070/methods/Ours
C071,IndependentCurve,proto_sw_3_1,swept,rich,1,100000,1,1,0,0,,,7,0,7,proto_sw_3_1__seed_2781254137__global_l1_flow_v3__density_rich,,,proto_sw_3_1__seed_2781254137__global_l1_flow_v3__density_rich__baseline_independentcurve,proto_sw_3_1__seed_2781254137__global_l1_flow_v3__density_rich__baseline_independentcurve__selection,0.058090100003028056,raw_cases/C071/methods/IndependentCurve
C071,FixedSlot,proto_sw_3_1,swept,rich,1,100000,0,0,1,0,GlobalL1FlowError,global candidate pool has no complete compatible assignment,,,,,,,,,3.8720661999977892,
C071,LocalGreedy,proto_sw_3_1,swept,rich,1,100000,1,1,1,1,,,7,4,7,proto_sw_3_1__seed_2781254137__global_l1_flow_v3__density_rich,proto_sw_3_1__seed_2781254137__global_l1_flow_v3__density_rich__unit_candidates_v2,ba9e8963a240a79e61b329e995304d557e67b08e31260ab1e119114a92b798e8,proto_sw_3_1__seed_2781254137__global_l1_flow_v3__density_rich,proto_sw_3_1__seed_2781254137__global_l1_flow_v3__density_rich__unit_candidates_v2__global_unit_selection_sparse5e,0.047686400001111906,raw_cases/C071/methods/LocalGreedy
C071,Ours,proto_sw_3_1,swept,rich,1,100000,1,1,1,1,,,7,4,7,proto_sw_3_1__seed_2781254137__global_l1_flow_v3__density_rich,proto_sw_3_1__seed_2781254137__global_l1_flow_v3__density_rich__unit_candidates_v2,ba9e8963a240a79e61b329e995304d557e67b08e31260ab1e119114a92b798e8,proto_sw_3_1__seed_2781254137__global_l1_flow_v3__density_rich,proto_sw_3_1__seed_2781254137__global_l1_flow_v3__density_rich__unit_candidates_v2__global_unit_selection_joint_h2b,0.150310899996839,raw_cases/C071/methods/Ours
C072,IndependentCurve,proto_sw_3_1,swept,rich,2,100002,1,1,0,0,,,7,0,7,proto_sw_3_1__seed_1978891010__global_l1_flow_v3__density_rich,,,proto_sw_3_1__seed_1978891010__global_l1_flow_v3__density_rich__baseline_independentcurve,proto_sw_3_1__seed_1978891010__global_l1_flow_v3__density_rich__baseline_independentcurve__selection,0.0435341000011249,raw_cases/C072/methods/IndependentCurve
C072,FixedSlot,proto_sw_3_1,swept,rich,2,100002,1,1,1,1,,,7,2,7,proto_sw_3_1__seed_1978891010__global_l1_flow_v3__density_rich,,,proto_sw_3_1__seed_1978891010__global_l1_flow_v3__density_rich__baseline_fixedslot,proto_sw_3_1__seed_1978891010__global_l1_flow_v3__density_rich__baseline_fixedslot__unit_candidates_v2__global_unit_selection_joint_h2b,16.641946200001257,raw_cases/C072/methods/FixedSlot
C072,LocalGreedy,proto_sw_3_1,swept,rich,2,100002,1,1,1,1,,,7,4,7,proto_sw_3_1__seed_1978891010__global_l1_flow_v3__density_rich,proto_sw_3_1__seed_1978891010__global_l1_flow_v3__density_rich__unit_candidates_v2,31d339eda7cb0e2199eb473f5ab5bd301b6b1bdff7434223ed2da47fc7880fac,proto_sw_3_1__seed_1978891010__global_l1_flow_v3__density_rich,proto_sw_3_1__seed_1978891010__global_l1_flow_v3__density_rich__unit_candidates_v2__global_unit_selection_sparse5e,0.05828049999763607,raw_cases/C072/methods/LocalGreedy
C072,Ours,proto_sw_3_1,swept,rich,2,100002,1,1,1,1,,,7,2,7,proto_sw_3_1__seed_1978891010__global_l1_flow_v3__density_rich,proto_sw_3_1__seed_1978891010__global_l1_flow_v3__density_rich__unit_candidates_v2,31d339eda7cb0e2199eb473f5ab5bd301b6b1bdff7434223ed2da47fc7880fac,proto_sw_3_1__seed_1978891010__global_l1_flow_v3__density_rich,proto_sw_3_1__seed_1978891010__global_l1_flow_v3__density_rich__unit_candidates_v2__global_unit_selection_joint_h2b,0.06129970000256435,raw_cases/C072/methods/Ours
C073,IndependentCurve,proto_sw_3_2,expanded,simple,1,100004,1,1,0,0,,,5,0,5,proto_sw_3_2__seed_3906224916__global_l1_flow_v3__density_simple,,,proto_sw_3_2__seed_3906224916__global_l1_flow_v3__density_simple__baseline_independentcurve,proto_sw_3_2__seed_3906224916__global_l1_flow_v3__density_simple__baseline_independentcurve__selection,0.05095100000107777,raw_cases/C073/methods/IndependentCurve
C073,FixedSlot,proto_sw_3_2,expanded,simple,1,100004,1,1,1,1,,,5,3,5,proto_sw_3_2__seed_3906224916__global_l1_flow_v3__density_simple,,,proto_sw_3_2__seed_3906224916__global_l1_flow_v3__density_simple__baseline_fixedslot,proto_sw_3_2__seed_3906224916__global_l1_flow_v3__density_simple__baseline_fixedslot__unit_candidates_v2__global_unit_selection_joint_h2b,4.042907000002742,raw_cases/C073/methods/FixedSlot
C073,LocalGreedy,proto_sw_3_2,expanded,simple,1,100004,1,1,1,1,,,5,3,5,proto_sw_3_2__seed_3906224916__global_l1_flow_v3__density_simple,proto_sw_3_2__seed_3906224916__global_l1_flow_v3__density_simple__unit_candidates_v2,5909ae1cde16ffceef1e3653741e895c262cb0bde947b19989dd7bbc468b1eec,proto_sw_3_2__seed_3906224916__global_l1_flow_v3__density_simple,proto_sw_3_2__seed_3906224916__global_l1_flow_v3__density_simple__unit_candidates_v2__global_unit_selection_sparse5e,0.05290859999877284,raw_cases/C073/methods/LocalGreedy
C073,Ours,proto_sw_3_2,expanded,simple,1,100004,1,1,1,1,,,5,2,5,proto_sw_3_2__seed_3906224916__global_l1_flow_v3__density_simple,proto_sw_3_2__seed_3906224916__global_l1_flow_v3__density_simple__unit_candidates_v2,5909ae1cde16ffceef1e3653741e895c262cb0bde947b19989dd7bbc468b1eec,proto_sw_3_2__seed_3906224916__global_l1_flow_v3__density_simple,proto_sw_3_2__seed_3906224916__global_l1_flow_v3__density_simple__unit_candidates_v2__global_unit_selection_joint_h2b,0.053186299999651965,raw_cases/C073/methods/Ours
C074,IndependentCurve,proto_sw_3_2,expanded,simple,2,100036,1,1,0,0,,,5,0,5,proto_sw_3_2__seed_1462814306__global_l1_flow_v3__density_simple,,,proto_sw_3_2__seed_1462814306__global_l1_flow_v3__density_simple__baseline_independentcurve,proto_sw_3_2__seed_1462814306__global_l1_flow_v3__density_simple__baseline_independentcurve__selection,0.044616200000746176,raw_cases/C074/methods/IndependentCurve
C074,FixedSlot,proto_sw_3_2,expanded,simple,2,100036,1,1,1,1,,,5,2,5,proto_sw_3_2__seed_1462814306__global_l1_flow_v3__density_simple,,,proto_sw_3_2__seed_1462814306__global_l1_flow_v3__density_simple__baseline_fixedslot,proto_sw_3_2__seed_1462814306__global_l1_flow_v3__density_simple__baseline_fixedslot__unit_candidates_v2__global_unit_selection_joint_h2b,4.182427499999903,raw_cases/C074/methods/FixedSlot
C074,LocalGreedy,proto_sw_3_2,expanded,simple,2,100036,1,1,1,1,,,5,4,5,proto_sw_3_2__seed_1462814306__global_l1_flow_v3__density_simple,proto_sw_3_2__seed_1462814306__global_l1_flow_v3__density_simple__unit_candidates_v2,a215fe4ed8708374c805a44662d0a015749d01ec60cfd2d11d404ef0f8e789ea,proto_sw_3_2__seed_1462814306__global_l1_flow_v3__density_simple,proto_sw_3_2__seed_1462814306__global_l1_flow_v3__density_simple__unit_candidates_v2__global_unit_selection_sparse5e,0.053761999999551335,raw_cases/C074/methods/LocalGreedy
C074,Ours,proto_sw_3_2,expanded,simple,2,100036,1,1,1,1,,,5,2,5,proto_sw_3_2__seed_1462814306__global_l1_flow_v3__density_simple,proto_sw_3_2__seed_1462814306__global_l1_flow_v3__density_simple__unit_candidates_v2,a215fe4ed8708374c805a44662d0a015749d01ec60cfd2d11d404ef0f8e789ea,proto_sw_3_2__seed_1462814306__global_l1_flow_v3__density_simple,proto_sw_3_2__seed_1462814306__global_l1_flow_v3__density_simple__unit_candidates_v2__global_unit_selection_joint_h2b,0.04621989999941434,raw_cases/C074/methods/Ours
C075,IndependentCurve,proto_sw_3_2,expanded,medium,1,100008,1,1,0,0,,,6,0,6,proto_sw_3_2__seed_399132903__global_l1_flow_v3__density_medium,,,proto_sw_3_2__seed_399132903__global_l1_flow_v3__density_medium__baseline_independentcurve,proto_sw_3_2__seed_399132903__global_l1_flow_v3__density_medium__baseline_independentcurve__selection,0.048685900001146365,raw_cases/C075/methods/IndependentCurve
C075,FixedSlot,proto_sw_3_2,expanded,medium,1,100008,1,1,1,1,,,6,2,6,proto_sw_3_2__seed_399132903__global_l1_flow_v3__density_medium,,,proto_sw_3_2__seed_399132903__global_l1_flow_v3__density_medium__baseline_fixedslot,proto_sw_3_2__seed_399132903__global_l1_flow_v3__density_medium__baseline_fixedslot__unit_candidates_v2__global_unit_selection_joint_h2b,5.3568125999991025,raw_cases/C075/methods/FixedSlot
C075,LocalGreedy,proto_sw_3_2,expanded,medium,1,100008,1,1,1,1,,,6,2,6,proto_sw_3_2__seed_399132903__global_l1_flow_v3__density_medium,proto_sw_3_2__seed_399132903__global_l1_flow_v3__density_medium__unit_candidates_v2,59e1c693c69b078f0e716eecadc0d4f4eb679cb2812b21e0acd1c07f16618cc3,proto_sw_3_2__seed_399132903__global_l1_flow_v3__density_medium,proto_sw_3_2__seed_399132903__global_l1_flow_v3__density_medium__unit_candidates_v2__global_unit_selection_sparse5e,0.052303399999800604,raw_cases/C075/methods/LocalGreedy
C075,Ours,proto_sw_3_2,expanded,medium,1,100008,1,1,1,1,,,6,2,6,proto_sw_3_2__seed_399132903__global_l1_flow_v3__density_medium,proto_sw_3_2__seed_399132903__global_l1_flow_v3__density_medium__unit_candidates_v2,59e1c693c69b078f0e716eecadc0d4f4eb679cb2812b21e0acd1c07f16618cc3,proto_sw_3_2__seed_399132903__global_l1_flow_v3__density_medium,proto_sw_3_2__seed_399132903__global_l1_flow_v3__density_medium__unit_candidates_v2__global_unit_selection_joint_h2b,0.04898450000109733,raw_cases/C075/methods/Ours
C076,IndependentCurve,proto_sw_3_2,expanded,medium,2,100014,1,1,0,0,,,6,0,6,proto_sw_3_2__seed_3322687601__global_l1_flow_v3__density_medium,,,proto_sw_3_2__seed_3322687601__global_l1_flow_v3__density_medium__baseline_independentcurve,proto_sw_3_2__seed_3322687601__global_l1_flow_v3__density_medium__baseline_independentcurve__selection,0.043261599999823375,raw_cases/C076/methods/IndependentCurve
C076,FixedSlot,proto_sw_3_2,expanded,medium,2,100014,0,0,1,0,GlobalL1FlowError,global candidate pool has no complete compatible assignment,,,,,,,,,0.2293710000012652,
C076,LocalGreedy,proto_sw_3_2,expanded,medium,2,100014,1,1,1,1,,,6,3,6,proto_sw_3_2__seed_3322687601__global_l1_flow_v3__density_medium,proto_sw_3_2__seed_3322687601__global_l1_flow_v3__density_medium__unit_candidates_v2,bbd1298d16155c7940d713c586904f64b28d8b143b9c62fc4207d1fc8c4bbf9f,proto_sw_3_2__seed_3322687601__global_l1_flow_v3__density_medium,proto_sw_3_2__seed_3322687601__global_l1_flow_v3__density_medium__unit_candidates_v2__global_unit_selection_sparse5e,0.05418110000027809,raw_cases/C076/methods/LocalGreedy
C076,Ours,proto_sw_3_2,expanded,medium,2,100014,1,1,1,1,,,6,2,6,proto_sw_3_2__seed_3322687601__global_l1_flow_v3__density_medium,proto_sw_3_2__seed_3322687601__global_l1_flow_v3__density_medium__unit_candidates_v2,bbd1298d16155c7940d713c586904f64b28d8b143b9c62fc4207d1fc8c4bbf9f,proto_sw_3_2__seed_3322687601__global_l1_flow_v3__density_medium,proto_sw_3_2__seed_3322687601__global_l1_flow_v3__density_medium__unit_candidates_v2__global_unit_selection_joint_h2b,0.05213919999732752,raw_cases/C076/methods/Ours
C077,IndependentCurve,proto_sw_3_2,expanded,rich,1,100001,1,1,0,0,,,7,0,7,proto_sw_3_2__seed_302128940__global_l1_flow_v3__density_rich,,,proto_sw_3_2__seed_302128940__global_l1_flow_v3__density_rich__baseline_independentcurve,proto_sw_3_2__seed_302128940__global_l1_flow_v3__density_rich__baseline_independentcurve__selection,0.04887639999651583,raw_cases/C077/methods/IndependentCurve
C077,FixedSlot,proto_sw_3_2,expanded,rich,1,100001,0,0,1,0,GlobalL1FlowError,global candidate pool has no complete compatible assignment,,,,,,,,,0.3810853999966639,
C077,LocalGreedy,proto_sw_3_2,expanded,rich,1,100001,1,1,1,1,,,7,2,7,proto_sw_3_2__seed_302128940__global_l1_flow_v3__density_rich,proto_sw_3_2__seed_302128940__global_l1_flow_v3__density_rich__unit_candidates_v2,be89d3384672e22670716df7af045ba9bcc3b6076a330ca2d68be24d26771507,proto_sw_3_2__seed_302128940__global_l1_flow_v3__density_rich,proto_sw_3_2__seed_302128940__global_l1_flow_v3__density_rich__unit_candidates_v2__global_unit_selection_sparse5e,0.06328199999916251,raw_cases/C077/methods/LocalGreedy
C077,Ours,proto_sw_3_2,expanded,rich,1,100001,1,1,1,1,,,7,1,7,proto_sw_3_2__seed_302128940__global_l1_flow_v3__density_rich,proto_sw_3_2__seed_302128940__global_l1_flow_v3__density_rich__unit_candidates_v2,be89d3384672e22670716df7af045ba9bcc3b6076a330ca2d68be24d26771507,proto_sw_3_2__seed_302128940__global_l1_flow_v3__density_rich,proto_sw_3_2__seed_302128940__global_l1_flow_v3__density_rich__unit_candidates_v2__global_unit_selection_joint_h2b,0.06750289999763481,raw_cases/C077/methods/Ours
C078,IndependentCurve,proto_sw_3_2,expanded,rich,2,100013,1,1,0,0,,,7,0,7,proto_sw_3_2__seed_1575422959__global_l1_flow_v3__density_rich,,,proto_sw_3_2__seed_1575422959__global_l1_flow_v3__density_rich__baseline_independentcurve,proto_sw_3_2__seed_1575422959__global_l1_flow_v3__density_rich__baseline_independentcurve__selection,0.04816860000209999,raw_cases/C078/methods/IndependentCurve
C078,FixedSlot,proto_sw_3_2,expanded,rich,2,100013,0,0,1,0,GlobalL1FlowError,global candidate pool has no complete compatible assignment,,,,,,,,,0.3455034999969939,
C078,LocalGreedy,proto_sw_3_2,expanded,rich,2,100013,1,1,1,1,,,7,1,7,proto_sw_3_2__seed_1575422959__global_l1_flow_v3__density_rich,proto_sw_3_2__seed_1575422959__global_l1_flow_v3__density_rich__unit_candidates_v2,26773c540912bd52fddf860b846c5fba409254001a5093299aa3f99c37e8979d,proto_sw_3_2__seed_1575422959__global_l1_flow_v3__density_rich,proto_sw_3_2__seed_1575422959__global_l1_flow_v3__density_rich__unit_candidates_v2__global_unit_selection_sparse5e,0.05536410000058822,raw_cases/C078/methods/LocalGreedy
C078,Ours,proto_sw_3_2,expanded,rich,2,100013,1,1,1,1,,,7,1,7,proto_sw_3_2__seed_1575422959__global_l1_flow_v3__density_rich,proto_sw_3_2__seed_1575422959__global_l1_flow_v3__density_rich__unit_candidates_v2,26773c540912bd52fddf860b846c5fba409254001a5093299aa3f99c37e8979d,proto_sw_3_2__seed_1575422959__global_l1_flow_v3__density_rich,proto_sw_3_2__seed_1575422959__global_l1_flow_v3__density_rich__unit_candidates_v2__global_unit_selection_joint_h2b,0.05551510000077542,raw_cases/C078/methods/Ours
C079,IndependentCurve,proto_sw_3_2,compact,simple,1,100003,1,1,0,0,,,5,0,5,proto_sw_3_2__seed_1964058663__global_l1_flow_v3__density_simple,,,proto_sw_3_2__seed_1964058663__global_l1_flow_v3__density_simple__baseline_independentcurve,proto_sw_3_2__seed_1964058663__global_l1_flow_v3__density_simple__baseline_independentcurve__selection,0.04831479999847943,raw_cases/C079/methods/IndependentCurve
C079,FixedSlot,proto_sw_3_2,compact,simple,1,100003,1,1,1,1,,,5,2,5,proto_sw_3_2__seed_1964058663__global_l1_flow_v3__density_simple,,,proto_sw_3_2__seed_1964058663__global_l1_flow_v3__density_simple__baseline_fixedslot,proto_sw_3_2__seed_1964058663__global_l1_flow_v3__density_simple__baseline_fixedslot__unit_candidates_v2__global_unit_selection_joint_h2b,4.027125700002216,raw_cases/C079/methods/FixedSlot
C079,LocalGreedy,proto_sw_3_2,compact,simple,1,100003,1,1,1,1,,,5,3,5,proto_sw_3_2__seed_1964058663__global_l1_flow_v3__density_simple,proto_sw_3_2__seed_1964058663__global_l1_flow_v3__density_simple__unit_candidates_v2,b9b6ffa10aa328e6f288f9a305b980ace7feead296cd5778f46fc6cca2a8c29c,proto_sw_3_2__seed_1964058663__global_l1_flow_v3__density_simple,proto_sw_3_2__seed_1964058663__global_l1_flow_v3__density_simple__unit_candidates_v2__global_unit_selection_sparse5e,0.054531600002519554,raw_cases/C079/methods/LocalGreedy
C079,Ours,proto_sw_3_2,compact,simple,1,100003,1,1,1,1,,,5,2,5,proto_sw_3_2__seed_1964058663__global_l1_flow_v3__density_simple,proto_sw_3_2__seed_1964058663__global_l1_flow_v3__density_simple__unit_candidates_v2,b9b6ffa10aa328e6f288f9a305b980ace7feead296cd5778f46fc6cca2a8c29c,proto_sw_3_2__seed_1964058663__global_l1_flow_v3__density_simple,proto_sw_3_2__seed_1964058663__global_l1_flow_v3__density_simple__unit_candidates_v2__global_unit_selection_joint_h2b,0.047728199999255594,raw_cases/C079/methods/Ours
C080,IndependentCurve,proto_sw_3_2,compact,simple,2,100011,1,1,0,0,,,5,0,5,proto_sw_3_2__seed_1548718105__global_l1_flow_v3__density_simple,,,proto_sw_3_2__seed_1548718105__global_l1_flow_v3__density_simple__baseline_independentcurve,proto_sw_3_2__seed_1548718105__global_l1_flow_v3__density_simple__baseline_independentcurve__selection,0.045267199999216245,raw_cases/C080/methods/IndependentCurve
C080,FixedSlot,proto_sw_3_2,compact,simple,2,100011,1,1,1,1,,,5,1,5,proto_sw_3_2__seed_1548718105__global_l1_flow_v3__density_simple,,,proto_sw_3_2__seed_1548718105__global_l1_flow_v3__density_simple__baseline_fixedslot,proto_sw_3_2__seed_1548718105__global_l1_flow_v3__density_simple__baseline_fixedslot__unit_candidates_v2__global_unit_selection_joint_h2b,4.511300300000585,raw_cases/C080/methods/FixedSlot
C080,LocalGreedy,proto_sw_3_2,compact,simple,2,100011,1,1,1,1,,,5,1,5,proto_sw_3_2__seed_1548718105__global_l1_flow_v3__density_simple,proto_sw_3_2__seed_1548718105__global_l1_flow_v3__density_simple__unit_candidates_v2,6a51a13f49068f734a627fc18475cf8f5556389811a59113e449b80dd2da25c8,proto_sw_3_2__seed_1548718105__global_l1_flow_v3__density_simple,proto_sw_3_2__seed_1548718105__global_l1_flow_v3__density_simple__unit_candidates_v2__global_unit_selection_sparse5e,0.04455199999938486,raw_cases/C080/methods/LocalGreedy
C080,Ours,proto_sw_3_2,compact,simple,2,100011,1,1,1,1,,,5,1,5,proto_sw_3_2__seed_1548718105__global_l1_flow_v3__density_simple,proto_sw_3_2__seed_1548718105__global_l1_flow_v3__density_simple__unit_candidates_v2,6a51a13f49068f734a627fc18475cf8f5556389811a59113e449b80dd2da25c8,proto_sw_3_2__seed_1548718105__global_l1_flow_v3__density_simple,proto_sw_3_2__seed_1548718105__global_l1_flow_v3__density_simple__unit_candidates_v2__global_unit_selection_joint_h2b,0.042954500000632834,raw_cases/C080/methods/Ours
C081,IndependentCurve,proto_sw_3_2,compact,medium,1,100006,1,1,0,0,,,6,0,6,proto_sw_3_2__seed_4182263884__global_l1_flow_v3__density_medium,,,proto_sw_3_2__seed_4182263884__global_l1_flow_v3__density_medium__baseline_independentcurve,proto_sw_3_2__seed_4182263884__global_l1_flow_v3__density_medium__baseline_independentcurve__selection,0.04589330000089831,raw_cases/C081/methods/IndependentCurve
C081,FixedSlot,proto_sw_3_2,compact,medium,1,100006,1,1,1,1,,,6,1,6,proto_sw_3_2__seed_4182263884__global_l1_flow_v3__density_medium,,,proto_sw_3_2__seed_4182263884__global_l1_flow_v3__density_medium__baseline_fixedslot,proto_sw_3_2__seed_4182263884__global_l1_flow_v3__density_medium__baseline_fixedslot__unit_candidates_v2__global_unit_selection_joint_h2b,5.990968400001293,raw_cases/C081/methods/FixedSlot
C081,LocalGreedy,proto_sw_3_2,compact,medium,1,100006,1,1,1,1,,,6,2,6,proto_sw_3_2__seed_4182263884__global_l1_flow_v3__density_medium,proto_sw_3_2__seed_4182263884__global_l1_flow_v3__density_medium__unit_candidates_v2,b329c2c10f70e4ec17c222e9fbf49db50b476dacccadea8333ad507d41f4159d,proto_sw_3_2__seed_4182263884__global_l1_flow_v3__density_medium,proto_sw_3_2__seed_4182263884__global_l1_flow_v3__density_medium__unit_candidates_v2__global_unit_selection_sparse5e,0.049179599998751655,raw_cases/C081/methods/LocalGreedy
C081,Ours,proto_sw_3_2,compact,medium,1,100006,1,1,1,1,,,6,1,6,proto_sw_3_2__seed_4182263884__global_l1_flow_v3__density_medium,proto_sw_3_2__seed_4182263884__global_l1_flow_v3__density_medium__unit_candidates_v2,b329c2c10f70e4ec17c222e9fbf49db50b476dacccadea8333ad507d41f4159d,proto_sw_3_2__seed_4182263884__global_l1_flow_v3__density_medium,proto_sw_3_2__seed_4182263884__global_l1_flow_v3__density_medium__unit_candidates_v2__global_unit_selection_joint_h2b,0.04657249999945634,raw_cases/C081/methods/Ours
C082,IndependentCurve,proto_sw_3_2,compact,medium,2,100018,1,1,0,0,,,6,0,6,proto_sw_3_2__seed_2661861881__global_l1_flow_v3__density_medium,,,proto_sw_3_2__seed_2661861881__global_l1_flow_v3__density_medium__baseline_independentcurve,proto_sw_3_2__seed_2661861881__global_l1_flow_v3__density_medium__baseline_independentcurve__selection,0.04359689999910188,raw_cases/C082/methods/IndependentCurve
C082,FixedSlot,proto_sw_3_2,compact,medium,2,100018,1,1,1,1,,,6,1,6,proto_sw_3_2__seed_2661861881__global_l1_flow_v3__density_medium,,,proto_sw_3_2__seed_2661861881__global_l1_flow_v3__density_medium__baseline_fixedslot,proto_sw_3_2__seed_2661861881__global_l1_flow_v3__density_medium__baseline_fixedslot__unit_candidates_v2__global_unit_selection_joint_h2b,5.250918300000194,raw_cases/C082/methods/FixedSlot
C082,LocalGreedy,proto_sw_3_2,compact,medium,2,100018,1,1,1,1,,,6,1,6,proto_sw_3_2__seed_2661861881__global_l1_flow_v3__density_medium,proto_sw_3_2__seed_2661861881__global_l1_flow_v3__density_medium__unit_candidates_v2,62293b51c99a0587bf2b184beac04ea1fcce96c1ddfa25d6adaaee04418a7b9d,proto_sw_3_2__seed_2661861881__global_l1_flow_v3__density_medium,proto_sw_3_2__seed_2661861881__global_l1_flow_v3__density_medium__unit_candidates_v2__global_unit_selection_sparse5e,0.05636489999960759,raw_cases/C082/methods/LocalGreedy
C082,Ours,proto_sw_3_2,compact,medium,2,100018,1,1,1,1,,,6,1,6,proto_sw_3_2__seed_2661861881__global_l1_flow_v3__density_medium,proto_sw_3_2__seed_2661861881__global_l1_flow_v3__density_medium__unit_candidates_v2,62293b51c99a0587bf2b184beac04ea1fcce96c1ddfa25d6adaaee04418a7b9d,proto_sw_3_2__seed_2661861881__global_l1_flow_v3__density_medium,proto_sw_3_2__seed_2661861881__global_l1_flow_v3__density_medium__unit_candidates_v2__global_unit_selection_joint_h2b,0.04689460000008694,raw_cases/C082/methods/Ours
C083,IndependentCurve,proto_sw_3_2,compact,rich,1,100002,1,1,0,0,,,7,0,7,proto_sw_3_2__seed_1978891010__global_l1_flow_v3__density_rich,,,proto_sw_3_2__seed_1978891010__global_l1_flow_v3__density_rich__baseline_independentcurve,proto_sw_3_2__seed_1978891010__global_l1_flow_v3__density_rich__baseline_independentcurve__selection,0.052641899997979635,raw_cases/C083/methods/IndependentCurve
C083,FixedSlot,proto_sw_3_2,compact,rich,1,100002,0,0,1,0,GlobalL1FlowError,global candidate pool has no complete compatible assignment,,,,,,,,,2.9439365999969596,
C083,LocalGreedy,proto_sw_3_2,compact,rich,1,100002,1,1,1,1,,,7,2,7,proto_sw_3_2__seed_1978891010__global_l1_flow_v3__density_rich,proto_sw_3_2__seed_1978891010__global_l1_flow_v3__density_rich__unit_candidates_v2,5fd347c6cedcd28e15ab3e1802de9007d0befcfb54d4f189776b0f07b721cb3e,proto_sw_3_2__seed_1978891010__global_l1_flow_v3__density_rich,proto_sw_3_2__seed_1978891010__global_l1_flow_v3__density_rich__unit_candidates_v2__global_unit_selection_sparse5e,0.05616989999907673,raw_cases/C083/methods/LocalGreedy
C083,Ours,proto_sw_3_2,compact,rich,1,100002,1,1,1,1,,,7,2,7,proto_sw_3_2__seed_1978891010__global_l1_flow_v3__density_rich,proto_sw_3_2__seed_1978891010__global_l1_flow_v3__density_rich__unit_candidates_v2,5fd347c6cedcd28e15ab3e1802de9007d0befcfb54d4f189776b0f07b721cb3e,proto_sw_3_2__seed_1978891010__global_l1_flow_v3__density_rich,proto_sw_3_2__seed_1978891010__global_l1_flow_v3__density_rich__unit_candidates_v2__global_unit_selection_joint_h2b,0.06651700000293204,raw_cases/C083/methods/Ours
C084,IndependentCurve,proto_sw_3_2,compact,rich,2,100005,1,1,0,0,,,7,0,7,proto_sw_3_2__seed_1160715944__global_l1_flow_v3__density_rich,,,proto_sw_3_2__seed_1160715944__global_l1_flow_v3__density_rich__baseline_independentcurve,proto_sw_3_2__seed_1160715944__global_l1_flow_v3__density_rich__baseline_independentcurve__selection,0.04419860000052722,raw_cases/C084/methods/IndependentCurve
C084,FixedSlot,proto_sw_3_2,compact,rich,2,100005,1,1,1,1,,,7,1,7,proto_sw_3_2__seed_1160715944__global_l1_flow_v3__density_rich,,,proto_sw_3_2__seed_1160715944__global_l1_flow_v3__density_rich__baseline_fixedslot,proto_sw_3_2__seed_1160715944__global_l1_flow_v3__density_rich__baseline_fixedslot__unit_candidates_v2__global_unit_selection_joint_h2b,8.560411499998736,raw_cases/C084/methods/FixedSlot
C084,LocalGreedy,proto_sw_3_2,compact,rich,2,100005,1,1,1,1,,,7,1,7,proto_sw_3_2__seed_1160715944__global_l1_flow_v3__density_rich,proto_sw_3_2__seed_1160715944__global_l1_flow_v3__density_rich__unit_candidates_v2,b33e74b73708ce36e6024496b7f2f45d99f79ccd94258dd2c617ef7f1f2fe9b8,proto_sw_3_2__seed_1160715944__global_l1_flow_v3__density_rich,proto_sw_3_2__seed_1160715944__global_l1_flow_v3__density_rich__unit_candidates_v2__global_unit_selection_sparse5e,0.05560269999841694,raw_cases/C084/methods/LocalGreedy
C084,Ours,proto_sw_3_2,compact,rich,2,100005,1,1,1,1,,,7,1,7,proto_sw_3_2__seed_1160715944__global_l1_flow_v3__density_rich,proto_sw_3_2__seed_1160715944__global_l1_flow_v3__density_rich__unit_candidates_v2,b33e74b73708ce36e6024496b7f2f45d99f79ccd94258dd2c617ef7f1f2fe9b8,proto_sw_3_2__seed_1160715944__global_l1_flow_v3__density_rich,proto_sw_3_2__seed_1160715944__global_l1_flow_v3__density_rich__unit_candidates_v2__global_unit_selection_joint_h2b,0.06121080000229995,raw_cases/C084/methods/Ours
C085,IndependentCurve,proto_sw_3_2,swept,simple,1,100000,1,1,0,0,,,5,0,5,proto_sw_3_2__seed_2781254137__global_l1_flow_v3__density_simple,,,proto_sw_3_2__seed_2781254137__global_l1_flow_v3__density_simple__baseline_independentcurve,proto_sw_3_2__seed_2781254137__global_l1_flow_v3__density_simple__baseline_independentcurve__selection,0.04078949999893666,raw_cases/C085/methods/IndependentCurve
C085,FixedSlot,proto_sw_3_2,swept,simple,1,100000,1,1,1,1,,,5,2,5,proto_sw_3_2__seed_2781254137__global_l1_flow_v3__density_simple,,,proto_sw_3_2__seed_2781254137__global_l1_flow_v3__density_simple__baseline_fixedslot,proto_sw_3_2__seed_2781254137__global_l1_flow_v3__density_simple__baseline_fixedslot__unit_candidates_v2__global_unit_selection_joint_h2b,2.8746571999981825,raw_cases/C085/methods/FixedSlot
C085,LocalGreedy,proto_sw_3_2,swept,simple,1,100000,1,1,1,1,,,5,3,5,proto_sw_3_2__seed_2781254137__global_l1_flow_v3__density_simple,proto_sw_3_2__seed_2781254137__global_l1_flow_v3__density_simple__unit_candidates_v2,b28af89300964117daa151c49237f22783c27d5c920b3017d167b57ccc2c449c,proto_sw_3_2__seed_2781254137__global_l1_flow_v3__density_simple,proto_sw_3_2__seed_2781254137__global_l1_flow_v3__density_simple__unit_candidates_v2__global_unit_selection_sparse5e,0.04045100000075763,raw_cases/C085/methods/LocalGreedy
C085,Ours,proto_sw_3_2,swept,simple,1,100000,1,1,1,1,,,5,2,5,proto_sw_3_2__seed_2781254137__global_l1_flow_v3__density_simple,proto_sw_3_2__seed_2781254137__global_l1_flow_v3__density_simple__unit_candidates_v2,b28af89300964117daa151c49237f22783c27d5c920b3017d167b57ccc2c449c,proto_sw_3_2__seed_2781254137__global_l1_flow_v3__density_simple,proto_sw_3_2__seed_2781254137__global_l1_flow_v3__density_simple__unit_candidates_v2__global_unit_selection_joint_h2b,0.03810640000301646,raw_cases/C085/methods/Ours
C086,IndependentCurve,proto_sw_3_2,swept,simple,2,100012,1,1,0,0,,,5,0,5,proto_sw_3_2__seed_608345505__global_l1_flow_v3__density_simple,,,proto_sw_3_2__seed_608345505__global_l1_flow_v3__density_simple__baseline_independentcurve,proto_sw_3_2__seed_608345505__global_l1_flow_v3__density_simple__baseline_independentcurve__selection,0.04154249999919557,raw_cases/C086/methods/IndependentCurve
C086,FixedSlot,proto_sw_3_2,swept,simple,2,100012,1,1,1,1,,,5,2,5,proto_sw_3_2__seed_608345505__global_l1_flow_v3__density_simple,,,proto_sw_3_2__seed_608345505__global_l1_flow_v3__density_simple__baseline_fixedslot,proto_sw_3_2__seed_608345505__global_l1_flow_v3__density_simple__baseline_fixedslot__unit_candidates_v2__global_unit_selection_joint_h2b,2.752577900002507,raw_cases/C086/methods/FixedSlot
C086,LocalGreedy,proto_sw_3_2,swept,simple,2,100012,1,1,1,1,,,5,3,5,proto_sw_3_2__seed_608345505__global_l1_flow_v3__density_simple,proto_sw_3_2__seed_608345505__global_l1_flow_v3__density_simple__unit_candidates_v2,9b6b5bad1213ab4d8a33d856ab58646f5f8659e56fd9884b6babbbb0369c0998,proto_sw_3_2__seed_608345505__global_l1_flow_v3__density_simple,proto_sw_3_2__seed_608345505__global_l1_flow_v3__density_simple__unit_candidates_v2__global_unit_selection_sparse5e,0.048657199997251155,raw_cases/C086/methods/LocalGreedy
C086,Ours,proto_sw_3_2,swept,simple,2,100012,1,1,1,1,,,5,2,5,proto_sw_3_2__seed_608345505__global_l1_flow_v3__density_simple,proto_sw_3_2__seed_608345505__global_l1_flow_v3__density_simple__unit_candidates_v2,9b6b5bad1213ab4d8a33d856ab58646f5f8659e56fd9884b6babbbb0369c0998,proto_sw_3_2__seed_608345505__global_l1_flow_v3__density_simple,proto_sw_3_2__seed_608345505__global_l1_flow_v3__density_simple__unit_candidates_v2__global_unit_selection_joint_h2b,0.043815899996843655,raw_cases/C086/methods/Ours
C087,IndependentCurve,proto_sw_3_2,swept,medium,1,100007,1,1,0,0,,,6,0,6,proto_sw_3_2__seed_3756345937__global_l1_flow_v3__density_medium,,,proto_sw_3_2__seed_3756345937__global_l1_flow_v3__density_medium__baseline_independentcurve,proto_sw_3_2__seed_3756345937__global_l1_flow_v3__density_medium__baseline_independentcurve__selection,0.03871909999725176,raw_cases/C087/methods/IndependentCurve
C087,FixedSlot,proto_sw_3_2,swept,medium,1,100007,1,1,1,1,,,6,2,6,proto_sw_3_2__seed_3756345937__global_l1_flow_v3__density_medium,,,proto_sw_3_2__seed_3756345937__global_l1_flow_v3__density_medium__baseline_fixedslot,proto_sw_3_2__seed_3756345937__global_l1_flow_v3__density_medium__baseline_fixedslot__unit_candidates_v2__global_unit_selection_joint_h2b,4.980938099997729,raw_cases/C087/methods/FixedSlot
C087,LocalGreedy,proto_sw_3_2,swept,medium,1,100007,1,1,1,1,,,6,3,6,proto_sw_3_2__seed_3756345937__global_l1_flow_v3__density_medium,proto_sw_3_2__seed_3756345937__global_l1_flow_v3__density_medium__unit_candidates_v2,d40a945696d127c26219d6ef51b1716123b4b39e06936393d3ced29bc58e2e27,proto_sw_3_2__seed_3756345937__global_l1_flow_v3__density_medium,proto_sw_3_2__seed_3756345937__global_l1_flow_v3__density_medium__unit_candidates_v2__global_unit_selection_sparse5e,0.04048490000059246,raw_cases/C087/methods/LocalGreedy
C087,Ours,proto_sw_3_2,swept,medium,1,100007,1,1,1,1,,,6,2,6,proto_sw_3_2__seed_3756345937__global_l1_flow_v3__density_medium,proto_sw_3_2__seed_3756345937__global_l1_flow_v3__density_medium__unit_candidates_v2,d40a945696d127c26219d6ef51b1716123b4b39e06936393d3ced29bc58e2e27,proto_sw_3_2__seed_3756345937__global_l1_flow_v3__density_medium,proto_sw_3_2__seed_3756345937__global_l1_flow_v3__density_medium__unit_candidates_v2__global_unit_selection_joint_h2b,0.040328800001589116,raw_cases/C087/methods/Ours
C088,IndependentCurve,proto_sw_3_2,swept,medium,2,100010,1,1,0,0,,,6,0,6,proto_sw_3_2__seed_1989963110__global_l1_flow_v3__density_medium,,,proto_sw_3_2__seed_1989963110__global_l1_flow_v3__density_medium__baseline_independentcurve,proto_sw_3_2__seed_1989963110__global_l1_flow_v3__density_medium__baseline_independentcurve__selection,0.036733500000991626,raw_cases/C088/methods/IndependentCurve
C088,FixedSlot,proto_sw_3_2,swept,medium,2,100010,1,1,1,1,,,6,1,6,proto_sw_3_2__seed_1989963110__global_l1_flow_v3__density_medium,,,proto_sw_3_2__seed_1989963110__global_l1_flow_v3__density_medium__baseline_fixedslot,proto_sw_3_2__seed_1989963110__global_l1_flow_v3__density_medium__baseline_fixedslot__unit_candidates_v2__global_unit_selection_joint_h2b,5.382020400000329,raw_cases/C088/methods/FixedSlot
C088,LocalGreedy,proto_sw_3_2,swept,medium,2,100010,1,1,1,1,,,6,2,6,proto_sw_3_2__seed_1989963110__global_l1_flow_v3__density_medium,proto_sw_3_2__seed_1989963110__global_l1_flow_v3__density_medium__unit_candidates_v2,c771377d35c2ae702df5bdfe596f6f6d2f3837d8e42070c99d32c800eb76509b,proto_sw_3_2__seed_1989963110__global_l1_flow_v3__density_medium,proto_sw_3_2__seed_1989963110__global_l1_flow_v3__density_medium__unit_candidates_v2__global_unit_selection_sparse5e,0.03899680000176886,raw_cases/C088/methods/LocalGreedy
C088,Ours,proto_sw_3_2,swept,medium,2,100010,1,1,1,1,,,6,1,6,proto_sw_3_2__seed_1989963110__global_l1_flow_v3__density_medium,proto_sw_3_2__seed_1989963110__global_l1_flow_v3__density_medium__unit_candidates_v2,c771377d35c2ae702df5bdfe596f6f6d2f3837d8e42070c99d32c800eb76509b,proto_sw_3_2__seed_1989963110__global_l1_flow_v3__density_medium,proto_sw_3_2__seed_1989963110__global_l1_flow_v3__density_medium__unit_candidates_v2__global_unit_selection_joint_h2b,0.045552999999927124,raw_cases/C088/methods/Ours
C089,IndependentCurve,proto_sw_3_2,swept,rich,1,100009,1,1,0,0,,,7,0,7,proto_sw_3_2__seed_548579369__global_l1_flow_v3__density_rich,,,proto_sw_3_2__seed_548579369__global_l1_flow_v3__density_rich__baseline_independentcurve,proto_sw_3_2__seed_548579369__global_l1_flow_v3__density_rich__baseline_independentcurve__selection,0.03687780000109342,raw_cases/C089/methods/IndependentCurve
C089,FixedSlot,proto_sw_3_2,swept,rich,1,100009,1,1,1,1,,,7,3,7,proto_sw_3_2__seed_548579369__global_l1_flow_v3__density_rich,,,proto_sw_3_2__seed_548579369__global_l1_flow_v3__density_rich__baseline_fixedslot,proto_sw_3_2__seed_548579369__global_l1_flow_v3__density_rich__baseline_fixedslot__unit_candidates_v2__global_unit_selection_joint_h2b,5.4642906000008225,raw_cases/C089/methods/FixedSlot
C089,LocalGreedy,proto_sw_3_2,swept,rich,1,100009,1,1,1,1,,,7,4,7,proto_sw_3_2__seed_548579369__global_l1_flow_v3__density_rich,proto_sw_3_2__seed_548579369__global_l1_flow_v3__density_rich__unit_candidates_v2,62061f2b65c3199c52fcd16ceee84696efacf891dc7d1f58973dd1fce3875c81,proto_sw_3_2__seed_548579369__global_l1_flow_v3__density_rich,proto_sw_3_2__seed_548579369__global_l1_flow_v3__density_rich__unit_candidates_v2__global_unit_selection_sparse5e,0.043847299999470124,raw_cases/C089/methods/LocalGreedy
C089,Ours,proto_sw_3_2,swept,rich,1,100009,1,1,1,1,,,7,3,7,proto_sw_3_2__seed_548579369__global_l1_flow_v3__density_rich,proto_sw_3_2__seed_548579369__global_l1_flow_v3__density_rich__unit_candidates_v2,62061f2b65c3199c52fcd16ceee84696efacf891dc7d1f58973dd1fce3875c81,proto_sw_3_2__seed_548579369__global_l1_flow_v3__density_rich,proto_sw_3_2__seed_548579369__global_l1_flow_v3__density_rich__unit_candidates_v2__global_unit_selection_joint_h2b,0.05113820000042324,raw_cases/C089/methods/Ours
C090,IndependentCurve,proto_sw_3_2,swept,rich,2,100015,1,1,0,0,,,7,0,7,proto_sw_3_2__seed_1105195513__global_l1_flow_v3__density_rich,,,proto_sw_3_2__seed_1105195513__global_l1_flow_v3__density_rich__baseline_independentcurve,proto_sw_3_2__seed_1105195513__global_l1_flow_v3__density_rich__baseline_independentcurve__selection,0.03616159999728552,raw_cases/C090/methods/IndependentCurve
C090,FixedSlot,proto_sw_3_2,swept,rich,2,100015,1,1,1,1,,,7,3,7,proto_sw_3_2__seed_1105195513__global_l1_flow_v3__density_rich,,,proto_sw_3_2__seed_1105195513__global_l1_flow_v3__density_rich__baseline_fixedslot,proto_sw_3_2__seed_1105195513__global_l1_flow_v3__density_rich__baseline_fixedslot__unit_candidates_v2__global_unit_selection_joint_h2b,6.1247490999994625,raw_cases/C090/methods/FixedSlot
C090,LocalGreedy,proto_sw_3_2,swept,rich,2,100015,1,1,1,1,,,7,4,7,proto_sw_3_2__seed_1105195513__global_l1_flow_v3__density_rich,proto_sw_3_2__seed_1105195513__global_l1_flow_v3__density_rich__unit_candidates_v2,cc359cbe7a8ca88afcb538eb80d9282cb1a6dbe38a657daa2ba11c492d76550d,proto_sw_3_2__seed_1105195513__global_l1_flow_v3__density_rich,proto_sw_3_2__seed_1105195513__global_l1_flow_v3__density_rich__unit_candidates_v2__global_unit_selection_sparse5e,0.04314720000184025,raw_cases/C090/methods/LocalGreedy
C090,Ours,proto_sw_3_2,swept,rich,2,100015,1,1,1,1,,,7,3,7,proto_sw_3_2__seed_1105195513__global_l1_flow_v3__density_rich,proto_sw_3_2__seed_1105195513__global_l1_flow_v3__density_rich__unit_candidates_v2,cc359cbe7a8ca88afcb538eb80d9282cb1a6dbe38a657daa2ba11c492d76550d,proto_sw_3_2__seed_1105195513__global_l1_flow_v3__density_rich,proto_sw_3_2__seed_1105195513__global_l1_flow_v3__density_rich__unit_candidates_v2__global_unit_selection_joint_h2b,0.04244459999972605,raw_cases/C090/methods/Ours
