case_id,method,prototype_id,backbone_variant,density_level,replicate,production_seed,generation_success,l1_generation_success,unit_generation_applicable,unit_generation_success,error_type,error_message,ordinary_l1_count,selected_l2_count,branchunit_count,shared_stage3_plan_id,shared_stage4_inventory_id,shared_conflict_graph_id,method_plan_id,method_selection_id,runtime_seconds,method_dir,mechanical_evaluation_success,internal_unit_crossing_count,cross_unit_crossing_count,ordinary_backbone_nonroot_crossing_count,ordinary_support_crossing_count,periodic_crossing_count,minimum_cross_unit_clearance,minimum_full_unit_clearance_required,clearance_violation_count,flower_region_intrusion_curve_count,backbone_seam_position_gap,backbone_seam_tangent_dot,periodic_seam_violation_count,parallel_cotravel_total,parallel_cotravel_peak,l1_layout_crossing_count,l1_layout_periodic_crossing_count,l1_layout_minimum_clearance,l1_layout_parallel_cotravel_total,l1_layout_parallel_cotravel_peak,l1_count,l2_count,branchunit_count_evaluated,ordinary_total_length,ordinary_mean_length,mean_backbone_excursion,vertical_span,occupied_area_ratio,upper_allocation_ratio,lower_allocation_ratio,hierarchy_l1_only_ratio,hierarchy_single_l2_ratio,hierarchy_opposed_l2_ratio,density_resource_D,root_hist_0,root_hist_1,root_hist_2,root_hist_3,root_hist_4,root_hist_5,root_hist_6,root_hist_7,root_gap_q25,root_gap_q50,root_gap_q75,root_gap_max,root_coverage_qcov,root_concentration,mechanical_evaluation_error,l2_unit_ratio,mechanically_legal
C001,IndependentCurve,proto_sw_1_1,expanded,simple,1,100013,1,1,0,0,,,4,0,4,proto_sw_1_1__seed_1575422959__global_l1_flow_v3__density_simple,,,proto_sw_1_1__seed_1575422959__global_l1_flow_v3__density_simple__baseline_independentcurve,proto_sw_1_1__seed_1575422959__global_l1_flow_v3__density_simple__baseline_independentcurve__selection,0.07361269999819342,raw_cases/C001/methods/IndependentCurve,1,0,0,0,0,0,0.13104192039950888,0.027768053,0,0,0.0,0.9999999999999999,0,0.0,0.0,0,0,0.13104192039950888,0.6918185860787058,0.5666881419344045,4,0,4,1.047776204690755,0.26194405117268876,0.08586903078408882,0.8963041119999999,0.013591922514619883,0.0,1.0,1.0,0.0,0.0,0.214822458,0.0,0.25,0.25,0.0,0.0,0.0,0.25,0.25,0.13636363599999998,0.196969697,0.310606061,0.515151515,0.484848485,0.25,,0.0,1.0
C001,FixedSlot,proto_sw_1_1,expanded,simple,1,100013,1,1,1,1,,,4,1,4,proto_sw_1_1__seed_1575422959__global_l1_flow_v3__density_simple,,,proto_sw_1_1__seed_1575422959__global_l1_flow_v3__density_simple__baseline_fixedslot,proto_sw_1_1__seed_1575422959__global_l1_flow_v3__density_simple__baseline_fixedslot__unit_candidates_v2__global_unit_selection_joint_h2b,2.8706643000004988,raw_cases/C001/methods/FixedSlot,1,0,0,0,0,0,0.10077239594041364,0.027768053,0,0,0.0,0.9999999999999999,0,0.019566183166078943,0.01470616645356408,0,0,0.10073584327623215,0.5372372337068534,0.3062680147351568,4,1,4,1.4172674958405458,0.28345349916810914,0.15075633717184028,0.981722295,0.013454861111111112,0.5,0.5,0.75,0.25,0.0,0.214822458,0.0,0.25,0.25,0.25,0.0,0.0,0.0,0.25,0.163314238,0.21795465000000003,0.304640412,0.46912883099999997,0.5308711690000001,0.25,,0.25,1.0
C001,LocalGreedy,proto_sw_1_1,expanded,simple,1,100013,1,1,1,1,,,4,2,4,proto_sw_1_1__seed_1575422959__global_l1_flow_v3__density_simple,proto_sw_1_1__seed_1575422959__global_l1_flow_v3__density_simple__unit_candidates_v2,fd2f99b6c0f210fc2bfa7b3a49320a39f3ca7a9e4816d556a47442ba4644f7b3,proto_sw_1_1__seed_1575422959__global_l1_flow_v3__density_simple,proto_sw_1_1__seed_1575422959__global_l1_flow_v3__density_simple__unit_candidates_v2__global_unit_selection_sparse5e,0.04214229999706731,raw_cases/C001/methods/LocalGreedy,1,0,0,0,0,0,0.13025855419383658,0.027768053,0,0,0.0,0.9999999999999999,0,0.0100600570751269,0.008064114118329547,0,0,0.13025855419383658,0.15190018588837909,0.12782861860474004,4,2,4,1.162703789718834,0.193783964953139,0.09714979338115522,0.762256334,0.011416072733918129,0.5,0.5,0.75,0.0,0.25,0.214822458,0.25,0.25,0.25,0.0,0.0,0.0,0.0,0.25,0.1439393935,0.1515151515,0.257575758,0.575757576,0.424242424,0.25,,0.25,1.0
C001,Ours,proto_sw_1_1,expanded,simple,1,100013,1,1,1,1,,,4,1,4,proto_sw_1_1__seed_1575422959__global_l1_flow_v3__density_simple,proto_sw_1_1__seed_1575422959__global_l1_flow_v3__density_simple__unit_candidates_v2,fd2f99b6c0f210fc2bfa7b3a49320a39f3ca7a9e4816d556a47442ba4644f7b3,proto_sw_1_1__seed_1575422959__global_l1_flow_v3__density_simple,proto_sw_1_1__seed_1575422959__global_l1_flow_v3__density_simple__unit_candidates_v2__global_unit_selection_joint_h2b,0.03914900000017951,raw_cases/C001/methods/Ours,1,0,0,0,0,0,0.13025855419383658,0.027768053,0,0,0.0,0.9999999999999999,0,0.002067883466356728,0.0012741523711913086,0,0,0.13025855419383658,0.15190018588837909,0.12782861860474004,4,1,4,1.0217698266580109,0.20435396533160216,0.08615774937126919,0.7570780500000001,0.01091922514619883,0.5,0.5,0.75,0.25,0.0,0.214822458,0.25,0.25,0.25,0.0,0.0,0.0,0.0,0.25,0.1439393935,0.1515151515,0.257575758,0.575757576,0.424242424,0.25,,0.25,1.0
C002,IndependentCurve,proto_sw_1_1,expanded,simple,2,100016,1,1,0,0,,,4,0,4,proto_sw_1_1__seed_1160898339__global_l1_flow_v3__density_simple,,,proto_sw_1_1__seed_1160898339__global_l1_flow_v3__density_simple__baseline_independentcurve,proto_sw_1_1__seed_1160898339__global_l1_flow_v3__density_simple__baseline_independentcurve__selection,0.05666149999888148,raw_cases/C002/methods/IndependentCurve,1,0,0,0,0,0,0.17528059255621956,0.027768053,0,0,0.0,1.0000000000000002,0,0.0,0.0,0,0,0.17528059255621956,0.23686018196569775,0.14027583681953673,4,0,4,1.0434810107367802,0.26087025268419506,0.09286680620026559,0.82915432,0.012255573830409356,0.75,0.25,1.0,0.0,0.0,0.212042533,0.25,0.25,0.0,0.25,0.0,0.0,0.0,0.25,0.17424242375,0.1818181815,0.25757575774999997,0.484848485,0.515151515,0.25,,0.0,1.0
C002,FixedSlot,proto_sw_1_1,expanded,simple,2,100016,1,1,1,1,,,4,1,4,proto_sw_1_1__seed_1160898339__global_l1_flow_v3__density_simple,,,proto_sw_1_1__seed_1160898339__global_l1_flow_v3__density_simple__baseline_fixedslot,proto_sw_1_1__seed_1160898339__global_l1_flow_v3__density_simple__baseline_fixedslot__unit_candidates_v2__global_unit_selection_joint_h2b,2.8747107999988657,raw_cases/C002/methods/FixedSlot,1,0,0,0,0,0,0.10793721801970341,0.027768053,0,0,0.0,1.0000000000000002,0,0.00036767943715768547,0.000245324686668699,0,0,0.10791593094396063,0.41417698055994934,0.23538093965758444,4,1,4,1.3050134801853717,0.2610026960370743,0.11492128812552002,0.9477613220000001,0.014562774122807017,0.5,0.5,0.75,0.25,0.0,0.212042533,0.25,0.0,0.25,0.25,0.0,0.0,0.0,0.25,0.17006449750000002,0.21230737900000002,0.2922428815,0.47743579300000005,0.522564207,0.25,,0.25,1.0
C002,LocalGreedy,proto_sw_1_1,expanded,simple,2,100016,1,1,1,1,,,4,2,4,proto_sw_1_1__seed_1160898339__global_l1_flow_v3__density_simple,proto_sw_1_1__seed_1160898339__global_l1_flow_v3__density_simple__unit_candidates_v2,b3173be67f2137ce38af7c4b4072fda33adb5ec639c6c0ac56fb1c0a0e226593,proto_sw_1_1__seed_1160898339__global_l1_flow_v3__density_simple,proto_sw_1_1__seed_1160898339__global_l1_flow_v3__density_simple__unit_candidates_v2__global_unit_selection_sparse5e,0.0490397000030498,raw_cases/C002/methods/LocalGreedy,1,0,0,0,0,0,0.2299465213980741,0.027768053,0,0,0.0,1.0000000000000002,0,0.005017144370761255,0.003891102880231983,0,0,0.2299465213980741,0.014572175553459004,0.011137229424531605,4,2,4,1.1552262281790426,0.1925377046965071,0.10859124043578079,0.83903273,0.011513157894736841,0.5,0.5,0.75,0.0,0.25,0.212042533,0.25,0.25,0.0,0.25,0.0,0.0,0.0,0.25,0.17424242375,0.1818181815,0.25757575774999997,0.484848485,0.515151515,0.25,,0.25,1.0
C002,Ours,proto_sw_1_1,expanded,simple,2,100016,1,1,1,1,,,4,1,4,proto_sw_1_1__seed_1160898339__global_l1_flow_v3__density_simple,proto_sw_1_1__seed_1160898339__global_l1_flow_v3__density_simple__unit_candidates_v2,b3173be67f2137ce38af7c4b4072fda33adb5ec639c6c0ac56fb1c0a0e226593,proto_sw_1_1__seed_1160898339__global_l1_flow_v3__density_simple,proto_sw_1_1__seed_1160898339__global_l1_flow_v3__density_simple__unit_candidates_v2__global_unit_selection_joint_h2b,0.03938279999783845,raw_cases/C002/methods/Ours,1,0,0,0,0,0,0.2299465213980741,0.027768053,0,0,0.0,1.0000000000000002,0,0.005679392557598188,0.005016042721063663,0,0,0.2299465213980741,0.014572175553459004,0.011137229424531605,4,1,4,1.0139738143327617,0.20279476286655235,0.09407666023376537,0.82915432,0.011279011330409356,0.5,0.5,0.75,0.25,0.0,0.212042533,0.25,0.25,0.0,0.25,0.0,0.0,0.0,0.25,0.17424242375,0.1818181815,0.25757575774999997,0.484848485,0.515151515,0.25,,0.25,1.0
C003,IndependentCurve,proto_sw_1_1,expanded,medium,1,100006,1,1,0,0,,,5,0,5,proto_sw_1_1__seed_4182263884__global_l1_flow_v3__density_medium,,,proto_sw_1_1__seed_4182263884__global_l1_flow_v3__density_medium__baseline_independentcurve,proto_sw_1_1__seed_4182263884__global_l1_flow_v3__density_medium__baseline_independentcurve__selection,0.05362229999809642,raw_cases/C003/methods/IndependentCurve,1,0,2,0,0,0,0.0,0.027768053,1,0,0.0,1.0,0,0.0,0.0,2,0,0.0,0.7129639142616087,0.4067324366205731,5,0,5,1.3075458516850977,0.26150917033701954,0.08632425041113873,0.839296753,0.020176580774853802,0.8,0.2,1.0,0.0,0.0,0.387900031,0.0,0.2,0.2,0.4,0.0,0.0,0.2,0.0,0.09090909100000005,0.181818181,0.333333334,0.363636363,0.636363637,0.4,,0.0,0.0
C003,FixedSlot,proto_sw_1_1,expanded,medium,1,100006,1,1,1,1,,,5,1,5,proto_sw_1_1__seed_4182263884__global_l1_flow_v3__density_medium,,,proto_sw_1_1__seed_4182263884__global_l1_flow_v3__density_medium__baseline_fixedslot,proto_sw_1_1__seed_4182263884__global_l1_flow_v3__density_medium__baseline_fixedslot__unit_candidates_v2__global_unit_selection_joint_h2b,3.2459304000003613,raw_cases/C003/methods/FixedSlot,1,0,0,0,0,0,0.05781130385504561,0.027768053,0,0,0.0,1.0,0,0.006807394132311515,0.0053569858336210635,0,0,0.058039603999837396,1.3995041679724767,0.5719259509562832,5,1,5,1.9211859479622544,0.3201976579937091,0.15416617790840192,1.151810074,0.0193656341374269,0.6,0.4,0.8,0.2,0.0,0.387900031,0.0,0.4,0.2,0.2,0.0,0.0,0.0,0.2,0.06265954399999998,0.167450123,0.24158890900000007,0.466744424,0.533255576,0.4,,0.19999999999999996,1.0
C003,LocalGreedy,proto_sw_1_1,expanded,medium,1,100006,1,1,1,1,,,5,2,5,proto_sw_1_1__seed_4182263884__global_l1_flow_v3__density_medium,proto_sw_1_1__seed_4182263884__global_l1_flow_v3__density_medium__unit_candidates_v2,4077c4607a22cbae43cfdf706263214483ad5006a9e93f29ccb9b014608a7038,proto_sw_1_1__seed_4182263884__global_l1_flow_v3__density_medium,proto_sw_1_1__seed_4182263884__global_l1_flow_v3__density_medium__unit_candidates_v2__global_unit_selection_sparse5e,0.04471980000016629,raw_cases/C003/methods/LocalGreedy,1,0,0,0,0,0,0.11987486165209461,0.027768053,0,0,0.0,1.0,0,0.24285082705514413,0.17219224691155674,0,0,0.12419051683163207,0.3371639715813388,0.16500188062420437,5,2,5,1.2952946706503008,0.18504209580718584,0.07161332461694403,0.871694409,0.01762952302631579,0.4,0.6,0.8,0.0,0.2,0.387900031,0.2,0.2,0.2,0.2,0.0,0.0,0.0,0.2,0.151515151,0.15151515100000001,0.15151515200000001,0.45454545500000004,0.5454545449999999,0.2,,0.19999999999999996,1.0
C003,Ours,proto_sw_1_1,expanded,medium,1,100006,1,1,1,1,,,5,1,5,proto_sw_1_1__seed_4182263884__global_l1_flow_v3__density_medium,proto_sw_1_1__seed_4182263884__global_l1_flow_v3__density_medium__unit_candidates_v2,4077c4607a22cbae43cfdf706263214483ad5006a9e93f29ccb9b014608a7038,proto_sw_1_1__seed_4182263884__global_l1_flow_v3__density_medium,proto_sw_1_1__seed_4182263884__global_l1_flow_v3__density_medium__unit_candidates_v2__global_unit_selection_joint_h2b,0.05035390000193729,raw_cases/C003/methods/Ours,1,0,0,0,0,0,0.12410516624979502,0.027768053,0,0,0.0,1.0,0,0.0021920051168974166,0.0014701083822120974,0,0,0.12419051683163207,0.3371639715813388,0.16500188062420437,5,1,5,1.1583139380471337,0.1930523230078556,0.07270852822156988,0.871694409,0.017623812134502925,0.4,0.6,0.8,0.2,0.0,0.387900031,0.2,0.2,0.2,0.2,0.0,0.0,0.0,0.2,0.151515151,0.15151515100000001,0.15151515200000001,0.45454545500000004,0.5454545449999999,0.2,,0.19999999999999996,1.0
C004,IndependentCurve,proto_sw_1_1,expanded,medium,2,100010,1,1,0,0,,,5,0,5,proto_sw_1_1__seed_1989963110__global_l1_flow_v3__density_medium,,,proto_sw_1_1__seed_1989963110__global_l1_flow_v3__density_medium__baseline_independentcurve,proto_sw_1_1__seed_1989963110__global_l1_flow_v3__density_medium__baseline_independentcurve__selection,0.06389810000109719,raw_cases/C004/methods/IndependentCurve,1,0,3,0,0,0,0.0,0.027768053,1,0,0.0,1.0000000000000002,0,0.0,0.0,3,0,0.0,0.923244675762293,0.4755549774269336,5,0,5,1.3191952268984468,0.2638390453796894,0.09824043985820279,0.451400906,0.017949332967836257,0.8,0.2,1.0,0.0,0.0,0.406947772,0.2,0.2,0.4,0.2,0.0,0.0,0.0,0.0,0.03030303099999998,0.12121212099999999,0.12121212100000003,0.696969697,0.303030303,0.4,,0.0,0.0
C004,FixedSlot,proto_sw_1_1,expanded,medium,2,100010,1,1,1,1,,,5,1,5,proto_sw_1_1__seed_1989963110__global_l1_flow_v3__density_medium,,,proto_sw_1_1__seed_1989963110__global_l1_flow_v3__density_medium__baseline_fixedslot,proto_sw_1_1__seed_1989963110__global_l1_flow_v3__density_medium__baseline_fixedslot__unit_candidates_v2__global_unit_selection_joint_h2b,4.670324599999731,raw_cases/C004/methods/FixedSlot,1,0,0,0,0,0,0.0845591889998424,0.027768053,0,0,0.0,1.0000000000000002,0,1.3806050346132584e-06,1.0398315033743407e-06,0,0,0.08450637754691653,1.632256929989877,0.6151185426128176,5,1,5,1.9221369153889023,0.32035615256481703,0.14693948135078377,1.08354716,0.022763614766081873,0.4,0.6,0.8,0.2,0.0,0.406947772,0.2,0.2,0.4,0.0,0.0,0.0,0.0,0.2,0.06955880900000003,0.08878680799999998,0.23587621999999997,0.54537378,0.45462621999999997,0.4,,0.19999999999999996,1.0
C004,LocalGreedy,proto_sw_1_1,expanded,medium,2,100010,1,1,1,1,,,5,2,5,proto_sw_1_1__seed_1989963110__global_l1_flow_v3__density_medium,proto_sw_1_1__seed_1989963110__global_l1_flow_v3__density_medium__unit_candidates_v2,f7b369bcc4ede1d054c2a161a0cb6ec4377cc83570bd33af98182274283e30bb,proto_sw_1_1__seed_1989963110__global_l1_flow_v3__density_medium,proto_sw_1_1__seed_1989963110__global_l1_flow_v3__density_medium__unit_candidates_v2__global_unit_selection_sparse5e,0.05972429999746964,raw_cases/C004/methods/LocalGreedy,1,0,0,0,0,0,0.14860873469071043,0.027768053,0,0,0.0,1.0000000000000002,0,0.007425106912166651,0.004066070372189689,0,0,0.1485903337871238,0.31924807922424137,0.2041660809239474,5,2,5,1.299389648016849,0.18562709257383556,0.06544858572447525,0.87190104,0.01845189144736842,0.4,0.6,0.8,0.0,0.2,0.406947772,0.2,0.2,0.0,0.4,0.0,0.0,0.0,0.2,0.15151515100000001,0.15151515100000001,0.151515152,0.454545455,0.545454545,0.4,,0.19999999999999996,1.0
C004,Ours,proto_sw_1_1,expanded,medium,2,100010,1,1,1,1,,,5,1,5,proto_sw_1_1__seed_1989963110__global_l1_flow_v3__density_medium,proto_sw_1_1__seed_1989963110__global_l1_flow_v3__density_medium__unit_candidates_v2,f7b369bcc4ede1d054c2a161a0cb6ec4377cc83570bd33af98182274283e30bb,proto_sw_1_1__seed_1989963110__global_l1_flow_v3__density_medium,proto_sw_1_1__seed_1989963110__global_l1_flow_v3__density_medium__unit_candidates_v2__global_unit_selection_joint_h2b,0.04169999999794527,raw_cases/C004/methods/Ours,1,0,0,0,0,0,0.14860873469071043,0.027768053,0,0,0.0,1.0000000000000002,0,0.01599365087278249,0.011194709675082057,0,0,0.1485903337871238,0.31924807922424137,0.2041660809239474,5,1,5,1.1592489493606082,0.19320815822676804,0.07797229082797875,0.877292113,0.01812637061403509,0.4,0.6,0.8,0.2,0.0,0.406947772,0.2,0.2,0.0,0.4,0.0,0.0,0.0,0.2,0.15151515100000001,0.15151515100000001,0.151515152,0.454545455,0.545454545,0.4,,0.19999999999999996,1.0
C005,IndependentCurve,proto_sw_1_1,expanded,rich,1,100018,1,1,0,0,,,6,0,6,proto_sw_1_1__seed_2661861881__global_l1_flow_v3__density_rich,,,proto_sw_1_1__seed_2661861881__global_l1_flow_v3__density_rich__baseline_independentcurve,proto_sw_1_1__seed_2661861881__global_l1_flow_v3__density_rich__baseline_independentcurve__selection,0.0566672999993898,raw_cases/C005/methods/IndependentCurve,1,0,1,0,0,0,0.0,0.027768053,1,0,0.0,1.0000000000000002,0,0.0,0.0,1,0,0.0,1.167525908804989,0.5267873799636587,6,0,6,1.5770657632666618,0.26284429387777697,0.08617397612872864,1.0191624989999999,0.023254751461988302,0.6666666666666666,0.3333333333333333,1.0,0.0,0.0,0.815414926,0.16666666666666666,0.3333333333333333,0.0,0.3333333333333333,0.0,0.0,0.16666666666666666,0.0,0.075757576,0.13636363599999998,0.21969696925,0.39393939400000005,0.606060606,0.3333333333333333,,0.0,0.0
C005,FixedSlot,proto_sw_1_1,expanded,rich,1,100018,1,1,1,1,,,6,1,6,proto_sw_1_1__seed_2661861881__global_l1_flow_v3__density_rich,,,proto_sw_1_1__seed_2661861881__global_l1_flow_v3__density_rich__baseline_fixedslot,proto_sw_1_1__seed_2661861881__global_l1_flow_v3__density_rich__baseline_fixedslot__unit_candidates_v2__global_unit_selection_joint_h2b,4.405946299997595,raw_cases/C005/methods/FixedSlot,1,0,0,0,0,0,0.055780415106408514,0.027768053,0,0,0.0,1.0000000000000002,0,0.007166078843489115,0.004034301094461169,0,0,0.055780415106408514,2.954427017857437,0.8487689134826475,6,1,6,2.1975802733125906,0.3139400390446558,0.15769797161666266,1.144049936,0.02355171783625731,0.6666666666666666,0.3333333333333333,0.8333333333333334,0.16666666666666666,0.0,0.815414926,0.16666666666666666,0.16666666666666666,0.3333333333333333,0.16666666666666666,0.0,0.0,0.0,0.16666666666666666,0.0770509395,0.09375,0.18590375474999996,0.461893741,0.538106259,0.3333333333333333,,0.16666666666666663,1.0
C005,LocalGreedy,proto_sw_1_1,expanded,rich,1,100018,1,1,1,1,,,6,2,6,proto_sw_1_1__seed_2661861881__global_l1_flow_v3__density_rich,proto_sw_1_1__seed_2661861881__global_l1_flow_v3__density_rich__unit_candidates_v2,1c7ee8fb2524af01d92c3efb28a84ee2157d8d0e2393722e7f85aff6f275d06f,proto_sw_1_1__seed_2661861881__global_l1_flow_v3__density_rich,proto_sw_1_1__seed_2661861881__global_l1_flow_v3__density_rich__unit_candidates_v2__global_unit_selection_sparse5e,0.0527542000018002,raw_cases/C005/methods/LocalGreedy,1,0,0,0,0,0,0.03107526214622732,0.027768053,0,0,0.0,1.0000000000000002,0,0.05743500718265772,0.05641555325005509,0,0,0.05046528696336143,0.7786997376564103,0.2546672605285808,6,2,6,1.6322977755740922,0.20403722194676152,0.08019872048225955,0.91417416,0.021273072002923978,0.5,0.5,0.8333333333333334,0.0,0.16666666666666666,0.815414926,0.16666666666666666,0.16666666666666666,0.16666666666666666,0.16666666666666666,0.0,0.0,0.16666666666666666,0.16666666666666666,0.09848484874999999,0.1363636365,0.15151515175,0.39393939400000005,0.606060606,0.16666666666666666,,0.16666666666666663,1.0
C005,Ours,proto_sw_1_1,expanded,rich,1,100018,1,1,1,1,,,6,1,6,proto_sw_1_1__seed_2661861881__global_l1_flow_v3__density_rich,proto_sw_1_1__seed_2661861881__global_l1_flow_v3__density_rich__unit_candidates_v2,1c7ee8fb2524af01d92c3efb28a84ee2157d8d0e2393722e7f85aff6f275d06f,proto_sw_1_1__seed_2661861881__global_l1_flow_v3__density_rich,proto_sw_1_1__seed_2661861881__global_l1_flow_v3__density_rich__unit_candidates_v2__global_unit_selection_joint_h2b,0.04293540000071516,raw_cases/C005/methods/Ours,1,0,0,0,0,0,0.05046528696336143,0.027768053,0,0,0.0,1.0000000000000002,0,0.005416901398468663,0.004601707151065404,0,0,0.05046528696336143,0.7786997376564103,0.2546672605285808,6,1,6,1.691014556402912,0.24157350805755887,0.09520040270375041,0.91417416,0.01971970942982456,0.5,0.5,0.8333333333333334,0.16666666666666666,0.0,0.815414926,0.16666666666666666,0.16666666666666666,0.16666666666666666,0.16666666666666666,0.0,0.0,0.16666666666666666,0.16666666666666666,0.09848484874999999,0.1363636365,0.15151515175,0.39393939400000005,0.606060606,0.16666666666666666,,0.16666666666666663,1.0
C006,IndependentCurve,proto_sw_1_1,expanded,rich,2,100019,1,1,0,0,,,6,0,6,proto_sw_1_1__seed_898415462__global_l1_flow_v3__density_rich,,,proto_sw_1_1__seed_898415462__global_l1_flow_v3__density_rich__baseline_independentcurve,proto_sw_1_1__seed_898415462__global_l1_flow_v3__density_rich__baseline_independentcurve__selection,0.06010199999946053,raw_cases/C006/methods/IndependentCurve,1,0,4,0,0,0,0.0,0.027768053,1,0,0.0,1.0,0,0.0,0.0,4,0,0.0,2.633207654303218,0.9683902662758666,6,0,6,1.5748847723246626,0.2624807953874438,0.08599813679219115,0.342281612,0.015567891081871345,0.6666666666666666,0.3333333333333333,1.0,0.0,0.0,0.669044189,0.16666666666666666,0.6666666666666666,0.0,0.16666666666666666,0.0,0.0,0.0,0.0,0.03030303025000001,0.060606060999999996,0.1590909085,0.666666667,0.333333333,0.6666666666666666,,0.0,0.0
C006,FixedSlot,proto_sw_1_1,expanded,rich,2,100019,1,1,1,1,,,6,1,6,proto_sw_1_1__seed_898415462__global_l1_flow_v3__density_rich,,,proto_sw_1_1__seed_898415462__global_l1_flow_v3__density_rich__baseline_fixedslot,proto_sw_1_1__seed_898415462__global_l1_flow_v3__density_rich__baseline_fixedslot__unit_candidates_v2__global_unit_selection_joint_h2b,7.366709199999605,raw_cases/C006/methods/FixedSlot,1,0,0,0,0,0,0.07175892866207831,0.027768053,0,0,0.0,1.0,0,0.0009505283568581053,0.0004019789215993213,0,0,0.0717603412377016,2.500096728090501,0.8614757646050292,6,1,6,2.1830297322815246,0.3118613903259321,0.13088030171459922,1.108958392,0.02549342105263158,0.5,0.5,0.8333333333333334,0.16666666666666666,0.0,0.669044189,0.16666666666666666,0.16666666666666666,0.16666666666666666,0.16666666666666666,0.0,0.0,0.16666666666666666,0.16666666666666666,0.08468869199999998,0.116923386,0.18470563425000003,0.430743051,0.569256949,0.16666666666666666,,0.16666666666666663,1.0
C006,LocalGreedy,proto_sw_1_1,expanded,rich,2,100019,1,1,1,1,,,6,1,6,proto_sw_1_1__seed_898415462__global_l1_flow_v3__density_rich,proto_sw_1_1__seed_898415462__global_l1_flow_v3__density_rich__unit_candidates_v2,86408348160478d704d1a213bc973047e735feb68907a59d1270119a6d0e8ba6,proto_sw_1_1__seed_898415462__global_l1_flow_v3__density_rich,proto_sw_1_1__seed_898415462__global_l1_flow_v3__density_rich__unit_candidates_v2__global_unit_selection_sparse5e,0.049058900000090944,raw_cases/C006/methods/LocalGreedy,1,0,0,0,0,0,0.06509633687220658,0.027768053,0,0,0.0,1.0,0,0.019357824526995807,0.011061139861520445,0,0,0.06524883777282833,0.7061082536427034,0.23330200829012995,6,1,6,1.3692307609181817,0.1956043944168831,0.06273346305198342,0.749400053,0.015390853435672515,0.5,0.5,0.8333333333333334,0.16666666666666666,0.0,0.669044189,0.16666666666666666,0.16666666666666666,0.16666666666666666,0.16666666666666666,0.0,0.0,0.16666666666666666,0.16666666666666666,0.0984848485,0.121212121,0.1439393935,0.42424242500000003,0.5757575749999999,0.16666666666666666,,0.16666666666666663,1.0
C006,Ours,proto_sw_1_1,expanded,rich,2,100019,1,1,1,1,,,6,1,6,proto_sw_1_1__seed_898415462__global_l1_flow_v3__density_rich,proto_sw_1_1__seed_898415462__global_l1_flow_v3__density_rich__unit_candidates_v2,86408348160478d704d1a213bc973047e735feb68907a59d1270119a6d0e8ba6,proto_sw_1_1__seed_898415462__global_l1_flow_v3__density_rich,proto_sw_1_1__seed_898415462__global_l1_flow_v3__density_rich__unit_candidates_v2__global_unit_selection_joint_h2b,0.04412410000077216,raw_cases/C006/methods/Ours,1,0,0,0,0,0,0.06509633687220658,0.027768053,0,0,0.0,1.0,0,0.0015403464751268753,0.000760550143088989,0,0,0.06524883777282833,0.7061082536427034,0.23330200829012995,6,1,6,1.4312641614986068,0.20446630878551525,0.0726903206174082,0.7757341179999999,0.017343978435672515,0.5,0.5,0.8333333333333334,0.16666666666666666,0.0,0.669044189,0.16666666666666666,0.16666666666666666,0.16666666666666666,0.16666666666666666,0.0,0.0,0.16666666666666666,0.16666666666666666,0.0984848485,0.121212121,0.1439393935,0.42424242500000003,0.5757575749999999,0.16666666666666666,,0.16666666666666663,1.0
C007,IndependentCurve,proto_sw_1_1,compact,simple,1,100000,1,1,0,0,,,4,0,4,proto_sw_1_1__seed_2781254137__global_l1_flow_v3__density_simple,,,proto_sw_1_1__seed_2781254137__global_l1_flow_v3__density_simple__baseline_independentcurve,proto_sw_1_1__seed_2781254137__global_l1_flow_v3__density_simple__baseline_independentcurve__selection,0.062283899998874404,raw_cases/C007/methods/IndependentCurve,1,0,2,0,0,0,0.0,0.027768053,1,0,0.0,1.0,0,0.0,0.0,2,0,0.0,1.0566051195766848,0.7395668652794546,4,0,4,1.051184755721891,0.26279618893047274,0.09019658323367542,0.30403125999999997,0.01523094846491228,0.5,0.5,1.0,0.0,0.0,0.1950207,0.0,0.25,0.25,0.5,0.0,0.0,0.0,0.0,0.05303030274999998,0.10606060599999999,0.30303030325,0.757575757,0.24242424299999998,0.5,,0.0,0.0
C007,FixedSlot,proto_sw_1_1,compact,simple,1,100000,1,1,1,1,,,4,1,4,proto_sw_1_1__seed_2781254137__global_l1_flow_v3__density_simple,,,proto_sw_1_1__seed_2781254137__global_l1_flow_v3__density_simple__baseline_fixedslot,proto_sw_1_1__seed_2781254137__global_l1_flow_v3__density_simple__baseline_fixedslot__unit_candidates_v2__global_unit_selection_joint_h2b,2.038848999996844,raw_cases/C007/methods/FixedSlot,1,0,0,1,0,0,0.09657689638381226,0.027768053,0,0,0.0,1.0,0,0.00029506592133775073,0.00024182281059150686,0,0,0.09655235651533306,1.0943060832722518,0.7778164425780605,4,1,4,1.4719267058250178,0.2943853411650036,0.10023929206184275,1.072241828,0.019651178728070175,1.0,0.0,0.75,0.25,0.0,0.1950207,0.25,0.0,0.25,0.25,0.0,0.25,0.0,0.0,0.19071461,0.277783387,0.337068777,0.3767922,0.6232078,0.25,,0.25,0.0
C007,LocalGreedy,proto_sw_1_1,compact,simple,1,100000,1,1,1,1,,,4,2,4,proto_sw_1_1__seed_2781254137__global_l1_flow_v3__density_simple,proto_sw_1_1__seed_2781254137__global_l1_flow_v3__density_simple__unit_candidates_v2,4a6d7cc918a55db489aff0719ff0c5d2244cdd40393fab67e66284f187c58c0c,proto_sw_1_1__seed_2781254137__global_l1_flow_v3__density_simple,proto_sw_1_1__seed_2781254137__global_l1_flow_v3__density_simple__unit_candidates_v2__global_unit_selection_sparse5e,0.05102649999753339,raw_cases/C007/methods/LocalGreedy,1,0,0,0,0,0,0.053385879024660396,0.027768053,0,0,0.0,1.0,0,0.00026418113317680324,0.00023658523804407822,0,0,0.053385879024660396,0.029052111975856353,0.02050714444929658,4,2,4,1.0421106907099156,0.17368511511831927,0.05829098339017738,1.068929631,0.015442251461988304,0.5,0.5,0.75,0.0,0.25,0.1950207,0.25,0.0,0.25,0.25,0.0,0.25,0.0,0.0,0.1439393935,0.24242424250000003,0.34848484900000004,0.393939394,0.606060606,0.25,,0.25,1.0
C007,Ours,proto_sw_1_1,compact,simple,1,100000,1,1,1,1,,,4,1,4,proto_sw_1_1__seed_2781254137__global_l1_flow_v3__density_simple,proto_sw_1_1__seed_2781254137__global_l1_flow_v3__density_simple__unit_candidates_v2,4a6d7cc918a55db489aff0719ff0c5d2244cdd40393fab67e66284f187c58c0c,proto_sw_1_1__seed_2781254137__global_l1_flow_v3__density_simple,proto_sw_1_1__seed_2781254137__global_l1_flow_v3__density_simple__unit_candidates_v2__global_unit_selection_joint_h2b,0.04707120000239229,raw_cases/C007/methods/Ours,1,0,0,0,0,0,0.053385879024660396,0.027768053,0,0,0.0,1.0,0,0.00038238934799204145,0.0001983991135168096,0,0,0.053385879024660396,0.029052111975856353,0.02050714444929658,4,1,4,1.0475950135334107,0.20951900270668214,0.06001699064092162,1.068929631,0.017201206140350877,0.5,0.5,0.75,0.25,0.0,0.1950207,0.25,0.0,0.25,0.25,0.0,0.25,0.0,0.0,0.1439393935,0.24242424250000003,0.34848484900000004,0.393939394,0.606060606,0.25,,0.25,1.0
C008,IndependentCurve,proto_sw_1_1,compact,simple,2,100008,1,1,0,0,,,4,0,4,proto_sw_1_1__seed_399132903__global_l1_flow_v3__density_simple,,,proto_sw_1_1__seed_399132903__global_l1_flow_v3__density_simple__baseline_independentcurve,proto_sw_1_1__seed_399132903__global_l1_flow_v3__density_simple__baseline_independentcurve__selection,0.056737899998552166,raw_cases/C008/methods/IndependentCurve,1,0,0,0,0,0,0.0,0.027768053,1,0,0.0,1.0,0,0.0,0.0,0,0,0.0,1.1101568709281295,0.47206975830413794,4,0,4,1.051633476786943,0.26290836919673577,0.06462276245031566,0.402860224,0.01769234283625731,1.0,0.0,1.0,0.0,0.0,0.174090405,0.5,0.0,0.0,0.5,0.0,0.0,0.0,0.0,0.04545454500000001,0.1666666665,0.3712121215,0.666666667,0.333333333,0.5,,0.0,0.0
C008,FixedSlot,proto_sw_1_1,compact,simple,2,100008,1,1,1,1,,,4,1,4,proto_sw_1_1__seed_399132903__global_l1_flow_v3__density_simple,,,proto_sw_1_1__seed_399132903__global_l1_flow_v3__density_simple__baseline_fixedslot,proto_sw_1_1__seed_399132903__global_l1_flow_v3__density_simple__baseline_fixedslot__unit_candidates_v2__global_unit_selection_joint_h2b,2.5285789000008663,raw_cases/C008/methods/FixedSlot,1,0,0,1,0,0,0.20648524586213346,0.027768053,0,0,0.0,1.0,0,0.01383919823397936,0.01214604461348679,0,0,0.20646593057628201,0.5526564709341324,0.3259391364656255,4,1,4,1.5740476117739428,0.31480952235478854,0.09814626460517878,1.0286599660000002,0.018040707236842105,0.75,0.25,0.75,0.25,0.0,0.174090405,0.0,0.0,0.25,0.25,0.0,0.0,0.25,0.25,0.12092348324999999,0.24821381499999998,0.37729033175,0.42352431200000007,0.5764756879999999,0.25,,0.25,0.0
C008,LocalGreedy,proto_sw_1_1,compact,simple,2,100008,1,1,1,1,,,4,2,4,proto_sw_1_1__seed_399132903__global_l1_flow_v3__density_simple,proto_sw_1_1__seed_399132903__global_l1_flow_v3__density_simple__unit_candidates_v2,07910f095b7e8699ec523f11e8afd388310a0f0462b5d185b72c0607eb6e4c78,proto_sw_1_1__seed_399132903__global_l1_flow_v3__density_simple,proto_sw_1_1__seed_399132903__global_l1_flow_v3__density_simple__unit_candidates_v2__global_unit_selection_sparse5e,0.04744819999905303,raw_cases/C008/methods/LocalGreedy,1,0,0,0,0,0,0.05431857909514021,0.027768053,0,0,0.0,1.0,0,0.030254773826081046,0.020874576497653813,0,0,0.054436408387688165,0.2790401530935566,0.2634499336174539,4,2,4,1.2074028880143493,0.2012338146690582,0.08569393206095609,0.9873941070000001,0.021113167032163743,0.5,0.5,0.75,0.0,0.25,0.174090405,0.25,0.0,0.5,0.0,0.0,0.25,0.0,0.0,0.1363636365,0.24242424299999998,0.3560606065,0.424242424,0.575757576,0.5,,0.25,1.0
C008,Ours,proto_sw_1_1,compact,simple,2,100008,1,1,1,1,,,4,1,4,proto_sw_1_1__seed_399132903__global_l1_flow_v3__density_simple,proto_sw_1_1__seed_399132903__global_l1_flow_v3__density_simple__unit_candidates_v2,07910f095b7e8699ec523f11e8afd388310a0f0462b5d185b72c0607eb6e4c78,proto_sw_1_1__seed_399132903__global_l1_flow_v3__density_simple,proto_sw_1_1__seed_399132903__global_l1_flow_v3__density_simple__unit_candidates_v2__global_unit_selection_joint_h2b,0.04118150000067544,raw_cases/C008/methods/Ours,1,0,0,0,0,0,0.05431857909514021,0.027768053,0,0,0.0,1.0,0,0.0131199970068061,0.009939949476543435,0,0,0.054436408387688165,0.2790401530935566,0.2634499336174539,4,1,4,1.0598272942779563,0.21196545885559126,0.06347998116614686,0.9873941070000001,0.018863075657894735,0.5,0.5,0.75,0.25,0.0,0.174090405,0.25,0.0,0.5,0.0,0.0,0.25,0.0,0.0,0.1363636365,0.24242424299999998,0.3560606065,0.424242424,0.575757576,0.5,,0.25,1.0
C009,IndependentCurve,proto_sw_1_1,compact,medium,1,100007,1,1,0,0,,,5,0,5,proto_sw_1_1__seed_3756345937__global_l1_flow_v3__density_medium,,,proto_sw_1_1__seed_3756345937__global_l1_flow_v3__density_medium__baseline_independentcurve,proto_sw_1_1__seed_3756345937__global_l1_flow_v3__density_medium__baseline_independentcurve__selection,0.047246599999198224,raw_cases/C009/methods/IndependentCurve,1,0,0,0,0,0,0.0,0.027768053,1,0,0.0,0.9999999999999998,0,0.0,0.0,0,0,0.0,1.1340149940984792,0.5423437396286814,5,0,5,1.3262099051512175,0.2652419810302435,0.0820812991638252,1.039763724,0.016001918859649123,0.6,0.4,1.0,0.0,0.0,0.411134807,0.0,0.4,0.0,0.4,0.0,0.0,0.0,0.2,0.0,0.212121212,0.303030303,0.48484848499999994,0.5151515150000001,0.4,,0.0,0.0
C009,FixedSlot,proto_sw_1_1,compact,medium,1,100007,0,0,1,0,GlobalL1FlowError,global candidate pool has no complete compatible assignment,,,,,,,,,0.1601553000000422,,0,,,,,,,,,,,,,,,,,,,,,,,,,,,,,,,,,,,,,,,,,,,,,,,,generation failed; no canonical geometry,,
C009,LocalGreedy,proto_sw_1_1,compact,medium,1,100007,1,1,1,1,,,5,4,5,proto_sw_1_1__seed_3756345937__global_l1_flow_v3__density_medium,proto_sw_1_1__seed_3756345937__global_l1_flow_v3__density_medium__unit_candidates_v2,9c8988538a2e88176f181c004bc3331c2f19598b9e991ac1070120187f586365,proto_sw_1_1__seed_3756345937__global_l1_flow_v3__density_medium,proto_sw_1_1__seed_3756345937__global_l1_flow_v3__density_medium__unit_candidates_v2__global_unit_selection_sparse5e,0.053965600000083214,raw_cases/C009/methods/LocalGreedy,1,0,0,0,0,0,0.06032748671880861,0.027768053,0,0,0.0,0.9999999999999998,0,0.2631255623809226,0.1997801504031709,0,0,0.06032748671880861,0.4555243382138858,0.2552879373331511,5,4,5,1.4171504711224359,0.15746116345804842,0.06762390169782329,1.004741082,0.024779559576023392,0.6,0.4,0.6,0.0,0.4,0.411134807,0.2,0.2,0.2,0.2,0.0,0.2,0.0,0.0,0.12121212099999998,0.12121212200000003,0.27272727199999997,0.393939394,0.606060606,0.2,,0.4,1.0
C009,Ours,proto_sw_1_1,compact,medium,1,100007,1,1,1,1,,,5,2,5,proto_sw_1_1__seed_3756345937__global_l1_flow_v3__density_medium,proto_sw_1_1__seed_3756345937__global_l1_flow_v3__density_medium__unit_candidates_v2,9c8988538a2e88176f181c004bc3331c2f19598b9e991ac1070120187f586365,proto_sw_1_1__seed_3756345937__global_l1_flow_v3__density_medium,proto_sw_1_1__seed_3756345937__global_l1_flow_v3__density_medium__unit_candidates_v2__global_unit_selection_joint_h2b,0.05409480000162148,raw_cases/C009/methods/Ours,1,0,0,0,0,0,0.06032748671880861,0.027768053,0,0,0.0,0.9999999999999998,0,0.0018169644564929306,0.0008721854435207589,0,0,0.06032748671880861,0.4555243382138858,0.2552879373331511,5,2,5,1.211093873120864,0.1730134104458377,0.06009847194618918,1.004741082,0.02151292945906433,0.6,0.4,0.6,0.4,0.0,0.411134807,0.2,0.2,0.2,0.2,0.0,0.2,0.0,0.0,0.12121212099999998,0.12121212200000003,0.27272727199999997,0.393939394,0.606060606,0.2,,0.4,1.0
C010,IndependentCurve,proto_sw_1_1,compact,medium,2,100025,1,1,0,0,,,5,0,5,proto_sw_1_1__seed_3401931970__global_l1_flow_v3__density_medium,,,proto_sw_1_1__seed_3401931970__global_l1_flow_v3__density_medium__baseline_independentcurve,proto_sw_1_1__seed_3401931970__global_l1_flow_v3__density_medium__baseline_independentcurve__selection,0.04319509999913862,raw_cases/C010/methods/IndependentCurve,1,0,0,0,0,0,0.03711102213996238,0.027768053,0,0,0.0,1.0000000000000004,0,0.0,0.0,0,0,0.03711102213996238,1.1100025282851385,0.47882246016322766,5,0,5,1.319623016106532,0.2639246032213064,0.0789646971269405,0.354713328,0.017321134868421052,1.0,0.0,1.0,0.0,0.0,0.555300905,0.4,0.2,0.0,0.4,0.0,0.0,0.0,0.0,0.03030303000000001,0.03030303000000001,0.272727273,0.636363637,0.363636363,0.4,,0.0,1.0
C010,FixedSlot,proto_sw_1_1,compact,medium,2,100025,0,0,1,0,GlobalL1FlowError,global candidate pool has no complete compatible assignment,,,,,,,,,0.145517100001598,,0,,,,,,,,,,,,,,,,,,,,,,,,,,,,,,,,,,,,,,,,,,,,,,,,generation failed; no canonical geometry,,
C010,LocalGreedy,proto_sw_1_1,compact,medium,2,100025,1,1,1,1,,,5,4,5,proto_sw_1_1__seed_3401931970__global_l1_flow_v3__density_medium,proto_sw_1_1__seed_3401931970__global_l1_flow_v3__density_medium__unit_candidates_v2,bf3370f0e19ada8ac3d75ebb36a04af3375cba07e847e0a4c20da1f52a798f0f,proto_sw_1_1__seed_3401931970__global_l1_flow_v3__density_medium,proto_sw_1_1__seed_3401931970__global_l1_flow_v3__density_medium__unit_candidates_v2__global_unit_selection_sparse5e,0.04877750000014203,raw_cases/C010/methods/LocalGreedy,1,0,0,0,0,0,0.02845327962953569,0.027768053,0,0,0.0,1.0000000000000004,0,0.4274302678661717,0.3110222617379876,0,0,0.05328784178307186,0.23560103867860727,0.12774450879471597,5,4,5,1.6507744391681365,0.18341938212979295,0.07288592521725244,1.108165971,0.02850877192982456,0.4,0.6,0.6,0.0,0.4,0.555300905,0.0,0.4,0.2,0.2,0.0,0.2,0.0,0.0,0.090909091,0.121212122,0.30303030299999995,0.393939394,0.606060606,0.4,,0.4,1.0
C010,Ours,proto_sw_1_1,compact,medium,2,100025,1,1,1,1,,,5,2,5,proto_sw_1_1__seed_3401931970__global_l1_flow_v3__density_medium,proto_sw_1_1__seed_3401931970__global_l1_flow_v3__density_medium__unit_candidates_v2,bf3370f0e19ada8ac3d75ebb36a04af3375cba07e847e0a4c20da1f52a798f0f,proto_sw_1_1__seed_3401931970__global_l1_flow_v3__density_medium,proto_sw_1_1__seed_3401931970__global_l1_flow_v3__density_medium__unit_candidates_v2__global_unit_selection_joint_h2b,0.04754330000287155,raw_cases/C010/methods/Ours,1,0,0,0,0,0,0.05329910184235498,0.027768053,0,0,0.0,1.0000000000000004,0,0.005151856479718174,0.0031018893141194644,0,0,0.05328784178307186,0.23560103867860727,0.12774450879471597,5,2,5,1.5045533855846256,0.2149361979406608,0.08600164819438731,1.108165971,0.02631578947368421,0.4,0.6,0.6,0.4,0.0,0.555300905,0.0,0.4,0.2,0.2,0.0,0.2,0.0,0.0,0.090909091,0.121212122,0.30303030299999995,0.393939394,0.606060606,0.4,,0.4,1.0
C011,IndependentCurve,proto_sw_1_1,compact,rich,1,100005,1,1,0,0,,,6,0,6,proto_sw_1_1__seed_1160715944__global_l1_flow_v3__density_rich,,,proto_sw_1_1__seed_1160715944__global_l1_flow_v3__density_rich__baseline_independentcurve,proto_sw_1_1__seed_1160715944__global_l1_flow_v3__density_rich__baseline_independentcurve__selection,0.039250300000276184,raw_cases/C011/methods/IndependentCurve,1,0,2,0,0,0,0.0,0.027768053,1,0,0.0,1.0000000000000002,0,0.0,0.0,2,0,0.0,3.6043286112485027,0.668738008554044,6,0,6,1.6097434893238294,0.26829058155397156,0.06783982291663367,0.885715924,0.024619654605263157,0.5,0.5,1.0,0.0,0.0,0.774568105,0.16666666666666666,0.0,0.5,0.16666666666666666,0.0,0.0,0.0,0.16666666666666666,0.03030303025,0.09090909149999998,0.19696969699999997,0.5454545450000001,0.4545454549999999,0.5,,0.0,0.0
C011,FixedSlot,proto_sw_1_1,compact,rich,1,100005,0,0,1,0,GlobalL1FlowError,global candidate pool has no complete compatible assignment,,,,,,,,,0.1826783999968029,,0,,,,,,,,,,,,,,,,,,,,,,,,,,,,,,,,,,,,,,,,,,,,,,,,generation failed; no canonical geometry,,
C011,LocalGreedy,proto_sw_1_1,compact,rich,1,100005,1,1,1,1,,,6,2,6,proto_sw_1_1__seed_1160715944__global_l1_flow_v3__density_rich,proto_sw_1_1__seed_1160715944__global_l1_flow_v3__density_rich__unit_candidates_v2,b07f6cdc951b63e29149d0c4b189166519ff09dbc9980054d98c81a20525c424,proto_sw_1_1__seed_1160715944__global_l1_flow_v3__density_rich,proto_sw_1_1__seed_1160715944__global_l1_flow_v3__density_rich__unit_candidates_v2__global_unit_selection_sparse5e,0.051282199998240685,raw_cases/C011/methods/LocalGreedy,1,0,0,0,0,0,0.03582121118648592,0.027768053,0,0,0.0,1.0000000000000002,0,0.04419146961504346,0.042085726520882966,0,0,0.0358671170269131,0.21987721360316018,0.1159857108887516,6,2,6,1.418837126901622,0.17735464086270278,0.05680782453307252,1.032426275,0.022249634502923978,0.5,0.5,0.8333333333333334,0.0,0.16666666666666666,0.774568105,0.16666666666666666,0.16666666666666666,0.16666666666666666,0.16666666666666666,0.0,0.16666666666666666,0.0,0.16666666666666666,0.12121212099999998,0.1363636365,0.196969697,0.30303030300000006,0.6969696969999999,0.16666666666666666,,0.16666666666666663,1.0
C011,Ours,proto_sw_1_1,compact,rich,1,100005,1,1,1,1,,,6,1,6,proto_sw_1_1__seed_1160715944__global_l1_flow_v3__density_rich,proto_sw_1_1__seed_1160715944__global_l1_flow_v3__density_rich__unit_candidates_v2,b07f6cdc951b63e29149d0c4b189166519ff09dbc9980054d98c81a20525c424,proto_sw_1_1__seed_1160715944__global_l1_flow_v3__density_rich,proto_sw_1_1__seed_1160715944__global_l1_flow_v3__density_rich__unit_candidates_v2__global_unit_selection_joint_h2b,0.050871099996584235,raw_cases/C011/methods/Ours,1,0,0,0,0,0,0.03582121118648592,0.027768053,0,0,0.0,1.0000000000000002,0,0.00104386949884372,0.0007698283312464995,0,0,0.0358671170269131,0.21987721360316018,0.1159857108887516,6,1,6,1.4315910987069662,0.20451301410099518,0.06954833536426196,1.032426275,0.0206734283625731,0.5,0.5,0.8333333333333334,0.16666666666666666,0.0,0.774568105,0.16666666666666666,0.16666666666666666,0.16666666666666666,0.16666666666666666,0.0,0.16666666666666666,0.0,0.16666666666666666,0.12121212099999998,0.1363636365,0.196969697,0.30303030300000006,0.6969696969999999,0.16666666666666666,,0.16666666666666663,1.0
C012,IndependentCurve,proto_sw_1_1,compact,rich,2,100014,1,1,0,0,,,6,0,6,proto_sw_1_1__seed_3322687601__global_l1_flow_v3__density_rich,,,proto_sw_1_1__seed_3322687601__global_l1_flow_v3__density_rich__baseline_independentcurve,proto_sw_1_1__seed_3322687601__global_l1_flow_v3__density_rich__baseline_independentcurve__selection,0.042540600003121654,raw_cases/C012/methods/IndependentCurve,1,0,4,0,0,0,0.0,0.027768053,1,0,0.0,0.9999999999999999,0,0.0,0.0,4,0,0.0,3.7206759603142743,0.938797463246987,6,0,6,1.6133551894420877,0.26889253157368126,0.07268783256123852,0.279281155,0.01672720211988304,0.0,1.0,1.0,0.0,0.0,0.789807185,0.0,0.3333333333333333,0.6666666666666666,0.0,0.0,0.0,0.0,0.0,0.007575757500000002,0.04545454500000001,0.08333333324999997,0.818181819,0.18181818100000002,0.6666666666666666,,0.0,0.0
C012,FixedSlot,proto_sw_1_1,compact,rich,2,100014,0,0,1,0,GlobalL1FlowError,global candidate pool has no complete compatible assignment,,,,,,,,,0.3200362999996287,,0,,,,,,,,,,,,,,,,,,,,,,,,,,,,,,,,,,,,,,,,,,,,,,,,generation failed; no canonical geometry,,
C012,LocalGreedy,proto_sw_1_1,compact,rich,2,100014,1,1,1,1,,,6,4,6,proto_sw_1_1__seed_3322687601__global_l1_flow_v3__density_rich,proto_sw_1_1__seed_3322687601__global_l1_flow_v3__density_rich__unit_candidates_v2,a9b7eefdeba378fc39fe96936fb2dbd573423da4dc6ba89272df0b5b453757b3,proto_sw_1_1__seed_3322687601__global_l1_flow_v3__density_rich,proto_sw_1_1__seed_3322687601__global_l1_flow_v3__density_rich__unit_candidates_v2__global_unit_selection_sparse5e,0.057335500001499895,raw_cases/C012/methods/LocalGreedy,1,0,0,0,0,0,0.05116224793693552,0.027768053,0,0,0.0,0.9999999999999999,0,0.08198481528081887,0.040947871529533476,0,0,0.0511944205709281,0.5328707872009306,0.1265094226769807,6,4,6,2.1148055992061923,0.21148055992061923,0.07469435075687761,1.0700383409999998,0.03271198830409357,0.5,0.5,0.6666666666666666,0.0,0.3333333333333333,0.789807185,0.16666666666666666,0.16666666666666666,0.3333333333333333,0.0,0.0,0.16666666666666666,0.0,0.16666666666666666,0.09090909099999997,0.106060606,0.2121212125,0.36363636400000005,0.636363636,0.3333333333333333,,0.33333333333333337,1.0
C012,Ours,proto_sw_1_1,compact,rich,2,100014,1,1,1,1,,,6,2,6,proto_sw_1_1__seed_3322687601__global_l1_flow_v3__density_rich,proto_sw_1_1__seed_3322687601__global_l1_flow_v3__density_rich__unit_candidates_v2,a9b7eefdeba378fc39fe96936fb2dbd573423da4dc6ba89272df0b5b453757b3,proto_sw_1_1__seed_3322687601__global_l1_flow_v3__density_rich,proto_sw_1_1__seed_3322687601__global_l1_flow_v3__density_rich__unit_candidates_v2__global_unit_selection_joint_h2b,0.05140389999723993,raw_cases/C012/methods/Ours,1,0,0,0,0,0,0.05116224793693552,0.027768053,0,0,0.0,0.9999999999999999,0,0.015223938932455756,0.006855479782321487,0,0,0.0511944205709281,0.5328707872009306,0.1265094226769807,6,2,6,1.7574598621440478,0.21968248276800598,0.062320496185562145,1.0700383409999998,0.02906843932748538,0.5,0.5,0.6666666666666666,0.3333333333333333,0.0,0.789807185,0.16666666666666666,0.16666666666666666,0.3333333333333333,0.0,0.0,0.16666666666666666,0.0,0.16666666666666666,0.09090909099999997,0.106060606,0.2121212125,0.36363636400000005,0.636363636,0.3333333333333333,,0.33333333333333337,1.0
C013,IndependentCurve,proto_sw_1_1,swept,simple,1,100003,1,1,0,0,,,4,0,4,proto_sw_1_1__seed_1964058663__global_l1_flow_v3__density_simple,,,proto_sw_1_1__seed_1964058663__global_l1_flow_v3__density_simple__baseline_independentcurve,proto_sw_1_1__seed_1964058663__global_l1_flow_v3__density_simple__baseline_independentcurve__selection,0.046334499998920364,raw_cases/C013/methods/IndependentCurve,1,0,0,0,0,0,0.04124786711893811,0.027768053,0,0,0.0,0.9999999999999999,0,0.0,0.0,0,0,0.04124786711893811,0.7772447636067735,0.6598835368262584,4,0,4,1.0472728297700415,0.2618182074425104,0.08703615559955862,0.871649043,0.013591922514619883,0.75,0.25,1.0,0.0,0.0,0.24243442,0.25,0.0,0.0,0.5,0.0,0.0,0.0,0.25,0.14393939425,0.227272727,0.33333333275,0.515151515,0.484848485,0.5,,0.0,1.0
C013,FixedSlot,proto_sw_1_1,swept,simple,1,100003,0,0,1,0,MatrixCError,FixedSlot slot ordinary_1 has no feasible candidates,,,,,,,,,0.02911590000076103,,0,,,,,,,,,,,,,,,,,,,,,,,,,,,,,,,,,,,,,,,,,,,,,,,,generation failed; no canonical geometry,,
C013,LocalGreedy,proto_sw_1_1,swept,simple,1,100003,1,1,1,1,,,4,2,4,proto_sw_1_1__seed_1964058663__global_l1_flow_v3__density_simple,proto_sw_1_1__seed_1964058663__global_l1_flow_v3__density_simple__unit_candidates_v2,6d260be9f42228d8cf8d9b40f2c942529f0406a80732513b6ed04532999d95fc,proto_sw_1_1__seed_1964058663__global_l1_flow_v3__density_simple,proto_sw_1_1__seed_1964058663__global_l1_flow_v3__density_simple__unit_candidates_v2__global_unit_selection_sparse5e,0.046389899998757755,raw_cases/C013/methods/LocalGreedy,1,0,0,0,0,0,0.11922035008233452,0.027768053,0,0,0.0,0.9999999999999999,0,0.013517504090637063,0.01257047733035494,0,0,0.1435492774523347,0.22156324625590695,0.14068152531695274,4,2,4,1.0184814905049975,0.16974691508416626,0.06644680577367691,0.835367295,0.012672468932748537,0.5,0.5,0.75,0.0,0.25,0.24243442,0.25,0.0,0.25,0.25,0.0,0.0,0.0,0.25,0.15909090925,0.196969697,0.28787878775,0.515151515,0.484848485,0.25,,0.25,1.0
C013,Ours,proto_sw_1_1,swept,simple,1,100003,1,1,1,1,,,4,1,4,proto_sw_1_1__seed_1964058663__global_l1_flow_v3__density_simple,proto_sw_1_1__seed_1964058663__global_l1_flow_v3__density_simple__unit_candidates_v2,6d260be9f42228d8cf8d9b40f2c942529f0406a80732513b6ed04532999d95fc,proto_sw_1_1__seed_1964058663__global_l1_flow_v3__density_simple,proto_sw_1_1__seed_1964058663__global_l1_flow_v3__density_simple__unit_candidates_v2__global_unit_selection_joint_h2b,0.04431109999859473,raw_cases/C013/methods/Ours,1,0,0,0,0,0,0.14334965008331177,0.027768053,0,0,0.0,0.9999999999999999,0,1.1052650844206417e-05,5.736543543061237e-06,0,0,0.1435492774523347,0.22156324625590695,0.14068152531695274,4,1,4,1.0212995048985611,0.20425990097971222,0.08728046675388686,0.835367295,0.011101973684210526,0.5,0.5,0.75,0.25,0.0,0.24243442,0.25,0.0,0.25,0.25,0.0,0.0,0.0,0.25,0.15909090925,0.196969697,0.28787878775,0.515151515,0.484848485,0.25,,0.25,1.0
C014,IndependentCurve,proto_sw_1_1,swept,simple,2,100012,1,1,0,0,,,4,0,4,proto_sw_1_1__seed_608345505__global_l1_flow_v3__density_simple,,,proto_sw_1_1__seed_608345505__global_l1_flow_v3__density_simple__baseline_independentcurve,proto_sw_1_1__seed_608345505__global_l1_flow_v3__density_simple__baseline_independentcurve__selection,0.04960369999753311,raw_cases/C014/methods/IndependentCurve,1,0,0,0,0,0,0.0,0.027768053,1,0,0.0,1.0,0,0.0,0.0,0,0,0.0,1.208365846768649,0.9597169964994444,4,0,4,1.0466624594353848,0.2616656148588462,0.06843317880362973,0.251729344,0.014328627558479532,0.0,1.0,1.0,0.0,0.0,0.204504973,0.0,0.75,0.25,0.0,0.0,0.0,0.0,0.0,0.022727272499999986,0.07575757550000001,0.303030303,0.848484849,0.15151515100000001,0.75,,0.0,0.0
C014,FixedSlot,proto_sw_1_1,swept,simple,2,100012,0,0,1,0,MatrixCError,FixedSlot slot ordinary_1 has no feasible candidates,,,,,,,,,0.019424099999014288,,0,,,,,,,,,,,,,,,,,,,,,,,,,,,,,,,,,,,,,,,,,,,,,,,,generation failed; no canonical geometry,,
C014,LocalGreedy,proto_sw_1_1,swept,simple,2,100012,1,1,1,1,,,4,2,4,proto_sw_1_1__seed_608345505__global_l1_flow_v3__density_simple,proto_sw_1_1__seed_608345505__global_l1_flow_v3__density_simple__unit_candidates_v2,fa4f50f45d151ee1367105fca6378942828a5d68172ae96822ae850bc5b3655f,proto_sw_1_1__seed_608345505__global_l1_flow_v3__density_simple,proto_sw_1_1__seed_608345505__global_l1_flow_v3__density_simple__unit_candidates_v2__global_unit_selection_sparse5e,0.04433159999825875,raw_cases/C014/methods/LocalGreedy,1,0,0,0,0,0,0.15345303206049216,0.027768053,0,0,0.0,1.0,0,0.003113271466966273,0.0018754138745654123,0,0,0.15345303206049216,0.19725585349575556,0.07874915612645357,4,2,4,1.1721264694335216,0.1953544115722536,0.06970343974478634,0.9405497280000001,0.01752672697368421,0.5,0.5,0.75,0.0,0.25,0.204504973,0.25,0.25,0.25,0.0,0.0,0.25,0.0,0.0,0.11363636350000002,0.2424242425,0.37878787899999994,0.424242424,0.575757576,0.25,,0.25,1.0
C014,Ours,proto_sw_1_1,swept,simple,2,100012,1,1,1,1,,,4,1,4,proto_sw_1_1__seed_608345505__global_l1_flow_v3__density_simple,proto_sw_1_1__seed_608345505__global_l1_flow_v3__density_simple__unit_candidates_v2,fa4f50f45d151ee1367105fca6378942828a5d68172ae96822ae850bc5b3655f,proto_sw_1_1__seed_608345505__global_l1_flow_v3__density_simple,proto_sw_1_1__seed_608345505__global_l1_flow_v3__density_simple__unit_candidates_v2__global_unit_selection_joint_h2b,0.04508990000249469,raw_cases/C014/methods/Ours,1,0,0,0,0,0,0.15345303206049216,0.027768053,0,0,0.0,1.0,0,3.1256816210709535e-05,2.9585275295034025e-05,0,0,0.15345303206049216,0.19725585349575556,0.07874915612645357,4,1,4,1.0303854836073019,0.20607709672146038,0.07406153774891815,0.9405497280000001,0.015310900950292397,0.5,0.5,0.75,0.25,0.0,0.204504973,0.25,0.25,0.25,0.0,0.0,0.25,0.0,0.0,0.11363636350000002,0.2424242425,0.37878787899999994,0.424242424,0.575757576,0.25,,0.25,1.0
C015,IndependentCurve,proto_sw_1_1,swept,medium,1,100004,1,1,0,0,,,6,0,6,proto_sw_1_1__seed_3906224916__global_l1_flow_v3__density_medium,,,proto_sw_1_1__seed_3906224916__global_l1_flow_v3__density_medium__baseline_independentcurve,proto_sw_1_1__seed_3906224916__global_l1_flow_v3__density_medium__baseline_independentcurve__selection,0.04519530000106897,raw_cases/C015/methods/IndependentCurve,1,0,1,0,0,0,0.0,0.027768053,1,0,0.0,0.9999999999999999,0,0.0,0.0,1,0,0.0,2.145624668325749,0.7265624754095281,6,0,6,1.5854341338666504,0.2642390223111084,0.08687570454730659,1.022144412,0.022872121710526317,0.6666666666666666,0.3333333333333333,1.0,0.0,0.0,0.573892169,0.0,0.0,0.3333333333333333,0.16666666666666666,0.0,0.0,0.3333333333333333,0.16666666666666666,0.03030303025,0.0454545455,0.333333333,0.454545455,0.545454545,0.3333333333333333,,0.0,0.0
C015,FixedSlot,proto_sw_1_1,swept,medium,1,100004,1,1,1,1,,,6,2,6,proto_sw_1_1__seed_3906224916__global_l1_flow_v3__density_medium,,,proto_sw_1_1__seed_3906224916__global_l1_flow_v3__density_medium__baseline_fixedslot,proto_sw_1_1__seed_3906224916__global_l1_flow_v3__density_medium__baseline_fixedslot__unit_candidates_v2__global_unit_selection_joint_h2b,5.029390899999271,raw_cases/C015/methods/FixedSlot,1,0,0,0,0,0,0.057598268310506365,0.027768053,0,0,0.0,0.9999999999999999,0,0.041488852192552286,0.012133854883061295,0,0,0.057738891127309025,1.1606101707629257,0.44443354234899407,6,2,6,2.2641213407069274,0.2830151675883659,0.11330979925994114,1.013652757,0.03070175438596491,0.5,0.5,0.6666666666666666,0.3333333333333333,0.0,0.573892169,0.16666666666666666,0.16666666666666666,0.3333333333333333,0.0,0.0,0.16666666666666666,0.0,0.16666666666666666,0.1030506355,0.15633415849999996,0.22277269425000001,0.303998349,0.696001651,0.3333333333333333,,0.33333333333333337,1.0
C015,LocalGreedy,proto_sw_1_1,swept,medium,1,100004,1,1,1,1,,,6,4,6,proto_sw_1_1__seed_3906224916__global_l1_flow_v3__density_medium,proto_sw_1_1__seed_3906224916__global_l1_flow_v3__density_medium__unit_candidates_v2,9cc0d97288985da79051c73f2b42b331805da012133d1035f98fcf297732b0ba,proto_sw_1_1__seed_3906224916__global_l1_flow_v3__density_medium,proto_sw_1_1__seed_3906224916__global_l1_flow_v3__density_medium__unit_candidates_v2__global_unit_selection_sparse5e,0.05300650000208407,raw_cases/C015/methods/LocalGreedy,1,0,0,0,0,0,0.11466219524188145,0.027768053,0,0,0.0,0.9999999999999999,0,0.2824050911412564,0.13426965604843302,0,0,0.15972336865894546,0.13678010880926975,0.08147022004796789,6,4,6,1.7071175848024414,0.17071175848024414,0.08267025414977211,0.978850071,0.026755528143274854,0.5,0.5,0.6666666666666666,0.0,0.3333333333333333,0.573892169,0.16666666666666666,0.16666666666666666,0.3333333333333333,0.0,0.0,0.16666666666666666,0.0,0.16666666666666666,0.0984848485,0.15151515149999997,0.2045454545,0.303030303,0.696969697,0.3333333333333333,,0.33333333333333337,1.0
C015,Ours,proto_sw_1_1,swept,medium,1,100004,1,1,1,1,,,6,2,6,proto_sw_1_1__seed_3906224916__global_l1_flow_v3__density_medium,proto_sw_1_1__seed_3906224916__global_l1_flow_v3__density_medium__unit_candidates_v2,9cc0d97288985da79051c73f2b42b331805da012133d1035f98fcf297732b0ba,proto_sw_1_1__seed_3906224916__global_l1_flow_v3__density_medium,proto_sw_1_1__seed_3906224916__global_l1_flow_v3__density_medium__unit_candidates_v2__global_unit_selection_joint_h2b,0.05219629999919562,raw_cases/C015/methods/Ours,1,0,0,0,0,0,0.1597232823382424,0.027768053,0,0,0.0,0.9999999999999999,0,0.009090253088562367,0.0037626009284153195,0,0,0.15972336865894546,0.13678010880926975,0.08147022004796789,6,2,6,1.4132805281171543,0.1766600660146443,0.0759347151475616,0.978850071,0.02203833150584795,0.5,0.5,0.6666666666666666,0.3333333333333333,0.0,0.573892169,0.16666666666666666,0.16666666666666666,0.3333333333333333,0.0,0.0,0.16666666666666666,0.0,0.16666666666666666,0.0984848485,0.15151515149999997,0.2045454545,0.303030303,0.696969697,0.3333333333333333,,0.33333333333333337,1.0
C016,IndependentCurve,proto_sw_1_1,swept,medium,2,100015,1,1,0,0,,,5,0,5,proto_sw_1_1__seed_1105195513__global_l1_flow_v3__density_medium,,,proto_sw_1_1__seed_1105195513__global_l1_flow_v3__density_medium__baseline_independentcurve,proto_sw_1_1__seed_1105195513__global_l1_flow_v3__density_medium__baseline_independentcurve__selection,0.04513030000089202,raw_cases/C016/methods/IndependentCurve,1,0,0,0,0,0,0.0018887976835775685,0.027768053,1,0,0.0,1.0,0,0.0,0.0,0,0,0.0018887976835775685,0.8471876414558784,0.3536169621195168,5,0,5,1.3305975229532114,0.26611950459064226,0.08181321063633731,0.927589525,0.023277595029239765,0.8,0.2,1.0,0.0,0.0,0.386773425,0.0,0.2,0.4,0.2,0.0,0.2,0.0,0.0,0.06060606099999999,0.09090909000000003,0.24242424299999998,0.575757575,0.424242425,0.4,,0.0,0.0
C016,FixedSlot,proto_sw_1_1,swept,medium,2,100015,0,0,1,0,GlobalL1FlowError,global candidate pool has no complete compatible assignment,,,,,,,,,0.1540329000017664,,0,,,,,,,,,,,,,,,,,,,,,,,,,,,,,,,,,,,,,,,,,,,,,,,,generation failed; no canonical geometry,,
C016,LocalGreedy,proto_sw_1_1,swept,medium,2,100015,1,1,1,1,,,5,4,5,proto_sw_1_1__seed_1105195513__global_l1_flow_v3__density_medium,proto_sw_1_1__seed_1105195513__global_l1_flow_v3__density_medium__unit_candidates_v2,2dce7977a1f891538f2dd021765e84901350cb5184357f8e1891da38b388b29d,proto_sw_1_1__seed_1105195513__global_l1_flow_v3__density_medium,proto_sw_1_1__seed_1105195513__global_l1_flow_v3__density_medium__unit_candidates_v2__global_unit_selection_sparse5e,0.058032100001582876,raw_cases/C016/methods/LocalGreedy,1,0,0,0,0,0,0.12700735973740107,0.027768053,0,0,0.0,1.0,0,0.008172378670012673,0.006088384979880961,0,0,0.1270096160959057,0.3059429525543653,0.13133728774024245,5,4,5,1.4201309829051048,0.15779233143390053,0.060788322389870975,0.9741033469999999,0.01963404605263158,0.6,0.4,0.6,0.0,0.4,0.386773425,0.2,0.2,0.4,0.0,0.0,0.2,0.0,0.0,0.090909091,0.090909091,0.363636364,0.363636364,0.636363636,0.4,,0.4,1.0
C016,Ours,proto_sw_1_1,swept,medium,2,100015,1,1,1,1,,,5,2,5,proto_sw_1_1__seed_1105195513__global_l1_flow_v3__density_medium,proto_sw_1_1__seed_1105195513__global_l1_flow_v3__density_medium__unit_candidates_v2,2dce7977a1f891538f2dd021765e84901350cb5184357f8e1891da38b388b29d,proto_sw_1_1__seed_1105195513__global_l1_flow_v3__density_medium,proto_sw_1_1__seed_1105195513__global_l1_flow_v3__density_medium__unit_candidates_v2__global_unit_selection_joint_h2b,0.04899920000025304,raw_cases/C016/methods/Ours,1,0,0,0,0,0,0.08237001136542543,0.027768053,0,0,0.0,1.0,0,0.0025268569297332644,0.0015716631860164384,0,0,0.1270096160959057,0.3059429525543653,0.13133728774024245,5,2,5,1.2250432426395845,0.17500617751994066,0.07376962951932672,0.9741033469999999,0.017995020102339183,0.6,0.4,0.6,0.4,0.0,0.386773425,0.2,0.2,0.4,0.0,0.0,0.2,0.0,0.0,0.090909091,0.090909091,0.363636364,0.363636364,0.636363636,0.4,,0.4,1.0
C017,IndependentCurve,proto_sw_1_1,swept,rich,1,100001,1,1,0,0,,,6,0,6,proto_sw_1_1__seed_302128940__global_l1_flow_v3__density_rich,,,proto_sw_1_1__seed_302128940__global_l1_flow_v3__density_rich__baseline_independentcurve,proto_sw_1_1__seed_302128940__global_l1_flow_v3__density_rich__baseline_independentcurve__selection,0.043414100000518374,raw_cases/C017/methods/IndependentCurve,1,0,0,0,0,0,0.0263641042486932,0.027768053,1,0,0.0,1.0,0,0.0,0.0,0,0,0.0263641042486932,2.1885489740616784,0.9101100675893937,6,0,6,1.590677965301416,0.26511299421690265,0.07939604747260405,0.42354844,0.020924707602339183,0.16666666666666666,0.8333333333333334,1.0,0.0,0.0,0.678589418,0.0,0.5,0.3333333333333333,0.16666666666666666,0.0,0.0,0.0,0.0,0.03030303025,0.0454545455,0.10606060575000001,0.727272728,0.272727272,0.5,,0.0,0.0
C017,FixedSlot,proto_sw_1_1,swept,rich,1,100001,0,0,1,0,GlobalL1FlowError,global candidate pool has no complete compatible assignment,,,,,,,,,0.19714340000064112,,0,,,,,,,,,,,,,,,,,,,,,,,,,,,,,,,,,,,,,,,,,,,,,,,,generation failed; no canonical geometry,,
C017,LocalGreedy,proto_sw_1_1,swept,rich,1,100001,1,1,1,1,,,6,2,6,proto_sw_1_1__seed_302128940__global_l1_flow_v3__density_rich,proto_sw_1_1__seed_302128940__global_l1_flow_v3__density_rich__unit_candidates_v2,085da7808c8c526fcd46bbc70893acbddfed2833283ec326aea694ab5b65bff7,proto_sw_1_1__seed_302128940__global_l1_flow_v3__density_rich,proto_sw_1_1__seed_302128940__global_l1_flow_v3__density_rich__unit_candidates_v2__global_unit_selection_sparse5e,0.050357799998892006,raw_cases/C017/methods/LocalGreedy,1,0,0,0,0,0,0.06602039393802565,0.027768053,0,0,0.0,1.0,0,0.1486201485565997,0.07588600954348744,0,0,0.08671605254471018,0.0801933242291254,0.024718719259580118,6,2,6,1.5682841336491582,0.19603551670614475,0.05693370277068428,0.9727977590000001,0.022341008771929825,0.5,0.5,0.8333333333333334,0.0,0.16666666666666666,0.678589418,0.16666666666666666,0.16666666666666666,0.16666666666666666,0.16666666666666666,0.0,0.16666666666666666,0.0,0.16666666666666666,0.121212121,0.13636363599999995,0.19696969750000004,0.30303030299999995,0.6969696970000001,0.16666666666666666,,0.16666666666666663,1.0
C017,Ours,proto_sw_1_1,swept,rich,1,100001,1,1,1,1,,,6,1,6,proto_sw_1_1__seed_302128940__global_l1_flow_v3__density_rich,proto_sw_1_1__seed_302128940__global_l1_flow_v3__density_rich__unit_candidates_v2,085da7808c8c526fcd46bbc70893acbddfed2833283ec326aea694ab5b65bff7,proto_sw_1_1__seed_302128940__global_l1_flow_v3__density_rich,proto_sw_1_1__seed_302128940__global_l1_flow_v3__density_rich__unit_candidates_v2__global_unit_selection_joint_h2b,0.04676660000041011,raw_cases/C017/methods/Ours,1,0,0,0,0,0,0.08668260723321508,0.027768053,0,0,0.0,1.0,0,0.009239962482759075,0.007010585299473248,0,0,0.08671605254471018,0.0801933242291254,0.024718719259580118,6,1,6,1.4339126886348526,0.20484466980497892,0.07117903056073012,0.9727977590000001,0.020199424342105265,0.5,0.5,0.8333333333333334,0.16666666666666666,0.0,0.678589418,0.16666666666666666,0.16666666666666666,0.16666666666666666,0.16666666666666666,0.0,0.16666666666666666,0.0,0.16666666666666666,0.121212121,0.13636363599999995,0.19696969750000004,0.30303030299999995,0.6969696970000001,0.16666666666666666,,0.16666666666666663,1.0
C018,IndependentCurve,proto_sw_1_1,swept,rich,2,100002,1,1,0,0,,,6,0,6,proto_sw_1_1__seed_1978891010__global_l1_flow_v3__density_rich,,,proto_sw_1_1__seed_1978891010__global_l1_flow_v3__density_rich__baseline_independentcurve,proto_sw_1_1__seed_1978891010__global_l1_flow_v3__density_rich__baseline_independentcurve__selection,0.04669929999727174,raw_cases/C018/methods/IndependentCurve,1,0,3,0,0,0,0.0,0.027768053,1,0,0.0,1.0000000000000002,0,0.0,0.0,3,0,0.0,1.1262636519525666,0.506211235716092,6,0,6,1.60799210222187,0.267998683703645,0.08413909969224372,0.965007911,0.016784311038011698,0.5,0.5,1.0,0.0,0.0,0.693560276,0.16666666666666666,0.5,0.16666666666666666,0.0,0.0,0.0,0.0,0.16666666666666666,0.03787878850000001,0.07575757600000002,0.136363636,0.636363636,0.363636364,0.5,,0.0,0.0
C018,FixedSlot,proto_sw_1_1,swept,rich,2,100002,0,0,1,0,GlobalL1FlowError,global candidate pool has no complete compatible assignment,,,,,,,,,0.17529540000032284,,0,,,,,,,,,,,,,,,,,,,,,,,,,,,,,,,,,,,,,,,,,,,,,,,,generation failed; no canonical geometry,,
C018,LocalGreedy,proto_sw_1_1,swept,rich,2,100002,1,1,1,1,,,6,4,6,proto_sw_1_1__seed_1978891010__global_l1_flow_v3__density_rich,proto_sw_1_1__seed_1978891010__global_l1_flow_v3__density_rich__unit_candidates_v2,23ae16e4d1624fcae38fa3d417d86d5cf3683ede65827cfca28118965ec52e4b,proto_sw_1_1__seed_1978891010__global_l1_flow_v3__density_rich,proto_sw_1_1__seed_1978891010__global_l1_flow_v3__density_rich__unit_candidates_v2__global_unit_selection_sparse5e,0.045417599998472724,raw_cases/C018/methods/LocalGreedy,1,0,0,0,0,0,0.07518283312779514,0.027768053,0,0,0.0,1.0000000000000002,0,0.21214055563814554,0.1448287036731665,0,0,0.1637120671201161,0.3096442730048046,0.12883405675933327,6,4,6,1.708713468544121,0.1708713468544121,0.07881323119077589,1.0459807570000001,0.02286641081871345,0.5,0.5,0.6666666666666666,0.0,0.3333333333333333,0.693560276,0.16666666666666666,0.16666666666666666,0.16666666666666666,0.16666666666666666,0.0,0.16666666666666666,0.0,0.16666666666666666,0.0984848485,0.15151515149999997,0.227272727,0.272727273,0.727272727,0.16666666666666666,,0.33333333333333337,1.0
C018,Ours,proto_sw_1_1,swept,rich,2,100002,1,1,1,1,,,6,2,6,proto_sw_1_1__seed_1978891010__global_l1_flow_v3__density_rich,proto_sw_1_1__seed_1978891010__global_l1_flow_v3__density_rich__unit_candidates_v2,23ae16e4d1624fcae38fa3d417d86d5cf3683ede65827cfca28118965ec52e4b,proto_sw_1_1__seed_1978891010__global_l1_flow_v3__density_rich,proto_sw_1_1__seed_1978891010__global_l1_flow_v3__density_rich__unit_candidates_v2__global_unit_selection_joint_h2b,0.05559200000061537,raw_cases/C018/methods/Ours,1,0,0,0,0,0,0.1637120671201161,0.027768053,0,0,0.0,1.0000000000000002,0,0.010713360062058289,0.009524291757246737,0,0,0.1637120671201161,0.3096442730048046,0.12883405675933327,6,2,6,1.5716708014659695,0.19645885018324616,0.09066801632499094,1.037286755,0.020941840277777776,0.5,0.5,0.6666666666666666,0.3333333333333333,0.0,0.693560276,0.16666666666666666,0.16666666666666666,0.16666666666666666,0.16666666666666666,0.0,0.16666666666666666,0.0,0.16666666666666666,0.0984848485,0.15151515149999997,0.227272727,0.272727273,0.727272727,0.16666666666666666,,0.33333333333333337,1.0
C019,IndependentCurve,proto_sw_1_3,expanded,simple,1,100001,1,1,0,0,,,4,0,4,proto_sw_1_3__seed_302128940__global_l1_flow_v3__density_simple,,,proto_sw_1_3__seed_302128940__global_l1_flow_v3__density_simple__baseline_independentcurve,proto_sw_1_3__seed_302128940__global_l1_flow_v3__density_simple__baseline_independentcurve__selection,0.04887550000057672,raw_cases/C019/methods/IndependentCurve,1,0,1,0,0,3,0.0,0.041459216,1,0,0.0,1.0000000000000002,0,0.0,0.0,1,1,0.0,0.570960742930826,0.34190499259736296,4,0,4,0.9304118845783247,0.23260297114458117,0.07160991261003359,0.32476872999999995,0.012603938230994151,0.75,0.25,1.0,0.0,0.0,0.111713104,0.25,0.0,0.0,0.0,0.0,0.0,0.25,0.5,0.060606060749999996,0.09090909149999998,0.28030303074999996,0.757575757,0.24242424299999998,0.5,,0.0,0.0
C019,FixedSlot,proto_sw_1_3,expanded,simple,1,100001,1,1,1,1,,,4,1,4,proto_sw_1_3__seed_302128940__global_l1_flow_v3__density_simple,,,proto_sw_1_3__seed_302128940__global_l1_flow_v3__density_simple__baseline_fixedslot,proto_sw_1_3__seed_302128940__global_l1_flow_v3__density_simple__baseline_fixedslot__unit_candidates_v2__global_unit_selection_joint_h2b,3.6924550000003364,raw_cases/C019/methods/FixedSlot,1,0,0,0,0,0,0.11528008357277184,0.041459216,0,0,0.0,1.0000000000000002,0,0.0032895044103725735,0.002450753557339552,0,0,0.1153569879675472,0.708339058394979,0.5509869657219867,4,1,4,1.6027661691019597,0.3205532338203919,0.19264525191171197,0.999988415,0.027920550073099414,0.75,0.25,0.75,0.25,0.0,0.111713104,0.25,0.0,0.25,0.0,0.0,0.0,0.5,0.0,0.15924070699999998,0.250237512,0.340996805,0.409516808,0.590483192,0.5,,0.25,1.0
C019,LocalGreedy,proto_sw_1_3,expanded,simple,1,100001,1,1,1,1,,,4,2,4,proto_sw_1_3__seed_302128940__global_l1_flow_v3__density_simple,proto_sw_1_3__seed_302128940__global_l1_flow_v3__density_simple__unit_candidates_v2,933f8e7e24e0878218bf01c9bd03640caf6d53d928fed007216c37c2019a8735,proto_sw_1_3__seed_302128940__global_l1_flow_v3__density_simple,proto_sw_1_3__seed_302128940__global_l1_flow_v3__density_simple__unit_candidates_v2__global_unit_selection_sparse5e,0.04309050000301795,raw_cases/C019/methods/LocalGreedy,1,0,0,0,0,0,0.19746117445351258,0.041459216,0,0,0.0,1.0000000000000002,0,0.010400950675276001,0.006646027279723796,0,0,0.19746117445351258,0.015168729166745864,0.0051910369181612,4,2,4,0.9504205363133831,0.15840342271889718,0.094358261411793,0.735296988,0.015585023757309942,0.5,0.5,0.75,0.0,0.25,0.111713104,0.25,0.25,0.0,0.0,0.25,0.0,0.0,0.25,0.1742424245,0.2575757575,0.333333333,0.333333333,0.666666667,0.25,,0.25,1.0
C019,Ours,proto_sw_1_3,expanded,simple,1,100001,1,1,1,1,,,4,1,4,proto_sw_1_3__seed_302128940__global_l1_flow_v3__density_simple,proto_sw_1_3__seed_302128940__global_l1_flow_v3__density_simple__unit_candidates_v2,933f8e7e24e0878218bf01c9bd03640caf6d53d928fed007216c37c2019a8735,proto_sw_1_3__seed_302128940__global_l1_flow_v3__density_simple,proto_sw_1_3__seed_302128940__global_l1_flow_v3__density_simple__unit_candidates_v2__global_unit_selection_joint_h2b,0.04230059999827063,raw_cases/C019/methods/Ours,1,0,0,0,0,0,0.17329063110453707,0.041459216,0,0,0.0,1.0000000000000002,0,7.483532497846512e-05,6.190890905682552e-05,0,0,0.19746117445351258,0.015168729166745864,0.0051910369181612,4,1,4,0.7668969516160624,0.1533793903232125,0.05943220514347101,0.713982449,0.012878061038011696,0.5,0.5,0.75,0.25,0.0,0.111713104,0.25,0.25,0.0,0.0,0.25,0.0,0.0,0.25,0.1742424245,0.2575757575,0.333333333,0.333333333,0.666666667,0.25,,0.25,1.0
C020,IndependentCurve,proto_sw_1_3,expanded,simple,2,100003,1,1,0,0,,,4,0,4,proto_sw_1_3__seed_1964058663__global_l1_flow_v3__density_simple,,,proto_sw_1_3__seed_1964058663__global_l1_flow_v3__density_simple__baseline_independentcurve,proto_sw_1_3__seed_1964058663__global_l1_flow_v3__density_simple__baseline_independentcurve__selection,0.04282420000163256,raw_cases/C020/methods/IndependentCurve,1,0,0,0,0,0,0.0,0.041459216,1,0,0.0,1.0000000000000002,0,0.0,0.0,0,0,0.0,1.211817561628342,0.6543000045513226,4,0,4,0.9347734126817719,0.23369335317044299,0.07269684276651454,0.8289063999999999,0.012472587719298246,0.25,0.75,1.0,0.0,0.0,0.205293553,0.0,0.0,0.0,0.5,0.0,0.0,0.0,0.5,0.045454545750000075,0.24242424250000005,0.44696969675,0.5151515149999999,0.4848484850000001,0.5,,0.0,0.0
C020,FixedSlot,proto_sw_1_3,expanded,simple,2,100003,1,1,1,1,,,4,1,4,proto_sw_1_3__seed_1964058663__global_l1_flow_v3__density_simple,,,proto_sw_1_3__seed_1964058663__global_l1_flow_v3__density_simple__baseline_fixedslot,proto_sw_1_3__seed_1964058663__global_l1_flow_v3__density_simple__baseline_fixedslot__unit_candidates_v2__global_unit_selection_joint_h2b,2.406948099996953,raw_cases/C020/methods/FixedSlot,1,0,0,0,0,0,0.11727049490630644,0.041459216,0,0,0.0,1.0000000000000002,0,0.003940228104628364,0.0026291192926067484,0,0,0.11731912357318003,1.070939637152156,0.702626221808201,4,1,4,1.7272220463136077,0.3454444092627215,0.20592309480794668,1.025706823,0.030067845394736843,0.75,0.25,0.75,0.25,0.0,0.205293553,0.25,0.25,0.0,0.0,0.0,0.0,0.5,0.0,0.159730488,0.19227054749999997,0.28254005949999994,0.5454260949999999,0.45457390500000006,0.5,,0.25,1.0
C020,LocalGreedy,proto_sw_1_3,expanded,simple,2,100003,1,1,1,1,,,4,2,4,proto_sw_1_3__seed_1964058663__global_l1_flow_v3__density_simple,proto_sw_1_3__seed_1964058663__global_l1_flow_v3__density_simple__unit_candidates_v2,f1b8dbef0728f8d30cf692bb3c86b3868880aa2d9dcedfce335f751f8fc24c81,proto_sw_1_3__seed_1964058663__global_l1_flow_v3__density_simple,proto_sw_1_3__seed_1964058663__global_l1_flow_v3__density_simple__unit_candidates_v2__global_unit_selection_sparse5e,0.04600940000091214,raw_cases/C020/methods/LocalGreedy,1,0,0,0,0,0,0.158918417312115,0.041459216,0,0,0.0,1.0000000000000002,0,0.02070783670417907,0.017516914090149053,0,0,0.158918417312115,0.03977058199188038,0.020229645528790353,4,2,4,1.1038114969255324,0.18396858282092207,0.09464615744502047,0.709617608,0.019325657894736843,0.5,0.5,0.75,0.0,0.25,0.205293553,0.25,0.25,0.0,0.0,0.0,0.0,0.25,0.25,0.14393939349999998,0.1515151515,0.257575758,0.575757576,0.424242424,0.25,,0.25,1.0
C020,Ours,proto_sw_1_3,expanded,simple,2,100003,1,1,1,1,,,4,1,4,proto_sw_1_3__seed_1964058663__global_l1_flow_v3__density_simple,proto_sw_1_3__seed_1964058663__global_l1_flow_v3__density_simple__unit_candidates_v2,f1b8dbef0728f8d30cf692bb3c86b3868880aa2d9dcedfce335f751f8fc24c81,proto_sw_1_3__seed_1964058663__global_l1_flow_v3__density_simple,proto_sw_1_3__seed_1964058663__global_l1_flow_v3__density_simple__unit_candidates_v2__global_unit_selection_joint_h2b,0.041246000000683125,raw_cases/C020/methods/Ours,1,0,0,0,0,0,0.158918417312115,0.041459216,0,0,0.0,1.0000000000000002,0,0.001215587070281088,0.0005687481914980352,0,0,0.158918417312115,0.03977058199188038,0.020229645528790353,4,1,4,0.9578755166927718,0.19157510333855438,0.09330049548556821,0.7758595159999999,0.01702416849415205,0.5,0.5,0.75,0.25,0.0,0.205293553,0.25,0.25,0.0,0.0,0.0,0.0,0.25,0.25,0.14393939349999998,0.1515151515,0.257575758,0.575757576,0.424242424,0.25,,0.25,1.0
C021,IndependentCurve,proto_sw_1_3,expanded,medium,1,100018,1,1,0,0,,,5,0,5,proto_sw_1_3__seed_2661861881__global_l1_flow_v3__density_medium,,,proto_sw_1_3__seed_2661861881__global_l1_flow_v3__density_medium__baseline_independentcurve,proto_sw_1_3__seed_2661861881__global_l1_flow_v3__density_medium__baseline_independentcurve__selection,0.043726599997171434,raw_cases/C021/methods/IndependentCurve,1,0,2,0,0,0,0.0,0.041459216,1,0,0.0,1.0000000000000002,0,0.0,0.0,2,0,0.0,2.0557681782268884,0.6796013764404075,5,0,5,1.170166577378143,0.23403331547562858,0.06633953520642126,0.8317181750000001,0.017498172514619884,0.8,0.2,1.0,0.0,0.0,0.443156777,0.0,0.0,0.0,0.2,0.0,0.0,0.6,0.2,0.03030303000000001,0.06060606099999999,0.393939394,0.484848485,0.515151515,0.6,,0.0,0.0
C021,FixedSlot,proto_sw_1_3,expanded,medium,1,100018,1,1,1,1,,,5,1,5,proto_sw_1_3__seed_2661861881__global_l1_flow_v3__density_medium,,,proto_sw_1_3__seed_2661861881__global_l1_flow_v3__density_medium__baseline_fixedslot,proto_sw_1_3__seed_2661861881__global_l1_flow_v3__density_medium__baseline_fixedslot__unit_candidates_v2__global_unit_selection_joint_h2b,4.111348599999474,raw_cases/C021/methods/FixedSlot,1,0,0,0,0,0,0.07567451450092438,0.041459216,0,0,0.0,1.0000000000000002,0,0.0033950298380671425,0.0017064711193265573,0,0,0.0755313170665018,1.8302195732701767,0.7187400751685683,5,1,5,1.9595801420427246,0.3265966903404541,0.16018537585921644,1.014095937,0.03411115679824561,0.8,0.2,0.8,0.2,0.0,0.443156777,0.2,0.2,0.0,0.0,0.0,0.0,0.4,0.2,0.08226568599999995,0.12659418200000006,0.189945037,0.529320095,0.470679905,0.4,,0.19999999999999996,1.0
C021,LocalGreedy,proto_sw_1_3,expanded,medium,1,100018,1,1,1,1,,,5,1,5,proto_sw_1_3__seed_2661861881__global_l1_flow_v3__density_medium,proto_sw_1_3__seed_2661861881__global_l1_flow_v3__density_medium__unit_candidates_v2,d60177ce4bfd63a5ac2134d53f26aa9a86a51e0ef1674c2ce902bec0a0675073,proto_sw_1_3__seed_2661861881__global_l1_flow_v3__density_medium,proto_sw_1_3__seed_2661861881__global_l1_flow_v3__density_medium__unit_candidates_v2__global_unit_selection_sparse5e,0.04225320000114152,raw_cases/C021/methods/LocalGreedy,1,0,0,0,0,0,0.1292486718340055,0.041459216,0,0,0.0,1.0000000000000002,0,0.01598848368727231,0.015389521125713207,0,0,0.15762646140556416,0.28755141788963745,0.15779732645798056,5,1,5,1.0425559702680482,0.17375932837800803,0.06307851605739215,0.756163135,0.018811677631578948,0.6,0.4,0.8,0.2,0.0,0.443156777,0.2,0.2,0.0,0.0,0.2,0.2,0.2,0.0,0.181818182,0.181818182,0.181818182,0.333333333,0.666666667,0.2,,0.19999999999999996,1.0
C021,Ours,proto_sw_1_3,expanded,medium,1,100018,1,1,1,1,,,5,1,5,proto_sw_1_3__seed_2661861881__global_l1_flow_v3__density_medium,proto_sw_1_3__seed_2661861881__global_l1_flow_v3__density_medium__unit_candidates_v2,d60177ce4bfd63a5ac2134d53f26aa9a86a51e0ef1674c2ce902bec0a0675073,proto_sw_1_3__seed_2661861881__global_l1_flow_v3__density_medium,proto_sw_1_3__seed_2661861881__global_l1_flow_v3__density_medium__unit_candidates_v2__global_unit_selection_joint_h2b,0.0429775000011432,raw_cases/C021/methods/Ours,1,0,0,0,0,0,0.15762642774305743,0.041459216,0,0,0.0,1.0000000000000002,0,0.003400985573218046,0.0023267092225469238,0,0,0.15762646140556416,0.28755141788963745,0.15779732645798056,5,1,5,1.095223199677846,0.18253719994630768,0.08651949815261205,0.756163135,0.01965688961988304,0.6,0.4,0.8,0.2,0.0,0.443156777,0.2,0.2,0.0,0.0,0.2,0.2,0.2,0.0,0.181818182,0.181818182,0.181818182,0.333333333,0.666666667,0.2,,0.19999999999999996,1.0
C022,IndependentCurve,proto_sw_1_3,expanded,medium,2,100024,1,1,0,0,,,5,0,5,proto_sw_1_3__seed_1291941794__global_l1_flow_v3__density_medium,,,proto_sw_1_3__seed_1291941794__global_l1_flow_v3__density_medium__baseline_independentcurve,proto_sw_1_3__seed_1291941794__global_l1_flow_v3__density_medium__baseline_independentcurve__selection,0.03988780000145198,raw_cases/C022/methods/IndependentCurve,1,0,3,0,0,0,0.0,0.041459216,1,0,0.0,1.0000000000000002,0,0.0,0.0,3,0,0.0,3.2462259200242816,0.9421087016962165,5,0,5,1.1605110784890125,0.23210221569780248,0.06346514043443859,0.273566346,0.017955043859649123,0.6,0.4,1.0,0.0,0.0,0.431248549,0.0,0.0,0.0,0.0,0.0,0.0,0.8,0.2,0.03030303000000001,0.06060606099999999,0.06060606099999999,0.848484848,0.151515152,0.8,,0.0,0.0
C022,FixedSlot,proto_sw_1_3,expanded,medium,2,100024,1,1,1,1,,,5,2,5,proto_sw_1_3__seed_1291941794__global_l1_flow_v3__density_medium,,,proto_sw_1_3__seed_1291941794__global_l1_flow_v3__density_medium__baseline_fixedslot,proto_sw_1_3__seed_1291941794__global_l1_flow_v3__density_medium__baseline_fixedslot__unit_candidates_v2__global_unit_selection_joint_h2b,3.6329239000006055,raw_cases/C022/methods/FixedSlot,1,0,0,0,0,0,0.07509244373653931,0.041459216,0,0,0.0,1.0000000000000002,0,0.010515337363093177,0.004772216870394803,0,0,0.07494521367040685,1.6772409367887782,0.4889259879696775,5,2,5,2.175967515569958,0.3108525022242797,0.17505678033984934,1.096518684,0.03776612755847953,0.8,0.2,0.6,0.4,0.0,0.431248549,0.2,0.2,0.0,0.0,0.0,0.0,0.4,0.2,0.07790037000000005,0.11964823299999994,0.19421509999999997,0.536361297,0.463638703,0.4,,0.4,1.0
C022,LocalGreedy,proto_sw_1_3,expanded,medium,2,100024,1,1,1,1,,,5,4,5,proto_sw_1_3__seed_1291941794__global_l1_flow_v3__density_medium,proto_sw_1_3__seed_1291941794__global_l1_flow_v3__density_medium__unit_candidates_v2,b90bb8573b2608688c1f5ffa1419e6241edbb5c98ab08542fa27da78256caa03,proto_sw_1_3__seed_1291941794__global_l1_flow_v3__density_medium,proto_sw_1_3__seed_1291941794__global_l1_flow_v3__density_medium__unit_candidates_v2__global_unit_selection_sparse5e,0.048015500000474276,raw_cases/C022/methods/LocalGreedy,1,1,0,0,0,0,0.11827823273509094,0.041459216,0,0,0.0,1.0000000000000002,0,0.1579204182485856,0.07497451021770328,0,0,0.11828073550105594,0.13271237360704796,0.08638507985305872,5,4,5,1.4506025439477694,0.16117806043864102,0.10548052045888841,0.709809535,0.017281158625730993,0.6,0.4,0.6,0.0,0.4,0.431248549,0.2,0.2,0.0,0.0,0.0,0.2,0.2,0.2,0.121212121,0.121212121,0.15151515200000001,0.515151515,0.484848485,0.2,,0.4,0.0
C022,Ours,proto_sw_1_3,expanded,medium,2,100024,1,1,1,1,,,5,2,5,proto_sw_1_3__seed_1291941794__global_l1_flow_v3__density_medium,proto_sw_1_3__seed_1291941794__global_l1_flow_v3__density_medium__unit_candidates_v2,b90bb8573b2608688c1f5ffa1419e6241edbb5c98ab08542fa27da78256caa03,proto_sw_1_3__seed_1291941794__global_l1_flow_v3__density_medium,proto_sw_1_3__seed_1291941794__global_l1_flow_v3__density_medium__unit_candidates_v2__global_unit_selection_joint_h2b,0.05037190000075498,raw_cases/C022/methods/Ours,1,0,0,0,0,0,0.11827823273509094,0.041459216,0,0,0.0,1.0000000000000002,0,0.0065924367846244775,0.003442930760185802,0,0,0.11828073550105594,0.13271237360704796,0.08638507985305872,5,2,5,1.1427581870763193,0.16325116958233132,0.0672267688373709,0.709809535,0.017635233918128657,0.6,0.4,0.6,0.4,0.0,0.431248549,0.2,0.2,0.0,0.0,0.0,0.2,0.2,0.2,0.121212121,0.121212121,0.15151515200000001,0.515151515,0.484848485,0.2,,0.4,1.0
C023,IndependentCurve,proto_sw_1_3,expanded,rich,1,100030,1,1,0,0,,,6,0,6,proto_sw_1_3__seed_2443990248__global_l1_flow_v3__density_rich,,,proto_sw_1_3__seed_2443990248__global_l1_flow_v3__density_rich__baseline_independentcurve,proto_sw_1_3__seed_2443990248__global_l1_flow_v3__density_rich__baseline_independentcurve__selection,0.0420990000020538,raw_cases/C023/methods/IndependentCurve,1,0,10,0,0,0,0.0,0.041459216,1,0,0.0,1.0000000000000002,0,0.0,0.0,10,0,0.0,3.360624992344102,0.9764998423341469,6,0,6,1.4039641646269925,0.23399402743783207,0.056222995939395254,0.233748289,0.016276041666666668,1.0,0.0,1.0,0.0,0.0,0.660826932,0.0,0.0,0.0,0.0,0.0,0.0,0.5,0.5,0.007575757749999995,0.0454545455,0.08333333325,0.818181818,0.181818182,0.5,,0.0,0.0
C023,FixedSlot,proto_sw_1_3,expanded,rich,1,100030,1,1,1,1,,,6,3,6,proto_sw_1_3__seed_2443990248__global_l1_flow_v3__density_rich,,,proto_sw_1_3__seed_2443990248__global_l1_flow_v3__density_rich__baseline_fixedslot,proto_sw_1_3__seed_2443990248__global_l1_flow_v3__density_rich__baseline_fixedslot__unit_candidates_v2__global_unit_selection_joint_h2b,7.048716299999796,raw_cases/C023/methods/FixedSlot,1,0,0,0,0,0,0.044868097035019004,0.041459216,0,0,0.0,1.0000000000000002,0,0.009931440979439779,0.004729184173777711,0,0,0.07759386413292217,2.6163625335659235,0.6525548752351017,6,3,6,2.7012415818485245,0.30013795353872497,0.181403246432267,1.1222890140000001,0.045704267178362575,0.6666666666666666,0.3333333333333333,0.6666666666666666,0.16666666666666666,0.16666666666666666,0.660826932,0.16666666666666666,0.16666666666666666,0.0,0.16666666666666666,0.0,0.0,0.16666666666666666,0.3333333333333333,0.0708885555,0.12615657300000002,0.17496612975,0.447836181,0.552163819,0.3333333333333333,,0.33333333333333337,1.0
C023,LocalGreedy,proto_sw_1_3,expanded,rich,1,100030,1,1,1,1,,,6,3,6,proto_sw_1_3__seed_2443990248__global_l1_flow_v3__density_rich,proto_sw_1_3__seed_2443990248__global_l1_flow_v3__density_rich__unit_candidates_v2,3b22210cdb6a42e5ded9eccf511df2e22c135fc934b25dc50b5fa154e7122bc5,proto_sw_1_3__seed_2443990248__global_l1_flow_v3__density_rich,proto_sw_1_3__seed_2443990248__global_l1_flow_v3__density_rich__unit_candidates_v2__global_unit_selection_sparse5e,0.0468116000010923,raw_cases/C023/methods/LocalGreedy,1,0,0,0,0,0,0.0529484902613727,0.041459216,0,0,0.0,1.0000000000000002,0,0.10241471345797658,0.07735528962802585,0,0,0.05309945247663046,0.3540596616248589,0.1410818488034121,6,3,6,1.3867199588622772,0.1540799954291419,0.07900994071172848,0.663695541,0.024591100146198832,0.5,0.5,0.6666666666666666,0.16666666666666666,0.16666666666666666,0.660826932,0.16666666666666666,0.16666666666666666,0.0,0.0,0.16666666666666666,0.16666666666666666,0.16666666666666666,0.16666666666666666,0.12121212125,0.1363636365,0.15151515175,0.363636364,0.636363636,0.16666666666666666,,0.33333333333333337,1.0
C023,Ours,proto_sw_1_3,expanded,rich,1,100030,1,1,1,1,,,6,2,6,proto_sw_1_3__seed_2443990248__global_l1_flow_v3__density_rich,proto_sw_1_3__seed_2443990248__global_l1_flow_v3__density_rich__unit_candidates_v2,3b22210cdb6a42e5ded9eccf511df2e22c135fc934b25dc50b5fa154e7122bc5,proto_sw_1_3__seed_2443990248__global_l1_flow_v3__density_rich,proto_sw_1_3__seed_2443990248__global_l1_flow_v3__density_rich__unit_candidates_v2__global_unit_selection_joint_h2b,0.04935019999902579,raw_cases/C023/methods/Ours,1,0,0,0,0,0,0.0529484902613727,0.041459216,0,0,0.0,1.0000000000000002,0,0.0020025801525482105,0.001289152559730293,0,0,0.05309945247663046,0.3540596616248589,0.1410818488034121,6,2,6,1.2449897183179597,0.15562371478974496,0.07028943770476902,0.6876877530000001,0.022101151315789474,0.5,0.5,0.6666666666666666,0.3333333333333333,0.0,0.660826932,0.16666666666666666,0.16666666666666666,0.0,0.0,0.16666666666666666,0.16666666666666666,0.16666666666666666,0.16666666666666666,0.12121212125,0.1363636365,0.15151515175,0.363636364,0.636363636,0.16666666666666666,,0.33333333333333337,1.0
C024,IndependentCurve,proto_sw_1_3,expanded,rich,2,100035,1,1,0,0,,,6,0,6,proto_sw_1_3__seed_2041979072__global_l1_flow_v3__density_rich,,,proto_sw_1_3__seed_2041979072__global_l1_flow_v3__density_rich__baseline_independentcurve,proto_sw_1_3__seed_2041979072__global_l1_flow_v3__density_rich__baseline_independentcurve__selection,0.036764700002095196,raw_cases/C024/methods/IndependentCurve,1,0,2,0,0,0,0.0,0.041459216,1,0,0.0,0.9999999999999999,0,0.0,0.0,2,0,0.0,1.6386938881168374,0.45661286378521176,6,0,6,1.4015546292672203,0.23359243821120337,0.07958428610466976,0.802026602,0.022780747441520467,0.8333333333333334,0.16666666666666666,1.0,0.0,0.0,0.713934035,0.0,0.16666666666666666,0.0,0.0,0.0,0.16666666666666666,0.3333333333333333,0.3333333333333333,0.037878787750000004,0.075757576,0.27272727325,0.484848484,0.515151516,0.3333333333333333,,0.0,0.0
C024,FixedSlot,proto_sw_1_3,expanded,rich,2,100035,1,1,1,1,,,6,2,6,proto_sw_1_3__seed_2041979072__global_l1_flow_v3__density_rich,,,proto_sw_1_3__seed_2041979072__global_l1_flow_v3__density_rich__baseline_fixedslot,proto_sw_1_3__seed_2041979072__global_l1_flow_v3__density_rich__baseline_fixedslot__unit_candidates_v2__global_unit_selection_joint_h2b,11.61133880000125,raw_cases/C024/methods/FixedSlot,1,0,0,0,0,0,0.04654573998043953,0.041459216,0,0,0.0,0.9999999999999999,0,0.0022915082237100494,0.001394244509793338,0,0,0.09453449363263562,1.9255004855980404,0.528997564148905,6,2,6,2.564165205133818,0.3205206506417272,0.16987815081952995,1.138977648,0.04448213633040936,0.5,0.5,0.6666666666666666,0.3333333333333333,0.0,0.713934035,0.16666666666666666,0.16666666666666666,0.0,0.16666666666666666,0.0,0.0,0.16666666666666666,0.3333333333333333,0.07245231224999998,0.11869932299999998,0.19107598199999998,0.43286317700000004,0.567136823,0.3333333333333333,,0.33333333333333337,1.0
C024,LocalGreedy,proto_sw_1_3,expanded,rich,2,100035,1,1,1,1,,,6,4,6,proto_sw_1_3__seed_2041979072__global_l1_flow_v3__density_rich,proto_sw_1_3__seed_2041979072__global_l1_flow_v3__density_rich__unit_candidates_v2,a4f7222434034eae3cd8a4a8b4ea8358f9c82b7af84e9e26debe2922376ca348,proto_sw_1_3__seed_2041979072__global_l1_flow_v3__density_rich,proto_sw_1_3__seed_2041979072__global_l1_flow_v3__density_rich__unit_candidates_v2__global_unit_selection_sparse5e,0.05203160000019125,raw_cases/C024/methods/LocalGreedy,1,0,0,0,0,0,0.09915426543866303,0.041459216,0,0,0.0,0.9999999999999999,0,0.4569556220141331,0.1845115297400238,0,0,0.09915426543866308,0.5071445066514093,0.17565098199472737,6,4,6,1.6740015754021833,0.16740015754021834,0.08388678329056795,0.750082292,0.027954815423976608,0.5,0.5,0.6666666666666666,0.0,0.3333333333333333,0.713934035,0.16666666666666666,0.16666666666666666,0.0,0.0,0.16666666666666666,0.0,0.3333333333333333,0.16666666666666666,0.090909091,0.1363636365,0.2045454545,0.333333333,0.666666667,0.3333333333333333,,0.33333333333333337,1.0
C024,Ours,proto_sw_1_3,expanded,rich,2,100035,1,1,1,1,,,6,2,6,proto_sw_1_3__seed_2041979072__global_l1_flow_v3__density_rich,proto_sw_1_3__seed_2041979072__global_l1_flow_v3__density_rich__unit_candidates_v2,a4f7222434034eae3cd8a4a8b4ea8358f9c82b7af84e9e26debe2922376ca348,proto_sw_1_3__seed_2041979072__global_l1_flow_v3__density_rich,proto_sw_1_3__seed_2041979072__global_l1_flow_v3__density_rich__unit_candidates_v2__global_unit_selection_joint_h2b,0.04442959999869345,raw_cases/C024/methods/Ours,1,0,0,0,0,0,0.09915426543866303,0.041459216,0,0,0.0,0.9999999999999999,0,0.005187074728142101,0.004400871239174555,0,0,0.09915426543866308,0.5071445066514093,0.17565098199472737,6,2,6,1.4311196455495894,0.17888995569369867,0.09376659115678487,0.7200278,0.025436312134502925,0.5,0.5,0.6666666666666666,0.3333333333333333,0.0,0.713934035,0.16666666666666666,0.16666666666666666,0.0,0.0,0.16666666666666666,0.0,0.3333333333333333,0.16666666666666666,0.090909091,0.1363636365,0.2045454545,0.333333333,0.666666667,0.3333333333333333,,0.33333333333333337,1.0
C025,IndependentCurve,proto_sw_1_3,compact,simple,1,100007,1,1,0,0,,,4,0,4,proto_sw_1_3__seed_3756345937__global_l1_flow_v3__density_simple,,,proto_sw_1_3__seed_3756345937__global_l1_flow_v3__density_simple__baseline_independentcurve,proto_sw_1_3__seed_3756345937__global_l1_flow_v3__density_simple__baseline_independentcurve__selection,0.04665039999963483,raw_cases/C025/methods/IndependentCurve,1,0,1,0,0,0,0.0,0.041459216,1,0,0.0,0.9999999999999998,0,0.0,0.0,1,0,0.0,1.010562111146622,0.7458726997789012,4,0,4,0.9281981613757206,0.23204954034393016,0.04751479347078412,0.339006276,0.013826069078947368,0.75,0.25,1.0,0.0,0.0,0.247981712,0.25,0.0,0.0,0.0,0.0,0.0,0.75,0.0,0.022727273249999985,0.1363636365,0.36363636325000004,0.727272727,0.272727273,0.75,,0.0,0.0
C025,FixedSlot,proto_sw_1_3,compact,simple,1,100007,1,1,1,1,,,4,1,4,proto_sw_1_3__seed_3756345937__global_l1_flow_v3__density_simple,,,proto_sw_1_3__seed_3756345937__global_l1_flow_v3__density_simple__baseline_fixedslot,proto_sw_1_3__seed_3756345937__global_l1_flow_v3__density_simple__baseline_fixedslot__unit_candidates_v2__global_unit_selection_joint_h2b,3.2554769000016677,raw_cases/C025/methods/FixedSlot,1,0,0,0,0,0,0.13327387428999482,0.041459216,0,0,0.0,0.9999999999999998,0,0.004237898685146593,0.0033250324869956785,0,0,0.13327387428999482,0.7814277729304078,0.5756762420444915,4,1,4,1.5904647246866126,0.31809294493732254,0.1758333691216406,0.940577227,0.026641310307017545,0.5,0.5,0.75,0.25,0.0,0.247981712,0.25,0.0,0.25,0.0,0.0,0.0,0.25,0.25,0.16087919274999998,0.20914324549999996,0.29826405275,0.490044875,0.5099551250000001,0.25,,0.25,1.0
C025,LocalGreedy,proto_sw_1_3,compact,simple,1,100007,1,1,1,1,,,4,2,4,proto_sw_1_3__seed_3756345937__global_l1_flow_v3__density_simple,proto_sw_1_3__seed_3756345937__global_l1_flow_v3__density_simple__unit_candidates_v2,9f21acb465009b8d44197f573e3b182a97b39819c78eefe3b7ad1ffce3af6304,proto_sw_1_3__seed_3756345937__global_l1_flow_v3__density_simple,proto_sw_1_3__seed_3756345937__global_l1_flow_v3__density_simple__unit_candidates_v2__global_unit_selection_sparse5e,0.04338920000009239,raw_cases/C025/methods/LocalGreedy,1,0,0,0,0,0,0.10122866913597227,0.041459216,0,0,0.0,0.9999999999999998,0,0.029557814001750865,0.023923089161858358,0,0,0.10122866913597227,0.19816488221243803,0.13059024720850168,4,2,4,1.2218228632224577,0.20363714387040963,0.08811249104476243,0.842102189,0.01937705592105263,0.5,0.5,0.75,0.0,0.25,0.247981712,0.25,0.25,0.0,0.0,0.0,0.0,0.5,0.0,0.15909090925,0.181818182,0.27272727274999997,0.545454545,0.454545455,0.5,,0.25,1.0
C025,Ours,proto_sw_1_3,compact,simple,1,100007,1,1,1,1,,,4,1,4,proto_sw_1_3__seed_3756345937__global_l1_flow_v3__density_simple,proto_sw_1_3__seed_3756345937__global_l1_flow_v3__density_simple__unit_candidates_v2,9f21acb465009b8d44197f573e3b182a97b39819c78eefe3b7ad1ffce3af6304,proto_sw_1_3__seed_3756345937__global_l1_flow_v3__density_simple,proto_sw_1_3__seed_3756345937__global_l1_flow_v3__density_simple__unit_candidates_v2__global_unit_selection_joint_h2b,0.045580300000438,raw_cases/C025/methods/Ours,1,0,0,0,0,0,0.10122866913597227,0.041459216,0,0,0.0,0.9999999999999998,0,0.0004316505110493873,0.0002879803714107774,0,0,0.10122866913597227,0.19816488221243803,0.13059024720850168,4,1,4,1.0530984927637497,0.21061969855274992,0.0657100970830525,0.842102189,0.016624406067251463,0.5,0.5,0.75,0.25,0.0,0.247981712,0.25,0.25,0.0,0.0,0.0,0.0,0.5,0.0,0.15909090925,0.181818182,0.27272727274999997,0.545454545,0.454545455,0.5,,0.25,1.0
C026,IndependentCurve,proto_sw_1_3,compact,simple,2,100010,1,1,0,0,,,4,0,4,proto_sw_1_3__seed_1989963110__global_l1_flow_v3__density_simple,,,proto_sw_1_3__seed_1989963110__global_l1_flow_v3__density_simple__baseline_independentcurve,proto_sw_1_3__seed_1989963110__global_l1_flow_v3__density_simple__baseline_independentcurve__selection,0.039990499997657025,raw_cases/C026/methods/IndependentCurve,1,0,0,0,0,0,0.0,0.041459216,1,0,0.0,1.0,0,0.0,0.0,0,0,0.0,0.7446699605644883,0.6301546431160013,4,0,4,0.9284054680738132,0.2321013670184533,0.0625362669521832,0.384031661,0.016298885233918127,0.5,0.5,1.0,0.0,0.0,0.243206613,0.25,0.0,0.0,0.0,0.0,0.0,0.5,0.25,0.022727272500000006,0.12121212149999999,0.348484849,0.757575757,0.24242424299999998,0.5,,0.0,0.0
C026,FixedSlot,proto_sw_1_3,compact,simple,2,100010,1,1,1,1,,,4,1,4,proto_sw_1_3__seed_1989963110__global_l1_flow_v3__density_simple,,,proto_sw_1_3__seed_1989963110__global_l1_flow_v3__density_simple__baseline_fixedslot,proto_sw_1_3__seed_1989963110__global_l1_flow_v3__density_simple__baseline_fixedslot__unit_candidates_v2__global_unit_selection_joint_h2b,3.525130599999102,raw_cases/C026/methods/FixedSlot,1,0,0,0,0,0,0.1214294928627534,0.041459216,0,0,0.0,1.0,0,0.0004195819316629513,0.0002804408791730835,0,0,0.12138418574316298,0.2651092367483516,0.1962296430661659,4,1,4,1.4636808103385266,0.2927361620677053,0.13502995700450188,0.9568945940000001,0.024939464546783627,0.5,0.5,0.75,0.25,0.0,0.243206613,0.25,0.0,0.25,0.0,0.0,0.0,0.25,0.25,0.15897825300000004,0.20795515850000001,0.2989769055,0.483866823,0.5161331769999999,0.25,,0.25,1.0
C026,LocalGreedy,proto_sw_1_3,compact,simple,2,100010,1,1,1,1,,,4,2,4,proto_sw_1_3__seed_1989963110__global_l1_flow_v3__density_simple,proto_sw_1_3__seed_1989963110__global_l1_flow_v3__density_simple__unit_candidates_v2,0ce9e9e13899815956eb2d2304091de726ee344eb543f48f9a80746e6580eb0b,proto_sw_1_3__seed_1989963110__global_l1_flow_v3__density_simple,proto_sw_1_3__seed_1989963110__global_l1_flow_v3__density_simple__unit_candidates_v2__global_unit_selection_sparse5e,0.054207599998335354,raw_cases/C026/methods/LocalGreedy,1,0,0,0,0,0,0.05007243078135988,0.041459216,0,0,0.0,1.0,0,0.12599299470817288,0.12057706617694212,0,0,0.050130584763893864,0.10884330716634855,0.06468233405024242,4,2,4,1.070635646846956,0.17843927447449268,0.09124104302229734,0.9835905599999999,0.01797217653508772,0.5,0.5,0.75,0.0,0.25,0.243206613,0.25,0.25,0.0,0.0,0.0,0.0,0.25,0.25,0.16666666675,0.181818182,0.26515151525,0.515151515,0.484848485,0.25,,0.25,1.0
C026,Ours,proto_sw_1_3,compact,simple,2,100010,1,1,1,1,,,4,2,4,proto_sw_1_3__seed_1989963110__global_l1_flow_v3__density_simple,proto_sw_1_3__seed_1989963110__global_l1_flow_v3__density_simple__unit_candidates_v2,0ce9e9e13899815956eb2d2304091de726ee344eb543f48f9a80746e6580eb0b,proto_sw_1_3__seed_1989963110__global_l1_flow_v3__density_simple,proto_sw_1_3__seed_1989963110__global_l1_flow_v3__density_simple__unit_candidates_v2__global_unit_selection_joint_h2b,0.048531199998251395,raw_cases/C026/methods/Ours,1,1,0,0,0,0,0.05007243078135988,0.041459216,0,0,0.0,1.0,0,0.0031364613234457616,0.0021914537134365823,0,0,0.050130584763893864,0.10884330716634855,0.06468233405024242,4,2,4,1.09013359339251,0.18168893223208502,0.09588499762001967,1.024079605,0.01761810124269006,0.5,0.5,0.75,0.0,0.25,0.243206613,0.25,0.25,0.0,0.0,0.0,0.0,0.25,0.25,0.16666666675,0.181818182,0.26515151525,0.515151515,0.484848485,0.25,,0.25,0.0
C027,IndependentCurve,proto_sw_1_3,compact,medium,1,100000,1,1,0,0,,,6,0,6,proto_sw_1_3__seed_2781254137__global_l1_flow_v3__density_medium,,,proto_sw_1_3__seed_2781254137__global_l1_flow_v3__density_medium__baseline_independentcurve,proto_sw_1_3__seed_2781254137__global_l1_flow_v3__density_medium__baseline_independentcurve__selection,0.04650719999699504,raw_cases/C027/methods/IndependentCurve,1,0,1,0,0,0,0.0,0.041459216,1,0,0.0,1.0000000000000002,0,0.0,0.0,1,0,0.0,4.546836907839275,0.8231984808569429,6,0,6,1.4024082843968684,0.23373471406614474,0.08180305925899221,0.25446221,0.021661412646198832,0.8333333333333334,0.16666666666666666,1.0,0.0,0.0,0.567252286,0.16666666666666666,0.0,0.0,0.0,0.0,0.0,0.8333333333333334,0.0,0.007575757500000002,0.030303030499999994,0.14393939425,0.757575757,0.24242424299999998,0.8333333333333334,,0.0,0.0
C027,FixedSlot,proto_sw_1_3,compact,medium,1,100000,1,1,1,1,,,6,2,6,proto_sw_1_3__seed_2781254137__global_l1_flow_v3__density_medium,,,proto_sw_1_3__seed_2781254137__global_l1_flow_v3__density_medium__baseline_fixedslot,proto_sw_1_3__seed_2781254137__global_l1_flow_v3__density_medium__baseline_fixedslot__unit_candidates_v2__global_unit_selection_joint_h2b,5.43271950000053,raw_cases/C027/methods/FixedSlot,1,0,0,0,0,0,0.04231787647892524,0.041459216,0,0,0.0,1.0000000000000002,0,0.013913672977983465,0.00867581013556141,0,0,0.08078094690489589,1.4077255259002937,0.4798113076150144,6,2,6,2.33791592347743,0.2922394904346788,0.1273094994135643,1.026715753,0.03618421052631579,0.6666666666666666,0.3333333333333333,0.6666666666666666,0.3333333333333333,0.0,0.567252286,0.3333333333333333,0.0,0.3333333333333333,0.0,0.0,0.0,0.16666666666666666,0.16666666666666666,0.08630355124999997,0.10645246199999997,0.17294317525000003,0.45851337900000005,0.541486621,0.3333333333333333,,0.33333333333333337,1.0
C027,LocalGreedy,proto_sw_1_3,compact,medium,1,100000,1,1,1,1,,,6,3,6,proto_sw_1_3__seed_2781254137__global_l1_flow_v3__density_medium,proto_sw_1_3__seed_2781254137__global_l1_flow_v3__density_medium__unit_candidates_v2,11cbfe50b586a78398d88ed1f4a444c6baa1ddc5c12ff838acdeed563191b587,proto_sw_1_3__seed_2781254137__global_l1_flow_v3__density_medium,proto_sw_1_3__seed_2781254137__global_l1_flow_v3__density_medium__unit_candidates_v2__global_unit_selection_sparse5e,0.049924899998586625,raw_cases/C027/methods/LocalGreedy,1,0,0,0,0,0,0.08678111502695951,0.041459216,0,0,0.0,1.0000000000000002,0,0.2988605885087641,0.28242356044890266,0,0,0.08681043476409088,0.4604396553568006,0.1892123325153875,6,3,6,1.3466539947947078,0.14962822164385636,0.06731536575123448,0.738891425,0.020816200657894735,0.5,0.5,0.6666666666666666,0.16666666666666666,0.16666666666666666,0.567252286,0.16666666666666666,0.16666666666666666,0.16666666666666666,0.0,0.0,0.16666666666666666,0.16666666666666666,0.16666666666666666,0.090909091,0.10606060650000002,0.14393939449999998,0.45454545399999996,0.545454546,0.16666666666666666,,0.33333333333333337,1.0
C027,Ours,proto_sw_1_3,compact,medium,1,100000,1,1,1,1,,,6,2,6,proto_sw_1_3__seed_2781254137__global_l1_flow_v3__density_medium,proto_sw_1_3__seed_2781254137__global_l1_flow_v3__density_medium__unit_candidates_v2,11cbfe50b586a78398d88ed1f4a444c6baa1ddc5c12ff838acdeed563191b587,proto_sw_1_3__seed_2781254137__global_l1_flow_v3__density_medium,proto_sw_1_3__seed_2781254137__global_l1_flow_v3__density_medium__unit_candidates_v2__global_unit_selection_joint_h2b,0.050486000000091735,raw_cases/C027/methods/Ours,1,0,0,0,0,0,0.08678111502695951,0.041459216,0,0,0.0,1.0000000000000002,0,0.0004757513504840274,0.00031929636636258057,0,0,0.08681043476409088,0.4604396553568006,0.1892123325153875,6,2,6,1.2187742147497764,0.15234677684372208,0.05326839142060187,0.715492581,0.019702576754385966,0.5,0.5,0.6666666666666666,0.3333333333333333,0.0,0.567252286,0.16666666666666666,0.16666666666666666,0.16666666666666666,0.0,0.0,0.16666666666666666,0.16666666666666666,0.16666666666666666,0.090909091,0.10606060650000002,0.14393939449999998,0.45454545399999996,0.545454546,0.16666666666666666,,0.33333333333333337,1.0
C028,IndependentCurve,proto_sw_1_3,compact,medium,2,100006,1,1,0,0,,,5,0,5,proto_sw_1_3__seed_4182263884__global_l1_flow_v3__density_medium,,,proto_sw_1_3__seed_4182263884__global_l1_flow_v3__density_medium__baseline_independentcurve,proto_sw_1_3__seed_4182263884__global_l1_flow_v3__density_medium__baseline_independentcurve__selection,0.04516670000157319,raw_cases/C028/methods/IndependentCurve,1,0,2,0,0,0,0.0,0.041459216,1,0,0.0,0.9999999999999999,0,0.0,0.0,2,0,0.0,1.512800791725796,0.8048227838463741,5,0,5,1.159118871877525,0.231823774375505,0.05326846437069843,0.538308602,0.02015373720760234,0.6,0.4,1.0,0.0,0.0,0.430440999,0.0,0.0,0.0,0.0,0.0,0.4,0.2,0.4,0.060606059999999906,0.06060606099999999,0.121212121,0.727272727,0.272727273,0.4,,0.0,0.0
C028,FixedSlot,proto_sw_1_3,compact,medium,2,100006,0,0,1,0,GlobalL1FlowError,global candidate pool has no complete compatible assignment,,,,,,,,,0.15614339999956428,,0,,,,,,,,,,,,,,,,,,,,,,,,,,,,,,,,,,,,,,,,,,,,,,,,generation failed; no canonical geometry,,
C028,LocalGreedy,proto_sw_1_3,compact,medium,2,100006,1,1,1,1,,,5,2,5,proto_sw_1_3__seed_4182263884__global_l1_flow_v3__density_medium,proto_sw_1_3__seed_4182263884__global_l1_flow_v3__density_medium__unit_candidates_v2,2c596053a6feddc2f678d649ca9ed6ae3fdcc12fa063e34bac4186896e8598fd,proto_sw_1_3__seed_4182263884__global_l1_flow_v3__density_medium,proto_sw_1_3__seed_4182263884__global_l1_flow_v3__density_medium__unit_candidates_v2__global_unit_selection_sparse5e,0.05026140000336454,raw_cases/C028/methods/LocalGreedy,1,0,0,0,0,0,0.09979186724696634,0.041459216,0,0,0.0,0.9999999999999999,0,0.033319522397190375,0.031876665460882914,0,0,0.09978394949437266,0.17573099770124317,0.07410319996448883,5,2,5,1.0790882892304934,0.15415546989007048,0.06625926816201841,0.886109326,0.019234283625730993,0.6,0.4,0.8,0.0,0.2,0.430440999,0.2,0.2,0.0,0.0,0.0,0.2,0.2,0.2,0.121212121,0.12121212200000009,0.181818182,0.48484848499999994,0.5151515150000001,0.2,,0.19999999999999996,1.0
C028,Ours,proto_sw_1_3,compact,medium,2,100006,1,1,1,1,,,5,1,5,proto_sw_1_3__seed_4182263884__global_l1_flow_v3__density_medium,proto_sw_1_3__seed_4182263884__global_l1_flow_v3__density_medium__unit_candidates_v2,2c596053a6feddc2f678d649ca9ed6ae3fdcc12fa063e34bac4186896e8598fd,proto_sw_1_3__seed_4182263884__global_l1_flow_v3__density_medium,proto_sw_1_3__seed_4182263884__global_l1_flow_v3__density_medium__unit_candidates_v2__global_unit_selection_joint_h2b,0.04752069999813102,raw_cases/C028/methods/Ours,1,0,0,0,0,0,0.09979186724696634,0.041459216,0,0,0.0,0.9999999999999999,0,0.0031536308684239262,0.0026059345364617104,0,0,0.09978394949437266,0.17573099770124317,0.07410319996448883,5,1,5,1.0691397392715176,0.17818995654525294,0.07440949236591288,0.886109326,0.019017269736842105,0.6,0.4,0.8,0.2,0.0,0.430440999,0.2,0.2,0.0,0.0,0.0,0.2,0.2,0.2,0.121212121,0.12121212200000009,0.181818182,0.48484848499999994,0.5151515150000001,0.2,,0.19999999999999996,1.0
C029,IndependentCurve,proto_sw_1_3,compact,rich,1,100008,1,1,0,0,,,6,0,6,proto_sw_1_3__seed_399132903__global_l1_flow_v3__density_rich,,,proto_sw_1_3__seed_399132903__global_l1_flow_v3__density_rich__baseline_independentcurve,proto_sw_1_3__seed_399132903__global_l1_flow_v3__density_rich__baseline_independentcurve__selection,0.039910899999085814,raw_cases/C029/methods/IndependentCurve,1,0,1,0,0,0,0.0,0.041459216,1,0,0.0,1.0000000000000002,0,0.0,0.0,1,0,0.0,1.4039838626585164,0.591128508670384,6,0,6,1.3991569570162472,0.23319282616937453,0.0654515085503423,0.805126226,0.023774442616959063,0.8333333333333334,0.16666666666666666,1.0,0.0,0.0,0.711450354,0.16666666666666666,0.0,0.16666666666666666,0.0,0.0,0.3333333333333333,0.0,0.3333333333333333,0.045454545250000006,0.12121212149999999,0.28787878775,0.36363636400000005,0.636363636,0.3333333333333333,,0.0,0.0
C029,FixedSlot,proto_sw_1_3,compact,rich,1,100008,1,1,1,1,,,6,2,6,proto_sw_1_3__seed_399132903__global_l1_flow_v3__density_rich,,,proto_sw_1_3__seed_399132903__global_l1_flow_v3__density_rich__baseline_fixedslot,proto_sw_1_3__seed_399132903__global_l1_flow_v3__density_rich__baseline_fixedslot__unit_candidates_v2__global_unit_selection_joint_h2b,6.201655400000163,raw_cases/C029/methods/FixedSlot,1,0,0,0,0,0,0.05687242942656478,0.041459216,0,0,0.0,1.0000000000000002,0,0.07237519794157275,0.02392483768105592,0,0,0.05702984496323149,2.5752044453967025,0.7247768586373319,6,2,6,2.65416936063132,0.331771170078915,0.16199746159399953,1.0550859160000001,0.042174936038011694,0.5,0.5,0.6666666666666666,0.3333333333333333,0.0,0.711450354,0.16666666666666666,0.0,0.16666666666666666,0.0,0.0,0.0,0.5,0.16666666666666666,0.06108010900000005,0.09503233449999998,0.2201193685,0.444482108,0.555517892,0.5,,0.33333333333333337,1.0
C029,LocalGreedy,proto_sw_1_3,compact,rich,1,100008,1,1,1,1,,,6,3,6,proto_sw_1_3__seed_399132903__global_l1_flow_v3__density_rich,proto_sw_1_3__seed_399132903__global_l1_flow_v3__density_rich__unit_candidates_v2,575472cb98503bd627ef27b157b2dc523c99d931b5d15a4238692a887e7f74f0,proto_sw_1_3__seed_399132903__global_l1_flow_v3__density_rich,proto_sw_1_3__seed_399132903__global_l1_flow_v3__density_rich__unit_candidates_v2__global_unit_selection_sparse5e,0.054146899998158915,raw_cases/C029/methods/LocalGreedy,1,0,0,0,0,0,0.10112202079347593,0.041459216,0,0,0.0,1.0000000000000002,0,0.29402746228257537,0.28383869464261974,0,0,0.11515921674787215,0.13934186400841966,0.0484780603938104,6,3,6,1.4816485446959466,0.1646276160773274,0.07634436826742913,0.875784676,0.025533397295321638,0.5,0.5,0.6666666666666666,0.16666666666666666,0.16666666666666666,0.711450354,0.16666666666666666,0.16666666666666666,0.16666666666666666,0.0,0.0,0.16666666666666666,0.16666666666666666,0.16666666666666666,0.09848484850000003,0.1363636365,0.151515152,0.393939394,0.606060606,0.16666666666666666,,0.33333333333333337,1.0
C029,Ours,proto_sw_1_3,compact,rich,1,100008,1,1,1,1,,,6,2,6,proto_sw_1_3__seed_399132903__global_l1_flow_v3__density_rich,proto_sw_1_3__seed_399132903__global_l1_flow_v3__density_rich__unit_candidates_v2,575472cb98503bd627ef27b157b2dc523c99d931b5d15a4238692a887e7f74f0,proto_sw_1_3__seed_399132903__global_l1_flow_v3__density_rich,proto_sw_1_3__seed_399132903__global_l1_flow_v3__density_rich__unit_candidates_v2__global_unit_selection_joint_h2b,0.04959420000159298,raw_cases/C029/methods/Ours,1,0,0,0,0,0,0.11504292023132431,0.041459216,0,0,0.0,1.0000000000000002,0,0.0015573368234969417,0.0006625780131036548,0,0,0.11515921674787215,0.13934186400841966,0.0484780603938104,6,2,6,1.4072146524690632,0.17590183155863293,0.07453187775528047,0.875784676,0.024688185307017545,0.5,0.5,0.6666666666666666,0.3333333333333333,0.0,0.711450354,0.16666666666666666,0.16666666666666666,0.16666666666666666,0.0,0.0,0.16666666666666666,0.16666666666666666,0.16666666666666666,0.09848484850000003,0.1363636365,0.151515152,0.393939394,0.606060606,0.16666666666666666,,0.33333333333333337,1.0
C030,IndependentCurve,proto_sw_1_3,compact,rich,2,100017,1,1,0,0,,,6,0,6,proto_sw_1_3__seed_2772902747__global_l1_flow_v3__density_rich,,,proto_sw_1_3__seed_2772902747__global_l1_flow_v3__density_rich__baseline_independentcurve,proto_sw_1_3__seed_2772902747__global_l1_flow_v3__density_rich__baseline_independentcurve__selection,0.05233290000251145,raw_cases/C030/methods/IndependentCurve,1,0,3,0,0,0,0.0,0.041459216,1,0,0.0,1.0,0,0.0,0.0,3,0,0.0,2.2451562417335587,0.8302130452405391,6,0,6,1.390480684962058,0.23174678082700964,0.05631035561573628,0.33213447399999996,0.02011376096491228,0.6666666666666666,0.3333333333333333,1.0,0.0,0.0,0.668300343,0.0,0.0,0.0,0.0,0.0,0.16666666666666666,0.3333333333333333,0.5,0.037878787750000004,0.075757576,0.1136363635,0.696969697,0.303030303,0.5,,0.0,0.0
C030,FixedSlot,proto_sw_1_3,compact,rich,2,100017,0,0,1,0,GlobalL1FlowError,global candidate pool has no complete compatible assignment,,,,,,,,,0.22571360000074492,,0,,,,,,,,,,,,,,,,,,,,,,,,,,,,,,,,,,,,,,,,,,,,,,,,generation failed; no canonical geometry,,
C030,LocalGreedy,proto_sw_1_3,compact,rich,2,100017,1,1,1,1,,,6,1,6,proto_sw_1_3__seed_2772902747__global_l1_flow_v3__density_rich,proto_sw_1_3__seed_2772902747__global_l1_flow_v3__density_rich__unit_candidates_v2,4ccf75084171d6e5aca87085bc439f59a21737fb64a7408b0999fc91c5a56dc8,proto_sw_1_3__seed_2772902747__global_l1_flow_v3__density_rich,proto_sw_1_3__seed_2772902747__global_l1_flow_v3__density_rich__unit_candidates_v2__global_unit_selection_sparse5e,0.0448526000000129,raw_cases/C030/methods/LocalGreedy,1,0,0,0,0,0,0.08107018651525219,0.041459216,0,0,0.0,1.0,0,0.013188539782588793,0.013039324318218226,0,0,0.08109903237337997,0.35774257147234295,0.2020059149760909,6,1,6,1.296069397638766,0.1851527710912523,0.052540931670750024,0.989474817,0.02093612938596491,0.5,0.5,0.8333333333333334,0.16666666666666666,0.0,0.668300343,0.16666666666666666,0.16666666666666666,0.16666666666666666,0.0,0.0,0.16666666666666666,0.16666666666666666,0.16666666666666666,0.106060606,0.1515151515,0.151515152,0.363636364,0.636363636,0.16666666666666666,,0.16666666666666663,1.0
C030,Ours,proto_sw_1_3,compact,rich,2,100017,1,1,1,1,,,6,1,6,proto_sw_1_3__seed_2772902747__global_l1_flow_v3__density_rich,proto_sw_1_3__seed_2772902747__global_l1_flow_v3__density_rich__unit_candidates_v2,4ccf75084171d6e5aca87085bc439f59a21737fb64a7408b0999fc91c5a56dc8,proto_sw_1_3__seed_2772902747__global_l1_flow_v3__density_rich,proto_sw_1_3__seed_2772902747__global_l1_flow_v3__density_rich__unit_candidates_v2__global_unit_selection_joint_h2b,0.05260619999899063,raw_cases/C030/methods/Ours,1,0,0,0,0,0,0.08107018651525219,0.041459216,0,0,0.0,1.0,0,0.0030001025333123376,0.0015008166023913333,0,0,0.08109903237337997,0.35774257147234295,0.2020059149760909,6,1,6,1.281238476905725,0.1830340681293893,0.056403685895251944,0.943472967,0.020684850146198832,0.5,0.5,0.8333333333333334,0.16666666666666666,0.0,0.668300343,0.16666666666666666,0.16666666666666666,0.16666666666666666,0.0,0.0,0.16666666666666666,0.16666666666666666,0.16666666666666666,0.106060606,0.1515151515,0.151515152,0.363636364,0.636363636,0.16666666666666666,,0.16666666666666663,1.0
C031,IndependentCurve,proto_sw_1_3,swept,simple,1,100004,1,1,0,0,,,4,0,4,proto_sw_1_3__seed_3906224916__global_l1_flow_v3__density_simple,,,proto_sw_1_3__seed_3906224916__global_l1_flow_v3__density_simple__baseline_independentcurve,proto_sw_1_3__seed_3906224916__global_l1_flow_v3__density_simple__baseline_independentcurve__selection,0.049106800001027295,raw_cases/C031/methods/IndependentCurve,1,0,2,0,0,0,0.0,0.041459216,1,0,0.0,1.0,0,0.0,0.0,2,0,0.0,0.7336858964364112,0.4219717296182684,4,0,4,0.931006702948853,0.23275167573721325,0.05846823050504715,0.41704331200000005,0.015859146564327485,0.5,0.5,1.0,0.0,0.0,0.264042223,0.0,0.0,0.0,0.0,0.0,0.0,0.75,0.25,0.053030303249999994,0.06060606099999999,0.25757575774999997,0.848484848,0.151515152,0.75,,0.0,0.0
C031,FixedSlot,proto_sw_1_3,swept,simple,1,100004,1,1,1,1,,,4,1,4,proto_sw_1_3__seed_3906224916__global_l1_flow_v3__density_simple,,,proto_sw_1_3__seed_3906224916__global_l1_flow_v3__density_simple__baseline_fixedslot,proto_sw_1_3__seed_3906224916__global_l1_flow_v3__density_simple__baseline_fixedslot__unit_candidates_v2__global_unit_selection_joint_h2b,2.6906145999964792,raw_cases/C031/methods/FixedSlot,1,0,0,0,0,0,0.09637117594515097,0.041459216,0,0,0.0,1.0,0,0.001777474233846126,0.0015083400451333323,0,0,0.09636213218473645,0.6264919899149656,0.4223624477792063,4,1,4,1.6456678695413203,0.32913357390826403,0.19766939342821807,0.9373406059999999,0.026926854897660817,0.75,0.25,0.75,0.25,0.0,0.264042223,0.25,0.0,0.25,0.0,0.0,0.0,0.5,0.0,0.18669516974999995,0.24044406099999996,0.30374889125,0.459111878,0.540888122,0.5,,0.25,1.0
C031,LocalGreedy,proto_sw_1_3,swept,simple,1,100004,1,1,1,1,,,4,2,4,proto_sw_1_3__seed_3906224916__global_l1_flow_v3__density_simple,proto_sw_1_3__seed_3906224916__global_l1_flow_v3__density_simple__unit_candidates_v2,baa86225faca7faab3762829f627843671525f3485530037a54946d5b471fdb9,proto_sw_1_3__seed_3906224916__global_l1_flow_v3__density_simple,proto_sw_1_3__seed_3906224916__global_l1_flow_v3__density_simple__unit_candidates_v2__global_unit_selection_sparse5e,0.04966159999821684,raw_cases/C031/methods/LocalGreedy,1,0,0,0,0,0,0.14944723967733356,0.041459216,0,0,0.0,1.0,0,0.02498147701671081,0.014403788068545108,0,0,0.16950719058866792,0.1623825547917303,0.12087706169142341,4,2,4,1.0902805641082374,0.18171342735137289,0.08951192101871407,0.8680643720000001,0.019182885599415205,0.5,0.5,0.75,0.0,0.25,0.264042223,0.25,0.25,0.0,0.0,0.0,0.0,0.25,0.25,0.15151515175,0.151515152,0.25000000025,0.545454545,0.454545455,0.25,,0.25,1.0
C031,Ours,proto_sw_1_3,swept,simple,1,100004,1,1,1,1,,,4,1,4,proto_sw_1_3__seed_3906224916__global_l1_flow_v3__density_simple,proto_sw_1_3__seed_3906224916__global_l1_flow_v3__density_simple__unit_candidates_v2,baa86225faca7faab3762829f627843671525f3485530037a54946d5b471fdb9,proto_sw_1_3__seed_3906224916__global_l1_flow_v3__density_simple,proto_sw_1_3__seed_3906224916__global_l1_flow_v3__density_simple__unit_candidates_v2__global_unit_selection_joint_h2b,0.048340499997721054,raw_cases/C031/methods/Ours,1,0,0,0,0,0,0.16943034466168766,0.041459216,0,0,0.0,1.0,0,0.002324344406352972,0.0022122683355840413,0,0,0.16950719058866792,0.1623825547917303,0.12087706169142341,4,1,4,0.9642520908714323,0.19285041817428644,0.08522643249745802,0.9258130580000001,0.017212627923976608,0.5,0.5,0.75,0.25,0.0,0.264042223,0.25,0.25,0.0,0.0,0.0,0.0,0.25,0.25,0.15151515175,0.151515152,0.25000000025,0.545454545,0.454545455,0.25,,0.25,1.0
C032,IndependentCurve,proto_sw_1_3,swept,simple,2,100009,1,1,0,0,,,4,0,4,proto_sw_1_3__seed_548579369__global_l1_flow_v3__density_simple,,,proto_sw_1_3__seed_548579369__global_l1_flow_v3__density_simple__baseline_independentcurve,proto_sw_1_3__seed_548579369__global_l1_flow_v3__density_simple__baseline_independentcurve__selection,0.04694690000178525,raw_cases/C032/methods/IndependentCurve,1,0,1,0,0,0,0.0,0.041459216,1,0,0.0,1.0000000000000002,0,0.0,0.0,1,0,0.0,0.05339496226141074,0.029197712051923074,4,0,4,0.9235902826927742,0.23089757067319355,0.056637991589736314,0.8177296519999999,0.016264619883040937,0.75,0.25,1.0,0.0,0.0,0.25652668,0.25,0.0,0.25,0.0,0.0,0.0,0.25,0.25,0.136363636,0.19696969700000003,0.310606061,0.5151515149999999,0.4848484850000001,0.25,,0.0,0.0
C032,FixedSlot,proto_sw_1_3,swept,simple,2,100009,1,1,1,1,,,4,1,4,proto_sw_1_3__seed_548579369__global_l1_flow_v3__density_simple,,,proto_sw_1_3__seed_548579369__global_l1_flow_v3__density_simple__baseline_fixedslot,proto_sw_1_3__seed_548579369__global_l1_flow_v3__density_simple__baseline_fixedslot__unit_candidates_v2__global_unit_selection_joint_h2b,3.616526400001021,raw_cases/C032/methods/FixedSlot,1,0,0,0,0,0,0.07546579098767604,0.041459216,0,0,0.0,1.0000000000000002,0,0.003365600012804749,0.0027353665820724015,0,0,0.07546800759033581,0.8324228135619234,0.7831143447333501,4,1,4,1.6681291087406132,0.3336258217481226,0.15856884284386424,0.9071144390000001,0.02847450657894737,0.5,0.5,0.75,0.25,0.0,0.25652668,0.0,0.0,0.25,0.0,0.0,0.0,0.75,0.0,0.06135423299999998,0.25034569250000005,0.4389914595,0.441391683,0.558608317,0.75,,0.25,1.0
C032,LocalGreedy,proto_sw_1_3,swept,simple,2,100009,1,1,1,1,,,4,2,4,proto_sw_1_3__seed_548579369__global_l1_flow_v3__density_simple,proto_sw_1_3__seed_548579369__global_l1_flow_v3__density_simple__unit_candidates_v2,ae1938ced7dfe28b0d1bc723c13717a6bb20e395f6d3992875697a52b2ce70d0,proto_sw_1_3__seed_548579369__global_l1_flow_v3__density_simple,proto_sw_1_3__seed_548579369__global_l1_flow_v3__density_simple__unit_candidates_v2__global_unit_selection_sparse5e,0.04652859999987413,raw_cases/C032/methods/LocalGreedy,1,0,0,0,0,0,0.17158910320984963,0.041459216,0,0,0.0,1.0000000000000002,0,0.005271172585258527,0.002699530404755206,0,0,0.17158910320984963,0.20597855732933562,0.1513629136979325,4,2,4,1.1322896006353784,0.18871493343922974,0.05607808837784767,0.793685789,0.019902457967836257,0.5,0.5,0.75,0.0,0.25,0.25652668,0.25,0.25,0.0,0.0,0.0,0.0,0.25,0.25,0.1439393935,0.1515151515,0.257575758,0.575757576,0.424242424,0.25,,0.25,1.0
C032,Ours,proto_sw_1_3,swept,simple,2,100009,1,1,1,1,,,4,1,4,proto_sw_1_3__seed_548579369__global_l1_flow_v3__density_simple,proto_sw_1_3__seed_548579369__global_l1_flow_v3__density_simple__unit_candidates_v2,ae1938ced7dfe28b0d1bc723c13717a6bb20e395f6d3992875697a52b2ce70d0,proto_sw_1_3__seed_548579369__global_l1_flow_v3__density_simple,proto_sw_1_3__seed_548579369__global_l1_flow_v3__density_simple__unit_candidates_v2__global_unit_selection_joint_h2b,0.039315100002568215,raw_cases/C032/methods/Ours,1,0,0,0,0,0,0.17158910320984963,0.041459216,0,0,0.0,1.0000000000000002,0,0.0033842955769216774,0.0030681638645839357,0,0,0.17158910320984963,0.20597855732933562,0.1513629136979325,4,1,4,1.0573233935968884,0.21146467871937769,0.06627020292567891,0.8698640529999999,0.018703170687134504,0.5,0.5,0.75,0.25,0.0,0.25652668,0.25,0.25,0.0,0.0,0.0,0.0,0.25,0.25,0.1439393935,0.1515151515,0.257575758,0.575757576,0.424242424,0.25,,0.25,1.0
C033,IndependentCurve,proto_sw_1_3,swept,medium,1,100005,1,1,0,0,,,5,0,5,proto_sw_1_3__seed_1160715944__global_l1_flow_v3__density_medium,,,proto_sw_1_3__seed_1160715944__global_l1_flow_v3__density_medium__baseline_independentcurve,proto_sw_1_3__seed_1160715944__global_l1_flow_v3__density_medium__baseline_independentcurve__selection,0.03958979999879375,raw_cases/C033/methods/IndependentCurve,1,0,2,0,0,0,0.0,0.041459216,1,0,0.0,1.0,0,0.0,0.0,2,0,0.0,1.0394092721013133,0.7599989808070893,5,0,5,1.1624107023942225,0.2324821404788445,0.05432170205065232,0.7353458520000001,0.019816794590643276,0.8,0.2,1.0,0.0,0.0,0.40543151,0.2,0.2,0.0,0.0,0.0,0.2,0.2,0.2,0.12121212199999998,0.151515151,0.151515152,0.515151515,0.484848485,0.2,,0.0,0.0
C033,FixedSlot,proto_sw_1_3,swept,medium,1,100005,1,1,1,1,,,5,1,5,proto_sw_1_3__seed_1160715944__global_l1_flow_v3__density_medium,,,proto_sw_1_3__seed_1160715944__global_l1_flow_v3__density_medium__baseline_fixedslot,proto_sw_1_3__seed_1160715944__global_l1_flow_v3__density_medium__baseline_fixedslot__unit_candidates_v2__global_unit_selection_joint_h2b,4.531659000000218,raw_cases/C033/methods/FixedSlot,1,0,0,0,0,0,0.04807786189545471,0.041459216,0,0,0.0,1.0,0,0.0034337246701837175,0.0026187211993735694,0,0,0.05606259579861355,1.4065879538874297,0.4518221554177165,5,1,5,1.9683541506391808,0.3280590251065301,0.16880729464262254,0.912754989,0.029976471125730993,0.8,0.2,0.8,0.2,0.0,0.40543151,0.2,0.0,0.2,0.0,0.0,0.0,0.4,0.2,0.05999999999999994,0.18051707100000003,0.255635776,0.450012999,0.549987001,0.4,,0.19999999999999996,1.0
C033,LocalGreedy,proto_sw_1_3,swept,medium,1,100005,1,1,1,1,,,5,1,5,proto_sw_1_3__seed_1160715944__global_l1_flow_v3__density_medium,proto_sw_1_3__seed_1160715944__global_l1_flow_v3__density_medium__unit_candidates_v2,7896d2eabb0ae16e73787bb815df5a27ba0a177e0f8f1852aea9bf2ea256b293,proto_sw_1_3__seed_1160715944__global_l1_flow_v3__density_medium,proto_sw_1_3__seed_1160715944__global_l1_flow_v3__density_medium__unit_candidates_v2__global_unit_selection_sparse5e,0.04381909999938216,raw_cases/C033/methods/LocalGreedy,1,0,0,0,0,0,0.10542628371966482,0.041459216,0,0,0.0,1.0,0,0.005421228225150063,0.005049537643842674,0,0,0.10542628371966482,0.12137800435390175,0.03628760788823415,5,1,5,1.0249999260843325,0.17083332101405543,0.06752895853055131,0.7695402920000001,0.014568485014619883,0.6,0.4,0.8,0.2,0.0,0.40543151,0.2,0.2,0.0,0.0,0.0,0.2,0.0,0.4,0.09090909100000011,0.151515151,0.151515152,0.515151515,0.484848485,0.4,,0.19999999999999996,1.0
C033,Ours,proto_sw_1_3,swept,medium,1,100005,1,1,1,1,,,5,1,5,proto_sw_1_3__seed_1160715944__global_l1_flow_v3__density_medium,proto_sw_1_3__seed_1160715944__global_l1_flow_v3__density_medium__unit_candidates_v2,7896d2eabb0ae16e73787bb815df5a27ba0a177e0f8f1852aea9bf2ea256b293,proto_sw_1_3__seed_1160715944__global_l1_flow_v3__density_medium,proto_sw_1_3__seed_1160715944__global_l1_flow_v3__density_medium__unit_candidates_v2__global_unit_selection_joint_h2b,0.04091129999869736,raw_cases/C033/methods/Ours,1,0,0,0,0,0,0.10542628371966482,0.041459216,0,0,0.0,1.0,0,0.0033919977739384844,0.0033670530145583667,0,0,0.10542628371966482,0.12137800435390175,0.03628760788823415,5,1,5,1.019324971263011,0.16988749521050184,0.05144616009718417,0.7353458520000001,0.014494243421052632,0.6,0.4,0.8,0.2,0.0,0.40543151,0.2,0.2,0.0,0.0,0.0,0.2,0.0,0.4,0.09090909100000011,0.151515151,0.151515152,0.515151515,0.484848485,0.4,,0.19999999999999996,1.0
C034,IndependentCurve,proto_sw_1_3,swept,medium,2,100023,1,1,0,0,,,5,0,5,proto_sw_1_3__seed_3230428333__global_l1_flow_v3__density_medium,,,proto_sw_1_3__seed_3230428333__global_l1_flow_v3__density_medium__baseline_independentcurve,proto_sw_1_3__seed_3230428333__global_l1_flow_v3__density_medium__baseline_independentcurve__selection,0.0372572999986005,raw_cases/C034/methods/IndependentCurve,1,0,0,0,0,0,0.0,0.041459216,1,0,0.0,1.0,0,0.0,0.0,0,0,0.0,1.4802202010035244,0.703075791731837,5,0,5,1.1636883968882508,0.23273767937765016,0.053538384166715705,0.714287245,0.016692936769005847,0.8,0.2,1.0,0.0,0.0,0.540467926,0.0,0.0,0.2,0.0,0.0,0.0,0.4,0.4,0.0,0.21212121299999998,0.333333333,0.454545454,0.545454546,0.4,,0.0,0.0
C034,FixedSlot,proto_sw_1_3,swept,medium,2,100023,1,1,1,1,,,5,1,5,proto_sw_1_3__seed_3230428333__global_l1_flow_v3__density_medium,,,proto_sw_1_3__seed_3230428333__global_l1_flow_v3__density_medium__baseline_fixedslot,proto_sw_1_3__seed_3230428333__global_l1_flow_v3__density_medium__baseline_fixedslot__unit_candidates_v2__global_unit_selection_joint_h2b,8.278466499999922,raw_cases/C034/methods/FixedSlot,1,0,0,0,0,0,0.09937223574411419,0.041459216,0,0,0.0,1.0,0,0.0008350185069777861,0.00043057377679272244,0,0,0.09937223574411419,1.7470330241459697,0.7272340797521141,5,1,5,2.001630549674937,0.3336050916124895,0.15965328735425593,0.924981924,0.034373857821637425,0.8,0.2,0.8,0.2,0.0,0.540467926,0.2,0.0,0.2,0.0,0.0,0.0,0.2,0.4,0.07549079999999997,0.11284700800000003,0.24703795900000003,0.504624233,0.49537576699999997,0.4,,0.19999999999999996,1.0
C034,LocalGreedy,proto_sw_1_3,swept,medium,2,100023,1,1,1,1,,,5,1,5,proto_sw_1_3__seed_3230428333__global_l1_flow_v3__density_medium,proto_sw_1_3__seed_3230428333__global_l1_flow_v3__density_medium__unit_candidates_v2,7a0f05b0062bcafbc961ac58acdd3872d7335853d4587690d48d7dd6bcf8b72d,proto_sw_1_3__seed_3230428333__global_l1_flow_v3__density_medium,proto_sw_1_3__seed_3230428333__global_l1_flow_v3__density_medium__unit_candidates_v2__global_unit_selection_sparse5e,0.04721140000037849,raw_cases/C034/methods/LocalGreedy,1,0,0,0,0,0,0.11891620229216116,0.041459216,0,0,0.0,1.0,0,0.0025441354062091717,0.002423867299866347,0,0,0.11891620229216116,0.33969838287180487,0.14501277917200436,5,1,5,1.2710428429286407,0.2118404738214401,0.06898224264452868,0.9131885149999999,0.018954449926900586,0.4,0.6,0.8,0.2,0.0,0.540467926,0.2,0.2,0.0,0.0,0.0,0.0,0.4,0.2,0.090909091,0.12121212199999998,0.151515152,0.545454545,0.454545455,0.4,,0.19999999999999996,1.0
C034,Ours,proto_sw_1_3,swept,medium,2,100023,1,1,1,1,,,5,1,5,proto_sw_1_3__seed_3230428333__global_l1_flow_v3__density_medium,proto_sw_1_3__seed_3230428333__global_l1_flow_v3__density_medium__unit_candidates_v2,7a0f05b0062bcafbc961ac58acdd3872d7335853d4587690d48d7dd6bcf8b72d,proto_sw_1_3__seed_3230428333__global_l1_flow_v3__density_medium,proto_sw_1_3__seed_3230428333__global_l1_flow_v3__density_medium__unit_candidates_v2__global_unit_selection_joint_h2b,0.047650799999246374,raw_cases/C034/methods/Ours,1,0,0,0,0,0,0.11891620229216116,0.041459216,0,0,0.0,1.0,0,0.0015918373884463855,0.0010005027431949892,0,0,0.11891620229216116,0.33969838287180487,0.14501277917200436,5,1,5,1.2623043757279258,0.21038406262132095,0.08645683510016056,0.9406433670000001,0.01884594298245614,0.4,0.6,0.8,0.2,0.0,0.540467926,0.2,0.2,0.0,0.0,0.0,0.0,0.4,0.2,0.090909091,0.12121212199999998,0.151515152,0.545454545,0.454545455,0.4,,0.19999999999999996,1.0
C035,IndependentCurve,proto_sw_1_3,swept,rich,1,100002,1,1,0,0,,,6,0,6,proto_sw_1_3__seed_1978891010__global_l1_flow_v3__density_rich,,,proto_sw_1_3__seed_1978891010__global_l1_flow_v3__density_rich__baseline_independentcurve,proto_sw_1_3__seed_1978891010__global_l1_flow_v3__density_rich__baseline_independentcurve__selection,0.04876439999861759,raw_cases/C035/methods/IndependentCurve,1,0,1,0,0,6,0.0,0.041459216,1,0,0.0,1.0,0,0.0,0.0,1,2,0.0,2.9851761579192853,0.5935219387006109,6,0,6,1.388290832839904,0.23138180547331733,0.05680292258314956,0.36229041199999995,0.0200280975877193,0.6666666666666666,0.3333333333333333,1.0,0.0,0.0,0.664921992,0.16666666666666666,0.0,0.0,0.0,0.0,0.0,0.5,0.3333333333333333,0.03030303025,0.0454545455,0.10606060575000001,0.727272728,0.272727272,0.5,,0.0,0.0
C035,FixedSlot,proto_sw_1_3,swept,rich,1,100002,1,1,1,1,,,6,2,6,proto_sw_1_3__seed_1978891010__global_l1_flow_v3__density_rich,,,proto_sw_1_3__seed_1978891010__global_l1_flow_v3__density_rich__baseline_fixedslot,proto_sw_1_3__seed_1978891010__global_l1_flow_v3__density_rich__baseline_fixedslot__unit_candidates_v2__global_unit_selection_joint_h2b,8.744079899999633,raw_cases/C035/methods/FixedSlot,1,0,0,0,0,0,0.06865912904011805,0.041459216,0,0,0.0,1.0,0,0.01998896852518898,0.007773433842513131,0,0,0.06842260890549595,2.127191062904985,0.6707065115292986,6,2,6,2.3372469091736328,0.2921558636467041,0.15961577703453433,0.976804177,0.03736065423976608,0.8333333333333334,0.16666666666666666,0.6666666666666666,0.3333333333333333,0.0,0.664921992,0.16666666666666666,0.0,0.16666666666666666,0.0,0.0,0.0,0.3333333333333333,0.3333333333333333,0.06159633550000004,0.0939432375,0.17214851750000001,0.509467888,0.490532112,0.3333333333333333,,0.33333333333333337,1.0
C035,LocalGreedy,proto_sw_1_3,swept,rich,1,100002,1,1,1,1,,,6,3,6,proto_sw_1_3__seed_1978891010__global_l1_flow_v3__density_rich,proto_sw_1_3__seed_1978891010__global_l1_flow_v3__density_rich__unit_candidates_v2,b35008f97bef3e64d34915fd70b40fc93d4e27bcff134b3bd916c0f1a009597f,proto_sw_1_3__seed_1978891010__global_l1_flow_v3__density_rich,proto_sw_1_3__seed_1978891010__global_l1_flow_v3__density_rich__unit_candidates_v2__global_unit_selection_sparse5e,0.053266200000507524,raw_cases/C035/methods/LocalGreedy,1,0,0,0,0,0,0.1260266495486671,0.041459216,0,0,0.0,1.0,0,0.11938423625352343,0.10590273124429589,0,0,0.12602706152011037,0.12239029499354252,0.0554013255968237,6,3,6,1.3498484294501665,0.14998315882779628,0.08289115667577403,0.698115019,0.01754957054093567,0.5,0.5,0.6666666666666666,0.16666666666666666,0.16666666666666666,0.664921992,0.16666666666666666,0.16666666666666666,0.0,0.0,0.16666666666666666,0.16666666666666666,0.16666666666666666,0.16666666666666666,0.1287878785,0.15151515100000001,0.15151515175,0.333333334,0.666666666,0.16666666666666666,,0.33333333333333337,1.0
C035,Ours,proto_sw_1_3,swept,rich,1,100002,1,1,1,1,,,6,2,6,proto_sw_1_3__seed_1978891010__global_l1_flow_v3__density_rich,proto_sw_1_3__seed_1978891010__global_l1_flow_v3__density_rich__unit_candidates_v2,b35008f97bef3e64d34915fd70b40fc93d4e27bcff134b3bd916c0f1a009597f,proto_sw_1_3__seed_1978891010__global_l1_flow_v3__density_rich,proto_sw_1_3__seed_1978891010__global_l1_flow_v3__density_rich__unit_candidates_v2__global_unit_selection_joint_h2b,0.0512468999986595,raw_cases/C035/methods/Ours,1,0,0,0,0,0,0.1260266495486671,0.041459216,0,0,0.0,1.0,0,0.0018111908979143714,0.0005499118197468392,0,0,0.12602706152011037,0.12239029499354252,0.0554013255968237,6,2,6,1.2399904295540418,0.15499880369425523,0.07012165045538611,0.6995554909999999,0.01942845394736842,0.5,0.5,0.6666666666666666,0.3333333333333333,0.0,0.664921992,0.16666666666666666,0.16666666666666666,0.0,0.0,0.16666666666666666,0.16666666666666666,0.16666666666666666,0.16666666666666666,0.1287878785,0.15151515100000001,0.15151515175,0.333333334,0.666666666,0.16666666666666666,,0.33333333333333337,1.0
C036,IndependentCurve,proto_sw_1_3,swept,rich,2,100011,1,1,0,0,,,6,0,6,proto_sw_1_3__seed_1548718105__global_l1_flow_v3__density_rich,,,proto_sw_1_3__seed_1548718105__global_l1_flow_v3__density_rich__baseline_independentcurve,proto_sw_1_3__seed_1548718105__global_l1_flow_v3__density_rich__baseline_independentcurve__selection,0.044463500002166256,raw_cases/C036/methods/IndependentCurve,1,0,2,0,0,0,0.0,0.041459216,1,0,0.0,1.0,0,0.0,0.0,2,0,0.0,1.6056994455161209,0.46542501719860657,6,0,6,1.4041102524586164,0.2340183754097694,0.07576328196431324,0.720171797,0.022323876096491228,1.0,0.0,1.0,0.0,0.0,0.652471959,0.0,0.0,0.16666666666666666,0.0,0.0,0.16666666666666666,0.16666666666666666,0.5,0.03787878849999998,0.075757576,0.295454545,0.424242424,0.575757576,0.5,,0.0,0.0
C036,FixedSlot,proto_sw_1_3,swept,rich,2,100011,0,1,1,0,Stage5SelectionError,joint H2-B search found no complete legal composition,6,,,proto_sw_1_3__seed_1548718105__global_l1_flow_v3__density_rich,,,proto_sw_1_3__seed_1548718105__global_l1_flow_v3__density_rich__baseline_fixedslot,,6.7490049000007275,raw_cases/C036/methods/FixedSlot,1,0,0,0,0,0,0.03906064915951976,0.041459216,1,0,0.0,1.0,0,0.0,0.0,0,0,0.03906064915951976,2.702906599675841,0.7519511553209745,6,0,6,2.416276646015982,0.402712774335997,0.16885310141142015,1.0122315849999999,0.03774899488304093,0.6666666666666666,0.3333333333333333,1.0,0.0,0.0,0.652471959,0.16666666666666666,0.0,0.16666666666666666,0.0,0.0,0.0,0.3333333333333333,0.3333333333333333,0.06251637000000004,0.09459492850000001,0.17356690400000002,0.49909573,0.5009042699999999,0.3333333333333333,,0.0,0.0
C036,LocalGreedy,proto_sw_1_3,swept,rich,2,100011,1,1,1,1,,,6,1,6,proto_sw_1_3__seed_1548718105__global_l1_flow_v3__density_rich,proto_sw_1_3__seed_1548718105__global_l1_flow_v3__density_rich__unit_candidates_v2,ef351602f0a74357db920550fd994230ec6fcbcf44994642ba433ec3bebe23bc,proto_sw_1_3__seed_1548718105__global_l1_flow_v3__density_rich,proto_sw_1_3__seed_1548718105__global_l1_flow_v3__density_rich__unit_candidates_v2__global_unit_selection_sparse5e,0.048238499999570195,raw_cases/C036/methods/LocalGreedy,1,0,0,0,0,0,0.05495095087951449,0.041459216,0,0,0.0,1.0,0,0.033316508884217215,0.030743208640565,0,0,0.055100561124755816,0.28687963767147073,0.18309511004250478,6,1,6,1.2906805237197496,0.18438293195996422,0.04401221624796738,0.682093617,0.023180509868421052,0.5,0.5,0.8333333333333334,0.16666666666666666,0.0,0.652471959,0.16666666666666666,0.16666666666666666,0.16666666666666666,0.0,0.0,0.16666666666666666,0.16666666666666666,0.16666666666666666,0.0984848485,0.12121212149999999,0.14393939375,0.424242424,0.575757576,0.16666666666666666,,0.16666666666666663,1.0
C036,Ours,proto_sw_1_3,swept,rich,2,100011,1,1,1,1,,,6,1,6,proto_sw_1_3__seed_1548718105__global_l1_flow_v3__density_rich,proto_sw_1_3__seed_1548718105__global_l1_flow_v3__density_rich__unit_candidates_v2,ef351602f0a74357db920550fd994230ec6fcbcf44994642ba433ec3bebe23bc,proto_sw_1_3__seed_1548718105__global_l1_flow_v3__density_rich,proto_sw_1_3__seed_1548718105__global_l1_flow_v3__density_rich__unit_candidates_v2__global_unit_selection_joint_h2b,0.046636999999464024,raw_cases/C036/methods/Ours,1,0,0,0,0,0,0.05495095087951449,0.041459216,0,0,0.0,1.0,0,0.0002165232556030247,0.0001332711678179545,0,0,0.055100561124755816,0.28687963767147073,0.18309511004250478,6,1,6,1.2261191876903,0.17515988395575713,0.04818178999429455,0.6879881880000001,0.022129705774853802,0.5,0.5,0.8333333333333334,0.16666666666666666,0.0,0.652471959,0.16666666666666666,0.16666666666666666,0.16666666666666666,0.0,0.0,0.16666666666666666,0.16666666666666666,0.16666666666666666,0.0984848485,0.12121212149999999,0.14393939375,0.424242424,0.575757576,0.16666666666666666,,0.16666666666666663,1.0
C037,IndependentCurve,proto_sw_2_3,expanded,simple,1,100000,1,1,0,0,,,5,0,5,proto_sw_2_3__seed_2781254137__global_l1_flow_v3__density_simple,,,proto_sw_2_3__seed_2781254137__global_l1_flow_v3__density_simple__baseline_independentcurve,proto_sw_2_3__seed_2781254137__global_l1_flow_v3__density_simple__baseline_independentcurve__selection,0.03745599999820115,raw_cases/C037/methods/IndependentCurve,1,0,1,0,0,0,0.0,0.02,1,0,0.0,0.9999999999999999,0,0.0,0.0,1,0,0.0,2.798343376946965,0.5795633943322581,5,0,5,1.034779267035861,0.2069558534071722,0.05989279974860209,0.338884878,0.015288057383040937,0.8,0.2,1.0,0.0,0.0,0.20332104,0.2,0.0,0.2,0.0,0.0,0.0,0.4,0.2,0.06060606099999999,0.15151515100000001,0.212121212,0.515151515,0.484848485,0.4,,0.0,0.0
C037,FixedSlot,proto_sw_2_3,expanded,simple,1,100000,1,1,1,1,,,5,2,5,proto_sw_2_3__seed_2781254137__global_l1_flow_v3__density_simple,,,proto_sw_2_3__seed_2781254137__global_l1_flow_v3__density_simple__baseline_fixedslot,proto_sw_2_3__seed_2781254137__global_l1_flow_v3__density_simple__baseline_fixedslot__unit_candidates_v2__global_unit_selection_joint_h2b,6.3327792000018235,raw_cases/C037/methods/FixedSlot,1,0,0,0,0,0,0.056353750711645875,0.02,0,0,0.0,0.9999999999999999,0,0.04641050589488602,0.014399777326227345,0,0,0.07028283637233596,2.2833856872726614,0.5650419066503014,5,2,5,1.8868706824699133,0.26955295463855905,0.14406529698627318,0.6251117580000001,0.027338039108187134,0.6,0.4,0.6,0.4,0.0,0.20332104,0.2,0.2,0.0,0.0,0.0,0.2,0.2,0.2,0.137143966,0.13821670000000003,0.15072133199999993,0.502043002,0.49795699800000004,0.2,,0.4,1.0
C037,LocalGreedy,proto_sw_2_3,expanded,simple,1,100000,1,1,1,1,,,5,4,5,proto_sw_2_3__seed_2781254137__global_l1_flow_v3__density_simple,proto_sw_2_3__seed_2781254137__global_l1_flow_v3__density_simple__unit_candidates_v2,645e69095167cac8f3826c2a85ee25406776ffc3f31aa81fd06cc94a053ac4b3,proto_sw_2_3__seed_2781254137__global_l1_flow_v3__density_simple,proto_sw_2_3__seed_2781254137__global_l1_flow_v3__density_simple__unit_candidates_v2__global_unit_selection_sparse5e,0.05156249999708962,raw_cases/C037/methods/LocalGreedy,1,0,0,0,0,0,0.038529166739163644,0.02,0,0,0.0,0.9999999999999999,0,0.13288599469071202,0.04773300517299183,0,0,0.0770596988536368,0.9487833855560848,0.34029472851916437,5,4,5,1.2544874958282797,0.13938749953647553,0.08517208524865166,0.37596921400000005,0.02047925804093567,0.6,0.4,0.6,0.0,0.4,0.20332104,0.0,0.2,0.2,0.0,0.0,0.2,0.2,0.2,0.151515152,0.151515152,0.181818182,0.363636363,0.636363637,0.2,,0.4,1.0
C037,Ours,proto_sw_2_3,expanded,simple,1,100000,1,1,1,1,,,5,2,5,proto_sw_2_3__seed_2781254137__global_l1_flow_v3__density_simple,proto_sw_2_3__seed_2781254137__global_l1_flow_v3__density_simple__unit_candidates_v2,645e69095167cac8f3826c2a85ee25406776ffc3f31aa81fd06cc94a053ac4b3,proto_sw_2_3__seed_2781254137__global_l1_flow_v3__density_simple,proto_sw_2_3__seed_2781254137__global_l1_flow_v3__density_simple__unit_candidates_v2__global_unit_selection_joint_h2b,0.04649710000012419,raw_cases/C037/methods/Ours,1,0,0,0,0,0,0.07699807105213884,0.02,0,0,0.0,0.9999999999999999,0,0.011132461801760403,0.005141451682591838,0,0,0.0770596988536368,0.9487833855560848,0.34029472851916437,5,2,5,1.0824780152734372,0.1546397164676339,0.08503216065127935,0.36825038700000007,0.017800849780701754,0.6,0.4,0.6,0.4,0.0,0.20332104,0.0,0.2,0.2,0.0,0.0,0.2,0.2,0.2,0.151515152,0.151515152,0.181818182,0.363636363,0.636363637,0.2,,0.4,1.0
C038,IndependentCurve,proto_sw_2_3,expanded,simple,2,100002,1,1,0,0,,,5,0,5,proto_sw_2_3__seed_1978891010__global_l1_flow_v3__density_simple,,,proto_sw_2_3__seed_1978891010__global_l1_flow_v3__density_simple__baseline_independentcurve,proto_sw_2_3__seed_1978891010__global_l1_flow_v3__density_simple__baseline_independentcurve__selection,0.037812599999597296,raw_cases/C038/methods/IndependentCurve,1,0,0,0,0,3,0.0,0.02,1,0,0.0,1.0,0,0.0,0.0,0,1,0.0,2.7753775699808365,0.7801217202189057,5,0,5,1.036175837753751,0.20723516755075022,0.05366295570771903,0.327497123,0.015910544590643276,0.4,0.6,1.0,0.0,0.0,0.197879639,0.2,0.2,0.0,0.0,0.0,0.2,0.2,0.2,0.12121212099999999,0.12121212199999998,0.15151515100000001,0.5151515150000001,0.4848484849999999,0.2,,0.0,0.0
C038,FixedSlot,proto_sw_2_3,expanded,simple,2,100002,1,1,1,1,,,5,2,5,proto_sw_2_3__seed_1978891010__global_l1_flow_v3__density_simple,,,proto_sw_2_3__seed_1978891010__global_l1_flow_v3__density_simple__baseline_fixedslot,proto_sw_2_3__seed_1978891010__global_l1_flow_v3__density_simple__baseline_fixedslot__unit_candidates_v2__global_unit_selection_joint_h2b,6.22216219999973,raw_cases/C038/methods/FixedSlot,1,0,0,0,0,0,0.028440058902656936,0.02,0,0,0.0,1.0,0,0.10806630746269316,0.03657263652306569,0,0,0.06644986258747176,1.3195988242962837,0.5149676998303837,5,2,5,2.0197899836286117,0.2885414262326588,0.1587584738654812,0.7220839669999999,0.030090688961988302,0.4,0.6,0.6,0.4,0.0,0.197879639,0.2,0.2,0.0,0.0,0.0,0.2,0.2,0.2,0.128232848,0.129733478,0.14932534099999994,0.528629533,0.47137046699999996,0.2,,0.4,1.0
C038,LocalGreedy,proto_sw_2_3,expanded,simple,2,100002,1,1,1,1,,,5,4,5,proto_sw_2_3__seed_1978891010__global_l1_flow_v3__density_simple,proto_sw_2_3__seed_1978891010__global_l1_flow_v3__density_simple__unit_candidates_v2,cf0c6a9532f70804af2d3c8b0e387e0b15f73875c301583725a34abaa968bd8a,proto_sw_2_3__seed_1978891010__global_l1_flow_v3__density_simple,proto_sw_2_3__seed_1978891010__global_l1_flow_v3__density_simple__unit_candidates_v2__global_unit_selection_sparse5e,0.052700299998832634,raw_cases/C038/methods/LocalGreedy,1,0,0,0,0,0,0.0566894052261587,0.02,0,0,0.0,1.0,0,0.5098118332555572,0.3153877142058912,0,0,0.0566992120725007,1.062493404036319,0.30980601519827305,5,4,5,1.370370904277538,0.15226343380861534,0.09908822500563479,0.428785927,0.0239172149122807,0.4,0.6,0.6,0.0,0.4,0.197879639,0.2,0.0,0.2,0.0,0.0,0.2,0.2,0.2,0.15151515100000001,0.15151515100000001,0.181818182,0.39393939400000005,0.606060606,0.2,,0.4,1.0
C038,Ours,proto_sw_2_3,expanded,simple,2,100002,1,1,1,1,,,5,2,5,proto_sw_2_3__seed_1978891010__global_l1_flow_v3__density_simple,proto_sw_2_3__seed_1978891010__global_l1_flow_v3__density_simple__unit_candidates_v2,cf0c6a9532f70804af2d3c8b0e387e0b15f73875c301583725a34abaa968bd8a,proto_sw_2_3__seed_1978891010__global_l1_flow_v3__density_simple,proto_sw_2_3__seed_1978891010__global_l1_flow_v3__density_simple__unit_candidates_v2__global_unit_selection_joint_h2b,0.04381009999997332,raw_cases/C038/methods/Ours,1,0,0,0,0,0,0.0566894052261587,0.02,0,0,0.0,1.0,0,0.026298397032058947,0.014907671919222482,0,0,0.0566992120725007,1.062493404036319,0.30980601519827305,5,2,5,1.124203159382993,0.16060045134042758,0.09765219981121247,0.458712129,0.02008520650584795,0.4,0.6,0.6,0.4,0.0,0.197879639,0.2,0.0,0.2,0.0,0.0,0.2,0.2,0.2,0.15151515100000001,0.15151515100000001,0.181818182,0.39393939400000005,0.606060606,0.2,,0.4,1.0
C039,IndependentCurve,proto_sw_2_3,expanded,medium,1,100006,1,1,0,0,,,6,0,6,proto_sw_2_3__seed_4182263884__global_l1_flow_v3__density_medium,,,proto_sw_2_3__seed_4182263884__global_l1_flow_v3__density_medium__baseline_independentcurve,proto_sw_2_3__seed_4182263884__global_l1_flow_v3__density_medium__baseline_independentcurve__selection,0.04686479999872972,raw_cases/C039/methods/IndependentCurve,1,0,2,0,0,0,0.0,0.02,1,0,0.0,0.9999999999999999,0,0.0,0.0,2,0,0.0,2.858442938225246,0.7062856216644756,6,0,6,1.2479519510378805,0.20799199183964676,0.07719329921049345,0.38144307600000005,0.014842607821637427,0.16666666666666666,0.8333333333333334,1.0,0.0,0.0,0.521000977,0.5,0.5,0.0,0.0,0.0,0.0,0.0,0.0,0.007575757500000002,0.045454545500000006,0.0833333335,0.818181818,0.181818182,0.5,,0.0,0.0
C039,FixedSlot,proto_sw_2_3,expanded,medium,1,100006,1,1,1,1,,,6,1,6,proto_sw_2_3__seed_4182263884__global_l1_flow_v3__density_medium,,,proto_sw_2_3__seed_4182263884__global_l1_flow_v3__density_medium__baseline_fixedslot,proto_sw_2_3__seed_4182263884__global_l1_flow_v3__density_medium__baseline_fixedslot__unit_candidates_v2__global_unit_selection_joint_h2b,9.131332699998893,raw_cases/C039/methods/FixedSlot,1,0,0,0,0,0,0.04355081402463339,0.02,0,0,0.0,0.9999999999999999,0,0.04860545461597725,0.024678583741976286,0,0,0.04378576974707155,3.2512754693655137,0.9665815586989913,6,1,6,2.1359994574438073,0.3051427796348296,0.13171681731463994,0.572003351,0.02986796418128655,0.5,0.5,0.8333333333333334,0.16666666666666666,0.0,0.521000977,0.16666666666666666,0.3333333333333333,0.0,0.0,0.0,0.16666666666666666,0.16666666666666666,0.16666666666666666,0.07343750000000002,0.10386345349999998,0.15084270724999999,0.49250198600000006,0.5074980139999999,0.3333333333333333,,0.16666666666666663,1.0
C039,LocalGreedy,proto_sw_2_3,expanded,medium,1,100006,1,1,1,1,,,6,1,6,proto_sw_2_3__seed_4182263884__global_l1_flow_v3__density_medium,proto_sw_2_3__seed_4182263884__global_l1_flow_v3__density_medium__unit_candidates_v2,fb1461fdaefbf0afa7e6f4a33ee822915926779e0b255770b9ba46cb40346310,proto_sw_2_3__seed_4182263884__global_l1_flow_v3__density_medium,proto_sw_2_3__seed_4182263884__global_l1_flow_v3__density_medium__unit_candidates_v2__global_unit_selection_sparse5e,0.048763400001917034,raw_cases/C039/methods/LocalGreedy,1,0,0,0,0,0,0.04672317918815392,0.02,0,0,0.0,0.9999999999999999,0,0.20592268004393205,0.11580801548072882,0,0,0.046760612450586,1.3242090000189184,0.3609163209259423,6,1,6,1.4565641687140647,0.20808059553058067,0.09671312833513464,0.430485353,0.02331186038011696,0.5,0.5,0.8333333333333334,0.16666666666666666,0.0,0.521000977,0.16666666666666666,0.16666666666666666,0.16666666666666666,0.0,0.0,0.16666666666666666,0.16666666666666666,0.16666666666666666,0.090909091,0.09090909100000001,0.18181818175,0.424242424,0.575757576,0.16666666666666666,,0.16666666666666663,1.0
C039,Ours,proto_sw_2_3,expanded,medium,1,100006,1,1,1,1,,,6,1,6,proto_sw_2_3__seed_4182263884__global_l1_flow_v3__density_medium,proto_sw_2_3__seed_4182263884__global_l1_flow_v3__density_medium__unit_candidates_v2,fb1461fdaefbf0afa7e6f4a33ee822915926779e0b255770b9ba46cb40346310,proto_sw_2_3__seed_4182263884__global_l1_flow_v3__density_medium,proto_sw_2_3__seed_4182263884__global_l1_flow_v3__density_medium__unit_candidates_v2__global_unit_selection_joint_h2b,0.05138699999952223,raw_cases/C039/methods/Ours,1,0,0,0,0,0,0.04672317918815392,0.02,0,0,0.0,0.9999999999999999,0,0.012020162163382756,0.007115071370211989,0,0,0.046760612450586,1.3242090000189184,0.3609163209259423,6,1,6,1.3857458931800428,0.1979636990257204,0.08370248695307704,0.43623794299999996,0.02286641081871345,0.5,0.5,0.8333333333333334,0.16666666666666666,0.0,0.521000977,0.16666666666666666,0.16666666666666666,0.16666666666666666,0.0,0.0,0.16666666666666666,0.16666666666666666,0.16666666666666666,0.090909091,0.09090909100000001,0.18181818175,0.424242424,0.575757576,0.16666666666666666,,0.16666666666666663,1.0
C040,IndependentCurve,proto_sw_2_3,expanded,medium,2,100023,1,1,0,0,,,6,0,6,proto_sw_2_3__seed_3230428333__global_l1_flow_v3__density_medium,,,proto_sw_2_3__seed_3230428333__global_l1_flow_v3__density_medium__baseline_independentcurve,proto_sw_2_3__seed_3230428333__global_l1_flow_v3__density_medium__baseline_independentcurve__selection,0.03956109999853652,raw_cases/C040/methods/IndependentCurve,1,0,2,0,0,0,0.0,0.02,1,0,0.0,0.9999999999999999,0,0.0,0.0,2,0,0.0,3.098707977299148,0.8875101312144186,6,0,6,1.245530746867577,0.2075884578112628,0.0670907116272391,0.367540026,0.018994426169590642,0.6666666666666666,0.3333333333333333,1.0,0.0,0.0,0.466455867,0.6666666666666666,0.16666666666666666,0.0,0.0,0.0,0.0,0.16666666666666666,0.0,0.03787878825,0.0606060605,0.19696969675,0.606060606,0.393939394,0.6666666666666666,,0.0,0.0
C040,FixedSlot,proto_sw_2_3,expanded,medium,2,100023,1,1,1,1,,,6,1,6,proto_sw_2_3__seed_3230428333__global_l1_flow_v3__density_medium,,,proto_sw_2_3__seed_3230428333__global_l1_flow_v3__density_medium__baseline_fixedslot,proto_sw_2_3__seed_3230428333__global_l1_flow_v3__density_medium__baseline_fixedslot__unit_candidates_v2__global_unit_selection_joint_h2b,8.60947429999942,raw_cases/C040/methods/FixedSlot,1,0,0,0,0,0,0.061574622337992366,0.02,0,0,0.0,0.9999999999999999,0,0.005317646664537932,0.0024484281889393072,0,0,0.06139643860782372,3.5020495647248064,0.8698781237138781,6,1,6,2.761071394168569,0.39443877059550986,0.17895001074714617,0.6417451829999999,0.03518480445906433,0.6666666666666666,0.3333333333333333,0.8333333333333334,0.16666666666666666,0.0,0.466455867,0.16666666666666666,0.3333333333333333,0.0,0.0,0.0,0.16666666666666666,0.16666666666666666,0.16666666666666666,0.09540234625000008,0.115687608,0.13568842174999993,0.465753832,0.534246168,0.3333333333333333,,0.16666666666666663,1.0
C040,LocalGreedy,proto_sw_2_3,expanded,medium,2,100023,1,1,1,1,,,6,1,6,proto_sw_2_3__seed_3230428333__global_l1_flow_v3__density_medium,proto_sw_2_3__seed_3230428333__global_l1_flow_v3__density_medium__unit_candidates_v2,f5b900d06a1b4894956eb2f721d503d48c1eb8669dd0fea0d147f17826cd6914,proto_sw_2_3__seed_3230428333__global_l1_flow_v3__density_medium,proto_sw_2_3__seed_3230428333__global_l1_flow_v3__density_medium__unit_candidates_v2__global_unit_selection_sparse5e,0.05066580000129761,raw_cases/C040/methods/LocalGreedy,1,0,0,0,0,0,0.041327870740994664,0.02,0,0,0.0,0.9999999999999999,0,0.12855091634684088,0.11498264018790882,0,0,0.04141051810712048,1.5330023702044926,0.35304478768897624,6,1,6,1.2379413906735364,0.1768487700962195,0.06452511009370972,0.3584961910000001,0.020256533260233918,0.5,0.5,0.8333333333333334,0.16666666666666666,0.0,0.466455867,0.16666666666666666,0.16666666666666666,0.16666666666666666,0.0,0.0,0.3333333333333333,0.0,0.16666666666666666,0.12121212099999998,0.136363636,0.15151515175,0.36363636400000005,0.636363636,0.3333333333333333,,0.16666666666666663,1.0
C040,Ours,proto_sw_2_3,expanded,medium,2,100023,1,1,1,1,,,6,1,6,proto_sw_2_3__seed_3230428333__global_l1_flow_v3__density_medium,proto_sw_2_3__seed_3230428333__global_l1_flow_v3__density_medium__unit_candidates_v2,f5b900d06a1b4894956eb2f721d503d48c1eb8669dd0fea0d147f17826cd6914,proto_sw_2_3__seed_3230428333__global_l1_flow_v3__density_medium,proto_sw_2_3__seed_3230428333__global_l1_flow_v3__density_medium__unit_candidates_v2__global_unit_selection_joint_h2b,0.045508999999583466,raw_cases/C040/methods/Ours,1,0,0,0,0,0,0.041327870740994664,0.02,0,0,0.0,0.9999999999999999,0,0.006387305272624887,0.005430499595871785,0,0,0.04141051810712048,1.5330023702044926,0.35304478768897624,6,1,6,1.2812432058856253,0.18303474369794648,0.07489095762169302,0.394637806,0.02187842653508772,0.5,0.5,0.8333333333333334,0.16666666666666666,0.0,0.466455867,0.16666666666666666,0.16666666666666666,0.16666666666666666,0.0,0.0,0.3333333333333333,0.0,0.16666666666666666,0.12121212099999998,0.136363636,0.15151515175,0.36363636400000005,0.636363636,0.3333333333333333,,0.16666666666666663,1.0
C041,IndependentCurve,proto_sw_2_3,expanded,rich,1,100003,1,1,0,0,,,7,0,7,proto_sw_2_3__seed_1964058663__global_l1_flow_v3__density_rich,,,proto_sw_2_3__seed_1964058663__global_l1_flow_v3__density_rich__baseline_independentcurve,proto_sw_2_3__seed_1964058663__global_l1_flow_v3__density_rich__baseline_independentcurve__selection,0.04280110000036075,raw_cases/C041/methods/IndependentCurve,1,0,2,0,0,9,0.0,0.02,1,0,0.0,1.0,0,0.0,0.0,2,3,0.0,6.62124037066643,0.9470071764475226,7,0,7,1.4550944415628884,0.20787063450898405,0.045863026057516014,0.19081088199999996,0.018777412280701754,0.5714285714285714,0.42857142857142855,1.0,0.0,0.0,0.707413667,0.0,0.14285714285714285,0.2857142857142857,0.0,0.0,0.14285714285714285,0.14285714285714285,0.2857142857142857,0.03030303050000001,0.121212121,0.212121212,0.39393939399999994,0.606060606,0.2857142857142857,,0.0,0.0
C041,FixedSlot,proto_sw_2_3,expanded,rich,1,100003,1,1,1,1,,,7,4,7,proto_sw_2_3__seed_1964058663__global_l1_flow_v3__density_rich,,,proto_sw_2_3__seed_1964058663__global_l1_flow_v3__density_rich__baseline_fixedslot,proto_sw_2_3__seed_1964058663__global_l1_flow_v3__density_rich__baseline_fixedslot__unit_candidates_v2__global_unit_selection_joint_h2b,18.52279439999984,raw_cases/C041/methods/FixedSlot,1,0,0,0,0,0,0.03294679991671318,0.02,0,0,0.0,1.0,0,0.36352969826316645,0.19050565314282933,0,0,0.03272884848510787,6.055390299797535,0.7573883577618888,7,4,7,3.4507233907633554,0.3137021264330323,0.18606873480176214,0.793694593,0.0519062956871345,0.42857142857142855,0.5714285714285714,0.5714285714285714,0.2857142857142857,0.14285714285714285,0.707413667,0.14285714285714285,0.2857142857142857,0.14285714285714285,0.0,0.0,0.14285714285714285,0.14285714285714285,0.14285714285714285,0.07333407700000001,0.09067629300000002,0.12078993849999997,0.460659753,0.5393402469999999,0.2857142857142857,,0.4285714285714286,1.0
C041,LocalGreedy,proto_sw_2_3,expanded,rich,1,100003,1,1,1,1,,,7,6,7,proto_sw_2_3__seed_1964058663__global_l1_flow_v3__density_rich,proto_sw_2_3__seed_1964058663__global_l1_flow_v3__density_rich__unit_candidates_v2,c338dbecd48ea8797bba1f02c431040403456874bff61f9c782ede739f9478ab,proto_sw_2_3__seed_1964058663__global_l1_flow_v3__density_rich,proto_sw_2_3__seed_1964058663__global_l1_flow_v3__density_rich__unit_candidates_v2__global_unit_selection_sparse5e,0.06931859999895096,raw_cases/C041/methods/LocalGreedy,1,0,0,0,0,0,0.032598852506021375,0.02,0,0,0.0,1.0,0,0.7994342537984004,0.22975136919389236,0,0,0.03266070685950264,1.4098981605871728,0.2733187389331393,7,6,7,1.8576355339321147,0.14289504107170112,0.08036611062185442,0.481706792,0.027920550073099414,0.5714285714285714,0.42857142857142855,0.5714285714285714,0.0,0.42857142857142855,0.707413667,0.14285714285714285,0.14285714285714285,0.14285714285714285,0.0,0.0,0.14285714285714285,0.2857142857142857,0.14285714285714285,0.09090909100000001,0.12121212099999999,0.121212121,0.36363636399999993,0.636363636,0.2857142857142857,,0.4285714285714286,1.0
C041,Ours,proto_sw_2_3,expanded,rich,1,100003,1,1,1,1,,,7,3,7,proto_sw_2_3__seed_1964058663__global_l1_flow_v3__density_rich,proto_sw_2_3__seed_1964058663__global_l1_flow_v3__density_rich__unit_candidates_v2,c338dbecd48ea8797bba1f02c431040403456874bff61f9c782ede739f9478ab,proto_sw_2_3__seed_1964058663__global_l1_flow_v3__density_rich,proto_sw_2_3__seed_1964058663__global_l1_flow_v3__density_rich__unit_candidates_v2__global_unit_selection_joint_h2b,0.1587067999971623,raw_cases/C041/methods/Ours,1,0,0,0,0,0,0.032598852506021375,0.02,0,0,0.0,1.0,0,0.04548210270667764,0.019043551292522224,0,0,0.03266070685950264,1.4098981605871728,0.2733187389331393,7,3,7,1.516963970921299,0.1516963970921299,0.07675781723723323,0.425911513,0.022175392909356724,0.5714285714285714,0.42857142857142855,0.5714285714285714,0.42857142857142855,0.0,0.707413667,0.14285714285714285,0.14285714285714285,0.14285714285714285,0.0,0.0,0.14285714285714285,0.2857142857142857,0.14285714285714285,0.09090909100000001,0.12121212099999999,0.121212121,0.36363636399999993,0.636363636,0.2857142857142857,,0.4285714285714286,1.0
C042,IndependentCurve,proto_sw_2_3,expanded,rich,2,100012,1,1,0,0,,,6,0,6,proto_sw_2_3__seed_608345505__global_l1_flow_v3__density_rich,,,proto_sw_2_3__seed_608345505__global_l1_flow_v3__density_rich__baseline_independentcurve,proto_sw_2_3__seed_608345505__global_l1_flow_v3__density_rich__baseline_independentcurve__selection,0.04695770000034827,raw_cases/C042/methods/IndependentCurve,1,0,2,0,0,6,0.0,0.02,1,0,0.0,0.9999999999999999,0,0.0,0.0,2,2,0.0,7.977134817807341,0.9231730435287853,6,0,6,1.2332251649966992,0.20553752749944987,0.04892435547214428,0.16228349799999997,0.015099597953216375,0.3333333333333333,0.6666666666666666,1.0,0.0,0.0,0.679385956,0.3333333333333333,0.0,0.0,0.0,0.0,0.3333333333333333,0.16666666666666666,0.16666666666666666,0.04545454525,0.106060606,0.14393939425,0.606060606,0.393939394,0.3333333333333333,,0.0,0.0
C042,FixedSlot,proto_sw_2_3,expanded,rich,2,100012,1,1,1,1,,,6,2,6,proto_sw_2_3__seed_608345505__global_l1_flow_v3__density_rich,,,proto_sw_2_3__seed_608345505__global_l1_flow_v3__density_rich__baseline_fixedslot,proto_sw_2_3__seed_608345505__global_l1_flow_v3__density_rich__baseline_fixedslot__unit_candidates_v2__global_unit_selection_joint_h2b,8.108465900000738,raw_cases/C042/methods/FixedSlot,1,0,0,0,0,0,0.06786588414086803,0.02,0,0,0.0,0.9999999999999999,0,0.062348388644521247,0.022548977766861655,0,0,0.06772738073510856,3.4946798109066726,0.8701370120633083,6,2,6,2.4668408521880405,0.30835510652350506,0.17656209594739802,0.7178276459999999,0.03697231359649123,0.5,0.5,0.6666666666666666,0.3333333333333333,0.0,0.679385956,0.16666666666666666,0.3333333333333333,0.0,0.0,0.0,0.0,0.3333333333333333,0.16666666666666666,0.07634822424999999,0.10524268550000004,0.11830040024999999,0.5313949199999999,0.4686050800000001,0.3333333333333333,,0.33333333333333337,1.0
C042,LocalGreedy,proto_sw_2_3,expanded,rich,2,100012,1,1,1,1,,,6,3,6,proto_sw_2_3__seed_608345505__global_l1_flow_v3__density_rich,proto_sw_2_3__seed_608345505__global_l1_flow_v3__density_rich__unit_candidates_v2,48e7c10359804ac92b1e24df57455af7961509ffd8e81f4816e4af7f6f16804a,proto_sw_2_3__seed_608345505__global_l1_flow_v3__density_rich,proto_sw_2_3__seed_608345505__global_l1_flow_v3__density_rich__unit_candidates_v2__global_unit_selection_sparse5e,0.049510600001667626,raw_cases/C042/methods/LocalGreedy,1,0,0,0,0,0,0.04005044569117955,0.02,0,0,0.0,0.9999999999999999,0,0.571557226433559,0.25673251052179963,0,0,0.040160869192529924,1.583652632956543,0.2999465565882512,6,3,6,1.8974264210913614,0.21082515789904016,0.11020487506817185,0.472751453,0.02922263340643275,0.5,0.5,0.6666666666666666,0.16666666666666666,0.16666666666666666,0.679385956,0.16666666666666666,0.16666666666666666,0.16666666666666666,0.0,0.0,0.16666666666666666,0.16666666666666666,0.16666666666666666,0.09848484850000001,0.136363636,0.15151515175,0.39393939399999994,0.606060606,0.16666666666666666,,0.33333333333333337,1.0
C042,Ours,proto_sw_2_3,expanded,rich,2,100012,1,1,1,1,,,6,2,6,proto_sw_2_3__seed_608345505__global_l1_flow_v3__density_rich,proto_sw_2_3__seed_608345505__global_l1_flow_v3__density_rich__unit_candidates_v2,48e7c10359804ac92b1e24df57455af7961509ffd8e81f4816e4af7f6f16804a,proto_sw_2_3__seed_608345505__global_l1_flow_v3__density_rich,proto_sw_2_3__seed_608345505__global_l1_flow_v3__density_rich__unit_candidates_v2__global_unit_selection_joint_h2b,0.047824499997659586,raw_cases/C042/methods/Ours,1,0,0,0,0,0,0.04005044569117955,0.02,0,0,0.0,0.9999999999999999,0,0.06649400800725475,0.027134679247290096,0,0,0.040160869192529924,1.583652632956543,0.2999465565882512,6,2,6,1.6963552828072732,0.21204441035090915,0.09215090636199857,0.39970386,0.02761216191520468,0.5,0.5,0.6666666666666666,0.3333333333333333,0.0,0.679385956,0.16666666666666666,0.16666666666666666,0.16666666666666666,0.0,0.0,0.16666666666666666,0.16666666666666666,0.16666666666666666,0.09848484850000001,0.136363636,0.15151515175,0.39393939399999994,0.606060606,0.16666666666666666,,0.33333333333333337,1.0
C043,IndependentCurve,proto_sw_2_3,compact,simple,1,100005,1,1,0,0,,,6,0,6,proto_sw_2_3__seed_1160715944__global_l1_flow_v3__density_simple,,,proto_sw_2_3__seed_1160715944__global_l1_flow_v3__density_simple__baseline_independentcurve,proto_sw_2_3__seed_1160715944__global_l1_flow_v3__density_simple__baseline_independentcurve__selection,0.04197279999789316,raw_cases/C043/methods/IndependentCurve,1,0,1,0,0,0,0.0,0.02,1,0,0.0,1.0,0,0.0,0.0,1,0,0.0,1.9327069488196396,0.8924895565408765,6,0,6,1.2495843306828869,0.2082640551138145,0.061910271107238825,0.475553559,0.02216968201754386,0.3333333333333333,0.6666666666666666,1.0,0.0,0.0,0.352835533,0.0,0.3333333333333333,0.0,0.0,0.0,0.16666666666666666,0.16666666666666666,0.3333333333333333,0.06818181849999999,0.106060606,0.1439393935,0.515151515,0.484848485,0.3333333333333333,,0.0,0.0
C043,FixedSlot,proto_sw_2_3,compact,simple,1,100005,1,1,1,1,,,6,1,6,proto_sw_2_3__seed_1160715944__global_l1_flow_v3__density_simple,,,proto_sw_2_3__seed_1160715944__global_l1_flow_v3__density_simple__baseline_fixedslot,proto_sw_2_3__seed_1160715944__global_l1_flow_v3__density_simple__baseline_fixedslot__unit_candidates_v2__global_unit_selection_joint_h2b,15.588489800000389,raw_cases/C043/methods/FixedSlot,1,0,0,0,0,0,0.06562093203794334,0.02,0,0,0.0,1.0,0,0.03054436387182609,0.01735844476122638,0,0,0.06563712545030045,4.082678815912269,0.635237070148544,6,1,6,2.255349667987434,0.3221928097124906,0.151827002700931,0.688911791,0.03936517726608187,0.5,0.5,0.8333333333333334,0.16666666666666666,0.0,0.352835533,0.16666666666666666,0.3333333333333333,0.0,0.0,0.0,0.0,0.3333333333333333,0.16666666666666666,0.07185765399999999,0.08854230600000004,0.1419963755,0.539479806,0.460520194,0.3333333333333333,,0.16666666666666663,1.0
C043,LocalGreedy,proto_sw_2_3,compact,simple,1,100005,1,1,1,1,,,6,1,6,proto_sw_2_3__seed_1160715944__global_l1_flow_v3__density_simple,proto_sw_2_3__seed_1160715944__global_l1_flow_v3__density_simple__unit_candidates_v2,eeb11b8f32f4122dc413050ec70e87e2c7bc03ec64f9bbc8785429e098f9b0db,proto_sw_2_3__seed_1160715944__global_l1_flow_v3__density_simple,proto_sw_2_3__seed_1160715944__global_l1_flow_v3__density_simple__unit_candidates_v2__global_unit_selection_sparse5e,0.05630270000256132,raw_cases/C043/methods/LocalGreedy,1,0,0,0,0,0,0.04435713827570427,0.02,0,0,0.0,1.0,0,0.4822387111938802,0.3286299560361786,0,0,0.04435713827570427,1.291623992976963,0.2561852184273196,6,1,6,1.252603893466347,0.1789434133523353,0.05486578407318643,0.34966290499999997,0.02186700475146199,0.5,0.5,0.8333333333333334,0.16666666666666666,0.0,0.352835533,0.16666666666666666,0.16666666666666666,0.16666666666666666,0.0,0.0,0.16666666666666666,0.0,0.3333333333333333,0.0984848485,0.12121212099999998,0.16666666675,0.393939394,0.606060606,0.3333333333333333,,0.16666666666666663,1.0
C043,Ours,proto_sw_2_3,compact,simple,1,100005,1,1,1,1,,,6,1,6,proto_sw_2_3__seed_1160715944__global_l1_flow_v3__density_simple,proto_sw_2_3__seed_1160715944__global_l1_flow_v3__density_simple__unit_candidates_v2,eeb11b8f32f4122dc413050ec70e87e2c7bc03ec64f9bbc8785429e098f9b0db,proto_sw_2_3__seed_1160715944__global_l1_flow_v3__density_simple,proto_sw_2_3__seed_1160715944__global_l1_flow_v3__density_simple__unit_candidates_v2__global_unit_selection_joint_h2b,0.04821319999973639,raw_cases/C043/methods/Ours,1,0,0,0,0,0,0.04435713827570427,0.02,0,0,0.0,1.0,0,0.0004651893221948636,0.0004194356336320671,0,0,0.04435713827570427,1.291623992976963,0.2561852184273196,6,1,6,1.2087880874441945,0.17268401249202778,0.059280158964621466,0.34966290499999997,0.021113167032163743,0.5,0.5,0.8333333333333334,0.16666666666666666,0.0,0.352835533,0.16666666666666666,0.16666666666666666,0.16666666666666666,0.0,0.0,0.16666666666666666,0.0,0.3333333333333333,0.0984848485,0.12121212099999998,0.16666666675,0.393939394,0.606060606,0.3333333333333333,,0.16666666666666663,1.0
C044,IndependentCurve,proto_sw_2_3,compact,simple,2,100016,1,1,0,0,,,6,0,6,proto_sw_2_3__seed_1160898339__global_l1_flow_v3__density_simple,,,proto_sw_2_3__seed_1160898339__global_l1_flow_v3__density_simple__baseline_independentcurve,proto_sw_2_3__seed_1160898339__global_l1_flow_v3__density_simple__baseline_independentcurve__selection,0.040725700000621146,raw_cases/C044/methods/IndependentCurve,1,0,2,0,0,0,0.0,0.02,1,0,0.0,1.0000000000000002,0,0.0,0.0,2,0,0.0,3.7899515274223035,0.6505672393798175,6,0,6,1.2555650520435833,0.2092608420072639,0.05431968272020269,0.277314284,0.019485562865497075,0.6666666666666666,0.3333333333333333,1.0,0.0,0.0,0.31145994,0.16666666666666666,0.3333333333333333,0.0,0.0,0.0,0.0,0.0,0.5,0.037878788250000066,0.0757575755,0.09090909100000008,0.696969697,0.303030303,0.5,,0.0,0.0
C044,FixedSlot,proto_sw_2_3,compact,simple,2,100016,1,1,1,1,,,6,2,6,proto_sw_2_3__seed_1160898339__global_l1_flow_v3__density_simple,,,proto_sw_2_3__seed_1160898339__global_l1_flow_v3__density_simple__baseline_fixedslot,proto_sw_2_3__seed_1160898339__global_l1_flow_v3__density_simple__baseline_fixedslot__unit_candidates_v2__global_unit_selection_joint_h2b,7.31571520000216,raw_cases/C044/methods/FixedSlot,1,0,0,0,0,0,0.030065496004991747,0.02,0,0,0.0,1.0000000000000002,0,0.07010124368495646,0.023858637955312154,0,0,0.0685284987358006,3.204313963484686,0.49470971979107253,6,2,6,2.3324598531724234,0.29155748164655293,0.161939323209003,0.805673971,0.035521747076023395,0.5,0.5,0.6666666666666666,0.3333333333333333,0.0,0.31145994,0.16666666666666666,0.3333333333333333,0.0,0.0,0.0,0.16666666666666666,0.16666666666666666,0.16666666666666666,0.06408062125,0.10875000000000001,0.18137024750000003,0.46657033699999995,0.533429663,0.3333333333333333,,0.33333333333333337,1.0
C044,LocalGreedy,proto_sw_2_3,compact,simple,2,100016,1,1,1,1,,,6,4,6,proto_sw_2_3__seed_1160898339__global_l1_flow_v3__density_simple,proto_sw_2_3__seed_1160898339__global_l1_flow_v3__density_simple__unit_candidates_v2,ae2d2ba54da100608af5fe7a8684350db54719828b6018729bc3571068d09214,proto_sw_2_3__seed_1160898339__global_l1_flow_v3__density_simple,proto_sw_2_3__seed_1160898339__global_l1_flow_v3__density_simple__unit_candidates_v2__global_unit_selection_sparse5e,0.05983779999951366,raw_cases/C044/methods/LocalGreedy,1,0,0,1,0,1,0.03003287107211066,0.02,0,0,0.0,1.0000000000000002,0,0.7410332924888614,0.37242999365820734,0,0,0.03990447238030426,0.7004665700935859,0.17143690334048997,6,4,6,1.488952060458784,0.14889520604587841,0.07647770039513048,0.39263042300000006,0.015413697002923976,0.5,0.5,0.6666666666666666,0.0,0.3333333333333333,0.31145994,0.16666666666666666,0.16666666666666666,0.16666666666666666,0.0,0.0,0.16666666666666666,0.16666666666666666,0.16666666666666666,0.106060606,0.15151515100000001,0.15151515175,0.36363636399999993,0.636363636,0.16666666666666666,,0.33333333333333337,0.0
C044,Ours,proto_sw_2_3,compact,simple,2,100016,1,1,1,1,,,6,2,6,proto_sw_2_3__seed_1160898339__global_l1_flow_v3__density_simple,proto_sw_2_3__seed_1160898339__global_l1_flow_v3__density_simple__unit_candidates_v2,ae2d2ba54da100608af5fe7a8684350db54719828b6018729bc3571068d09214,proto_sw_2_3__seed_1160898339__global_l1_flow_v3__density_simple,proto_sw_2_3__seed_1160898339__global_l1_flow_v3__density_simple__unit_candidates_v2__global_unit_selection_joint_h2b,0.05166730000200914,raw_cases/C044/methods/Ours,1,0,0,0,0,0,0.039850823675156286,0.02,0,0,0.0,1.0000000000000002,0,0.023882786628143866,0.011828500426983489,0,0,0.03990447238030426,0.7004665700935859,0.17143690334048997,6,2,6,1.1550582909582348,0.14438228636977934,0.059517702664299815,0.32485115500000006,0.01680144371345029,0.5,0.5,0.6666666666666666,0.3333333333333333,0.0,0.31145994,0.16666666666666666,0.16666666666666666,0.16666666666666666,0.0,0.0,0.16666666666666666,0.16666666666666666,0.16666666666666666,0.106060606,0.15151515100000001,0.15151515175,0.36363636399999993,0.636363636,0.16666666666666666,,0.33333333333333337,1.0
C045,IndependentCurve,proto_sw_2_3,compact,medium,1,100004,1,1,0,0,,,6,0,6,proto_sw_2_3__seed_3906224916__global_l1_flow_v3__density_medium,,,proto_sw_2_3__seed_3906224916__global_l1_flow_v3__density_medium__baseline_independentcurve,proto_sw_2_3__seed_3906224916__global_l1_flow_v3__density_medium__baseline_independentcurve__selection,0.042320399999880465,raw_cases/C045/methods/IndependentCurve,1,0,1,0,0,0,0.0,0.02,1,0,0.0,0.9999999999999999,0,0.0,0.0,1,0,0.0,3.7674941454322046,0.8872344332285191,6,0,6,1.257833084896506,0.209638847482751,0.06935511748161528,0.280136747,0.022312454312865496,1.0,0.0,1.0,0.0,0.0,0.451624997,0.3333333333333333,0.16666666666666666,0.0,0.0,0.0,0.0,0.16666666666666666,0.3333333333333333,0.06060606025000001,0.06060606099999999,0.06060606099999999,0.727272727,0.272727273,0.3333333333333333,,0.0,0.0
C045,FixedSlot,proto_sw_2_3,compact,medium,1,100004,1,1,1,1,,,6,2,6,proto_sw_2_3__seed_3906224916__global_l1_flow_v3__density_medium,,,proto_sw_2_3__seed_3906224916__global_l1_flow_v3__density_medium__baseline_fixedslot,proto_sw_2_3__seed_3906224916__global_l1_flow_v3__density_medium__baseline_fixedslot__unit_candidates_v2__global_unit_selection_joint_h2b,15.173564699998678,raw_cases/C045/methods/FixedSlot,1,0,0,0,0,0,0.07867423905584711,0.02,0,0,0.0,0.9999999999999999,0,0.06155594160782621,0.023763681950228415,0,0,0.07867423905584711,3.8993924321219913,0.49241540848368254,6,2,6,2.383200461075339,0.29790005763441735,0.1477755963596398,0.7196055719999999,0.04153531615497076,0.5,0.5,0.6666666666666666,0.3333333333333333,0.0,0.451624997,0.16666666666666666,0.3333333333333333,0.0,0.0,0.0,0.16666666666666666,0.3333333333333333,0.0,0.07748630875000001,0.10220890599999999,0.18423456175,0.45610787500000005,0.543892125,0.3333333333333333,,0.33333333333333337,1.0
C045,LocalGreedy,proto_sw_2_3,compact,medium,1,100004,1,1,1,1,,,6,3,6,proto_sw_2_3__seed_3906224916__global_l1_flow_v3__density_medium,proto_sw_2_3__seed_3906224916__global_l1_flow_v3__density_medium__unit_candidates_v2,eb74c711024636ee791ccd61e648e56e168df27d26ea19ab0212a2c35651ff1d,proto_sw_2_3__seed_3906224916__global_l1_flow_v3__density_medium,proto_sw_2_3__seed_3906224916__global_l1_flow_v3__density_medium__unit_candidates_v2__global_unit_selection_sparse5e,0.05385109999770066,raw_cases/C045/methods/LocalGreedy,1,0,0,0,0,0,0.031816857265598956,0.02,0,0,0.0,0.9999999999999999,0,0.8062808505170527,0.38907551077823066,0,0,0.03181699040810108,0.6249705057787841,0.18336729642175084,6,3,6,1.508844780800533,0.16764942008894812,0.08299169344720292,0.419577055,0.02352316337719298,0.5,0.5,0.6666666666666666,0.16666666666666666,0.16666666666666666,0.451624997,0.16666666666666666,0.3333333333333333,0.16666666666666666,0.0,0.0,0.16666666666666666,0.16666666666666666,0.0,0.090909091,0.09090909100000001,0.18181818175,0.42424242500000003,0.5757575749999999,0.3333333333333333,,0.33333333333333337,1.0
C045,Ours,proto_sw_2_3,compact,medium,1,100004,1,1,1,1,,,6,3,6,proto_sw_2_3__seed_3906224916__global_l1_flow_v3__density_medium,proto_sw_2_3__seed_3906224916__global_l1_flow_v3__density_medium__unit_candidates_v2,eb74c711024636ee791ccd61e648e56e168df27d26ea19ab0212a2c35651ff1d,proto_sw_2_3__seed_3906224916__global_l1_flow_v3__density_medium,proto_sw_2_3__seed_3906224916__global_l1_flow_v3__density_medium__unit_candidates_v2__global_unit_selection_joint_h2b,0.06403539999882923,raw_cases/C045/methods/Ours,1,0,0,0,0,0,0.031816857265598956,0.02,0,0,0.0,0.9999999999999999,0,0.03849123255037678,0.014217248693644227,0,0,0.03181699040810108,0.6249705057787841,0.18336729642175084,6,3,6,1.4336925752675678,0.15929917502972976,0.092809686447879,0.49962714100000005,0.024054276315789474,0.5,0.5,0.6666666666666666,0.16666666666666666,0.16666666666666666,0.451624997,0.16666666666666666,0.3333333333333333,0.16666666666666666,0.0,0.0,0.16666666666666666,0.16666666666666666,0.0,0.090909091,0.09090909100000001,0.18181818175,0.42424242500000003,0.5757575749999999,0.3333333333333333,,0.33333333333333337,1.0
C046,IndependentCurve,proto_sw_2_3,compact,medium,2,100013,1,1,0,0,,,6,0,6,proto_sw_2_3__seed_1575422959__global_l1_flow_v3__density_medium,,,proto_sw_2_3__seed_1575422959__global_l1_flow_v3__density_medium__baseline_independentcurve,proto_sw_2_3__seed_1575422959__global_l1_flow_v3__density_medium__baseline_independentcurve__selection,0.0456211999990046,raw_cases/C046/methods/IndependentCurve,1,0,1,0,0,6,0.0,0.02,1,0,0.0,1.0000000000000002,0,0.0,0.0,1,2,0.0,2.274722065234089,0.8020718812805278,6,0,6,1.2502769187981893,0.20837948646636487,0.06430379642303723,0.43563859499999996,0.015590734649122808,0.6666666666666666,0.3333333333333333,1.0,0.0,0.0,0.489860654,0.5,0.0,0.0,0.0,0.0,0.0,0.0,0.5,0.030303030999999987,0.04545454550000001,0.06060606000000002,0.787878788,0.212121212,0.5,,0.0,0.0
C046,FixedSlot,proto_sw_2_3,compact,medium,2,100013,1,1,1,1,,,6,1,6,proto_sw_2_3__seed_1575422959__global_l1_flow_v3__density_medium,,,proto_sw_2_3__seed_1575422959__global_l1_flow_v3__density_medium__baseline_fixedslot,proto_sw_2_3__seed_1575422959__global_l1_flow_v3__density_medium__baseline_fixedslot__unit_candidates_v2__global_unit_selection_joint_h2b,11.14612649999981,raw_cases/C046/methods/FixedSlot,1,0,0,0,0,0,0.08410017097107463,0.02,0,0,0.0,1.0000000000000002,0,0.03286403743743496,0.023466969878592547,0,0,0.08410017097107463,4.443986056744352,0.563305966777586,6,1,6,2.499199116131068,0.3570284451615811,0.15501931284074386,0.823850683,0.04368832236842105,0.5,0.5,0.8333333333333334,0.16666666666666666,0.0,0.489860654,0.16666666666666666,0.16666666666666666,0.0,0.0,0.0,0.16666666666666666,0.3333333333333333,0.16666666666666666,0.07491528649999996,0.11406995900000005,0.16555364449999999,0.46569262599999994,0.5343073740000001,0.3333333333333333,,0.16666666666666663,1.0
C046,LocalGreedy,proto_sw_2_3,compact,medium,2,100013,1,1,1,1,,,6,2,6,proto_sw_2_3__seed_1575422959__global_l1_flow_v3__density_medium,proto_sw_2_3__seed_1575422959__global_l1_flow_v3__density_medium__unit_candidates_v2,32b7206f4bfbdc9c545e34b4a1ee53a0e70b52e37ed547dd22f5b69575e51ad8,proto_sw_2_3__seed_1575422959__global_l1_flow_v3__density_medium,proto_sw_2_3__seed_1575422959__global_l1_flow_v3__density_medium__unit_candidates_v2__global_unit_selection_sparse5e,0.04993960000138031,raw_cases/C046/methods/LocalGreedy,1,0,0,0,0,0,0.07958688883844672,0.02,0,0,0.0,1.0000000000000002,0,0.07284704727822579,0.05022847909409558,0,0,0.07958688883844672,0.5918031609398493,0.18053755565044183,6,2,6,1.3080731585300107,0.16350914481625134,0.06959831432352602,0.37067199400000006,0.023106268274853802,0.5,0.5,0.8333333333333334,0.0,0.16666666666666666,0.489860654,0.16666666666666666,0.16666666666666666,0.16666666666666666,0.0,0.0,0.0,0.16666666666666666,0.3333333333333333,0.0984848485,0.121212121,0.12121212174999998,0.454545454,0.545454546,0.3333333333333333,,0.16666666666666663,1.0
C046,Ours,proto_sw_2_3,compact,medium,2,100013,1,1,1,1,,,6,1,6,proto_sw_2_3__seed_1575422959__global_l1_flow_v3__density_medium,proto_sw_2_3__seed_1575422959__global_l1_flow_v3__density_medium__unit_candidates_v2,32b7206f4bfbdc9c545e34b4a1ee53a0e70b52e37ed547dd22f5b69575e51ad8,proto_sw_2_3__seed_1575422959__global_l1_flow_v3__density_medium,proto_sw_2_3__seed_1575422959__global_l1_flow_v3__density_medium__unit_candidates_v2__global_unit_selection_joint_h2b,0.050270699997781776,raw_cases/C046/methods/Ours,1,0,0,0,0,0,0.07958688883844672,0.02,0,0,0.0,1.0000000000000002,0,0.0019279895256370295,0.0010861167052557397,0,0,0.07958688883844672,0.5918031609398493,0.18053755565044183,6,1,6,1.3022922714497154,0.18604175306424506,0.08460678655230847,0.403175764,0.02331186038011696,0.5,0.5,0.8333333333333334,0.16666666666666666,0.0,0.489860654,0.16666666666666666,0.16666666666666666,0.16666666666666666,0.0,0.0,0.0,0.16666666666666666,0.3333333333333333,0.0984848485,0.121212121,0.12121212174999998,0.454545454,0.545454546,0.3333333333333333,,0.16666666666666663,1.0
C047,IndependentCurve,proto_sw_2_3,compact,rich,1,100014,1,1,0,0,,,6,0,6,proto_sw_2_3__seed_3322687601__global_l1_flow_v3__density_rich,,,proto_sw_2_3__seed_3322687601__global_l1_flow_v3__density_rich__baseline_independentcurve,proto_sw_2_3__seed_3322687601__global_l1_flow_v3__density_rich__baseline_independentcurve__selection,0.03938920000291546,raw_cases/C047/methods/IndependentCurve,1,0,0,0,0,0,0.015192837094346911,0.02,1,0,0.0,1.0,0,0.0,0.0,0,0,0.015192837094346911,2.235586561422852,0.8630106489285737,6,0,6,1.2463189913488422,0.2077198318914737,0.07491020280928115,0.4161701400000001,0.02070769371345029,0.3333333333333333,0.6666666666666666,1.0,0.0,0.0,0.645549643,0.0,0.6666666666666666,0.0,0.0,0.0,0.0,0.3333333333333333,0.0,0.03030303000000001,0.04545454550000001,0.21969697,0.575757576,0.424242424,0.6666666666666666,,0.0,0.0
C047,FixedSlot,proto_sw_2_3,compact,rich,1,100014,1,1,1,1,,,6,2,6,proto_sw_2_3__seed_3322687601__global_l1_flow_v3__density_rich,,,proto_sw_2_3__seed_3322687601__global_l1_flow_v3__density_rich__baseline_fixedslot,proto_sw_2_3__seed_3322687601__global_l1_flow_v3__density_rich__baseline_fixedslot__unit_candidates_v2__global_unit_selection_joint_h2b,11.428442400003405,raw_cases/C047/methods/FixedSlot,1,0,0,0,0,0,0.0751624718618943,0.02,0,0,0.0,1.0,0,0.1092052784162876,0.0442658789264583,0,0,0.0751624718618943,4.146638431117139,0.5766100560136184,6,2,6,2.3982140719239693,0.29977675899049616,0.15619143794074797,0.799122928,0.0416609557748538,0.5,0.5,0.6666666666666666,0.3333333333333333,0.0,0.645549643,0.16666666666666666,0.16666666666666666,0.0,0.0,0.0,0.16666666666666666,0.3333333333333333,0.16666666666666666,0.07601174600000002,0.11832928250000002,0.16367701175000002,0.465439597,0.534560403,0.3333333333333333,,0.33333333333333337,1.0
C047,LocalGreedy,proto_sw_2_3,compact,rich,1,100014,1,1,1,1,,,6,4,6,proto_sw_2_3__seed_3322687601__global_l1_flow_v3__density_rich,proto_sw_2_3__seed_3322687601__global_l1_flow_v3__density_rich__unit_candidates_v2,e7ac20b8ac41288eb7daab883e72421a66fa3b88d7f0b171b4340e81ad01f84e,proto_sw_2_3__seed_3322687601__global_l1_flow_v3__density_rich,proto_sw_2_3__seed_3322687601__global_l1_flow_v3__density_rich__unit_candidates_v2__global_unit_selection_sparse5e,0.05421019999994314,raw_cases/C047/methods/LocalGreedy,1,0,0,0,0,0,0.041022201474823466,0.02,0,1,0.0,1.0,0,0.4804961477185388,0.25328804793515397,0,0,0.041680851417928017,1.0544561488063307,0.32878793441009885,6,4,6,1.769145782341414,0.17691457823414136,0.0959290137958165,0.49322727299999997,0.027703536184210526,0.5,0.5,0.6666666666666666,0.0,0.3333333333333333,0.645549643,0.0,0.16666666666666666,0.16666666666666666,0.0,0.0,0.16666666666666666,0.16666666666666666,0.3333333333333333,0.12121212125,0.12121212199999999,0.16666666625,0.36363636299999996,0.6363636370000001,0.3333333333333333,,0.33333333333333337,0.0
C047,Ours,proto_sw_2_3,compact,rich,1,100014,1,1,1,1,,,6,3,6,proto_sw_2_3__seed_3322687601__global_l1_flow_v3__density_rich,proto_sw_2_3__seed_3322687601__global_l1_flow_v3__density_rich__unit_candidates_v2,e7ac20b8ac41288eb7daab883e72421a66fa3b88d7f0b171b4340e81ad01f84e,proto_sw_2_3__seed_3322687601__global_l1_flow_v3__density_rich,proto_sw_2_3__seed_3322687601__global_l1_flow_v3__density_rich__unit_candidates_v2__global_unit_selection_joint_h2b,0.08218649999980698,raw_cases/C047/methods/Ours,1,0,0,0,0,0,0.041022201474823466,0.02,0,1,0.0,1.0,0,0.035556271106751795,0.013694477229190871,0,0,0.041680851417928017,1.0544561488063307,0.32878793441009885,6,3,6,1.6538213828219148,0.1837579314246572,0.10085816981256408,0.5408503739999999,0.0258703399122807,0.5,0.5,0.6666666666666666,0.16666666666666666,0.16666666666666666,0.645549643,0.0,0.16666666666666666,0.16666666666666666,0.0,0.0,0.16666666666666666,0.16666666666666666,0.3333333333333333,0.12121212125,0.12121212199999999,0.16666666625,0.36363636299999996,0.6363636370000001,0.3333333333333333,,0.33333333333333337,0.0
C048,IndependentCurve,proto_sw_2_3,compact,rich,2,100032,1,1,0,0,,,6,0,6,proto_sw_2_3__seed_279600048__global_l1_flow_v3__density_rich,,,proto_sw_2_3__seed_279600048__global_l1_flow_v3__density_rich__baseline_independentcurve,proto_sw_2_3__seed_279600048__global_l1_flow_v3__density_rich__baseline_independentcurve__selection,0.040379899997788016,raw_cases/C048/methods/IndependentCurve,1,0,0,0,0,3,0.0,0.02,1,0,0.0,0.9999999999999999,0,0.0,0.0,0,1,0.0,3.513575435992202,0.6803416445949155,6,0,6,1.2461284719736292,0.20768807866227154,0.0698361814851372,0.36808943699999996,0.01854326571637427,0.5,0.5,1.0,0.0,0.0,0.659567382,0.3333333333333333,0.0,0.16666666666666666,0.0,0.0,0.0,0.0,0.5,0.037878788499999996,0.07575757550000001,0.13636363575,0.6666666670000001,0.3333333329999999,0.5,,0.0,0.0
C048,FixedSlot,proto_sw_2_3,compact,rich,2,100032,1,1,1,1,,,6,2,6,proto_sw_2_3__seed_279600048__global_l1_flow_v3__density_rich,,,proto_sw_2_3__seed_279600048__global_l1_flow_v3__density_rich__baseline_fixedslot,proto_sw_2_3__seed_279600048__global_l1_flow_v3__density_rich__baseline_fixedslot__unit_candidates_v2__global_unit_selection_joint_h2b,15.046760499997617,raw_cases/C048/methods/FixedSlot,1,0,0,0,0,0,0.07408827868516359,0.02,0,0,0.0,0.9999999999999999,0,0.03694337460197863,0.0220633606281215,0,0,0.0741775929035665,3.3715470238706846,0.5620949283907194,6,2,6,2.4384313789399172,0.30480392236748965,0.16193663673760117,0.714606165,0.04230057565789474,0.6666666666666666,0.3333333333333333,0.6666666666666666,0.3333333333333333,0.0,0.659567382,0.16666666666666666,0.16666666666666666,0.16666666666666666,0.0,0.0,0.16666666666666666,0.16666666666666666,0.16666666666666666,0.08889694899999996,0.11036219049999996,0.16420788775000003,0.4326141130000001,0.5673858869999999,0.16666666666666666,,0.33333333333333337,1.0
C048,LocalGreedy,proto_sw_2_3,compact,rich,2,100032,1,1,1,1,,,6,3,6,proto_sw_2_3__seed_279600048__global_l1_flow_v3__density_rich,proto_sw_2_3__seed_279600048__global_l1_flow_v3__density_rich__unit_candidates_v2,1163ae890eb204b1f7c1f79fd236ce9ae8588224ecf77a92dadf6557234ed577,proto_sw_2_3__seed_279600048__global_l1_flow_v3__density_rich,proto_sw_2_3__seed_279600048__global_l1_flow_v3__density_rich__unit_candidates_v2__global_unit_selection_sparse5e,0.05365140000139945,raw_cases/C048/methods/LocalGreedy,1,0,0,0,0,0,0.08527335968485346,0.02,0,0,0.0,0.9999999999999999,0,0.2274214883041423,0.1250679845391736,0,0,0.08527335968485346,1.4922321290590146,0.3464146949886627,6,3,6,1.7733406979486825,0.19703785532763135,0.11397818003857833,0.597126329,0.030913057383040937,0.5,0.5,0.6666666666666666,0.16666666666666666,0.16666666666666666,0.659567382,0.16666666666666666,0.16666666666666666,0.16666666666666666,0.0,0.0,0.16666666666666666,0.16666666666666666,0.16666666666666666,0.10606060625000002,0.151515152,0.17424242375000001,0.333333333,0.666666667,0.16666666666666666,,0.33333333333333337,1.0
C048,Ours,proto_sw_2_3,compact,rich,2,100032,1,1,1,1,,,6,2,6,proto_sw_2_3__seed_279600048__global_l1_flow_v3__density_rich,proto_sw_2_3__seed_279600048__global_l1_flow_v3__density_rich__unit_candidates_v2,1163ae890eb204b1f7c1f79fd236ce9ae8588224ecf77a92dadf6557234ed577,proto_sw_2_3__seed_279600048__global_l1_flow_v3__density_rich,proto_sw_2_3__seed_279600048__global_l1_flow_v3__density_rich__unit_candidates_v2__global_unit_selection_joint_h2b,0.058266700001695426,raw_cases/C048/methods/Ours,1,0,0,0,0,0,0.08527335968485346,0.02,0,0,0.0,0.9999999999999999,0,0.023470189414778568,0.009730108839310853,0,0,0.08527335968485346,1.4922321290590146,0.3464146949886627,6,2,6,1.5627045281940766,0.19533806602425957,0.09603254811019032,0.546760242,0.027669270833333332,0.5,0.5,0.6666666666666666,0.3333333333333333,0.0,0.659567382,0.16666666666666666,0.16666666666666666,0.16666666666666666,0.0,0.0,0.16666666666666666,0.16666666666666666,0.16666666666666666,0.10606060625000002,0.151515152,0.17424242375000001,0.333333333,0.666666667,0.16666666666666666,,0.33333333333333337,1.0
C049,IndependentCurve,proto_sw_2_3,swept,simple,1,100015,1,1,0,0,,,6,0,6,proto_sw_2_3__seed_1105195513__global_l1_flow_v3__density_simple,,,proto_sw_2_3__seed_1105195513__global_l1_flow_v3__density_simple__baseline_independentcurve,proto_sw_2_3__seed_1105195513__global_l1_flow_v3__density_simple__baseline_independentcurve__selection,0.04871830000047339,raw_cases/C049/methods/IndependentCurve,1,0,2,0,0,9,0.0,0.02,1,0,0.0,1.0,0,0.0,0.0,2,3,0.0,2.804744178224473,0.7453992904989214,6,0,6,1.2483202992625568,0.20805338321042613,0.06604789593030165,0.38376317300000007,0.01533374451754386,0.8333333333333334,0.16666666666666666,1.0,0.0,0.0,0.353821416,0.3333333333333333,0.0,0.0,0.0,0.0,0.0,0.16666666666666666,0.5,0.037878787500000004,0.0606060605,0.0833333335,0.757575758,0.242424242,0.5,,0.0,0.0
C049,FixedSlot,proto_sw_2_3,swept,simple,1,100015,1,1,1,1,,,6,2,6,proto_sw_2_3__seed_1105195513__global_l1_flow_v3__density_simple,,,proto_sw_2_3__seed_1105195513__global_l1_flow_v3__density_simple__baseline_fixedslot,proto_sw_2_3__seed_1105195513__global_l1_flow_v3__density_simple__baseline_fixedslot__unit_candidates_v2__global_unit_selection_joint_h2b,13.147025800000847,raw_cases/C049/methods/FixedSlot,1,0,0,0,0,0,0.06932811179530741,0.02,0,0,0.0,1.0,0,0.018845420644394213,0.007416507728390888,0,0,0.06932811179530741,3.9763025073896188,0.8182707839144009,6,2,6,2.6346493699622395,0.32933117124527994,0.1702010723379697,0.8088556450000001,0.045824195906432746,0.5,0.5,0.6666666666666666,0.3333333333333333,0.0,0.353821416,0.16666666666666666,0.3333333333333333,0.0,0.0,0.0,0.16666666666666666,0.16666666666666666,0.16666666666666666,0.08333976525,0.10875000000000001,0.14805074099999993,0.486398518,0.513601482,0.3333333333333333,,0.33333333333333337,1.0
C049,LocalGreedy,proto_sw_2_3,swept,simple,1,100015,1,1,1,1,,,6,3,6,proto_sw_2_3__seed_1105195513__global_l1_flow_v3__density_simple,proto_sw_2_3__seed_1105195513__global_l1_flow_v3__density_simple__unit_candidates_v2,8e63785bca2494cd64898a8952db1a7825f582d3c80239824d6ae301fe91cca8,proto_sw_2_3__seed_1105195513__global_l1_flow_v3__density_simple,proto_sw_2_3__seed_1105195513__global_l1_flow_v3__density_simple__unit_candidates_v2__global_unit_selection_sparse5e,0.04350970000086818,raw_cases/C049/methods/LocalGreedy,1,0,0,0,0,0,0.042244290799769456,0.02,0,0,0.0,1.0,0,0.5900885327962966,0.34908600814213164,0,0,0.04240009271374661,1.487639474135027,0.3562270639294483,6,3,6,1.3106204622576765,0.1456244958064085,0.07580425199963525,0.389661299,0.016424524853801168,0.5,0.5,0.6666666666666666,0.16666666666666666,0.16666666666666666,0.353821416,0.16666666666666666,0.0,0.16666666666666666,0.0,0.0,0.16666666666666666,0.3333333333333333,0.16666666666666666,0.0984848485,0.12121212149999999,0.166666667,0.393939394,0.606060606,0.3333333333333333,,0.33333333333333337,1.0
C049,Ours,proto_sw_2_3,swept,simple,1,100015,1,1,1,1,,,6,2,6,proto_sw_2_3__seed_1105195513__global_l1_flow_v3__density_simple,proto_sw_2_3__seed_1105195513__global_l1_flow_v3__density_simple__unit_candidates_v2,8e63785bca2494cd64898a8952db1a7825f582d3c80239824d6ae301fe91cca8,proto_sw_2_3__seed_1105195513__global_l1_flow_v3__density_simple,proto_sw_2_3__seed_1105195513__global_l1_flow_v3__density_simple__unit_candidates_v2__global_unit_selection_joint_h2b,0.05065470000045025,raw_cases/C049/methods/Ours,1,0,0,0,0,0,0.042244290799769456,0.02,0,0,0.0,1.0,0,0.03947624091951162,0.03240095000495459,0,0,0.04240009271374661,1.487639474135027,0.3562270639294483,6,2,6,1.1973309086381045,0.14966636357976307,0.06587489429080573,0.42764672000000004,0.016464501096491228,0.5,0.5,0.6666666666666666,0.3333333333333333,0.0,0.353821416,0.16666666666666666,0.0,0.16666666666666666,0.0,0.0,0.16666666666666666,0.3333333333333333,0.16666666666666666,0.0984848485,0.12121212149999999,0.166666667,0.393939394,0.606060606,0.3333333333333333,,0.33333333333333337,1.0
C050,IndependentCurve,proto_sw_2_3,swept,simple,2,100022,1,1,0,0,,,5,0,5,proto_sw_2_3__seed_1900972879__global_l1_flow_v3__density_simple,,,proto_sw_2_3__seed_1900972879__global_l1_flow_v3__density_simple__baseline_independentcurve,proto_sw_2_3__seed_1900972879__global_l1_flow_v3__density_simple__baseline_independentcurve__selection,0.04209890000129235,raw_cases/C050/methods/IndependentCurve,1,0,1,0,0,0,0.0,0.02,1,0,0.0,1.0000000000000002,0,0.0,0.0,1,0,0.0,1.3654248683089751,0.4331151231252582,5,0,5,1.0720740709293455,0.2144148141858691,0.06081773323311483,0.420917169,0.019028691520467836,0.8,0.2,1.0,0.0,0.0,0.217394176,0.0,0.2,0.0,0.0,0.0,0.2,0.2,0.4,0.090909091,0.121212121,0.2424242430000001,0.45454545399999996,0.545454546,0.4,,0.0,0.0
C050,FixedSlot,proto_sw_2_3,swept,simple,2,100022,1,1,1,1,,,5,2,5,proto_sw_2_3__seed_1900972879__global_l1_flow_v3__density_simple,,,proto_sw_2_3__seed_1900972879__global_l1_flow_v3__density_simple__baseline_fixedslot,proto_sw_2_3__seed_1900972879__global_l1_flow_v3__density_simple__baseline_fixedslot__unit_candidates_v2__global_unit_selection_joint_h2b,10.040525399999751,raw_cases/C050/methods/FixedSlot,1,0,0,0,0,0,0.04544656621296737,0.02,0,0,0.0,1.0000000000000002,0,0.12033702976158483,0.04931952643848487,0,0,0.053366631996039395,2.8186801003239803,0.773779000419872,5,2,5,2.0435381622488515,0.2919340231784074,0.1357011217083983,0.5604006739999999,0.031472724780701754,0.4,0.6,0.6,0.4,0.0,0.217394176,0.0,0.2,0.2,0.0,0.0,0.2,0.2,0.2,0.08750000000000002,0.12034548300000003,0.224706344,0.4852559679999999,0.5147440320000001,0.2,,0.4,1.0
C050,LocalGreedy,proto_sw_2_3,swept,simple,2,100022,1,1,1,1,,,5,3,5,proto_sw_2_3__seed_1900972879__global_l1_flow_v3__density_simple,proto_sw_2_3__seed_1900972879__global_l1_flow_v3__density_simple__unit_candidates_v2,b285e298c020b1bc9dbdd088c47f7d7c563d7be385a3ad54087e7da168322d9c,proto_sw_2_3__seed_1900972879__global_l1_flow_v3__density_simple,proto_sw_2_3__seed_1900972879__global_l1_flow_v3__density_simple__unit_candidates_v2__global_unit_selection_sparse5e,0.04745370000091498,raw_cases/C050/methods/LocalGreedy,1,0,0,0,0,0,0.03627611368504436,0.02,0,0,0.0,1.0000000000000002,0,0.04760835865816541,0.022200670763107864,0,0,0.036251106922800654,0.3004958694313401,0.10604519517191524,5,3,5,1.3135892487641647,0.1641986560955206,0.08940148238949706,0.525321449,0.020793357090643276,0.6,0.4,0.6,0.2,0.2,0.217394176,0.0,0.2,0.2,0.0,0.0,0.2,0.2,0.2,0.121212121,0.151515152,0.181818182,0.42424242399999995,0.575757576,0.2,,0.4,1.0
C050,Ours,proto_sw_2_3,swept,simple,2,100022,1,1,1,1,,,5,2,5,proto_sw_2_3__seed_1900972879__global_l1_flow_v3__density_simple,proto_sw_2_3__seed_1900972879__global_l1_flow_v3__density_simple__unit_candidates_v2,b285e298c020b1bc9dbdd088c47f7d7c563d7be385a3ad54087e7da168322d9c,proto_sw_2_3__seed_1900972879__global_l1_flow_v3__density_simple,proto_sw_2_3__seed_1900972879__global_l1_flow_v3__density_simple__unit_candidates_v2__global_unit_selection_joint_h2b,0.06651630000123987,raw_cases/C050/methods/Ours,1,0,0,0,0,0,0.03627611368504436,0.02,0,0,0.0,1.0000000000000002,0,0.026677127293232114,0.01135934262189313,0,0,0.036251106922800654,0.3004958694313401,0.10604519517191524,5,2,5,1.2374988344774,0.17678554778248573,0.09228249644085304,0.490634348,0.01958264802631579,0.6,0.4,0.6,0.4,0.0,0.217394176,0.0,0.2,0.2,0.0,0.0,0.2,0.2,0.2,0.121212121,0.151515152,0.181818182,0.42424242399999995,0.575757576,0.2,,0.4,1.0
C051,IndependentCurve,proto_sw_2_3,swept,medium,1,100001,1,1,0,0,,,6,0,6,proto_sw_2_3__seed_302128940__global_l1_flow_v3__density_medium,,,proto_sw_2_3__seed_302128940__global_l1_flow_v3__density_medium__baseline_independentcurve,proto_sw_2_3__seed_302128940__global_l1_flow_v3__density_medium__baseline_independentcurve__selection,0.04482549999738694,raw_cases/C051/methods/IndependentCurve,1,0,1,0,0,6,0.0,0.02,1,0,0.0,1.0000000000000002,0,0.0,0.0,1,2,0.0,2.811468554385029,0.46702037857894974,6,0,6,1.252315361505403,0.20871922691756717,0.07189480795623023,0.456827654,0.01544796235380117,0.5,0.5,1.0,0.0,0.0,0.495623314,0.3333333333333333,0.0,0.0,0.0,0.0,0.16666666666666666,0.3333333333333333,0.16666666666666666,0.045454545999999985,0.090909091,0.1136363635,0.636363636,0.363636364,0.3333333333333333,,0.0,0.0
C051,FixedSlot,proto_sw_2_3,swept,medium,1,100001,1,1,1,1,,,6,1,6,proto_sw_2_3__seed_302128940__global_l1_flow_v3__density_medium,,,proto_sw_2_3__seed_302128940__global_l1_flow_v3__density_medium__baseline_fixedslot,proto_sw_2_3__seed_302128940__global_l1_flow_v3__density_medium__baseline_fixedslot__unit_candidates_v2__global_unit_selection_joint_h2b,13.768213100000139,raw_cases/C051/methods/FixedSlot,1,0,0,0,0,0,0.07006292143546224,0.02,0,0,0.0,1.0000000000000002,0,0.005891312043521294,0.004889453893790286,0,0,0.07006292143546224,4.229968773952578,0.48289958760981627,6,1,6,2.3075557054669416,0.32965081506670596,0.17619086749450058,0.7080868520000001,0.04042740314327485,0.5,0.5,0.8333333333333334,0.16666666666666666,0.0,0.495623314,0.16666666666666666,0.16666666666666666,0.0,0.0,0.0,0.16666666666666666,0.3333333333333333,0.16666666666666666,0.07266638275000004,0.10971472100000002,0.14675217600000004,0.503071158,0.496928842,0.3333333333333333,,0.16666666666666663,1.0
C051,LocalGreedy,proto_sw_2_3,swept,medium,1,100001,1,1,1,1,,,6,2,6,proto_sw_2_3__seed_302128940__global_l1_flow_v3__density_medium,proto_sw_2_3__seed_302128940__global_l1_flow_v3__density_medium__unit_candidates_v2,a758e961dcb65cbe4def28fe1f457f60f9b6059e2e87ab2b48d8ad0c676c7227,proto_sw_2_3__seed_302128940__global_l1_flow_v3__density_medium,proto_sw_2_3__seed_302128940__global_l1_flow_v3__density_medium__unit_candidates_v2__global_unit_selection_sparse5e,0.050636299998586765,raw_cases/C051/methods/LocalGreedy,1,0,0,0,0,0,0.042547875835902735,0.02,0,0,0.0,1.0000000000000002,0,0.005932691775750818,0.0030570743640959733,0,0,0.042659287899400794,1.091254229968984,0.21259443775579534,6,2,6,1.2566171912042687,0.1570771489005336,0.0621241972514087,0.42378393400000003,0.020473547149122806,0.5,0.5,0.8333333333333334,0.0,0.16666666666666666,0.495623314,0.16666666666666666,0.16666666666666666,0.16666666666666666,0.0,0.0,0.3333333333333333,0.0,0.16666666666666666,0.0984848485,0.1363636365,0.15151515200000001,0.393939394,0.606060606,0.3333333333333333,,0.16666666666666663,1.0
C051,Ours,proto_sw_2_3,swept,medium,1,100001,1,1,1,1,,,6,1,6,proto_sw_2_3__seed_302128940__global_l1_flow_v3__density_medium,proto_sw_2_3__seed_302128940__global_l1_flow_v3__density_medium__unit_candidates_v2,a758e961dcb65cbe4def28fe1f457f60f9b6059e2e87ab2b48d8ad0c676c7227,proto_sw_2_3__seed_302128940__global_l1_flow_v3__density_medium,proto_sw_2_3__seed_302128940__global_l1_flow_v3__density_medium__unit_candidates_v2__global_unit_selection_joint_h2b,0.0445082000005641,raw_cases/C051/methods/Ours,1,0,0,0,0,0,0.042547875835902735,0.02,0,0,0.0,1.0000000000000002,0,0.00484800126091586,0.0020295138124607555,0,0,0.042659287899400794,1.091254229968984,0.21259443775579534,6,1,6,1.255187789779631,0.17931254139709016,0.07034068218809887,0.431892735,0.020667717470760235,0.5,0.5,0.8333333333333334,0.16666666666666666,0.0,0.495623314,0.16666666666666666,0.16666666666666666,0.16666666666666666,0.0,0.0,0.3333333333333333,0.0,0.16666666666666666,0.0984848485,0.1363636365,0.15151515200000001,0.393939394,0.606060606,0.3333333333333333,,0.16666666666666663,1.0
C052,IndependentCurve,proto_sw_2_3,swept,medium,2,100009,1,1,0,0,,,6,0,6,proto_sw_2_3__seed_548579369__global_l1_flow_v3__density_medium,,,proto_sw_2_3__seed_548579369__global_l1_flow_v3__density_medium__baseline_independentcurve,proto_sw_2_3__seed_548579369__global_l1_flow_v3__density_medium__baseline_independentcurve__selection,0.04604330000074697,raw_cases/C052/methods/IndependentCurve,1,0,2,0,0,0,0.0,0.02,1,0,0.0,1.0,0,0.0,0.0,2,0,0.0,3.2274441464036965,0.8914501259074724,6,0,6,1.252039475951618,0.20867324599193635,0.05182283268525668,0.30111591200000004,0.01746390716374269,0.8333333333333334,0.16666666666666666,1.0,0.0,0.0,0.435436613,0.5,0.16666666666666666,0.0,0.0,0.0,0.0,0.16666666666666666,0.16666666666666666,0.03030303025000001,0.1060606065,0.181818182,0.5757575749999999,0.4242424250000001,0.5,,0.0,0.0
C052,FixedSlot,proto_sw_2_3,swept,medium,2,100009,1,1,1,1,,,6,2,6,proto_sw_2_3__seed_548579369__global_l1_flow_v3__density_medium,,,proto_sw_2_3__seed_548579369__global_l1_flow_v3__density_medium__baseline_fixedslot,proto_sw_2_3__seed_548579369__global_l1_flow_v3__density_medium__baseline_fixedslot__unit_candidates_v2__global_unit_selection_joint_h2b,11.347265699998388,raw_cases/C052/methods/FixedSlot,1,0,0,0,0,0,0.0462102046336278,0.02,0,0,0.0,1.0,0,0.09542552920081213,0.03834060263252729,0,0,0.06475949606434746,2.756375717087258,0.5572830449325952,6,2,6,2.3557302337183716,0.2944662792147965,0.1330886085278565,0.7322033760000001,0.033745659722222224,0.5,0.5,0.6666666666666666,0.3333333333333333,0.0,0.435436613,0.16666666666666666,0.16666666666666666,0.16666666666666666,0.0,0.0,0.16666666666666666,0.3333333333333333,0.0,0.07407525250000001,0.0964380095,0.1809960405,0.46699694,0.53300306,0.3333333333333333,,0.33333333333333337,1.0
C052,LocalGreedy,proto_sw_2_3,swept,medium,2,100009,1,1,1,1,,,6,3,6,proto_sw_2_3__seed_548579369__global_l1_flow_v3__density_medium,proto_sw_2_3__seed_548579369__global_l1_flow_v3__density_medium__unit_candidates_v2,b74756aefc2eafe34a6fa83e0758f368d27470eacf6510105e9c4c05cb344a74,proto_sw_2_3__seed_548579369__global_l1_flow_v3__density_medium,proto_sw_2_3__seed_548579369__global_l1_flow_v3__density_medium__unit_candidates_v2__global_unit_selection_sparse5e,0.055172600001242245,raw_cases/C052/methods/LocalGreedy,1,0,0,0,0,0,0.03074992055392021,0.02,0,0,0.0,1.0,0,0.17811415701423866,0.14114643621914452,0,0,0.04321069901016232,1.2517089492551825,0.34588373300906294,6,3,6,1.393917375710464,0.15487970841227378,0.07167072214631978,0.358313124,0.024459749634502925,0.5,0.5,0.6666666666666666,0.16666666666666666,0.16666666666666666,0.435436613,0.16666666666666666,0.16666666666666666,0.16666666666666666,0.0,0.0,0.16666666666666666,0.16666666666666666,0.16666666666666666,0.09848484850000003,0.121212121,0.18939393925,0.36363636399999993,0.636363636,0.16666666666666666,,0.33333333333333337,1.0
C052,Ours,proto_sw_2_3,swept,medium,2,100009,1,1,1,1,,,6,2,6,proto_sw_2_3__seed_548579369__global_l1_flow_v3__density_medium,proto_sw_2_3__seed_548579369__global_l1_flow_v3__density_medium__unit_candidates_v2,b74756aefc2eafe34a6fa83e0758f368d27470eacf6510105e9c4c05cb344a74,proto_sw_2_3__seed_548579369__global_l1_flow_v3__density_medium,proto_sw_2_3__seed_548579369__global_l1_flow_v3__density_medium__unit_candidates_v2__global_unit_selection_joint_h2b,0.04240139999819803,raw_cases/C052/methods/Ours,1,0,0,0,0,0,0.04321069901016232,0.02,0,0,0.0,1.0,0,0.011621625825558783,0.005339042619296221,0,0,0.04321069901016232,1.2517089492551825,0.34588373300906294,6,2,6,1.3928839572662846,0.17411049465828557,0.07936844704650273,0.358313124,0.02480811403508772,0.5,0.5,0.6666666666666666,0.3333333333333333,0.0,0.435436613,0.16666666666666666,0.16666666666666666,0.16666666666666666,0.0,0.0,0.16666666666666666,0.16666666666666666,0.16666666666666666,0.09848484850000003,0.121212121,0.18939393925,0.36363636399999993,0.636363636,0.16666666666666666,,0.33333333333333337,1.0
C053,IndependentCurve,proto_sw_2_3,swept,rich,1,100007,1,1,0,0,,,6,0,6,proto_sw_2_3__seed_3756345937__global_l1_flow_v3__density_rich,,,proto_sw_2_3__seed_3756345937__global_l1_flow_v3__density_rich__baseline_independentcurve,proto_sw_2_3__seed_3756345937__global_l1_flow_v3__density_rich__baseline_independentcurve__selection,0.04642760000206181,raw_cases/C053/methods/IndependentCurve,1,0,3,0,0,0,0.0,0.02,1,0,0.0,1.0,0,0.0,0.0,3,0,0.0,5.90945624038062,0.8603836068365238,6,0,6,1.2510531615295513,0.2085088602549252,0.0733009368807465,0.40132290099999995,0.010542306286549707,0.6666666666666666,0.3333333333333333,1.0,0.0,0.0,0.688875261,0.3333333333333333,0.0,0.0,0.0,0.0,0.0,0.16666666666666666,0.5,0.007575757500000002,0.04545454500000001,0.060606060749999996,0.848484849,0.15151515100000001,0.5,,0.0,0.0
C053,FixedSlot,proto_sw_2_3,swept,rich,1,100007,1,1,1,1,,,6,2,6,proto_sw_2_3__seed_3756345937__global_l1_flow_v3__density_rich,,,proto_sw_2_3__seed_3756345937__global_l1_flow_v3__density_rich__baseline_fixedslot,proto_sw_2_3__seed_3756345937__global_l1_flow_v3__density_rich__baseline_fixedslot__unit_candidates_v2__global_unit_selection_joint_h2b,14.755075500001112,raw_cases/C053/methods/FixedSlot,1,0,0,0,0,0,0.03277693867318459,0.02,0,0,0.0,1.0,0,0.09580683729932113,0.0578733161514469,0,0,0.03281368449166286,2.8980653051359466,0.5743757539106112,6,2,6,2.5323068271840405,0.3165383533980051,0.14704200044236912,0.7425170299999999,0.03769188596491228,0.5,0.5,0.6666666666666666,0.3333333333333333,0.0,0.688875261,0.16666666666666666,0.16666666666666666,0.16666666666666666,0.0,0.0,0.16666666666666666,0.3333333333333333,0.0,0.07417095050000001,0.09644183800000002,0.18120083399999998,0.46697397199999996,0.5330260280000001,0.3333333333333333,,0.33333333333333337,1.0
C053,LocalGreedy,proto_sw_2_3,swept,rich,1,100007,1,1,1,1,,,6,3,6,proto_sw_2_3__seed_3756345937__global_l1_flow_v3__density_rich,proto_sw_2_3__seed_3756345937__global_l1_flow_v3__density_rich__unit_candidates_v2,bf80d3c02d90d756003a52bf2ba67d4e0f81539ab8c139de18d283d581f13529,proto_sw_2_3__seed_3756345937__global_l1_flow_v3__density_rich,proto_sw_2_3__seed_3756345937__global_l1_flow_v3__density_rich__unit_candidates_v2__global_unit_selection_sparse5e,0.0626555000017106,raw_cases/C053/methods/LocalGreedy,1,0,0,0,0,0,0.05986502227349506,0.02,0,0,0.0,1.0,0,0.25898834257434483,0.1604217352155892,0,0,0.059813978497849724,1.5613884641319844,0.36267091079713865,6,3,6,1.660753849018282,0.18452820544647577,0.10345984584926336,0.532144469,0.028480217470760235,0.5,0.5,0.6666666666666666,0.16666666666666666,0.16666666666666666,0.688875261,0.16666666666666666,0.16666666666666666,0.0,0.0,0.0,0.16666666666666666,0.3333333333333333,0.16666666666666666,0.0984848485,0.121212121,0.121212121,0.454545455,0.545454545,0.3333333333333333,,0.33333333333333337,1.0
C053,Ours,proto_sw_2_3,swept,rich,1,100007,1,1,1,1,,,6,2,6,proto_sw_2_3__seed_3756345937__global_l1_flow_v3__density_rich,proto_sw_2_3__seed_3756345937__global_l1_flow_v3__density_rich__unit_candidates_v2,bf80d3c02d90d756003a52bf2ba67d4e0f81539ab8c139de18d283d581f13529,proto_sw_2_3__seed_3756345937__global_l1_flow_v3__density_rich,proto_sw_2_3__seed_3756345937__global_l1_flow_v3__density_rich__unit_candidates_v2__global_unit_selection_joint_h2b,0.07351330000165035,raw_cases/C053/methods/Ours,1,0,0,0,0,0,0.05986502227349506,0.02,0,0,0.0,1.0,0,0.03376967400251773,0.01995159685783444,0,0,0.059813978497849724,1.5613884641319844,0.36267091079713865,6,2,6,1.5352984075974128,0.19191230094967662,0.10129567199520904,0.524104464,0.026629888523391813,0.5,0.5,0.6666666666666666,0.3333333333333333,0.0,0.688875261,0.16666666666666666,0.16666666666666666,0.0,0.0,0.0,0.16666666666666666,0.3333333333333333,0.16666666666666666,0.0984848485,0.121212121,0.121212121,0.454545455,0.545454545,0.3333333333333333,,0.33333333333333337,1.0
C054,IndependentCurve,proto_sw_2_3,swept,rich,2,100008,1,1,0,0,,,6,0,6,proto_sw_2_3__seed_399132903__global_l1_flow_v3__density_rich,,,proto_sw_2_3__seed_399132903__global_l1_flow_v3__density_rich__baseline_independentcurve,proto_sw_2_3__seed_399132903__global_l1_flow_v3__density_rich__baseline_independentcurve__selection,0.04582929999742191,raw_cases/C054/methods/IndependentCurve,1,0,0,0,0,0,0.008109042283636837,0.02,1,0,0.0,1.0000000000000002,0,0.0,0.0,0,0,0.008109042283636837,3.4393180529735954,0.803532335429248,6,0,6,1.2423970323401943,0.20706617205669905,0.0642870562764688,0.454971161,0.02042214912280702,0.6666666666666666,0.3333333333333333,1.0,0.0,0.0,0.647080559,0.5,0.16666666666666666,0.0,0.0,0.0,0.16666666666666666,0.0,0.16666666666666666,0.03787878825,0.09090909050000001,0.2121212125,0.515151515,0.484848485,0.5,,0.0,0.0
C054,FixedSlot,proto_sw_2_3,swept,rich,2,100008,1,1,1,1,,,6,2,6,proto_sw_2_3__seed_399132903__global_l1_flow_v3__density_rich,,,proto_sw_2_3__seed_399132903__global_l1_flow_v3__density_rich__baseline_fixedslot,proto_sw_2_3__seed_399132903__global_l1_flow_v3__density_rich__baseline_fixedslot__unit_candidates_v2__global_unit_selection_joint_h2b,14.092196000001422,raw_cases/C054/methods/FixedSlot,1,0,0,0,0,0,0.05630987178384682,0.02,0,0,0.0,1.0000000000000002,0,0.05313901574809942,0.021867112734990268,0,0,0.06605526546602924,4.216092628265019,0.5584886799659411,6,2,6,2.4614337718822155,0.3076792214852768,0.13348167071840183,0.785246458,0.0389140168128655,0.5,0.5,0.6666666666666666,0.3333333333333333,0.0,0.647080559,0.16666666666666666,0.16666666666666666,0.0,0.0,0.0,0.16666666666666666,0.3333333333333333,0.16666666666666666,0.08043494099999998,0.11177997050000005,0.16399445350000003,0.466114121,0.5338858790000001,0.3333333333333333,,0.33333333333333337,1.0
C054,LocalGreedy,proto_sw_2_3,swept,rich,2,100008,1,1,1,1,,,6,3,6,proto_sw_2_3__seed_399132903__global_l1_flow_v3__density_rich,proto_sw_2_3__seed_399132903__global_l1_flow_v3__density_rich__unit_candidates_v2,cdd038bff0d3c46a71ec0adf7c637130104f8c38e39b4492c285019815d9147f,proto_sw_2_3__seed_399132903__global_l1_flow_v3__density_rich,proto_sw_2_3__seed_399132903__global_l1_flow_v3__density_rich__unit_candidates_v2__global_unit_selection_sparse5e,0.049034799998480594,raw_cases/C054/methods/LocalGreedy,1,0,0,0,0,0,0.04232689443711376,0.02,0,0,0.0,1.0000000000000002,0,0.5675961903240172,0.29465801911128486,0,0,0.04233559211082649,1.4292513381705758,0.2975435372926025,6,3,6,1.7589928082311266,0.19544364535901404,0.11042879130470458,0.525662733,0.027989080774853802,0.5,0.5,0.6666666666666666,0.16666666666666666,0.16666666666666666,0.647080559,0.16666666666666666,0.16666666666666666,0.16666666666666666,0.0,0.0,0.16666666666666666,0.16666666666666666,0.16666666666666666,0.106060606,0.1515151515,0.15151515200000001,0.363636364,0.636363636,0.16666666666666666,,0.33333333333333337,1.0
C054,Ours,proto_sw_2_3,swept,rich,2,100008,1,1,1,1,,,6,3,6,proto_sw_2_3__seed_399132903__global_l1_flow_v3__density_rich,proto_sw_2_3__seed_399132903__global_l1_flow_v3__density_rich__unit_candidates_v2,cdd038bff0d3c46a71ec0adf7c637130104f8c38e39b4492c285019815d9147f,proto_sw_2_3__seed_399132903__global_l1_flow_v3__density_rich,proto_sw_2_3__seed_399132903__global_l1_flow_v3__density_rich__unit_candidates_v2__global_unit_selection_joint_h2b,0.051973800000268966,raw_cases/C054/methods/Ours,1,0,0,0,0,0,0.04232689443711376,0.02,0,0,0.0,1.0000000000000002,0,0.03296627296489391,0.012034441327866153,0,0,0.04233559211082649,1.4292513381705758,0.2975435372926025,6,3,6,1.6355919120517133,0.1817324346724126,0.08597602339395066,0.482217735,0.026310078581871343,0.5,0.5,0.6666666666666666,0.16666666666666666,0.16666666666666666,0.647080559,0.16666666666666666,0.16666666666666666,0.16666666666666666,0.0,0.0,0.16666666666666666,0.16666666666666666,0.16666666666666666,0.106060606,0.1515151515,0.15151515200000001,0.363636364,0.636363636,0.16666666666666666,,0.33333333333333337,1.0
C055,IndependentCurve,proto_sw_3_1,expanded,simple,1,100011,1,1,0,0,,,6,0,6,proto_sw_3_1__seed_1548718105__global_l1_flow_v3__density_simple,,,proto_sw_3_1__seed_1548718105__global_l1_flow_v3__density_simple__baseline_independentcurve,proto_sw_3_1__seed_1548718105__global_l1_flow_v3__density_simple__baseline_independentcurve__selection,0.047231600001396146,raw_cases/C055/methods/IndependentCurve,1,0,1,0,0,0,0.0,0.020067678,1,0,0.0,1.0000000000000002,0,0.0,0.0,1,0,0.0,1.3911715912261378,0.4078440374336402,6,0,6,1.5531966344985881,0.2588661057497647,0.08604107455127279,0.587165982,0.026664153874269007,0.5,0.5,1.0,0.0,0.0,0.375782082,0.16666666666666666,0.3333333333333333,0.0,0.16666666666666666,0.0,0.3333333333333333,0.0,0.0,0.07575757600000002,0.151515151,0.25,0.363636364,0.636363636,0.3333333333333333,,0.0,0.0
C055,FixedSlot,proto_sw_3_1,expanded,simple,1,100011,0,0,1,0,GlobalL1FlowError,global candidate pool has no complete compatible assignment,,,,,,,,,0.27526770000258693,,0,,,,,,,,,,,,,,,,,,,,,,,,,,,,,,,,,,,,,,,,,,,,,,,,generation failed; no canonical geometry,,
C055,LocalGreedy,proto_sw_3_1,expanded,simple,1,100011,1,1,1,1,,,6,2,6,proto_sw_3_1__seed_1548718105__global_l1_flow_v3__density_simple,proto_sw_3_1__seed_1548718105__global_l1_flow_v3__density_simple__unit_candidates_v2,3430371443eee0505a49a52ba1b00a5531c0b07612527022370fb0bc5921a4f1,proto_sw_3_1__seed_1548718105__global_l1_flow_v3__density_simple,proto_sw_3_1__seed_1548718105__global_l1_flow_v3__density_simple__unit_candidates_v2__global_unit_selection_sparse5e,0.049581699997361284,raw_cases/C055/methods/LocalGreedy,1,0,0,0,0,0,0.11860878089165279,0.020067678,0,0,0.0,1.0000000000000002,0,0.19156650790431953,0.11597817055899363,0,0,0.11868349054937817,0.6411548929326473,0.2116376686186833,6,2,6,1.431004024399765,0.1788755030499706,0.09964377340839405,0.65172783,0.021918402777777776,0.5,0.5,0.8333333333333334,0.0,0.16666666666666666,0.375782082,0.16666666666666666,0.16666666666666666,0.0,0.16666666666666666,0.16666666666666666,0.3333333333333333,0.0,0.0,0.0984848485,0.1363636365,0.21969696949999998,0.303030303,0.696969697,0.3333333333333333,,0.16666666666666663,1.0
C055,Ours,proto_sw_3_1,expanded,simple,1,100011,1,1,1,1,,,6,1,6,proto_sw_3_1__seed_1548718105__global_l1_flow_v3__density_simple,proto_sw_3_1__seed_1548718105__global_l1_flow_v3__density_simple__unit_candidates_v2,3430371443eee0505a49a52ba1b00a5531c0b07612527022370fb0bc5921a4f1,proto_sw_3_1__seed_1548718105__global_l1_flow_v3__density_simple,proto_sw_3_1__seed_1548718105__global_l1_flow_v3__density_simple__unit_candidates_v2__global_unit_selection_joint_h2b,0.04900670000279206,raw_cases/C055/methods/Ours,1,0,0,0,0,0,0.11860878089165279,0.020067678,0,0,0.0,1.0000000000000002,0,0.00500521113993013,0.0033858601409439953,0,0,0.11868349054937817,0.6411548929326473,0.2116376686186833,6,1,6,1.2983179431635286,0.1854739918805041,0.07566944946331926,0.65172783,0.02234671966374269,0.5,0.5,0.8333333333333334,0.16666666666666666,0.0,0.375782082,0.16666666666666666,0.16666666666666666,0.0,0.16666666666666666,0.16666666666666666,0.3333333333333333,0.0,0.0,0.0984848485,0.1363636365,0.21969696949999998,0.303030303,0.696969697,0.3333333333333333,,0.16666666666666663,1.0
C056,IndependentCurve,proto_sw_3_1,expanded,simple,2,100013,1,1,0,0,,,5,0,5,proto_sw_3_1__seed_1575422959__global_l1_flow_v3__density_simple,,,proto_sw_3_1__seed_1575422959__global_l1_flow_v3__density_simple__baseline_independentcurve,proto_sw_3_1__seed_1575422959__global_l1_flow_v3__density_simple__baseline_independentcurve__selection,0.04340810000212514,raw_cases/C056/methods/IndependentCurve,1,0,2,0,0,0,0.0,0.020067678,1,0,0.0,1.0,0,0.0,0.0,2,0,0.0,1.3143620545300927,0.9679780411622431,5,0,5,1.300931888548647,0.2601863777097294,0.08097848203590172,0.6570454160000001,0.019171463815789474,0.8,0.2,1.0,0.0,0.0,0.23503114,0.4,0.2,0.0,0.4,0.0,0.0,0.0,0.0,0.060606061,0.09090909100000001,0.303030303,0.545454545,0.454545455,0.4,,0.0,0.0
C056,FixedSlot,proto_sw_3_1,expanded,simple,2,100013,1,1,1,1,,,5,1,5,proto_sw_3_1__seed_1575422959__global_l1_flow_v3__density_simple,,,proto_sw_3_1__seed_1575422959__global_l1_flow_v3__density_simple__baseline_fixedslot,proto_sw_3_1__seed_1575422959__global_l1_flow_v3__density_simple__baseline_fixedslot__unit_candidates_v2__global_unit_selection_joint_h2b,6.3240179999993416,raw_cases/C056/methods/FixedSlot,1,0,0,0,0,0,0.03919822712954471,0.020067678,0,0,0.0,1.0,0,0.04781110976437305,0.03506356343304044,0,0,0.039384029995901126,2.0364417173139695,0.6504355516946875,5,1,5,1.9178428238415126,0.3196404706402521,0.14684531076277177,0.7444584100000001,0.02871436403508772,0.6,0.4,0.8,0.2,0.0,0.23503114,0.2,0.4,0.0,0.2,0.0,0.2,0.0,0.0,0.08750000000000001,0.18320459600000003,0.253338439,0.39666156099999994,0.6033384390000001,0.4,,0.19999999999999996,1.0
C056,LocalGreedy,proto_sw_3_1,expanded,simple,2,100013,1,1,1,1,,,5,2,5,proto_sw_3_1__seed_1575422959__global_l1_flow_v3__density_simple,proto_sw_3_1__seed_1575422959__global_l1_flow_v3__density_simple__unit_candidates_v2,97ea8de0580188d69ed0dc87cdbeb658fb82c7be06472d4e5924dc7895013c63,proto_sw_3_1__seed_1575422959__global_l1_flow_v3__density_simple,proto_sw_3_1__seed_1575422959__global_l1_flow_v3__density_simple__unit_candidates_v2__global_unit_selection_sparse5e,0.04799980000098003,raw_cases/C056/methods/LocalGreedy,1,0,0,0,0,0,0.05002741254758293,0.020067678,0,0,0.0,1.0,0,0.1282913503583255,0.0682046805487267,0,0,0.05006224096097954,0.54922921146766,0.22933558985618782,5,2,5,1.4558405162651367,0.20797721660930524,0.08561746515923062,0.594700919,0.02509936951754386,0.6,0.4,0.8,0.0,0.2,0.23503114,0.4,0.2,0.0,0.2,0.0,0.2,0.0,0.0,0.090909091,0.212121212,0.272727273,0.333333333,0.666666667,0.4,,0.19999999999999996,1.0
C056,Ours,proto_sw_3_1,expanded,simple,2,100013,1,1,1,1,,,5,1,5,proto_sw_3_1__seed_1575422959__global_l1_flow_v3__density_simple,proto_sw_3_1__seed_1575422959__global_l1_flow_v3__density_simple__unit_candidates_v2,97ea8de0580188d69ed0dc87cdbeb658fb82c7be06472d4e5924dc7895013c63,proto_sw_3_1__seed_1575422959__global_l1_flow_v3__density_simple,proto_sw_3_1__seed_1575422959__global_l1_flow_v3__density_simple__unit_candidates_v2__global_unit_selection_joint_h2b,0.052994900001067435,raw_cases/C056/methods/Ours,1,0,0,0,0,0,0.05002741254758293,0.020067678,0,0,0.0,1.0,0,0.007725462723597025,0.006003065024894959,0,0,0.05006224096097954,0.54922921146766,0.22933558985618782,5,1,5,1.3214657464230504,0.22024429107050839,0.08831337229630414,0.594700919,0.023163377192982455,0.6,0.4,0.8,0.2,0.0,0.23503114,0.4,0.2,0.0,0.2,0.0,0.2,0.0,0.0,0.090909091,0.212121212,0.272727273,0.333333333,0.666666667,0.4,,0.19999999999999996,1.0
C057,IndependentCurve,proto_sw_3_1,expanded,medium,1,100005,1,1,0,0,,,6,0,6,proto_sw_3_1__seed_1160715944__global_l1_flow_v3__density_medium,,,proto_sw_3_1__seed_1160715944__global_l1_flow_v3__density_medium__baseline_independentcurve,proto_sw_3_1__seed_1160715944__global_l1_flow_v3__density_medium__baseline_independentcurve__selection,0.04273570000077598,raw_cases/C057/methods/IndependentCurve,1,0,1,0,0,0,0.0,0.020067678,1,0,0.0,0.9999999999999999,0,0.0,0.0,1,0,0.0,2.4233541769207076,0.8390304307391084,6,0,6,1.5492038563083255,0.25820064271805426,0.08538789528304142,0.7141094299999999,0.02688687865497076,0.3333333333333333,0.6666666666666666,1.0,0.0,0.0,0.502257966,0.3333333333333333,0.5,0.0,0.16666666666666666,0.0,0.0,0.0,0.0,0.030303029999999998,0.03030303050000001,0.21212121174999998,0.6363636370000001,0.3636363629999999,0.5,,0.0,0.0
C057,FixedSlot,proto_sw_3_1,expanded,medium,1,100005,0,0,1,0,GlobalL1FlowError,global candidate pool has no complete compatible assignment,,,,,,,,,0.24949629999900935,,0,,,,,,,,,,,,,,,,,,,,,,,,,,,,,,,,,,,,,,,,,,,,,,,,generation failed; no canonical geometry,,
C057,LocalGreedy,proto_sw_3_1,expanded,medium,1,100005,1,1,1,1,,,6,2,6,proto_sw_3_1__seed_1160715944__global_l1_flow_v3__density_medium,proto_sw_3_1__seed_1160715944__global_l1_flow_v3__density_medium__unit_candidates_v2,7843bb762520ffe18e0325c663a100a00c7453c29a6ce38e5d721f2af103d880,proto_sw_3_1__seed_1160715944__global_l1_flow_v3__density_medium,proto_sw_3_1__seed_1160715944__global_l1_flow_v3__density_medium__unit_candidates_v2__global_unit_selection_sparse5e,0.049358799999026814,raw_cases/C057/methods/LocalGreedy,1,0,0,0,0,0,0.0860212323367477,0.020067678,0,1,0.0,0.9999999999999999,0,0.005560248235653783,0.0050558424042412104,0,0,0.0860212323367477,0.49548578221873385,0.10460739389757474,6,2,6,1.5652835011850994,0.19566043764813743,0.08011723714021107,0.627732121,0.02637860928362573,0.5,0.5,0.8333333333333334,0.0,0.16666666666666666,0.502257966,0.3333333333333333,0.16666666666666666,0.0,0.16666666666666666,0.0,0.3333333333333333,0.0,0.0,0.090909091,0.12121212149999999,0.24242424275,0.303030303,0.696969697,0.3333333333333333,,0.16666666666666663,0.0
C057,Ours,proto_sw_3_1,expanded,medium,1,100005,1,1,1,1,,,6,1,6,proto_sw_3_1__seed_1160715944__global_l1_flow_v3__density_medium,proto_sw_3_1__seed_1160715944__global_l1_flow_v3__density_medium__unit_candidates_v2,7843bb762520ffe18e0325c663a100a00c7453c29a6ce38e5d721f2af103d880,proto_sw_3_1__seed_1160715944__global_l1_flow_v3__density_medium,proto_sw_3_1__seed_1160715944__global_l1_flow_v3__density_medium__unit_candidates_v2__global_unit_selection_joint_h2b,0.0470924000001105,raw_cases/C057/methods/Ours,1,0,0,0,0,0,0.0860212323367477,0.020067678,0,1,0.0,0.9999999999999999,0,0.009997229230206616,0.00977717779275018,0,0,0.0860212323367477,0.49548578221873385,0.10460739389757474,6,1,6,1.5638864997314392,0.2234123571044913,0.10113247314615441,0.7015323979999999,0.026018823099415205,0.5,0.5,0.8333333333333334,0.16666666666666666,0.0,0.502257966,0.3333333333333333,0.16666666666666666,0.0,0.16666666666666666,0.0,0.3333333333333333,0.0,0.0,0.090909091,0.12121212149999999,0.24242424275,0.303030303,0.696969697,0.3333333333333333,,0.16666666666666663,0.0
C058,IndependentCurve,proto_sw_3_1,expanded,medium,2,100006,1,1,0,0,,,6,0,6,proto_sw_3_1__seed_4182263884__global_l1_flow_v3__density_medium,,,proto_sw_3_1__seed_4182263884__global_l1_flow_v3__density_medium__baseline_independentcurve,proto_sw_3_1__seed_4182263884__global_l1_flow_v3__density_medium__baseline_independentcurve__selection,0.04483350000009523,raw_cases/C058/methods/IndependentCurve,1,0,0,0,0,0,0.0,0.020067678,1,0,0.0,1.0,0,0.0,0.0,0,0,0.0,1.4431661037528463,0.30760732922174555,6,0,6,1.5201528550730323,0.25335880917883874,0.09524787166371458,0.8018023120000001,0.025881761695906433,0.5,0.5,1.0,0.0,0.0,0.422444077,0.3333333333333333,0.16666666666666666,0.0,0.3333333333333333,0.0,0.0,0.16666666666666666,0.0,0.06818181775,0.166666667,0.287878788,0.303030303,0.696969697,0.3333333333333333,,0.0,0.0
C058,FixedSlot,proto_sw_3_1,expanded,medium,2,100006,1,1,1,1,,,6,1,6,proto_sw_3_1__seed_4182263884__global_l1_flow_v3__density_medium,,,proto_sw_3_1__seed_4182263884__global_l1_flow_v3__density_medium__baseline_fixedslot,proto_sw_3_1__seed_4182263884__global_l1_flow_v3__density_medium__baseline_fixedslot__unit_candidates_v2__global_unit_selection_joint_h2b,6.173625499999616,raw_cases/C058/methods/FixedSlot,1,0,0,0,0,0,0.035791089175333454,0.020067678,0,0,0.0,1.0,0,0.01322077780787967,0.007429547395750841,0,0,0.03589791505227412,2.3631368470669027,0.672568277836333,6,1,6,2.1464688946798858,0.306638413525698,0.11630847832928869,0.538417485,0.0333344755116959,0.5,0.5,0.8333333333333334,0.16666666666666666,0.0,0.422444077,0.16666666666666666,0.3333333333333333,0.0,0.16666666666666666,0.16666666666666666,0.16666666666666666,0.0,0.0,0.09106782975000002,0.13454499450000001,0.1666386945,0.415149981,0.584850019,0.3333333333333333,,0.16666666666666663,1.0
C058,LocalGreedy,proto_sw_3_1,expanded,medium,2,100006,1,1,1,1,,,6,2,6,proto_sw_3_1__seed_4182263884__global_l1_flow_v3__density_medium,proto_sw_3_1__seed_4182263884__global_l1_flow_v3__density_medium__unit_candidates_v2,c6214a58e18f47f2679c1e5ed8f58d3ad995c1392c74d7caf732505f6f6e6682,proto_sw_3_1__seed_4182263884__global_l1_flow_v3__density_medium,proto_sw_3_1__seed_4182263884__global_l1_flow_v3__density_medium__unit_candidates_v2__global_unit_selection_sparse5e,0.0486869000014849,raw_cases/C058/methods/LocalGreedy,1,0,0,0,0,0,0.06535307696405906,0.020067678,0,0,0.0,1.0,0,0.16339598622673532,0.09743304321149915,0,0,0.06538992887578368,0.517918356840833,0.24514279330797975,6,2,6,1.5391155499835345,0.1923894437479418,0.09891505569460274,0.8018023120000001,0.027389437134502925,0.5,0.5,0.8333333333333334,0.0,0.16666666666666666,0.422444077,0.3333333333333333,0.16666666666666666,0.0,0.16666666666666666,0.0,0.3333333333333333,0.0,0.0,0.090909091,0.1363636365,0.22727272775,0.303030303,0.696969697,0.3333333333333333,,0.16666666666666663,1.0
C058,Ours,proto_sw_3_1,expanded,medium,2,100006,1,1,1,1,,,6,1,6,proto_sw_3_1__seed_4182263884__global_l1_flow_v3__density_medium,proto_sw_3_1__seed_4182263884__global_l1_flow_v3__density_medium__unit_candidates_v2,c6214a58e18f47f2679c1e5ed8f58d3ad995c1392c74d7caf732505f6f6e6682,proto_sw_3_1__seed_4182263884__global_l1_flow_v3__density_medium,proto_sw_3_1__seed_4182263884__global_l1_flow_v3__density_medium__unit_candidates_v2__global_unit_selection_joint_h2b,0.05328580000059446,raw_cases/C058/methods/Ours,1,0,0,0,0,0,0.06535307696405906,0.020067678,0,0,0.0,1.0,0,0.0052341699534094515,0.004094970678291994,0,0,0.06538992887578368,0.517918356840833,0.24514279330797975,6,1,6,1.3942403175901745,0.1991771882271678,0.08422733695801568,0.8018023120000001,0.025025127923976608,0.5,0.5,0.8333333333333334,0.16666666666666666,0.0,0.422444077,0.3333333333333333,0.16666666666666666,0.0,0.16666666666666666,0.0,0.3333333333333333,0.0,0.0,0.090909091,0.1363636365,0.22727272775,0.303030303,0.696969697,0.3333333333333333,,0.16666666666666663,1.0
C059,IndependentCurve,proto_sw_3_1,expanded,rich,1,100003,1,1,0,0,,,6,0,6,proto_sw_3_1__seed_1964058663__global_l1_flow_v3__density_rich,,,proto_sw_3_1__seed_1964058663__global_l1_flow_v3__density_rich__baseline_independentcurve,proto_sw_3_1__seed_1964058663__global_l1_flow_v3__density_rich__baseline_independentcurve__selection,0.046191100002033636,raw_cases/C059/methods/IndependentCurve,1,0,0,0,0,0,0.0,0.020067678,1,0,0.0,1.0,0,0.0,0.0,0,0,0.0,1.4751050736120868,0.4760701238082645,6,0,6,1.5318541986618421,0.255309033110307,0.09107152246497559,0.770080299,0.025904605263157895,0.6666666666666666,0.3333333333333333,1.0,0.0,0.0,0.466332302,0.16666666666666666,0.5,0.0,0.0,0.0,0.16666666666666666,0.16666666666666666,0.0,0.03787878774999998,0.075757576,0.25,0.515151515,0.484848485,0.5,,0.0,0.0
C059,FixedSlot,proto_sw_3_1,expanded,rich,1,100003,1,1,1,1,,,6,2,6,proto_sw_3_1__seed_1964058663__global_l1_flow_v3__density_rich,,,proto_sw_3_1__seed_1964058663__global_l1_flow_v3__density_rich__baseline_fixedslot,proto_sw_3_1__seed_1964058663__global_l1_flow_v3__density_rich__baseline_fixedslot__unit_candidates_v2__global_unit_selection_joint_h2b,8.643398600001092,raw_cases/C059/methods/FixedSlot,1,0,0,0,0,0,0.06294793650463539,0.020067678,0,0,0.0,1.0,0,0.09979975103460209,0.04855727120278258,0,0,0.0629622578719889,2.2761144983290826,0.5863614862089603,6,2,6,2.430890818771952,0.30386135234649403,0.12307972341826771,0.9211318150000001,0.040473090277777776,0.8333333333333334,0.16666666666666666,0.6666666666666666,0.3333333333333333,0.0,0.466332302,0.16666666666666666,0.3333333333333333,0.0,0.16666666666666666,0.0,0.3333333333333333,0.0,0.0,0.07422325900000001,0.1339428855,0.23935555099999997,0.34222488900000003,0.657775111,0.3333333333333333,,0.33333333333333337,1.0
C059,LocalGreedy,proto_sw_3_1,expanded,rich,1,100003,1,1,1,1,,,6,4,6,proto_sw_3_1__seed_1964058663__global_l1_flow_v3__density_rich,proto_sw_3_1__seed_1964058663__global_l1_flow_v3__density_rich__unit_candidates_v2,1da856d438f55bb76267d49a2cbc514c7b2161d8b5739cd19c612136943c54e8,proto_sw_3_1__seed_1964058663__global_l1_flow_v3__density_rich,proto_sw_3_1__seed_1964058663__global_l1_flow_v3__density_rich__unit_candidates_v2__global_unit_selection_sparse5e,0.05609389999881387,raw_cases/C059/methods/LocalGreedy,1,0,0,0,0,0,0.07927173869719015,0.020067678,0,0,0.0,1.0,0,0.08033095692357879,0.023664441071969165,0,0,0.07930020280999264,0.5083416320111142,0.14657248321392166,6,4,6,1.703501009889374,0.17035010098893738,0.07847889339055591,0.7605387690000001,0.029645239400584795,0.5,0.5,0.6666666666666666,0.0,0.3333333333333333,0.466332302,0.16666666666666666,0.3333333333333333,0.0,0.16666666666666666,0.16666666666666666,0.16666666666666666,0.0,0.0,0.0984848485,0.1515151515,0.2045454545,0.303030303,0.696969697,0.3333333333333333,,0.33333333333333337,1.0
C059,Ours,proto_sw_3_1,expanded,rich,1,100003,1,1,1,1,,,6,3,6,proto_sw_3_1__seed_1964058663__global_l1_flow_v3__density_rich,proto_sw_3_1__seed_1964058663__global_l1_flow_v3__density_rich__unit_candidates_v2,1da856d438f55bb76267d49a2cbc514c7b2161d8b5739cd19c612136943c54e8,proto_sw_3_1__seed_1964058663__global_l1_flow_v3__density_rich,proto_sw_3_1__seed_1964058663__global_l1_flow_v3__density_rich__unit_candidates_v2__global_unit_selection_joint_h2b,0.050732699997752206,raw_cases/C059/methods/Ours,1,0,0,0,0,0,0.07927173869719015,0.020067678,0,0,0.0,1.0,0,0.01807358278811129,0.008503813237781628,0,0,0.07930020280999264,0.5083416320111142,0.14657248321392166,6,3,6,1.5902148350118908,0.17669053722354341,0.07920092969619931,0.7605387690000001,0.027023940058479533,0.5,0.5,0.6666666666666666,0.16666666666666666,0.16666666666666666,0.466332302,0.16666666666666666,0.3333333333333333,0.0,0.16666666666666666,0.16666666666666666,0.16666666666666666,0.0,0.0,0.0984848485,0.1515151515,0.2045454545,0.303030303,0.696969697,0.3333333333333333,,0.33333333333333337,1.0
C060,IndependentCurve,proto_sw_3_1,expanded,rich,2,100019,1,1,0,0,,,6,0,6,proto_sw_3_1__seed_898415462__global_l1_flow_v3__density_rich,,,proto_sw_3_1__seed_898415462__global_l1_flow_v3__density_rich__baseline_independentcurve,proto_sw_3_1__seed_898415462__global_l1_flow_v3__density_rich__baseline_independentcurve__selection,0.04731019999962882,raw_cases/C060/methods/IndependentCurve,1,0,1,0,0,0,0.0,0.020067678,1,0,0.0,0.9999999999999999,0,0.0,0.0,1,0,0.0,3.126083227343647,0.7757994337243819,6,0,6,1.5064156189715652,0.2510692698285942,0.09545613102428195,0.7037807440000001,0.02509936951754386,0.5,0.5,1.0,0.0,0.0,0.564033065,0.0,0.8333333333333334,0.0,0.16666666666666666,0.0,0.0,0.0,0.0,0.007575757499999995,0.030303030499999994,0.21212121175,0.666666667,0.333333333,0.8333333333333334,,0.0,0.0
C060,FixedSlot,proto_sw_3_1,expanded,rich,2,100019,0,0,1,0,GlobalL1FlowError,global candidate pool has no complete compatible assignment,,,,,,,,,0.24718700000084937,,0,,,,,,,,,,,,,,,,,,,,,,,,,,,,,,,,,,,,,,,,,,,,,,,,generation failed; no canonical geometry,,
C060,LocalGreedy,proto_sw_3_1,expanded,rich,2,100019,1,1,1,1,,,6,2,6,proto_sw_3_1__seed_898415462__global_l1_flow_v3__density_rich,proto_sw_3_1__seed_898415462__global_l1_flow_v3__density_rich__unit_candidates_v2,831f234bbd1318c00e6e3e700676e0840a09a5aa01fafdda4d6af2ad17baed1c,proto_sw_3_1__seed_898415462__global_l1_flow_v3__density_rich,proto_sw_3_1__seed_898415462__global_l1_flow_v3__density_rich__unit_candidates_v2__global_unit_selection_sparse5e,0.05001120000088122,raw_cases/C060/methods/LocalGreedy,1,1,0,0,0,0,0.09497759163302527,0.020067678,0,0,0.0,0.9999999999999999,0,0.1909007061881057,0.1490333912441754,0,0,0.09512379546476529,0.6807317136240002,0.183601751456576,6,2,6,1.8730941880025176,0.2341367735003147,0.1307567360393566,0.865436501,0.030227750365497075,0.5,0.5,0.8333333333333334,0.0,0.16666666666666666,0.564033065,0.16666666666666666,0.16666666666666666,0.0,0.16666666666666666,0.3333333333333333,0.16666666666666666,0.0,0.0,0.090909091,0.106060606,0.234848485,0.333333333,0.666666667,0.3333333333333333,,0.16666666666666663,0.0
C060,Ours,proto_sw_3_1,expanded,rich,2,100019,1,1,1,1,,,6,1,6,proto_sw_3_1__seed_898415462__global_l1_flow_v3__density_rich,proto_sw_3_1__seed_898415462__global_l1_flow_v3__density_rich__unit_candidates_v2,831f234bbd1318c00e6e3e700676e0840a09a5aa01fafdda4d6af2ad17baed1c,proto_sw_3_1__seed_898415462__global_l1_flow_v3__density_rich,proto_sw_3_1__seed_898415462__global_l1_flow_v3__density_rich__unit_candidates_v2__global_unit_selection_joint_h2b,0.04944029999751365,raw_cases/C060/methods/Ours,1,0,0,0,0,0,0.09497759163302527,0.020067678,0,0,0.0,0.9999999999999999,0,0.024218395706823274,0.021844395333676322,0,0,0.09512379546476529,0.6807317136240002,0.183601751456576,6,1,6,1.6498287942027563,0.2356898277432509,0.09643607685330007,0.7775905889999999,0.028228938230994153,0.5,0.5,0.8333333333333334,0.16666666666666666,0.0,0.564033065,0.16666666666666666,0.16666666666666666,0.0,0.16666666666666666,0.3333333333333333,0.16666666666666666,0.0,0.0,0.090909091,0.106060606,0.234848485,0.333333333,0.666666667,0.3333333333333333,,0.16666666666666663,1.0
C061,IndependentCurve,proto_sw_3_1,compact,simple,1,100001,1,1,0,0,,,6,0,6,proto_sw_3_1__seed_302128940__global_l1_flow_v3__density_simple,,,proto_sw_3_1__seed_302128940__global_l1_flow_v3__density_simple__baseline_independentcurve,proto_sw_3_1__seed_302128940__global_l1_flow_v3__density_simple__baseline_independentcurve__selection,0.052980799999204464,raw_cases/C061/methods/IndependentCurve,1,0,1,0,0,0,0.0,0.020067678,1,0,0.0,1.0000000000000002,0,0.0,0.0,1,0,0.0,2.521978247922336,0.6971652386369346,6,0,6,1.5234123489169804,0.25390205815283007,0.08645597214615924,0.475326198,0.02608735380116959,0.5,0.5,1.0,0.0,0.0,0.373679685,0.0,0.0,0.8333333333333334,0.16666666666666666,0.0,0.0,0.0,0.0,0.007575757499999988,0.04545454499999996,0.060606060750000024,0.8484848490000001,0.1515151509999999,0.8333333333333334,,0.0,0.0
C061,FixedSlot,proto_sw_3_1,compact,simple,1,100001,1,1,1,1,,,6,1,6,proto_sw_3_1__seed_302128940__global_l1_flow_v3__density_simple,,,proto_sw_3_1__seed_302128940__global_l1_flow_v3__density_simple__baseline_fixedslot,proto_sw_3_1__seed_302128940__global_l1_flow_v3__density_simple__baseline_fixedslot__unit_candidates_v2__global_unit_selection_joint_h2b,10.811258500001713,raw_cases/C061/methods/FixedSlot,1,0,0,0,0,0,0.03505498642339133,0.020067678,0,0,0.0,1.0000000000000002,0,0.07532378465859588,0.030140771323004443,0,0,0.03515850946894469,4.8127980278985,0.5580597674971455,6,1,6,2.471896991075786,0.35312814158225514,0.15482321620807138,0.820960267,0.036606816520467836,0.8333333333333334,0.16666666666666666,0.8333333333333334,0.16666666666666666,0.0,0.373679685,0.16666666666666666,0.16666666666666666,0.3333333333333333,0.16666666666666666,0.0,0.0,0.16666666666666666,0.0,0.06796385074999997,0.081944444,0.286898,0.35921488600000007,0.6407851139999999,0.3333333333333333,,0.16666666666666663,1.0
C061,LocalGreedy,proto_sw_3_1,compact,simple,1,100001,1,1,1,1,,,6,2,6,proto_sw_3_1__seed_302128940__global_l1_flow_v3__density_simple,proto_sw_3_1__seed_302128940__global_l1_flow_v3__density_simple__unit_candidates_v2,54d36bd891b08f74f77c39efe2db646bb2f90fba9337a94abe9d21a6f012d303,proto_sw_3_1__seed_302128940__global_l1_flow_v3__density_simple,proto_sw_3_1__seed_302128940__global_l1_flow_v3__density_simple__unit_candidates_v2__global_unit_selection_sparse5e,0.04859579999902053,raw_cases/C061/methods/LocalGreedy,1,0,0,0,0,0,0.055758889580059756,0.020067678,0,0,0.0,1.0000000000000002,0,0.09964141386678262,0.09281984875641296,0,0,0.07353154994897387,0.7147176836196978,0.2608616659281686,6,2,6,1.4599589375415745,0.18249486719269684,0.07075686830322965,0.6614618390000001,0.0242484466374269,0.5,0.5,0.8333333333333334,0.0,0.16666666666666666,0.373679685,0.16666666666666666,0.16666666666666666,0.3333333333333333,0.16666666666666666,0.0,0.16666666666666666,0.0,0.0,0.090909091,0.09090909100000001,0.24999999999999997,0.333333333,0.666666667,0.3333333333333333,,0.16666666666666663,1.0
C061,Ours,proto_sw_3_1,compact,simple,1,100001,1,1,1,1,,,6,1,6,proto_sw_3_1__seed_302128940__global_l1_flow_v3__density_simple,proto_sw_3_1__seed_302128940__global_l1_flow_v3__density_simple__unit_candidates_v2,54d36bd891b08f74f77c39efe2db646bb2f90fba9337a94abe9d21a6f012d303,proto_sw_3_1__seed_302128940__global_l1_flow_v3__density_simple,proto_sw_3_1__seed_302128940__global_l1_flow_v3__density_simple__unit_candidates_v2__global_unit_selection_joint_h2b,0.050974400000995956,raw_cases/C061/methods/Ours,1,0,0,0,0,0,0.07353154994897379,0.020067678,0,0,0.0,1.0000000000000002,0,0.029583096038033566,0.020078690211173564,0,0,0.07353154994897387,0.7147176836196978,0.2608616659281686,6,1,6,1.4565655870142575,0.20808079814489394,0.0914257208573556,0.666176534,0.022997761330409358,0.5,0.5,0.8333333333333334,0.16666666666666666,0.0,0.373679685,0.16666666666666666,0.16666666666666666,0.3333333333333333,0.16666666666666666,0.0,0.16666666666666666,0.0,0.0,0.090909091,0.09090909100000001,0.24999999999999997,0.333333333,0.666666667,0.3333333333333333,,0.16666666666666663,1.0
C062,IndependentCurve,proto_sw_3_1,compact,simple,2,100066,1,1,0,0,,,6,0,6,proto_sw_3_1__seed_3724261499__global_l1_flow_v3__density_simple,,,proto_sw_3_1__seed_3724261499__global_l1_flow_v3__density_simple__baseline_independentcurve,proto_sw_3_1__seed_3724261499__global_l1_flow_v3__density_simple__baseline_independentcurve__selection,0.0411244999995688,raw_cases/C062/methods/IndependentCurve,1,0,1,0,0,0,0.0,0.020067678,1,0,0.0,1.0000000000000002,0,0.0,0.0,1,0,0.0,3.821206465508427,0.6650576653202908,6,0,6,1.475242776408408,0.245873796068068,0.08364301569002204,0.46545947499999996,0.025601927997076022,0.5,0.5,1.0,0.0,0.0,0.334138637,0.0,0.16666666666666666,0.5,0.16666666666666666,0.0,0.0,0.16666666666666666,0.0,0.03030303025,0.06060606099999999,0.29545454499999996,0.4545454550000001,0.5454545449999999,0.5,,0.0,0.0
C062,FixedSlot,proto_sw_3_1,compact,simple,2,100066,1,1,1,1,,,6,2,6,proto_sw_3_1__seed_3724261499__global_l1_flow_v3__density_simple,,,proto_sw_3_1__seed_3724261499__global_l1_flow_v3__density_simple__baseline_fixedslot,proto_sw_3_1__seed_3724261499__global_l1_flow_v3__density_simple__baseline_fixedslot__unit_candidates_v2__global_unit_selection_joint_h2b,8.526125699998374,raw_cases/C062/methods/FixedSlot,1,0,0,0,0,0,0.0655409807773871,0.020067678,0,0,0.0,1.0000000000000002,0,0.06999676968733079,0.014224582688333669,0,0,0.06578313669150286,2.5302608963405206,0.8096996747577915,6,2,6,2.6944345150030764,0.3368043143753846,0.16771744324280785,0.955971198,0.0424890350877193,1.0,0.0,0.6666666666666666,0.3333333333333333,0.0,0.334138637,0.16666666666666666,0.16666666666666666,0.3333333333333333,0.16666666666666666,0.0,0.0,0.16666666666666666,0.0,0.0630921825,0.073901875,0.29315337125000007,0.37263362,0.62736638,0.3333333333333333,,0.33333333333333337,1.0
C062,LocalGreedy,proto_sw_3_1,compact,simple,2,100066,1,1,1,1,,,6,4,6,proto_sw_3_1__seed_3724261499__global_l1_flow_v3__density_simple,proto_sw_3_1__seed_3724261499__global_l1_flow_v3__density_simple__unit_candidates_v2,44e11c471fbd29cb594285f158959780dbb73df151c85441f490b8c5ee3a198e,proto_sw_3_1__seed_3724261499__global_l1_flow_v3__density_simple,proto_sw_3_1__seed_3724261499__global_l1_flow_v3__density_simple__unit_candidates_v2__global_unit_selection_sparse5e,0.051739700000325684,raw_cases/C062/methods/LocalGreedy,1,0,0,0,0,0,0.06192977221255481,0.020067678,0,0,0.0,1.0000000000000002,0,0.1757106814783514,0.045534394060146775,0,0,0.06192977221255481,0.31906747093429805,0.07878512121772686,6,4,6,1.7445703866279945,0.17445703866279944,0.08902388904187042,0.596645509,0.028468795687134504,0.5,0.5,0.6666666666666666,0.0,0.3333333333333333,0.334138637,0.16666666666666666,0.16666666666666666,0.16666666666666666,0.16666666666666666,0.0,0.16666666666666666,0.16666666666666666,0.0,0.09848484874999999,0.1363636365,0.21969697000000005,0.303030303,0.696969697,0.16666666666666666,,0.33333333333333337,1.0
C062,Ours,proto_sw_3_1,compact,simple,2,100066,1,1,1,1,,,6,2,6,proto_sw_3_1__seed_3724261499__global_l1_flow_v3__density_simple,proto_sw_3_1__seed_3724261499__global_l1_flow_v3__density_simple__unit_candidates_v2,44e11c471fbd29cb594285f158959780dbb73df151c85441f490b8c5ee3a198e,proto_sw_3_1__seed_3724261499__global_l1_flow_v3__density_simple,proto_sw_3_1__seed_3724261499__global_l1_flow_v3__density_simple__unit_candidates_v2__global_unit_selection_joint_h2b,0.05843009999807691,raw_cases/C062/methods/Ours,1,0,0,0,0,0,0.06192977221255481,0.020067678,0,0,0.0,1.0000000000000002,0,0.015704429261261976,0.011959303087926748,0,0,0.06192977221255481,0.31906747093429805,0.07878512121772686,6,2,6,1.3910409436982223,0.17388011796227776,0.07412345072929277,0.6042929790000001,0.023802997076023392,0.5,0.5,0.6666666666666666,0.3333333333333333,0.0,0.334138637,0.16666666666666666,0.16666666666666666,0.16666666666666666,0.16666666666666666,0.0,0.16666666666666666,0.16666666666666666,0.0,0.09848484874999999,0.1363636365,0.21969697000000005,0.303030303,0.696969697,0.16666666666666666,,0.33333333333333337,1.0
C063,IndependentCurve,proto_sw_3_1,compact,medium,1,100010,1,1,0,0,,,6,0,6,proto_sw_3_1__seed_1989963110__global_l1_flow_v3__density_medium,,,proto_sw_3_1__seed_1989963110__global_l1_flow_v3__density_medium__baseline_independentcurve,proto_sw_3_1__seed_1989963110__global_l1_flow_v3__density_medium__baseline_independentcurve__selection,0.0579397000001336,raw_cases/C063/methods/IndependentCurve,1,0,1,0,0,0,0.0,0.020067678,1,0,0.0,0.9999999999999999,0,0.0,0.0,1,0,0.0,1.6182429277841968,0.3908199636853813,6,0,6,1.5322107372998817,0.25536845621664694,0.08388840013686046,0.5893731929999999,0.025653326023391813,0.5,0.5,1.0,0.0,0.0,0.409480019,0.16666666666666666,0.3333333333333333,0.16666666666666666,0.16666666666666666,0.0,0.0,0.16666666666666666,0.0,0.075757576,0.136363636,0.265151515,0.363636364,0.636363636,0.3333333333333333,,0.0,0.0
C063,FixedSlot,proto_sw_3_1,compact,medium,1,100010,1,1,1,1,,,6,1,6,proto_sw_3_1__seed_1989963110__global_l1_flow_v3__density_medium,,,proto_sw_3_1__seed_1989963110__global_l1_flow_v3__density_medium__baseline_fixedslot,proto_sw_3_1__seed_1989963110__global_l1_flow_v3__density_medium__baseline_fixedslot__unit_candidates_v2__global_unit_selection_joint_h2b,13.354198799999722,raw_cases/C063/methods/FixedSlot,1,0,0,0,0,0,0.04889925489914807,0.020067678,0,0,0.0,0.9999999999999999,0,0.025872981990693867,0.012323606080831736,0,0,0.04898682648925626,1.8942192826246036,0.8243409054442864,6,1,6,2.5045401281609787,0.3577914468801398,0.1530457328293362,1.037644477,0.04072436951754386,1.0,0.0,0.8333333333333334,0.16666666666666666,0.0,0.409480019,0.0,0.3333333333333333,0.3333333333333333,0.16666666666666666,0.0,0.16666666666666666,0.0,0.0,0.06460475799999998,0.091045548,0.24295903925,0.408945302,0.591054698,0.3333333333333333,,0.16666666666666663,1.0
C063,LocalGreedy,proto_sw_3_1,compact,medium,1,100010,1,1,1,1,,,6,2,6,proto_sw_3_1__seed_1989963110__global_l1_flow_v3__density_medium,proto_sw_3_1__seed_1989963110__global_l1_flow_v3__density_medium__unit_candidates_v2,4bdd10e5f263a1191cb6b63a036d2639e6bacf7920bc802c46928e37d7fdaefa,proto_sw_3_1__seed_1989963110__global_l1_flow_v3__density_medium,proto_sw_3_1__seed_1989963110__global_l1_flow_v3__density_medium__unit_candidates_v2__global_unit_selection_sparse5e,0.04820340000151191,raw_cases/C063/methods/LocalGreedy,1,0,0,0,0,0,0.08489636619735703,0.020067678,0,0,0.0,0.9999999999999999,0,0.013424211112957496,0.007764220939886708,0,0,0.08491861719880991,0.9152924785271034,0.46936350684308836,6,2,6,1.4449613533602261,0.18062016917002827,0.0780170442359259,0.796579552,0.024956597222222224,0.5,0.5,0.8333333333333334,0.0,0.16666666666666666,0.409480019,0.3333333333333333,0.16666666666666666,0.16666666666666666,0.16666666666666666,0.0,0.0,0.16666666666666666,0.0,0.090909091,0.106060606,0.234848485,0.333333333,0.666666667,0.3333333333333333,,0.16666666666666663,1.0
C063,Ours,proto_sw_3_1,compact,medium,1,100010,1,1,1,1,,,6,1,6,proto_sw_3_1__seed_1989963110__global_l1_flow_v3__density_medium,proto_sw_3_1__seed_1989963110__global_l1_flow_v3__density_medium__unit_candidates_v2,4bdd10e5f263a1191cb6b63a036d2639e6bacf7920bc802c46928e37d7fdaefa,proto_sw_3_1__seed_1989963110__global_l1_flow_v3__density_medium,proto_sw_3_1__seed_1989963110__global_l1_flow_v3__density_medium__unit_candidates_v2__global_unit_selection_joint_h2b,0.051586800000222865,raw_cases/C063/methods/Ours,1,0,0,0,0,0,0.08489636619735703,0.020067678,0,0,0.0,0.9999999999999999,0,0.007748542408559603,0.003927172703441117,0,0,0.08491861719880991,0.9152924785271034,0.46936350684308836,6,1,6,1.4451732991295998,0.2064533284470857,0.09964282503062934,0.8738048880000001,0.024037143640350877,0.5,0.5,0.8333333333333334,0.16666666666666666,0.0,0.409480019,0.3333333333333333,0.16666666666666666,0.16666666666666666,0.16666666666666666,0.0,0.0,0.16666666666666666,0.0,0.090909091,0.106060606,0.234848485,0.333333333,0.666666667,0.3333333333333333,,0.16666666666666663,1.0
C064,IndependentCurve,proto_sw_3_1,compact,medium,2,100012,1,1,0,0,,,6,0,6,proto_sw_3_1__seed_608345505__global_l1_flow_v3__density_medium,,,proto_sw_3_1__seed_608345505__global_l1_flow_v3__density_medium__baseline_independentcurve,proto_sw_3_1__seed_608345505__global_l1_flow_v3__density_medium__baseline_independentcurve__selection,0.04604480000125477,raw_cases/C064/methods/IndependentCurve,1,0,0,0,0,0,0.0,0.020067678,1,0,0.0,1.0,0,0.0,0.0,0,0,0.0,2.137806282246721,0.6692885923399016,6,0,6,1.5217709896101366,0.2536284982683561,0.07935833345545958,0.671666982,0.02694969846491228,0.6666666666666666,0.3333333333333333,1.0,0.0,0.0,0.393980979,0.16666666666666666,0.5,0.3333333333333333,0.0,0.0,0.0,0.0,0.0,0.03787878824999998,0.0606060605,0.08333333275000002,0.757575758,0.242424242,0.5,,0.0,0.0
C064,FixedSlot,proto_sw_3_1,compact,medium,2,100012,1,1,1,1,,,6,2,6,proto_sw_3_1__seed_608345505__global_l1_flow_v3__density_medium,,,proto_sw_3_1__seed_608345505__global_l1_flow_v3__density_medium__baseline_fixedslot,proto_sw_3_1__seed_608345505__global_l1_flow_v3__density_medium__baseline_fixedslot__unit_candidates_v2__global_unit_selection_joint_h2b,10.112350700001116,raw_cases/C064/methods/FixedSlot,1,0,0,0,0,0,0.03336933846100947,0.020067678,0,0,0.0,1.0,0,0.0830753310071315,0.036635855117732645,0,0,0.05061687507495237,2.930213733082713,0.5312623061206018,6,2,6,2.322117383354287,0.29026467291928587,0.1498017954201992,0.8178284409999999,0.03624703033625731,0.5,0.5,0.6666666666666666,0.3333333333333333,0.0,0.393980979,0.16666666666666666,0.16666666666666666,0.3333333333333333,0.16666666666666666,0.0,0.16666666666666666,0.0,0.0,0.07708103749999999,0.09387950249999999,0.24045930249999997,0.385856698,0.614143302,0.3333333333333333,,0.33333333333333337,1.0
C064,LocalGreedy,proto_sw_3_1,compact,medium,2,100012,1,1,1,1,,,6,2,6,proto_sw_3_1__seed_608345505__global_l1_flow_v3__density_medium,proto_sw_3_1__seed_608345505__global_l1_flow_v3__density_medium__unit_candidates_v2,89f1b8487c6168611a0a2f739dde7764893d26c3854819020bb9d7d736798494,proto_sw_3_1__seed_608345505__global_l1_flow_v3__density_medium,proto_sw_3_1__seed_608345505__global_l1_flow_v3__density_medium__unit_candidates_v2__global_unit_selection_sparse5e,0.04930339999918942,raw_cases/C064/methods/LocalGreedy,1,0,0,0,0,0,0.05354617634710367,0.020067678,0,0,0.0,1.0,0,0.0011034107463506553,0.00045539906826129825,0,0,0.05354617634710367,0.913574059262089,0.3496223791704902,6,2,6,1.5530366899126546,0.19412958623908183,0.08477726467513483,0.843025401,0.026806926169590642,0.5,0.5,0.6666666666666666,0.3333333333333333,0.0,0.393980979,0.3333333333333333,0.16666666666666666,0.16666666666666666,0.16666666666666666,0.0,0.16666666666666666,0.0,0.0,0.090909091,0.106060606,0.2575757575,0.303030303,0.696969697,0.3333333333333333,,0.33333333333333337,1.0
C064,Ours,proto_sw_3_1,compact,medium,2,100012,1,1,1,1,,,6,2,6,proto_sw_3_1__seed_608345505__global_l1_flow_v3__density_medium,proto_sw_3_1__seed_608345505__global_l1_flow_v3__density_medium__unit_candidates_v2,89f1b8487c6168611a0a2f739dde7764893d26c3854819020bb9d7d736798494,proto_sw_3_1__seed_608345505__global_l1_flow_v3__density_medium,proto_sw_3_1__seed_608345505__global_l1_flow_v3__density_medium__unit_candidates_v2__global_unit_selection_joint_h2b,0.05165349999879254,raw_cases/C064/methods/Ours,1,0,0,0,0,0,0.05354617634710367,0.020067678,0,0,0.0,1.0,0,0.01669143933562404,0.008142742217397067,0,0,0.05354617634710367,0.913574059262089,0.3496223791704902,6,2,6,1.5362740042262766,0.1920342505282846,0.0916147106811722,0.8863340620000001,0.025259274488304093,0.5,0.5,0.6666666666666666,0.3333333333333333,0.0,0.393980979,0.3333333333333333,0.16666666666666666,0.16666666666666666,0.16666666666666666,0.0,0.16666666666666666,0.0,0.0,0.090909091,0.106060606,0.2575757575,0.303030303,0.696969697,0.3333333333333333,,0.33333333333333337,1.0
C065,IndependentCurve,proto_sw_3_1,compact,rich,1,100004,1,1,0,0,,,6,0,6,proto_sw_3_1__seed_3906224916__global_l1_flow_v3__density_rich,,,proto_sw_3_1__seed_3906224916__global_l1_flow_v3__density_rich__baseline_independentcurve,proto_sw_3_1__seed_3906224916__global_l1_flow_v3__density_rich__baseline_independentcurve__selection,0.04794889999902807,raw_cases/C065/methods/IndependentCurve,1,0,4,0,0,0,0.0,0.020067678,1,0,0.0,0.9999999999999999,0,0.0,0.0,4,0,0.0,1.8704504947070022,0.715852652354178,6,0,6,1.525298425822893,0.2542164043038155,0.07149979342321956,0.622617623,0.02337468019005848,0.3333333333333333,0.6666666666666666,1.0,0.0,0.0,0.624236715,0.16666666666666666,0.3333333333333333,0.16666666666666666,0.16666666666666666,0.0,0.16666666666666666,0.0,0.0,0.06060606024999997,0.1363636365,0.30303030275000004,0.33333333400000004,0.666666666,0.3333333333333333,,0.0,0.0
C065,FixedSlot,proto_sw_3_1,compact,rich,1,100004,1,1,1,1,,,6,2,6,proto_sw_3_1__seed_3906224916__global_l1_flow_v3__density_rich,,,proto_sw_3_1__seed_3906224916__global_l1_flow_v3__density_rich__baseline_fixedslot,proto_sw_3_1__seed_3906224916__global_l1_flow_v3__density_rich__baseline_fixedslot__unit_candidates_v2__global_unit_selection_joint_h2b,9.05588699999862,raw_cases/C065/methods/FixedSlot,1,0,0,0,0,0,0.04220208760639796,0.020067678,0,0,0.0,0.9999999999999999,0,0.028653872807670528,0.009763310460364131,0,0,0.04224104410225231,2.4327045496923,0.8275139940517703,6,2,6,2.29992561283648,0.28749070160456,0.11744859772551063,0.6732921700000001,0.03804596125730994,0.8333333333333334,0.16666666666666666,0.6666666666666666,0.3333333333333333,0.0,0.624236715,0.0,0.3333333333333333,0.3333333333333333,0.16666666666666666,0.0,0.16666666666666666,0.0,0.0,0.08167805550000001,0.101737959,0.21888442049999995,0.39463312400000006,0.6053668759999999,0.3333333333333333,,0.33333333333333337,1.0
C065,LocalGreedy,proto_sw_3_1,compact,rich,1,100004,1,1,1,1,,,6,4,6,proto_sw_3_1__seed_3906224916__global_l1_flow_v3__density_rich,proto_sw_3_1__seed_3906224916__global_l1_flow_v3__density_rich__unit_candidates_v2,96b1a33c42a1d88ba042337ae4ff7d761d4dba2dc8737fa5ebf595db1e4a05f3,proto_sw_3_1__seed_3906224916__global_l1_flow_v3__density_rich,proto_sw_3_1__seed_3906224916__global_l1_flow_v3__density_rich__unit_candidates_v2__global_unit_selection_sparse5e,0.05827549999958137,raw_cases/C065/methods/LocalGreedy,1,0,0,0,0,0,0.027678249273976774,0.020067678,0,0,0.0,0.9999999999999999,0,0.6108327796266277,0.17768837572766838,0,0,0.03364601413996315,1.6639296088179871,0.45564063424969464,6,4,6,2.124966468507186,0.21249664685071865,0.10682825392516349,0.6496240690000001,0.03337445175438596,0.5,0.5,0.6666666666666666,0.0,0.3333333333333333,0.624236715,0.16666666666666666,0.3333333333333333,0.16666666666666666,0.16666666666666666,0.0,0.16666666666666666,0.0,0.0,0.090909091,0.090909091,0.25,0.33333333400000004,0.666666666,0.3333333333333333,,0.33333333333333337,1.0
C065,Ours,proto_sw_3_1,compact,rich,1,100004,1,1,1,1,,,6,2,6,proto_sw_3_1__seed_3906224916__global_l1_flow_v3__density_rich,proto_sw_3_1__seed_3906224916__global_l1_flow_v3__density_rich__unit_candidates_v2,96b1a33c42a1d88ba042337ae4ff7d761d4dba2dc8737fa5ebf595db1e4a05f3,proto_sw_3_1__seed_3906224916__global_l1_flow_v3__density_rich,proto_sw_3_1__seed_3906224916__global_l1_flow_v3__density_rich__unit_candidates_v2__global_unit_selection_joint_h2b,0.058182400000077905,raw_cases/C065/methods/Ours,1,0,0,0,0,0,0.03365403384873791,0.020067678,0,0,0.0,0.9999999999999999,0,0.013166875302504986,0.004008165886670256,0,0,0.03364601413996315,1.6639296088179871,0.45564063424969464,6,2,6,1.8524322408528835,0.23155403010661046,0.09686985306647332,0.6496240690000001,0.030593247441520467,0.5,0.5,0.6666666666666666,0.3333333333333333,0.0,0.624236715,0.16666666666666666,0.3333333333333333,0.16666666666666666,0.16666666666666666,0.0,0.16666666666666666,0.0,0.0,0.090909091,0.090909091,0.25,0.33333333400000004,0.666666666,0.3333333333333333,,0.33333333333333337,1.0
C066,IndependentCurve,proto_sw_3_1,compact,rich,2,100015,1,1,0,0,,,6,0,6,proto_sw_3_1__seed_1105195513__global_l1_flow_v3__density_rich,,,proto_sw_3_1__seed_1105195513__global_l1_flow_v3__density_rich__baseline_independentcurve,proto_sw_3_1__seed_1105195513__global_l1_flow_v3__density_rich__baseline_independentcurve__selection,0.04043200000160141,raw_cases/C066/methods/IndependentCurve,1,0,4,0,0,0,0.0,0.020067678,1,0,0.0,1.0000000000000002,0,0.0,0.0,4,0,0.0,2.609259868495488,0.6906293094466683,6,0,6,1.5067912952665774,0.2511318825444296,0.05790149921676791,0.679350522,0.022900676169590642,0.5,0.5,1.0,0.0,0.0,0.589300608,0.16666666666666666,0.5,0.0,0.0,0.0,0.16666666666666666,0.16666666666666666,0.0,0.007575757750000023,0.060606061000000044,0.27272727249999995,0.5454545449999999,0.4545454550000001,0.5,,0.0,0.0
C066,FixedSlot,proto_sw_3_1,compact,rich,2,100015,1,1,1,1,,,6,2,6,proto_sw_3_1__seed_1105195513__global_l1_flow_v3__density_rich,,,proto_sw_3_1__seed_1105195513__global_l1_flow_v3__density_rich__baseline_fixedslot,proto_sw_3_1__seed_1105195513__global_l1_flow_v3__density_rich__baseline_fixedslot__unit_candidates_v2__global_unit_selection_joint_h2b,14.474601499998244,raw_cases/C066/methods/FixedSlot,1,0,0,0,0,0,0.038326983987570784,0.020067678,0,0,0.0,1.0000000000000002,0,0.012635369530622671,0.008835640520963708,0,0,0.03834176492962559,3.033596153261338,0.923129173693805,6,2,6,2.33086130938645,0.2913576636733063,0.13422773096598206,0.6779553629999999,0.03684096308479532,0.8333333333333334,0.16666666666666666,0.6666666666666666,0.3333333333333333,0.0,0.589300608,0.0,0.3333333333333333,0.3333333333333333,0.16666666666666666,0.0,0.16666666666666666,0.0,0.0,0.08048611125000002,0.098960755,0.216207341,0.417120661,0.582879339,0.3333333333333333,,0.33333333333333337,1.0
C066,LocalGreedy,proto_sw_3_1,compact,rich,2,100015,1,1,1,1,,,6,3,6,proto_sw_3_1__seed_1105195513__global_l1_flow_v3__density_rich,proto_sw_3_1__seed_1105195513__global_l1_flow_v3__density_rich__unit_candidates_v2,1581b013aca365da6efe2f3947bd8758af954dc44efc9c85f285d1a324b4679b,proto_sw_3_1__seed_1105195513__global_l1_flow_v3__density_rich,proto_sw_3_1__seed_1105195513__global_l1_flow_v3__density_rich__unit_candidates_v2__global_unit_selection_sparse5e,0.053161799998633796,raw_cases/C066/methods/LocalGreedy,1,0,0,0,0,0,0.032687222381710596,0.020067678,0,0,0.0,1.0000000000000002,0,0.41619758098123255,0.22778990531843538,0,0,0.03265977520536135,0.9384707382071857,0.30395091740425156,6,3,6,1.9322751892183894,0.2146972432464877,0.0910213204599889,0.798352406,0.03372281615497076,0.5,0.5,0.6666666666666666,0.16666666666666666,0.16666666666666666,0.589300608,0.16666666666666666,0.16666666666666666,0.16666666666666666,0.16666666666666666,0.0,0.16666666666666666,0.16666666666666666,0.0,0.090909091,0.106060606,0.23484848500000005,0.3333333329999999,0.6666666670000001,0.16666666666666666,,0.33333333333333337,1.0
C066,Ours,proto_sw_3_1,compact,rich,2,100015,1,1,1,1,,,6,2,6,proto_sw_3_1__seed_1105195513__global_l1_flow_v3__density_rich,proto_sw_3_1__seed_1105195513__global_l1_flow_v3__density_rich__unit_candidates_v2,1581b013aca365da6efe2f3947bd8758af954dc44efc9c85f285d1a324b4679b,proto_sw_3_1__seed_1105195513__global_l1_flow_v3__density_rich,proto_sw_3_1__seed_1105195513__global_l1_flow_v3__density_rich__unit_candidates_v2__global_unit_selection_joint_h2b,0.05144529999961378,raw_cases/C066/methods/Ours,1,0,0,0,0,0,0.032687222381710596,0.020067678,0,0,0.0,1.0000000000000002,0,0.021071086266572316,0.019890632261588836,0,0,0.03265977520536135,0.9384707382071857,0.30395091740425156,6,2,6,1.8517112307681207,0.2314639038460151,0.11165218723700145,0.866801806,0.03261490314327485,0.5,0.5,0.6666666666666666,0.3333333333333333,0.0,0.589300608,0.16666666666666666,0.16666666666666666,0.16666666666666666,0.16666666666666666,0.0,0.16666666666666666,0.16666666666666666,0.0,0.090909091,0.106060606,0.23484848500000005,0.3333333329999999,0.6666666670000001,0.16666666666666666,,0.33333333333333337,1.0
C067,IndependentCurve,proto_sw_3_1,swept,simple,1,100021,1,1,0,0,,,6,0,6,proto_sw_3_1__seed_686836685__global_l1_flow_v3__density_simple,,,proto_sw_3_1__seed_686836685__global_l1_flow_v3__density_simple__baseline_independentcurve,proto_sw_3_1__seed_686836685__global_l1_flow_v3__density_simple__baseline_independentcurve__selection,0.042508800001087366,raw_cases/C067/methods/IndependentCurve,1,0,1,0,0,0,0.0,0.020067678,1,0,0.0,1.0,0,0.0,0.0,1,0,0.0,4.9915142502756185,0.9101057510007919,6,0,6,1.515122241773575,0.25252037362892915,0.07036978962110994,0.4512436150000001,0.025087947733918127,0.6666666666666666,0.3333333333333333,1.0,0.0,0.0,0.336456482,0.0,0.3333333333333333,0.5,0.0,0.0,0.16666666666666666,0.0,0.0,0.03030303000000001,0.0454545455,0.28787878825,0.4848484849999999,0.5151515150000001,0.5,,0.0,0.0
C067,FixedSlot,proto_sw_3_1,swept,simple,1,100021,1,1,1,1,,,6,2,6,proto_sw_3_1__seed_686836685__global_l1_flow_v3__density_simple,,,proto_sw_3_1__seed_686836685__global_l1_flow_v3__density_simple__baseline_fixedslot,proto_sw_3_1__seed_686836685__global_l1_flow_v3__density_simple__baseline_fixedslot__unit_candidates_v2__global_unit_selection_joint_h2b,10.080673200001911,raw_cases/C067/methods/FixedSlot,1,0,0,0,0,0,0.0667943340900206,0.020067678,0,0,0.0,1.0,0,0.1148080862672691,0.04224373298618875,0,0,0.06679433409002063,6.225056594060497,0.8516793933386703,6,2,6,2.3463859844059853,0.2932982480507481,0.13414691765853992,0.7539788770000001,0.03561312134502924,0.6666666666666666,0.3333333333333333,0.6666666666666666,0.3333333333333333,0.0,0.336456482,0.0,0.3333333333333333,0.3333333333333333,0.16666666666666666,0.0,0.0,0.16666666666666666,0.0,0.06357814825000001,0.08036547200000001,0.2670704325,0.39484359,0.60515641,0.3333333333333333,,0.33333333333333337,1.0
C067,LocalGreedy,proto_sw_3_1,swept,simple,1,100021,1,1,1,1,,,6,2,6,proto_sw_3_1__seed_686836685__global_l1_flow_v3__density_simple,proto_sw_3_1__seed_686836685__global_l1_flow_v3__density_simple__unit_candidates_v2,e92fea577b4c57723cddc0c5b924380da29fd14d1fa254fcc0a4db006e371e07,proto_sw_3_1__seed_686836685__global_l1_flow_v3__density_simple,proto_sw_3_1__seed_686836685__global_l1_flow_v3__density_simple__unit_candidates_v2__global_unit_selection_sparse5e,0.046387200000026496,raw_cases/C067/methods/LocalGreedy,1,0,0,0,0,0,0.029462983241252433,0.020067678,0,0,0.0,1.0,0,0.2099249657951159,0.1811202877343168,0,0,0.044220083886450046,0.8460961004748615,0.3352694307742759,6,2,6,1.4185979843851328,0.17732474804814158,0.061406645077514505,0.5132969730000001,0.025282118055555556,0.5,0.5,0.6666666666666666,0.3333333333333333,0.0,0.336456482,0.0,0.3333333333333333,0.16666666666666666,0.16666666666666666,0.0,0.16666666666666666,0.16666666666666666,0.0,0.090909091,0.106060606,0.21212121250000004,0.3636363629999999,0.6363636370000001,0.3333333333333333,,0.33333333333333337,1.0
C067,Ours,proto_sw_3_1,swept,simple,1,100021,1,1,1,1,,,6,2,6,proto_sw_3_1__seed_686836685__global_l1_flow_v3__density_simple,proto_sw_3_1__seed_686836685__global_l1_flow_v3__density_simple__unit_candidates_v2,e92fea577b4c57723cddc0c5b924380da29fd14d1fa254fcc0a4db006e371e07,proto_sw_3_1__seed_686836685__global_l1_flow_v3__density_simple,proto_sw_3_1__seed_686836685__global_l1_flow_v3__density_simple__unit_candidates_v2__global_unit_selection_joint_h2b,0.052711800002725795,raw_cases/C067/methods/Ours,1,0,0,0,0,0,0.04426158010410501,0.020067678,0,0,0.0,1.0,0,0.04196880761432384,0.011948490527340523,0,0,0.044220083886450046,0.8460961004748615,0.3352694307742759,6,2,6,1.4056513381920015,0.1757064172740002,0.06347975461391384,0.5132969730000001,0.025030838815789474,0.5,0.5,0.6666666666666666,0.3333333333333333,0.0,0.336456482,0.0,0.3333333333333333,0.16666666666666666,0.16666666666666666,0.0,0.16666666666666666,0.16666666666666666,0.0,0.090909091,0.106060606,0.21212121250000004,0.3636363629999999,0.6363636370000001,0.3333333333333333,,0.33333333333333337,1.0
C068,IndependentCurve,proto_sw_3_1,swept,simple,2,100032,1,1,0,0,,,6,0,6,proto_sw_3_1__seed_279600048__global_l1_flow_v3__density_simple,,,proto_sw_3_1__seed_279600048__global_l1_flow_v3__density_simple__baseline_independentcurve,proto_sw_3_1__seed_279600048__global_l1_flow_v3__density_simple__baseline_independentcurve__selection,0.05189729999983683,raw_cases/C068/methods/IndependentCurve,1,0,2,0,0,0,0.0,0.020067678,1,0,0.0,1.0000000000000002,0,0.0,0.0,2,0,0.0,2.052089727914923,0.5686752264527137,6,0,6,1.479427632978587,0.24657127216309782,0.06890058743384563,0.49836539599999996,0.024636787280701754,0.3333333333333333,0.6666666666666666,1.0,0.0,0.0,0.337534202,0.0,0.3333333333333333,0.3333333333333333,0.16666666666666666,0.0,0.0,0.16666666666666666,0.0,0.037878787750000004,0.075757576,0.295454545,0.424242425,0.575757575,0.3333333333333333,,0.0,0.0
C068,FixedSlot,proto_sw_3_1,swept,simple,2,100032,1,1,1,1,,,6,2,6,proto_sw_3_1__seed_279600048__global_l1_flow_v3__density_simple,,,proto_sw_3_1__seed_279600048__global_l1_flow_v3__density_simple__baseline_fixedslot,proto_sw_3_1__seed_279600048__global_l1_flow_v3__density_simple__baseline_fixedslot__unit_candidates_v2__global_unit_selection_joint_h2b,9.704587600001105,raw_cases/C068/methods/FixedSlot,1,0,0,0,0,0,0.03874584117172472,0.020067678,0,0,0.0,1.0000000000000002,0,0.10574004267944627,0.04911129813479961,0,0,0.039002992106252354,3.7883729509138773,0.7363655785821681,6,2,6,2.774227894491802,0.3467784868114753,0.16906653307727193,0.937074569,0.043202896564327485,0.6666666666666666,0.3333333333333333,0.6666666666666666,0.3333333333333333,0.0,0.337534202,0.16666666666666666,0.3333333333333333,0.16666666666666666,0.16666666666666666,0.0,0.16666666666666666,0.0,0.0,0.07291666625000001,0.07630208349999999,0.24243604500000002,0.421713973,0.578286027,0.3333333333333333,,0.33333333333333337,1.0
C068,LocalGreedy,proto_sw_3_1,swept,simple,2,100032,1,1,1,1,,,6,4,6,proto_sw_3_1__seed_279600048__global_l1_flow_v3__density_simple,proto_sw_3_1__seed_279600048__global_l1_flow_v3__density_simple__unit_candidates_v2,f9d5136fa956b8a1de5bd3f8bbc90af92f63e06e2efc3518418abfa8b69b622b,proto_sw_3_1__seed_279600048__global_l1_flow_v3__density_simple,proto_sw_3_1__seed_279600048__global_l1_flow_v3__density_simple__unit_candidates_v2__global_unit_selection_sparse5e,0.05362249999961932,raw_cases/C068/methods/LocalGreedy,1,0,0,0,0,0,0.08503576169969887,0.020067678,0,0,0.0,1.0000000000000002,0,0.2702772647300326,0.15816863863688072,0,0,0.08503576169969887,1.057642384561348,0.518297438655619,6,4,6,1.5345179856366244,0.15345179856366245,0.0810706237474574,0.6353821390000001,0.026361476608187134,0.5,0.5,0.6666666666666666,0.0,0.3333333333333333,0.337534202,0.16666666666666666,0.16666666666666666,0.16666666666666666,0.16666666666666666,0.0,0.16666666666666666,0.16666666666666666,0.0,0.090909091,0.106060606,0.2575757575,0.303030304,0.696969696,0.16666666666666666,,0.33333333333333337,1.0
C068,Ours,proto_sw_3_1,swept,simple,2,100032,1,1,1,1,,,6,2,6,proto_sw_3_1__seed_279600048__global_l1_flow_v3__density_simple,proto_sw_3_1__seed_279600048__global_l1_flow_v3__density_simple__unit_candidates_v2,f9d5136fa956b8a1de5bd3f8bbc90af92f63e06e2efc3518418abfa8b69b622b,proto_sw_3_1__seed_279600048__global_l1_flow_v3__density_simple,proto_sw_3_1__seed_279600048__global_l1_flow_v3__density_simple__unit_candidates_v2__global_unit_selection_joint_h2b,0.055341999999654945,raw_cases/C068/methods/Ours,1,0,0,0,0,0,0.08503576169969887,0.020067678,0,0,0.0,1.0000000000000002,0,0.01638673764236493,0.014957109499468818,0,0,0.08503576169969887,1.057642384561348,0.518297438655619,6,2,6,1.3301920459812053,0.16627400574765067,0.07255835837506619,0.6200636159999999,0.02344892178362573,0.5,0.5,0.6666666666666666,0.3333333333333333,0.0,0.337534202,0.16666666666666666,0.16666666666666666,0.16666666666666666,0.16666666666666666,0.0,0.16666666666666666,0.16666666666666666,0.0,0.090909091,0.106060606,0.2575757575,0.303030304,0.696969696,0.16666666666666666,,0.33333333333333337,1.0
C069,IndependentCurve,proto_sw_3_1,swept,medium,1,100008,1,1,0,0,,,5,0,5,proto_sw_3_1__seed_399132903__global_l1_flow_v3__density_medium,,,proto_sw_3_1__seed_399132903__global_l1_flow_v3__density_medium__baseline_independentcurve,proto_sw_3_1__seed_399132903__global_l1_flow_v3__density_medium__baseline_independentcurve__selection,0.04579590000139433,raw_cases/C069/methods/IndependentCurve,1,0,0,0,0,0,0.0,0.020067678,1,0,0.0,1.0,0,0.0,0.0,0,0,0.0,3.501326727286164,0.9784195405238588,5,0,5,1.306493621243563,0.2612987242487126,0.07326186822230893,0.5323934859999999,0.01963404605263158,0.0,1.0,1.0,0.0,0.0,0.348971509,0.0,0.8,0.0,0.2,0.0,0.0,0.0,0.0,0.03030303000000001,0.06060606099999999,0.18181818200000002,0.727272727,0.272727273,0.8,,0.0,0.0
C069,FixedSlot,proto_sw_3_1,swept,medium,1,100008,0,0,1,0,GlobalL1FlowError,global candidate pool has no complete compatible assignment,,,,,,,,,0.15989039999840315,,0,,,,,,,,,,,,,,,,,,,,,,,,,,,,,,,,,,,,,,,,,,,,,,,,generation failed; no canonical geometry,,
C069,LocalGreedy,proto_sw_3_1,swept,medium,1,100008,1,1,1,1,,,5,3,5,proto_sw_3_1__seed_399132903__global_l1_flow_v3__density_medium,proto_sw_3_1__seed_399132903__global_l1_flow_v3__density_medium__unit_candidates_v2,e26ccf1194830f1a0d71885a8f86967f0f7a096d0f93ce0d12d39519dc978eb6,proto_sw_3_1__seed_399132903__global_l1_flow_v3__density_medium,proto_sw_3_1__seed_399132903__global_l1_flow_v3__density_medium__unit_candidates_v2__global_unit_selection_sparse5e,0.047137599998677615,raw_cases/C069/methods/LocalGreedy,1,0,0,0,0,0,0.07918038622294454,0.020067678,0,0,0.0,1.0,0,0.0326493464958116,0.013251722141486488,0,0,0.07913846479296222,1.2388873926662787,0.480618742357603,5,3,5,1.722392222393295,0.2152990277991619,0.14678348071295677,0.898470059,0.029970760233918127,0.4,0.6,0.6,0.2,0.2,0.348971509,0.4,0.2,0.0,0.2,0.0,0.2,0.0,0.0,0.09090909100000001,0.212121212,0.272727273,0.333333333,0.666666667,0.4,,0.4,1.0
C069,Ours,proto_sw_3_1,swept,medium,1,100008,1,1,1,1,,,5,2,5,proto_sw_3_1__seed_399132903__global_l1_flow_v3__density_medium,proto_sw_3_1__seed_399132903__global_l1_flow_v3__density_medium__unit_candidates_v2,e26ccf1194830f1a0d71885a8f86967f0f7a096d0f93ce0d12d39519dc978eb6,proto_sw_3_1__seed_399132903__global_l1_flow_v3__density_medium,proto_sw_3_1__seed_399132903__global_l1_flow_v3__density_medium__unit_candidates_v2__global_unit_selection_joint_h2b,0.050362999998469604,raw_cases/C069/methods/Ours,1,0,0,0,0,0,0.07918038622294454,0.020067678,0,0,0.0,1.0,0,0.03800715634642684,0.021474773870779024,0,0,0.07913846479296222,1.2388873926662787,0.480618742357603,5,2,5,1.5879298265886272,0.2268471180840896,0.13541860819346713,0.95109274,0.02791483918128655,0.4,0.6,0.6,0.4,0.0,0.348971509,0.4,0.2,0.0,0.2,0.0,0.2,0.0,0.0,0.09090909100000001,0.212121212,0.272727273,0.333333333,0.666666667,0.4,,0.4,1.0
C070,IndependentCurve,proto_sw_3_1,swept,medium,2,100014,1,1,0,0,,,6,0,6,proto_sw_3_1__seed_3322687601__global_l1_flow_v3__density_medium,,,proto_sw_3_1__seed_3322687601__global_l1_flow_v3__density_medium__baseline_independentcurve,proto_sw_3_1__seed_3322687601__global_l1_flow_v3__density_medium__baseline_independentcurve__selection,0.05505819999962114,raw_cases/C070/methods/IndependentCurve,1,0,0,0,0,0,0.02334958201227445,0.020067678,0,0,0.0,1.0000000000000002,0,0.0,0.0,0,0,0.02334958201227445,2.1596387298724946,0.612184611593833,6,0,6,1.5047947641709702,0.25079912736182836,0.08987094510403996,0.7784329649999999,0.02628152412280702,0.16666666666666666,0.8333333333333334,1.0,0.0,0.0,0.45542078,0.16666666666666666,0.3333333333333333,0.16666666666666666,0.16666666666666666,0.0,0.16666666666666666,0.0,0.0,0.05303030349999999,0.12121212100000002,0.28030303,0.363636364,0.636363636,0.3333333333333333,,0.0,1.0
C070,FixedSlot,proto_sw_3_1,swept,medium,2,100014,1,1,1,1,,,6,2,6,proto_sw_3_1__seed_3322687601__global_l1_flow_v3__density_medium,,,proto_sw_3_1__seed_3322687601__global_l1_flow_v3__density_medium__baseline_fixedslot,proto_sw_3_1__seed_3322687601__global_l1_flow_v3__density_medium__baseline_fixedslot__unit_candidates_v2__global_unit_selection_joint_h2b,13.947852400000556,raw_cases/C070/methods/FixedSlot,1,0,0,0,0,0,0.03461419631086177,0.020067678,0,0,0.0,1.0000000000000002,0,0.4482366578758943,0.15612436852497616,0,0,0.03467863849469709,3.481474791472064,0.9549870049487676,6,2,6,2.36842135094709,0.2960526688683863,0.12167881699405071,0.5430761709999999,0.03838290387426901,0.6666666666666666,0.3333333333333333,0.6666666666666666,0.3333333333333333,0.0,0.45542078,0.16666666666666666,0.16666666666666666,0.16666666666666666,0.3333333333333333,0.0,0.16666666666666666,0.0,0.0,0.08135049300000001,0.10842018599999999,0.21594735374999996,0.3861259570000001,0.6138740429999999,0.3333333333333333,,0.33333333333333337,1.0
C070,LocalGreedy,proto_sw_3_1,swept,medium,2,100014,1,1,1,1,,,6,4,6,proto_sw_3_1__seed_3322687601__global_l1_flow_v3__density_medium,proto_sw_3_1__seed_3322687601__global_l1_flow_v3__density_medium__unit_candidates_v2,f98357e1354d34c81706406f61ef22a90f82c6ae225b5256141bc49af22b9df0,proto_sw_3_1__seed_3322687601__global_l1_flow_v3__density_medium,proto_sw_3_1__seed_3322687601__global_l1_flow_v3__density_medium__unit_candidates_v2__global_unit_selection_sparse5e,0.06043540000246139,raw_cases/C070/methods/LocalGreedy,1,0,0,0,0,0,0.10282638254574303,0.020067678,0,0,0.0,1.0000000000000002,0,0.19606867525882604,0.07623707198497161,0,0,0.10282638254574303,1.181341654741544,0.37893454143463884,6,4,6,1.8549465244559942,0.18549465244559943,0.11670421653597093,0.8226882339999999,0.029102704678362575,0.5,0.5,0.6666666666666666,0.0,0.3333333333333333,0.45542078,0.16666666666666666,0.16666666666666666,0.16666666666666666,0.16666666666666666,0.0,0.16666666666666666,0.16666666666666666,0.0,0.090909091,0.106060606,0.2575757575,0.303030303,0.696969697,0.16666666666666666,,0.33333333333333337,1.0
C070,Ours,proto_sw_3_1,swept,medium,2,100014,1,1,1,1,,,6,2,6,proto_sw_3_1__seed_3322687601__global_l1_flow_v3__density_medium,proto_sw_3_1__seed_3322687601__global_l1_flow_v3__density_medium__unit_candidates_v2,f98357e1354d34c81706406f61ef22a90f82c6ae225b5256141bc49af22b9df0,proto_sw_3_1__seed_3322687601__global_l1_flow_v3__density_medium,proto_sw_3_1__seed_3322687601__global_l1_flow_v3__density_medium__unit_candidates_v2__global_unit_selection_joint_h2b,0.06013600000005681,raw_cases/C070/methods/Ours,1,0,0,0,0,0,0.10282638254574303,0.020067678,0,0,0.0,1.0000000000000002,0,0.0418008633020632,0.014433909511328788,0,0,0.10282638254574303,1.181341654741544,0.37893454143463884,6,2,6,1.5767637843720108,0.19709547304650135,0.0945950275518761,0.7784329649999999,0.02674981725146199,0.5,0.5,0.6666666666666666,0.3333333333333333,0.0,0.45542078,0.16666666666666666,0.16666666666666666,0.16666666666666666,0.16666666666666666,0.0,0.16666666666666666,0.16666666666666666,0.0,0.090909091,0.106060606,0.2575757575,0.303030303,0.696969697,0.16666666666666666,,0.33333333333333337,1.0
C071,IndependentCurve,proto_sw_3_1,swept,rich,1,100000,1,1,0,0,,,7,0,7,proto_sw_3_1__seed_2781254137__global_l1_flow_v3__density_rich,,,proto_sw_3_1__seed_2781254137__global_l1_flow_v3__density_rich__baseline_independentcurve,proto_sw_3_1__seed_2781254137__global_l1_flow_v3__density_rich__baseline_independentcurve__selection,0.058090100003028056,raw_cases/C071/methods/IndependentCurve,1,0,2,0,0,0,0.0,0.020067678,1,0,0.0,1.0000000000000002,0,0.0,0.0,2,0,0.0,3.7434643399898584,0.6179652036745577,7,0,7,1.7746805122013645,0.2535257874573378,0.08244937872897318,0.478137762,0.030204906798245616,0.5714285714285714,0.42857142857142855,1.0,0.0,0.0,0.72500002,0.14285714285714285,0.2857142857142857,0.42857142857142855,0.14285714285714285,0.0,0.0,0.0,0.0,0.015151515000000004,0.06060606100000002,0.121212121,0.666666667,0.333333333,0.42857142857142855,,0.0,0.0
C071,FixedSlot,proto_sw_3_1,swept,rich,1,100000,0,0,1,0,GlobalL1FlowError,global candidate pool has no complete compatible assignment,,,,,,,,,3.8720661999977892,,0,,,,,,,,,,,,,,,,,,,,,,,,,,,,,,,,,,,,,,,,,,,,,,,,generation failed; no canonical geometry,,
C071,LocalGreedy,proto_sw_3_1,swept,rich,1,100000,1,1,1,1,,,7,4,7,proto_sw_3_1__seed_2781254137__global_l1_flow_v3__density_rich,proto_sw_3_1__seed_2781254137__global_l1_flow_v3__density_rich__unit_candidates_v2,ba9e8963a240a79e61b329e995304d557e67b08e31260ab1e119114a92b798e8,proto_sw_3_1__seed_2781254137__global_l1_flow_v3__density_rich,proto_sw_3_1__seed_2781254137__global_l1_flow_v3__density_rich__unit_candidates_v2__global_unit_selection_sparse5e,0.047686400001111906,raw_cases/C071/methods/LocalGreedy,1,0,0,0,0,0,0.041968422139747656,0.020067678,0,0,0.0,1.0000000000000002,0,0.7392750171999175,0.24918238275449878,0,0,0.04200152516102516,2.223797672354146,0.349533451570566,7,4,7,2.144399895689229,0.19494544506265718,0.10609084308476553,0.57136897,0.03624131944444445,0.42857142857142855,0.5714285714285714,0.5714285714285714,0.2857142857142857,0.14285714285714285,0.72500002,0.14285714285714285,0.2857142857142857,0.14285714285714285,0.14285714285714285,0.0,0.14285714285714285,0.14285714285714285,0.0,0.090909091,0.090909091,0.18181818150000004,0.27272727299999994,0.7272727270000001,0.2857142857142857,,0.4285714285714286,1.0
C071,Ours,proto_sw_3_1,swept,rich,1,100000,1,1,1,1,,,7,4,7,proto_sw_3_1__seed_2781254137__global_l1_flow_v3__density_rich,proto_sw_3_1__seed_2781254137__global_l1_flow_v3__density_rich__unit_candidates_v2,ba9e8963a240a79e61b329e995304d557e67b08e31260ab1e119114a92b798e8,proto_sw_3_1__seed_2781254137__global_l1_flow_v3__density_rich,proto_sw_3_1__seed_2781254137__global_l1_flow_v3__density_rich__unit_candidates_v2__global_unit_selection_joint_h2b,0.150310899996839,raw_cases/C071/methods/Ours,1,0,0,0,0,0,0.041968422139747656,0.020067678,0,0,0.0,1.0000000000000002,0,0.09614298353022523,0.0396419393061393,0,0,0.04200152516102516,2.223797672354146,0.349533451570566,7,4,7,2.0102949173851723,0.18275408339865204,0.09670363577154105,0.5721451980000001,0.03263203581871345,0.42857142857142855,0.5714285714285714,0.5714285714285714,0.2857142857142857,0.14285714285714285,0.72500002,0.14285714285714285,0.2857142857142857,0.14285714285714285,0.14285714285714285,0.0,0.14285714285714285,0.14285714285714285,0.0,0.090909091,0.090909091,0.18181818150000004,0.27272727299999994,0.7272727270000001,0.2857142857142857,,0.4285714285714286,1.0
C072,IndependentCurve,proto_sw_3_1,swept,rich,2,100002,1,1,0,0,,,7,0,7,proto_sw_3_1__seed_1978891010__global_l1_flow_v3__density_rich,,,proto_sw_3_1__seed_1978891010__global_l1_flow_v3__density_rich__baseline_independentcurve,proto_sw_3_1__seed_1978891010__global_l1_flow_v3__density_rich__baseline_independentcurve__selection,0.0435341000011249,raw_cases/C072/methods/IndependentCurve,1,0,3,0,0,0,0.0,0.020067678,1,0,0.0,1.0000000000000002,0,0.0,0.0,3,0,0.0,4.403706851041804,0.9166662439241068,7,0,7,1.800873447943651,0.25726763542052156,0.0742293898565064,0.504226196,0.030873081140350877,0.5714285714285714,0.42857142857142855,1.0,0.0,0.0,0.71424812,0.14285714285714285,0.14285714285714285,0.42857142857142855,0.14285714285714285,0.0,0.14285714285714285,0.0,0.0,0.03030303000000001,0.06060606099999999,0.2272727275,0.393939394,0.606060606,0.42857142857142855,,0.0,0.0
C072,FixedSlot,proto_sw_3_1,swept,rich,2,100002,1,1,1,1,,,7,2,7,proto_sw_3_1__seed_1978891010__global_l1_flow_v3__density_rich,,,proto_sw_3_1__seed_1978891010__global_l1_flow_v3__density_rich__baseline_fixedslot,proto_sw_3_1__seed_1978891010__global_l1_flow_v3__density_rich__baseline_fixedslot__unit_candidates_v2__global_unit_selection_joint_h2b,16.641946200001257,raw_cases/C072/methods/FixedSlot,1,1,0,0,0,0,0.035745434891472846,0.020067678,0,0,0.0,1.0000000000000002,0,0.11220041822440699,0.036007416095437235,0,0,0.03584812577604057,3.094897872575216,0.944963015131378,7,2,7,3.0269842874808988,0.3363315874978776,0.1413027837144986,0.8513213879999999,0.042374817251461985,0.8571428571428571,0.14285714285714285,0.7142857142857143,0.2857142857142857,0.0,0.71424812,0.14285714285714285,0.14285714285714285,0.2857142857142857,0.14285714285714285,0.0,0.14285714285714285,0.0,0.14285714285714285,0.0804122625,0.098654295,0.1985195245,0.28763998999999996,0.71236001,0.2857142857142857,,0.2857142857142857,0.0
C072,LocalGreedy,proto_sw_3_1,swept,rich,2,100002,1,1,1,1,,,7,4,7,proto_sw_3_1__seed_1978891010__global_l1_flow_v3__density_rich,proto_sw_3_1__seed_1978891010__global_l1_flow_v3__density_rich__unit_candidates_v2,31d339eda7cb0e2199eb473f5ab5bd301b6b1bdff7434223ed2da47fc7880fac,proto_sw_3_1__seed_1978891010__global_l1_flow_v3__density_rich,proto_sw_3_1__seed_1978891010__global_l1_flow_v3__density_rich__unit_candidates_v2__global_unit_selection_sparse5e,0.05828049999763607,raw_cases/C072/methods/LocalGreedy,1,0,0,0,0,0,0.05140925153666568,0.020067678,0,0,0.0,1.0000000000000002,0,0.3637407702025836,0.1387839507194036,0,0,0.07810608860472021,1.074968923695156,0.2408931560668408,7,4,7,1.9273805217419795,0.17521641106745267,0.09343938190454887,0.6056574749999999,0.0322265625,0.42857142857142855,0.5714285714285714,0.7142857142857143,0.0,0.2857142857142857,0.71424812,0.14285714285714285,0.14285714285714285,0.2857142857142857,0.14285714285714285,0.0,0.2857142857142857,0.0,0.0,0.090909091,0.12121212099999999,0.1666666665,0.272727273,0.727272727,0.2857142857142857,,0.2857142857142857,1.0
C072,Ours,proto_sw_3_1,swept,rich,2,100002,1,1,1,1,,,7,2,7,proto_sw_3_1__seed_1978891010__global_l1_flow_v3__density_rich,proto_sw_3_1__seed_1978891010__global_l1_flow_v3__density_rich__unit_candidates_v2,31d339eda7cb0e2199eb473f5ab5bd301b6b1bdff7434223ed2da47fc7880fac,proto_sw_3_1__seed_1978891010__global_l1_flow_v3__density_rich,proto_sw_3_1__seed_1978891010__global_l1_flow_v3__density_rich__unit_candidates_v2__global_unit_selection_joint_h2b,0.06129970000256435,raw_cases/C072/methods/Ours,1,0,0,0,0,0,0.07800609543411349,0.020067678,0,0,0.0,1.0000000000000002,0,0.009389387045890766,0.0020986364805457205,0,0,0.07810608860472021,1.074968923695156,0.2408931560668408,7,2,7,1.7569571895170617,0.19521746550189575,0.08746067804264063,0.637068049,0.031072962353801168,0.42857142857142855,0.5714285714285714,0.7142857142857143,0.2857142857142857,0.0,0.71424812,0.14285714285714285,0.14285714285714285,0.2857142857142857,0.14285714285714285,0.0,0.2857142857142857,0.0,0.0,0.090909091,0.12121212099999999,0.1666666665,0.272727273,0.727272727,0.2857142857142857,,0.2857142857142857,1.0
C073,IndependentCurve,proto_sw_3_2,expanded,simple,1,100004,1,1,0,0,,,5,0,5,proto_sw_3_2__seed_3906224916__global_l1_flow_v3__density_simple,,,proto_sw_3_2__seed_3906224916__global_l1_flow_v3__density_simple__baseline_independentcurve,proto_sw_3_2__seed_3906224916__global_l1_flow_v3__density_simple__baseline_independentcurve__selection,0.05095100000107777,raw_cases/C073/methods/IndependentCurve,1,0,0,0,0,0,0.0,0.021319526,1,0,0.0,1.0,0,0.0,0.0,0,0,0.0,0.7384095689910609,0.34709907910439536,5,0,5,1.2767548838148022,0.2553509767629604,0.07434714635581438,0.5587434090000001,0.022637975146198832,0.2,0.8,1.0,0.0,0.0,0.23024779,0.0,0.0,0.0,0.6,0.0,0.2,0.2,0.0,0.06060606000000002,0.06060606099999999,0.27272727299999994,0.606060606,0.393939394,0.6,,0.0,0.0
C073,FixedSlot,proto_sw_3_2,expanded,simple,1,100004,1,1,1,1,,,5,3,5,proto_sw_3_2__seed_3906224916__global_l1_flow_v3__density_simple,,,proto_sw_3_2__seed_3906224916__global_l1_flow_v3__density_simple__baseline_fixedslot,proto_sw_3_2__seed_3906224916__global_l1_flow_v3__density_simple__baseline_fixedslot__unit_candidates_v2__global_unit_selection_joint_h2b,4.042907000002742,raw_cases/C073/methods/FixedSlot,1,0,0,0,0,0,0.0597505639458722,0.021319526,0,0,0.0,1.0,0,0.08781713363728492,0.02588304093888082,0,0,0.05974892117730736,1.9637551285344244,0.6422255223669127,5,3,5,2.2608207101594067,0.28260258876992583,0.14548804063329265,0.615857265,0.039016812865497075,0.8,0.2,0.6,0.2,0.2,0.23024779,0.0,0.2,0.0,0.2,0.2,0.4,0.0,0.0,0.05735220200000002,0.10931446500000008,0.275981131,0.5,0.5,0.4,,0.4,1.0
C073,LocalGreedy,proto_sw_3_2,expanded,simple,1,100004,1,1,1,1,,,5,3,5,proto_sw_3_2__seed_3906224916__global_l1_flow_v3__density_simple,proto_sw_3_2__seed_3906224916__global_l1_flow_v3__density_simple__unit_candidates_v2,5909ae1cde16ffceef1e3653741e895c262cb0bde947b19989dd7bbc468b1eec,proto_sw_3_2__seed_3906224916__global_l1_flow_v3__density_simple,proto_sw_3_2__seed_3906224916__global_l1_flow_v3__density_simple__unit_candidates_v2__global_unit_selection_sparse5e,0.05290859999877284,raw_cases/C073/methods/LocalGreedy,1,1,0,0,0,0,0.07341168615876009,0.021319526,0,0,0.0,1.0,0,0.1192683893460744,0.05394032689854705,0,0,0.07574735825636829,1.1522156699430859,0.4122704552785936,5,3,5,1.7032097724579494,0.21290122155724367,0.08525286491306286,0.45764570000000004,0.02877718384502924,0.6,0.4,0.6,0.2,0.2,0.23024779,0.2,0.2,0.0,0.0,0.2,0.2,0.2,0.0,0.12121212200000009,0.15151515200000001,0.272727272,0.33333333299999995,0.6666666670000001,0.2,,0.4,0.0
C073,Ours,proto_sw_3_2,expanded,simple,1,100004,1,1,1,1,,,5,2,5,proto_sw_3_2__seed_3906224916__global_l1_flow_v3__density_simple,proto_sw_3_2__seed_3906224916__global_l1_flow_v3__density_simple__unit_candidates_v2,5909ae1cde16ffceef1e3653741e895c262cb0bde947b19989dd7bbc468b1eec,proto_sw_3_2__seed_3906224916__global_l1_flow_v3__density_simple,proto_sw_3_2__seed_3906224916__global_l1_flow_v3__density_simple__unit_candidates_v2__global_unit_selection_joint_h2b,0.053186299999651965,raw_cases/C073/methods/Ours,1,0,0,0,0,0,0.0756391734874254,0.021319526,0,0,0.0,1.0,0,0.02161719450051324,0.010882223426540452,0,0,0.07574735825636829,1.1522156699430859,0.4122704552785936,5,2,5,1.5535560336057561,0.22193657622939372,0.08725693227036435,0.562651125,0.027098181652046784,0.6,0.4,0.6,0.4,0.0,0.23024779,0.2,0.2,0.0,0.0,0.2,0.2,0.2,0.0,0.12121212200000009,0.15151515200000001,0.272727272,0.33333333299999995,0.6666666670000001,0.2,,0.4,1.0
C074,IndependentCurve,proto_sw_3_2,expanded,simple,2,100036,1,1,0,0,,,5,0,5,proto_sw_3_2__seed_1462814306__global_l1_flow_v3__density_simple,,,proto_sw_3_2__seed_1462814306__global_l1_flow_v3__density_simple__baseline_independentcurve,proto_sw_3_2__seed_1462814306__global_l1_flow_v3__density_simple__baseline_independentcurve__selection,0.044616200000746176,raw_cases/C074/methods/IndependentCurve,1,0,2,0,0,0,0.0,0.021319526,1,0,0.0,1.0000000000000002,0,0.0,0.0,2,0,0.0,1.2976790610607538,0.49601557431931065,5,0,5,1.2966814773707087,0.2593362954741417,0.09118535589054565,0.522445655,0.02151292945906433,0.2,0.8,1.0,0.0,0.0,0.248269228,0.0,0.2,0.0,0.0,0.2,0.4,0.2,0.0,0.06060606099999999,0.090909091,0.393939394,0.393939394,0.606060606,0.4,,0.0,0.0
C074,FixedSlot,proto_sw_3_2,expanded,simple,2,100036,1,1,1,1,,,5,2,5,proto_sw_3_2__seed_1462814306__global_l1_flow_v3__density_simple,,,proto_sw_3_2__seed_1462814306__global_l1_flow_v3__density_simple__baseline_fixedslot,proto_sw_3_2__seed_1462814306__global_l1_flow_v3__density_simple__baseline_fixedslot__unit_candidates_v2__global_unit_selection_joint_h2b,4.182427499999903,raw_cases/C074/methods/FixedSlot,1,0,0,0,0,0,0.037913833192379,0.021319526,0,0,0.0,1.0000000000000002,0,0.05189853057596657,0.03484776823317127,0,0,0.038121697561565755,1.7327800415069916,0.6083212319920879,5,2,5,2.0633396856909454,0.29476281224156364,0.15023920283448103,0.7922143369999999,0.035338998538011694,0.2,0.8,0.6,0.4,0.0,0.248269228,0.0,0.2,0.2,0.2,0.0,0.2,0.2,0.0,0.166666666,0.166666667,0.18947571400000007,0.333333334,0.666666666,0.2,,0.4,1.0
C074,LocalGreedy,proto_sw_3_2,expanded,simple,2,100036,1,1,1,1,,,5,4,5,proto_sw_3_2__seed_1462814306__global_l1_flow_v3__density_simple,proto_sw_3_2__seed_1462814306__global_l1_flow_v3__density_simple__unit_candidates_v2,a215fe4ed8708374c805a44662d0a015749d01ec60cfd2d11d404ef0f8e789ea,proto_sw_3_2__seed_1462814306__global_l1_flow_v3__density_simple,proto_sw_3_2__seed_1462814306__global_l1_flow_v3__density_simple__unit_candidates_v2__global_unit_selection_sparse5e,0.053761999999551335,raw_cases/C074/methods/LocalGreedy,1,0,0,0,0,0,0.03659663846070258,0.021319526,0,0,0.0,1.0000000000000002,0,0.6442437323688326,0.34328887001709046,0,0,0.06671119861952979,0.8055659701251772,0.3515683157028094,5,4,5,1.7536729675732021,0.194852551952578,0.08279108779139685,0.3681816520000001,0.030250593932748537,0.6,0.4,0.6,0.0,0.4,0.248269228,0.2,0.2,0.2,0.0,0.0,0.2,0.2,0.0,0.12121212099999999,0.15151515100000001,0.272727273,0.33333333400000004,0.666666666,0.2,,0.4,1.0
C074,Ours,proto_sw_3_2,expanded,simple,2,100036,1,1,1,1,,,5,2,5,proto_sw_3_2__seed_1462814306__global_l1_flow_v3__density_simple,proto_sw_3_2__seed_1462814306__global_l1_flow_v3__density_simple__unit_candidates_v2,a215fe4ed8708374c805a44662d0a015749d01ec60cfd2d11d404ef0f8e789ea,proto_sw_3_2__seed_1462814306__global_l1_flow_v3__density_simple,proto_sw_3_2__seed_1462814306__global_l1_flow_v3__density_simple__unit_candidates_v2__global_unit_selection_joint_h2b,0.04621989999941434,raw_cases/C074/methods/Ours,1,0,0,0,0,0,0.06656684819752341,0.021319526,0,0,0.0,1.0000000000000002,0,0.021576063887718062,0.01195666810105431,0,0,0.06671119861952979,0.8055659701251772,0.3515683157028094,5,2,5,1.409419606235753,0.201345658033679,0.06967297349680847,0.3543816310000001,0.024711028874269007,0.6,0.4,0.6,0.4,0.0,0.248269228,0.2,0.2,0.2,0.0,0.0,0.2,0.2,0.0,0.12121212099999999,0.15151515100000001,0.272727273,0.33333333400000004,0.666666666,0.2,,0.4,1.0
C075,IndependentCurve,proto_sw_3_2,expanded,medium,1,100008,1,1,0,0,,,6,0,6,proto_sw_3_2__seed_399132903__global_l1_flow_v3__density_medium,,,proto_sw_3_2__seed_399132903__global_l1_flow_v3__density_medium__baseline_independentcurve,proto_sw_3_2__seed_399132903__global_l1_flow_v3__density_medium__baseline_independentcurve__selection,0.048685900001146365,raw_cases/C075/methods/IndependentCurve,1,0,6,0,0,0,0.0,0.021319526,1,0,0.0,1.0,0,0.0,0.0,6,0,0.0,2.3760587245610667,0.7789305346525334,6,0,6,1.5708800232112883,0.2618133372018814,0.07741367159566849,0.470010767,0.025293539839181287,0.5,0.5,1.0,0.0,0.0,0.352319446,0.0,0.16666666666666666,0.0,0.16666666666666666,0.0,0.6666666666666666,0.0,0.0,0.03030303025,0.13636363650000002,0.24242424275000002,0.454545454,0.545454546,0.6666666666666666,,0.0,0.0
C075,FixedSlot,proto_sw_3_2,expanded,medium,1,100008,1,1,1,1,,,6,2,6,proto_sw_3_2__seed_399132903__global_l1_flow_v3__density_medium,,,proto_sw_3_2__seed_399132903__global_l1_flow_v3__density_medium__baseline_fixedslot,proto_sw_3_2__seed_399132903__global_l1_flow_v3__density_medium__baseline_fixedslot__unit_candidates_v2__global_unit_selection_joint_h2b,5.3568125999991025,raw_cases/C075/methods/FixedSlot,1,0,0,0,0,0,0.07704864140920951,0.021319526,0,0,0.0,1.0,0,0.1502874986990055,0.04328871595527093,0,0,0.0769565220835898,3.4092486370791937,0.6537424820327488,6,2,6,2.3772599896537123,0.297157498706714,0.14546728423964206,0.6205797160000001,0.04084429824561404,0.3333333333333333,0.6666666666666666,0.6666666666666666,0.3333333333333333,0.0,0.352319446,0.0,0.16666666666666666,0.16666666666666666,0.16666666666666666,0.16666666666666666,0.16666666666666666,0.16666666666666666,0.0,0.12258103824999998,0.14285714249999998,0.16313324750000002,0.312749092,0.687250908,0.16666666666666666,,0.33333333333333337,1.0
C075,LocalGreedy,proto_sw_3_2,expanded,medium,1,100008,1,1,1,1,,,6,2,6,proto_sw_3_2__seed_399132903__global_l1_flow_v3__density_medium,proto_sw_3_2__seed_399132903__global_l1_flow_v3__density_medium__unit_candidates_v2,59e1c693c69b078f0e716eecadc0d4f4eb679cb2812b21e0acd1c07f16618cc3,proto_sw_3_2__seed_399132903__global_l1_flow_v3__density_medium,proto_sw_3_2__seed_399132903__global_l1_flow_v3__density_medium__unit_candidates_v2__global_unit_selection_sparse5e,0.052303399999800604,raw_cases/C075/methods/LocalGreedy,1,0,0,0,0,0,0.04017585246185784,0.021319526,0,0,0.0,1.0,0,0.16557586569488805,0.15873809861976984,0,0,0.04030387258388057,1.8771951189204013,0.38379682423954486,6,2,6,1.5332529663733994,0.19165662079667492,0.08817952897844705,0.405365875,0.027200977704678362,0.6666666666666666,0.3333333333333333,0.6666666666666666,0.3333333333333333,0.0,0.352319446,0.16666666666666666,0.3333333333333333,0.0,0.16666666666666666,0.0,0.16666666666666666,0.16666666666666666,0.0,0.12878787925000001,0.1515151515,0.2196969695,0.27272727300000005,0.7272727269999999,0.3333333333333333,,0.33333333333333337,1.0
C075,Ours,proto_sw_3_2,expanded,medium,1,100008,1,1,1,1,,,6,2,6,proto_sw_3_2__seed_399132903__global_l1_flow_v3__density_medium,proto_sw_3_2__seed_399132903__global_l1_flow_v3__density_medium__unit_candidates_v2,59e1c693c69b078f0e716eecadc0d4f4eb679cb2812b21e0acd1c07f16618cc3,proto_sw_3_2__seed_399132903__global_l1_flow_v3__density_medium,proto_sw_3_2__seed_399132903__global_l1_flow_v3__density_medium__unit_candidates_v2__global_unit_selection_joint_h2b,0.04898450000109733,raw_cases/C075/methods/Ours,1,0,0,0,0,0,0.04017585246185784,0.021319526,0,0,0.0,1.0,0,0.11703464332062714,0.03717319290906666,0,0,0.04030387258388057,1.8771951189204013,0.38379682423954486,6,2,6,1.5699535476064617,0.19624419345080774,0.08822137166474164,0.45111649900000006,0.027834886695906433,0.6666666666666666,0.3333333333333333,0.6666666666666666,0.3333333333333333,0.0,0.352319446,0.16666666666666666,0.3333333333333333,0.0,0.16666666666666666,0.0,0.16666666666666666,0.16666666666666666,0.0,0.12878787925000001,0.1515151515,0.2196969695,0.27272727300000005,0.7272727269999999,0.3333333333333333,,0.33333333333333337,1.0
C076,IndependentCurve,proto_sw_3_2,expanded,medium,2,100014,1,1,0,0,,,6,0,6,proto_sw_3_2__seed_3322687601__global_l1_flow_v3__density_medium,,,proto_sw_3_2__seed_3322687601__global_l1_flow_v3__density_medium__baseline_independentcurve,proto_sw_3_2__seed_3322687601__global_l1_flow_v3__density_medium__baseline_independentcurve__selection,0.043261599999823375,raw_cases/C076/methods/IndependentCurve,1,0,2,0,0,0,0.0,0.021319526,1,0,0.0,1.0000000000000002,0,0.0,0.0,2,0,0.0,2.115416414004731,0.6306304054759183,6,0,6,1.5762290971514779,0.2627048495252463,0.08552551823817604,0.5400685159999999,0.027200977704678362,0.16666666666666666,0.8333333333333334,1.0,0.0,0.0,0.460865472,0.0,0.0,0.16666666666666666,0.5,0.16666666666666666,0.16666666666666666,0.0,0.0,0.05303030349999997,0.13636363599999998,0.15151515100000001,0.515151516,0.484848484,0.5,,0.0,0.0
C076,FixedSlot,proto_sw_3_2,expanded,medium,2,100014,0,0,1,0,GlobalL1FlowError,global candidate pool has no complete compatible assignment,,,,,,,,,0.2293710000012652,,0,,,,,,,,,,,,,,,,,,,,,,,,,,,,,,,,,,,,,,,,,,,,,,,,generation failed; no canonical geometry,,
C076,LocalGreedy,proto_sw_3_2,expanded,medium,2,100014,1,1,1,1,,,6,3,6,proto_sw_3_2__seed_3322687601__global_l1_flow_v3__density_medium,proto_sw_3_2__seed_3322687601__global_l1_flow_v3__density_medium__unit_candidates_v2,bbd1298d16155c7940d713c586904f64b28d8b143b9c62fc4207d1fc8c4bbf9f,proto_sw_3_2__seed_3322687601__global_l1_flow_v3__density_medium,proto_sw_3_2__seed_3322687601__global_l1_flow_v3__density_medium__unit_candidates_v2__global_unit_selection_sparse5e,0.05418110000027809,raw_cases/C076/methods/LocalGreedy,1,0,0,0,0,0,0.040138043140669794,0.021319526,0,0,0.0,1.0000000000000002,0,0.17682811804179588,0.12786022177216147,0,0,0.040138043140669794,1.1778477791645436,0.3139535289997981,6,3,6,1.5766186239648108,0.17517984710720116,0.08033752259689672,0.584993206,0.02773780153508772,0.6666666666666666,0.3333333333333333,0.6666666666666666,0.16666666666666666,0.16666666666666666,0.460865472,0.16666666666666666,0.3333333333333333,0.0,0.16666666666666666,0.0,0.16666666666666666,0.16666666666666666,0.0,0.08333333349999998,0.18181818149999995,0.21212121275000004,0.303030303,0.696969697,0.3333333333333333,,0.33333333333333337,1.0
C076,Ours,proto_sw_3_2,expanded,medium,2,100014,1,1,1,1,,,6,2,6,proto_sw_3_2__seed_3322687601__global_l1_flow_v3__density_medium,proto_sw_3_2__seed_3322687601__global_l1_flow_v3__density_medium__unit_candidates_v2,bbd1298d16155c7940d713c586904f64b28d8b143b9c62fc4207d1fc8c4bbf9f,proto_sw_3_2__seed_3322687601__global_l1_flow_v3__density_medium,proto_sw_3_2__seed_3322687601__global_l1_flow_v3__density_medium__unit_candidates_v2__global_unit_selection_joint_h2b,0.05213919999732752,raw_cases/C076/methods/Ours,1,0,0,0,0,0,0.040138043140669794,0.021319526,0,0,0.0,1.0000000000000002,0,0.06664631351752885,0.023650528489592218,0,0,0.040138043140669794,1.1778477791645436,0.3139535289997981,6,2,6,1.5607502987431232,0.19509378734289037,0.09559472422738383,0.574584363,0.027703536184210526,0.6666666666666666,0.3333333333333333,0.6666666666666666,0.3333333333333333,0.0,0.460865472,0.16666666666666666,0.3333333333333333,0.0,0.16666666666666666,0.0,0.16666666666666666,0.16666666666666666,0.0,0.08333333349999998,0.18181818149999995,0.21212121275000004,0.303030303,0.696969697,0.3333333333333333,,0.33333333333333337,1.0
C077,IndependentCurve,proto_sw_3_2,expanded,rich,1,100001,1,1,0,0,,,7,0,7,proto_sw_3_2__seed_302128940__global_l1_flow_v3__density_rich,,,proto_sw_3_2__seed_302128940__global_l1_flow_v3__density_rich__baseline_independentcurve,proto_sw_3_2__seed_302128940__global_l1_flow_v3__density_rich__baseline_independentcurve__selection,0.04887639999651583,raw_cases/C077/methods/IndependentCurve,1,0,4,0,0,0,0.0,0.021319526,1,0,0.0,1.0000000000000004,0,0.0,0.0,4,0,0.0,2.700659514805989,0.550049189268138,7,0,7,1.817349385464098,0.25962134078058546,0.07679818338705413,0.37909743000000007,0.030479029605263157,0.5714285714285714,0.42857142857142855,1.0,0.0,0.0,0.654318354,0.0,0.2857142857142857,0.14285714285714285,0.14285714285714285,0.14285714285714285,0.2857142857142857,0.0,0.0,0.0606060605,0.090909091,0.1212121215,0.545454545,0.454545455,0.2857142857142857,,0.0,0.0
C077,FixedSlot,proto_sw_3_2,expanded,rich,1,100001,0,0,1,0,GlobalL1FlowError,global candidate pool has no complete compatible assignment,,,,,,,,,0.3810853999966639,,0,,,,,,,,,,,,,,,,,,,,,,,,,,,,,,,,,,,,,,,,,,,,,,,,generation failed; no canonical geometry,,
C077,LocalGreedy,proto_sw_3_2,expanded,rich,1,100001,1,1,1,1,,,7,2,7,proto_sw_3_2__seed_302128940__global_l1_flow_v3__density_rich,proto_sw_3_2__seed_302128940__global_l1_flow_v3__density_rich__unit_candidates_v2,be89d3384672e22670716df7af045ba9bcc3b6076a330ca2d68be24d26771507,proto_sw_3_2__seed_302128940__global_l1_flow_v3__density_rich,proto_sw_3_2__seed_302128940__global_l1_flow_v3__density_rich__unit_candidates_v2__global_unit_selection_sparse5e,0.06328199999916251,raw_cases/C077/methods/LocalGreedy,1,0,0,0,0,0,0.05802202299892202,0.021319526,0,0,0.0,1.0000000000000004,0,0.5509103042284273,0.4894811466656805,0,0,0.05802202299892202,1.109321396924287,0.2989766769975033,7,2,7,1.8436668198162904,0.20485186886847673,0.07695716757474504,0.5966708700000001,0.03265487938596491,0.5714285714285714,0.42857142857142855,0.8571428571428571,0.0,0.14285714285714285,0.654318354,0.14285714285714285,0.14285714285714285,0.14285714285714285,0.14285714285714285,0.14285714285714285,0.14285714285714285,0.14285714285714285,0.0,0.121212121,0.121212121,0.1363636365,0.272727273,0.727272727,0.14285714285714285,,0.1428571428571429,1.0
C077,Ours,proto_sw_3_2,expanded,rich,1,100001,1,1,1,1,,,7,1,7,proto_sw_3_2__seed_302128940__global_l1_flow_v3__density_rich,proto_sw_3_2__seed_302128940__global_l1_flow_v3__density_rich__unit_candidates_v2,be89d3384672e22670716df7af045ba9bcc3b6076a330ca2d68be24d26771507,proto_sw_3_2__seed_302128940__global_l1_flow_v3__density_rich,proto_sw_3_2__seed_302128940__global_l1_flow_v3__density_rich__unit_candidates_v2__global_unit_selection_joint_h2b,0.06750289999763481,raw_cases/C077/methods/Ours,1,0,0,0,0,0,0.05802202299892202,0.021319526,0,0,0.0,1.0000000000000004,0,0.02545410420091333,0.013107361504357118,0,0,0.05802202299892202,1.109321396924287,0.2989766769975033,7,1,7,1.7008613415211664,0.21260766769014583,0.0961955998062809,0.58931018,0.03039907711988304,0.5714285714285714,0.42857142857142855,0.8571428571428571,0.14285714285714285,0.0,0.654318354,0.14285714285714285,0.14285714285714285,0.14285714285714285,0.14285714285714285,0.14285714285714285,0.14285714285714285,0.14285714285714285,0.0,0.121212121,0.121212121,0.1363636365,0.272727273,0.727272727,0.14285714285714285,,0.1428571428571429,1.0
C078,IndependentCurve,proto_sw_3_2,expanded,rich,2,100013,1,1,0,0,,,7,0,7,proto_sw_3_2__seed_1575422959__global_l1_flow_v3__density_rich,,,proto_sw_3_2__seed_1575422959__global_l1_flow_v3__density_rich__baseline_independentcurve,proto_sw_3_2__seed_1575422959__global_l1_flow_v3__density_rich__baseline_independentcurve__selection,0.04816860000209999,raw_cases/C078/methods/IndependentCurve,1,0,1,0,0,0,0.0,0.021319526,1,0,0.0,1.0000000000000002,0,0.0,0.0,1,0,0.0,2.0091801750210077,0.41122457949139,7,0,7,1.8026104525416464,0.25751577893452093,0.079320829251567,0.666893483,0.03146130299707602,0.42857142857142855,0.5714285714285714,1.0,0.0,0.0,0.615840019,0.14285714285714285,0.14285714285714285,0.2857142857142857,0.14285714285714285,0.14285714285714285,0.14285714285714285,0.0,0.0,0.0909090905,0.15151515100000001,0.151515152,0.363636364,0.636363636,0.2857142857142857,,0.0,0.0
C078,FixedSlot,proto_sw_3_2,expanded,rich,2,100013,0,0,1,0,GlobalL1FlowError,global candidate pool has no complete compatible assignment,,,,,,,,,0.3455034999969939,,0,,,,,,,,,,,,,,,,,,,,,,,,,,,,,,,,,,,,,,,,,,,,,,,,generation failed; no canonical geometry,,
C078,LocalGreedy,proto_sw_3_2,expanded,rich,2,100013,1,1,1,1,,,7,1,7,proto_sw_3_2__seed_1575422959__global_l1_flow_v3__density_rich,proto_sw_3_2__seed_1575422959__global_l1_flow_v3__density_rich__unit_candidates_v2,26773c540912bd52fddf860b846c5fba409254001a5093299aa3f99c37e8979d,proto_sw_3_2__seed_1575422959__global_l1_flow_v3__density_rich,proto_sw_3_2__seed_1575422959__global_l1_flow_v3__density_rich__unit_candidates_v2__global_unit_selection_sparse5e,0.05536410000058822,raw_cases/C078/methods/LocalGreedy,1,0,0,0,0,0,0.03960374227674161,0.021319526,0,0,0.0,1.0000000000000002,0,0.34332648966813556,0.16148535913475948,0,0,0.03996039134435965,2.054163067599156,0.40980556955441694,7,1,7,1.6932656249622042,0.21165820312027556,0.08856556499316537,0.508845196,0.03022203947368421,0.5714285714285714,0.42857142857142855,0.8571428571428571,0.14285714285714285,0.0,0.615840019,0.14285714285714285,0.14285714285714285,0.14285714285714285,0.14285714285714285,0.14285714285714285,0.14285714285714285,0.14285714285714285,0.0,0.090909091,0.121212121,0.1515151515,0.303030303,0.696969697,0.14285714285714285,,0.1428571428571429,1.0
C078,Ours,proto_sw_3_2,expanded,rich,2,100013,1,1,1,1,,,7,1,7,proto_sw_3_2__seed_1575422959__global_l1_flow_v3__density_rich,proto_sw_3_2__seed_1575422959__global_l1_flow_v3__density_rich__unit_candidates_v2,26773c540912bd52fddf860b846c5fba409254001a5093299aa3f99c37e8979d,proto_sw_3_2__seed_1575422959__global_l1_flow_v3__density_rich,proto_sw_3_2__seed_1575422959__global_l1_flow_v3__density_rich__unit_candidates_v2__global_unit_selection_joint_h2b,0.05551510000077542,raw_cases/C078/methods/Ours,1,0,0,0,0,0,0.03960374227674161,0.021319526,0,0,0.0,1.0000000000000002,0,0.03200639086854241,0.03143275390263943,0,0,0.03996039134435965,2.054163067599156,0.40980556955441694,7,1,7,1.683560215960871,0.21044502699510886,0.08165917907050803,0.508845196,0.030102110745614034,0.5714285714285714,0.42857142857142855,0.8571428571428571,0.14285714285714285,0.0,0.615840019,0.14285714285714285,0.14285714285714285,0.14285714285714285,0.14285714285714285,0.14285714285714285,0.14285714285714285,0.14285714285714285,0.0,0.090909091,0.121212121,0.1515151515,0.303030303,0.696969697,0.14285714285714285,,0.1428571428571429,1.0
C079,IndependentCurve,proto_sw_3_2,compact,simple,1,100003,1,1,0,0,,,5,0,5,proto_sw_3_2__seed_1964058663__global_l1_flow_v3__density_simple,,,proto_sw_3_2__seed_1964058663__global_l1_flow_v3__density_simple__baseline_independentcurve,proto_sw_3_2__seed_1964058663__global_l1_flow_v3__density_simple__baseline_independentcurve__selection,0.04831479999847943,raw_cases/C079/methods/IndependentCurve,1,0,0,0,0,0,0.0,0.021319526,1,0,0.0,1.0000000000000002,0,0.0,0.0,0,0,0.0,0.8575442887815495,0.2848292766496797,5,0,5,1.276404230527803,0.25528084610556057,0.05856822728419144,0.4987997850000001,0.02093612938596491,0.4,0.6,1.0,0.0,0.0,0.221662919,0.0,0.0,0.2,0.0,0.4,0.2,0.2,0.0,0.03030303000000001,0.181818182,0.33333333400000004,0.454545454,0.545454546,0.4,,0.0,0.0
C079,FixedSlot,proto_sw_3_2,compact,simple,1,100003,1,1,1,1,,,5,2,5,proto_sw_3_2__seed_1964058663__global_l1_flow_v3__density_simple,,,proto_sw_3_2__seed_1964058663__global_l1_flow_v3__density_simple__baseline_fixedslot,proto_sw_3_2__seed_1964058663__global_l1_flow_v3__density_simple__baseline_fixedslot__unit_candidates_v2__global_unit_selection_joint_h2b,4.027125700002216,raw_cases/C079/methods/FixedSlot,1,0,0,0,0,0,0.03744826269245735,0.021319526,0,0,0.0,1.0000000000000002,0,0.04259247395971505,0.031484839909752545,0,0,0.037438152616472584,1.3137408342121546,0.627414378847017,5,2,5,1.8587637304217668,0.26553767577453813,0.11308820650516326,0.55163166,0.032232273391812866,0.6,0.4,0.6,0.4,0.0,0.221662919,0.0,0.4,0.0,0.2,0.0,0.2,0.2,0.0,0.10615124400000009,0.22718208899999998,0.27281791099999997,0.333333334,0.666666666,0.4,,0.4,1.0
C079,LocalGreedy,proto_sw_3_2,compact,simple,1,100003,1,1,1,1,,,5,3,5,proto_sw_3_2__seed_1964058663__global_l1_flow_v3__density_simple,proto_sw_3_2__seed_1964058663__global_l1_flow_v3__density_simple__unit_candidates_v2,b9b6ffa10aa328e6f288f9a305b980ace7feead296cd5778f46fc6cca2a8c29c,proto_sw_3_2__seed_1964058663__global_l1_flow_v3__density_simple,proto_sw_3_2__seed_1964058663__global_l1_flow_v3__density_simple__unit_candidates_v2__global_unit_selection_sparse5e,0.054531600002519554,raw_cases/C079/methods/LocalGreedy,1,0,0,0,0,0,0.05029797260010241,0.021319526,0,0,0.0,1.0000000000000002,0,0.14040362065287695,0.08433144606984437,0,0,0.05029797260010241,0.8678430873679321,0.2856973365891648,5,3,5,1.5413275202559675,0.19266594003199597,0.08777552822595017,0.644268227,0.026841191520467836,0.6,0.4,0.6,0.2,0.2,0.221662919,0.2,0.2,0.0,0.2,0.0,0.2,0.2,0.0,0.121212121,0.181818182,0.27272727300000005,0.333333333,0.666666667,0.2,,0.4,1.0
C079,Ours,proto_sw_3_2,compact,simple,1,100003,1,1,1,1,,,5,2,5,proto_sw_3_2__seed_1964058663__global_l1_flow_v3__density_simple,proto_sw_3_2__seed_1964058663__global_l1_flow_v3__density_simple__unit_candidates_v2,b9b6ffa10aa328e6f288f9a305b980ace7feead296cd5778f46fc6cca2a8c29c,proto_sw_3_2__seed_1964058663__global_l1_flow_v3__density_simple,proto_sw_3_2__seed_1964058663__global_l1_flow_v3__density_simple__unit_candidates_v2__global_unit_selection_joint_h2b,0.047728199999255594,raw_cases/C079/methods/Ours,1,1,0,0,0,0,0.05029797260010241,0.021319526,0,0,0.0,1.0000000000000002,0,0.01722022246577539,0.006967310459997415,0,0,0.05029797260010241,0.8678430873679321,0.2856973365891648,5,2,5,1.4399826331292607,0.20571180473275152,0.07964109612463866,0.6179166890000001,0.024990862573099414,0.6,0.4,0.6,0.4,0.0,0.221662919,0.2,0.2,0.0,0.2,0.0,0.2,0.2,0.0,0.121212121,0.181818182,0.27272727300000005,0.333333333,0.666666667,0.2,,0.4,0.0
C080,IndependentCurve,proto_sw_3_2,compact,simple,2,100011,1,1,0,0,,,5,0,5,proto_sw_3_2__seed_1548718105__global_l1_flow_v3__density_simple,,,proto_sw_3_2__seed_1548718105__global_l1_flow_v3__density_simple__baseline_independentcurve,proto_sw_3_2__seed_1548718105__global_l1_flow_v3__density_simple__baseline_independentcurve__selection,0.045267199999216245,raw_cases/C080/methods/IndependentCurve,1,0,1,0,0,0,0.0,0.021319526,1,0,0.0,1.0000000000000002,0,0.0,0.0,1,0,0.0,1.3456319369591951,0.5532113311286019,5,0,5,1.2944818565665732,0.25889637131331467,0.0736837627931198,0.589212274,0.022735060307017545,0.2,0.8,1.0,0.0,0.0,0.253505117,0.2,0.0,0.0,0.4,0.2,0.0,0.2,0.0,0.09090909099999994,0.242424242,0.272727273,0.363636364,0.636363636,0.4,,0.0,0.0
C080,FixedSlot,proto_sw_3_2,compact,simple,2,100011,1,1,1,1,,,5,1,5,proto_sw_3_2__seed_1548718105__global_l1_flow_v3__density_simple,,,proto_sw_3_2__seed_1548718105__global_l1_flow_v3__density_simple__baseline_fixedslot,proto_sw_3_2__seed_1548718105__global_l1_flow_v3__density_simple__baseline_fixedslot__unit_candidates_v2__global_unit_selection_joint_h2b,4.511300300000585,raw_cases/C080/methods/FixedSlot,1,0,0,0,0,0,0.056174858521708185,0.021319526,0,0,0.0,1.0000000000000002,0,0.00999728795933877,0.005036111567704244,0,0,0.05617071046266094,2.3258946801514115,0.5549934678129683,5,1,5,2.1096496732562975,0.35160827887604956,0.11746621872921413,0.7420583909999998,0.03677243238304093,0.4,0.6,0.8,0.2,0.0,0.253505117,0.0,0.0,0.2,0.2,0.2,0.2,0.2,0.0,0.14428079000000005,0.14842669500000005,0.17635580199999995,0.4271477819999999,0.5728522180000001,0.2,,0.19999999999999996,1.0
C080,LocalGreedy,proto_sw_3_2,compact,simple,2,100011,1,1,1,1,,,5,1,5,proto_sw_3_2__seed_1548718105__global_l1_flow_v3__density_simple,proto_sw_3_2__seed_1548718105__global_l1_flow_v3__density_simple__unit_candidates_v2,6a51a13f49068f734a627fc18475cf8f5556389811a59113e449b80dd2da25c8,proto_sw_3_2__seed_1548718105__global_l1_flow_v3__density_simple,proto_sw_3_2__seed_1548718105__global_l1_flow_v3__density_simple__unit_candidates_v2__global_unit_selection_sparse5e,0.04455199999938486,raw_cases/C080/methods/LocalGreedy,1,0,0,0,0,0,0.06687069313669607,0.021319526,0,0,0.0,1.0000000000000002,0,0.28219973046082225,0.25893670649082173,0,0,0.06703459743948297,0.9091100759783042,0.3897142522985774,5,1,5,1.315378037083022,0.21922967284717032,0.09005689690930709,0.7100971540000001,0.02347747624269006,0.6,0.4,0.8,0.2,0.0,0.253505117,0.2,0.0,0.2,0.2,0.2,0.0,0.2,0.0,0.181818182,0.181818182,0.212121212,0.303030303,0.696969697,0.2,,0.19999999999999996,1.0
C080,Ours,proto_sw_3_2,compact,simple,2,100011,1,1,1,1,,,5,1,5,proto_sw_3_2__seed_1548718105__global_l1_flow_v3__density_simple,proto_sw_3_2__seed_1548718105__global_l1_flow_v3__density_simple__unit_candidates_v2,6a51a13f49068f734a627fc18475cf8f5556389811a59113e449b80dd2da25c8,proto_sw_3_2__seed_1548718105__global_l1_flow_v3__density_simple,proto_sw_3_2__seed_1548718105__global_l1_flow_v3__density_simple__unit_candidates_v2__global_unit_selection_joint_h2b,0.042954500000632834,raw_cases/C080/methods/Ours,1,0,0,0,0,0,0.06687069313669607,0.021319526,0,0,0.0,1.0000000000000002,0,0.0007115790656974756,0.0005488977215733997,0,0,0.06703459743948297,0.9091100759783042,0.3897142522985774,5,1,5,1.2374166341034547,0.20623610568390913,0.07651587228800512,0.7100971540000001,0.022175392909356724,0.6,0.4,0.8,0.2,0.0,0.253505117,0.2,0.0,0.2,0.2,0.2,0.0,0.2,0.0,0.181818182,0.181818182,0.212121212,0.303030303,0.696969697,0.2,,0.19999999999999996,1.0
C081,IndependentCurve,proto_sw_3_2,compact,medium,1,100006,1,1,0,0,,,6,0,6,proto_sw_3_2__seed_4182263884__global_l1_flow_v3__density_medium,,,proto_sw_3_2__seed_4182263884__global_l1_flow_v3__density_medium__baseline_independentcurve,proto_sw_3_2__seed_4182263884__global_l1_flow_v3__density_medium__baseline_independentcurve__selection,0.04589330000089831,raw_cases/C081/methods/IndependentCurve,1,0,2,0,0,0,0.0,0.021319526,1,0,0.0,1.0000000000000002,0,0.0,0.0,2,0,0.0,3.453855848018615,0.8485847745716569,6,0,6,1.5555025212182563,0.25925042020304273,0.047441189761689505,0.564101025,0.0255562408625731,0.5,0.5,1.0,0.0,0.0,0.44357023,0.16666666666666666,0.0,0.16666666666666666,0.3333333333333333,0.16666666666666666,0.0,0.16666666666666666,0.0,0.09848484850000006,0.15151515150000003,0.22727272775,0.333333333,0.666666667,0.3333333333333333,,0.0,0.0
C081,FixedSlot,proto_sw_3_2,compact,medium,1,100006,1,1,1,1,,,6,1,6,proto_sw_3_2__seed_4182263884__global_l1_flow_v3__density_medium,,,proto_sw_3_2__seed_4182263884__global_l1_flow_v3__density_medium__baseline_fixedslot,proto_sw_3_2__seed_4182263884__global_l1_flow_v3__density_medium__baseline_fixedslot__unit_candidates_v2__global_unit_selection_joint_h2b,5.990968400001293,raw_cases/C081/methods/FixedSlot,1,0,0,0,0,0,0.08412979062221104,0.021319526,0,0,0.0,1.0000000000000002,0,0.016415455069808037,0.012174550760453824,0,0,0.08414474923958287,4.026565987060883,0.645466140427942,6,1,6,2.329824446044894,0.3328320637206991,0.14008430118152707,0.7421931149999998,0.04071865862573099,0.3333333333333333,0.6666666666666666,0.8333333333333334,0.16666666666666666,0.0,0.44357023,0.0,0.16666666666666666,0.16666666666666666,0.16666666666666666,0.16666666666666666,0.16666666666666666,0.16666666666666666,0.0,0.10431732475000001,0.14285714249999995,0.181396961,0.3371007100000001,0.6628992899999999,0.16666666666666666,,0.16666666666666663,1.0
C081,LocalGreedy,proto_sw_3_2,compact,medium,1,100006,1,1,1,1,,,6,2,6,proto_sw_3_2__seed_4182263884__global_l1_flow_v3__density_medium,proto_sw_3_2__seed_4182263884__global_l1_flow_v3__density_medium__unit_candidates_v2,b329c2c10f70e4ec17c222e9fbf49db50b476dacccadea8333ad507d41f4159d,proto_sw_3_2__seed_4182263884__global_l1_flow_v3__density_medium,proto_sw_3_2__seed_4182263884__global_l1_flow_v3__density_medium__unit_candidates_v2__global_unit_selection_sparse5e,0.049179599998751655,raw_cases/C081/methods/LocalGreedy,1,0,0,0,0,0,0.041549542156570536,0.021319526,0,0,0.0,1.0000000000000002,0,0.004725170842767457,0.002975361288831023,0,0,0.04161160086404719,0.9677151317802566,0.2565575026604245,6,2,6,1.4503488555811213,0.18129360694764013,0.06600224846467125,0.573409887,0.025727567616959063,0.6666666666666666,0.3333333333333333,0.8333333333333334,0.0,0.16666666666666666,0.44357023,0.16666666666666666,0.16666666666666666,0.0,0.16666666666666666,0.16666666666666666,0.16666666666666666,0.16666666666666666,0.0,0.1287878785,0.1515151515,0.19696969700000003,0.272727273,0.727272727,0.16666666666666666,,0.16666666666666663,1.0
C081,Ours,proto_sw_3_2,compact,medium,1,100006,1,1,1,1,,,6,1,6,proto_sw_3_2__seed_4182263884__global_l1_flow_v3__density_medium,proto_sw_3_2__seed_4182263884__global_l1_flow_v3__density_medium__unit_candidates_v2,b329c2c10f70e4ec17c222e9fbf49db50b476dacccadea8333ad507d41f4159d,proto_sw_3_2__seed_4182263884__global_l1_flow_v3__density_medium,proto_sw_3_2__seed_4182263884__global_l1_flow_v3__density_medium__unit_candidates_v2__global_unit_selection_joint_h2b,0.04657249999945634,raw_cases/C081/methods/Ours,1,0,0,0,0,0,0.041549542156570536,0.021319526,0,0,0.0,1.0000000000000002,0,0.033896129656439886,0.022787848359559725,0,0,0.04161160086404719,0.9677151317802566,0.2565575026604245,6,1,6,1.4640989241047864,0.20915698915782663,0.08422244685504889,0.573409887,0.026133040935672515,0.6666666666666666,0.3333333333333333,0.8333333333333334,0.16666666666666666,0.0,0.44357023,0.16666666666666666,0.16666666666666666,0.0,0.16666666666666666,0.16666666666666666,0.16666666666666666,0.16666666666666666,0.0,0.1287878785,0.1515151515,0.19696969700000003,0.272727273,0.727272727,0.16666666666666666,,0.16666666666666663,1.0
C082,IndependentCurve,proto_sw_3_2,compact,medium,2,100018,1,1,0,0,,,6,0,6,proto_sw_3_2__seed_2661861881__global_l1_flow_v3__density_medium,,,proto_sw_3_2__seed_2661861881__global_l1_flow_v3__density_medium__baseline_independentcurve,proto_sw_3_2__seed_2661861881__global_l1_flow_v3__density_medium__baseline_independentcurve__selection,0.04359689999910188,raw_cases/C082/methods/IndependentCurve,1,0,4,0,0,0,0.0,0.021319526,1,0,0.0,1.0,0,0.0,0.0,4,0,0.0,1.9970784763249756,0.484671307678566,6,0,6,1.5531857537866494,0.2588642922977749,0.07923013949431082,0.5725165609999998,0.025778965643274854,0.6666666666666666,0.3333333333333333,1.0,0.0,0.0,0.436382552,0.0,0.0,0.0,0.5,0.16666666666666666,0.16666666666666666,0.16666666666666666,0.0,0.045454545999999985,0.121212121,0.15151515175,0.545454545,0.454545455,0.5,,0.0,0.0
C082,FixedSlot,proto_sw_3_2,compact,medium,2,100018,1,1,1,1,,,6,1,6,proto_sw_3_2__seed_2661861881__global_l1_flow_v3__density_medium,,,proto_sw_3_2__seed_2661861881__global_l1_flow_v3__density_medium__baseline_fixedslot,proto_sw_3_2__seed_2661861881__global_l1_flow_v3__density_medium__baseline_fixedslot__unit_candidates_v2__global_unit_selection_joint_h2b,5.250918300000194,raw_cases/C082/methods/FixedSlot,1,0,0,0,0,0,0.03916715950917181,0.021319526,0,0,0.0,1.0,0,0.036888015888293116,0.015024585890360265,0,0,0.03926711935681284,2.315017602474525,0.616458806807136,6,1,6,2.136040791379178,0.30514868448273974,0.1331165176864041,0.727177733,0.0376062225877193,0.3333333333333333,0.6666666666666666,0.8333333333333334,0.16666666666666666,0.0,0.436382552,0.16666666666666666,0.16666666666666666,0.0,0.16666666666666666,0.16666666666666666,0.16666666666666666,0.16666666666666666,0.0,0.125,0.134838931,0.16208740575000002,0.330892545,0.669107455,0.16666666666666666,,0.16666666666666663,1.0
C082,LocalGreedy,proto_sw_3_2,compact,medium,2,100018,1,1,1,1,,,6,1,6,proto_sw_3_2__seed_2661861881__global_l1_flow_v3__density_medium,proto_sw_3_2__seed_2661861881__global_l1_flow_v3__density_medium__unit_candidates_v2,62293b51c99a0587bf2b184beac04ea1fcce96c1ddfa25d6adaaee04418a7b9d,proto_sw_3_2__seed_2661861881__global_l1_flow_v3__density_medium,proto_sw_3_2__seed_2661861881__global_l1_flow_v3__density_medium__unit_candidates_v2__global_unit_selection_sparse5e,0.05636489999960759,raw_cases/C082/methods/LocalGreedy,1,0,0,0,0,0,0.04363723957748003,0.021319526,0,0,0.0,1.0,0,0.13441336382800345,0.10926850331785226,0,0,0.04363763563335155,1.000429932378975,0.25809254099813644,6,1,6,1.4872568259037091,0.21246526084338702,0.06770878438336364,0.643173459,0.02648140533625731,0.6666666666666666,0.3333333333333333,0.8333333333333334,0.16666666666666666,0.0,0.436382552,0.16666666666666666,0.16666666666666666,0.16666666666666666,0.16666666666666666,0.0,0.16666666666666666,0.16666666666666666,0.0,0.0984848485,0.15151515100000001,0.204545455,0.303030303,0.696969697,0.16666666666666666,,0.16666666666666663,1.0
C082,Ours,proto_sw_3_2,compact,medium,2,100018,1,1,1,1,,,6,1,6,proto_sw_3_2__seed_2661861881__global_l1_flow_v3__density_medium,proto_sw_3_2__seed_2661861881__global_l1_flow_v3__density_medium__unit_candidates_v2,62293b51c99a0587bf2b184beac04ea1fcce96c1ddfa25d6adaaee04418a7b9d,proto_sw_3_2__seed_2661861881__global_l1_flow_v3__density_medium,proto_sw_3_2__seed_2661861881__global_l1_flow_v3__density_medium__unit_candidates_v2__global_unit_selection_joint_h2b,0.04689460000008694,raw_cases/C082/methods/Ours,1,0,0,0,0,0,0.04363723957748003,0.021319526,0,0,0.0,1.0,0,0.0006470082404297303,0.0006058176173749699,0,0,0.04363763563335155,1.000429932378975,0.25809254099813644,6,1,6,1.4642043506450724,0.2091720500921532,0.07788371604447633,0.643173459,0.02609877558479532,0.6666666666666666,0.3333333333333333,0.8333333333333334,0.16666666666666666,0.0,0.436382552,0.16666666666666666,0.16666666666666666,0.16666666666666666,0.16666666666666666,0.0,0.16666666666666666,0.16666666666666666,0.0,0.0984848485,0.15151515100000001,0.204545455,0.303030303,0.696969697,0.16666666666666666,,0.16666666666666663,1.0
C083,IndependentCurve,proto_sw_3_2,compact,rich,1,100002,1,1,0,0,,,7,0,7,proto_sw_3_2__seed_1978891010__global_l1_flow_v3__density_rich,,,proto_sw_3_2__seed_1978891010__global_l1_flow_v3__density_rich__baseline_independentcurve,proto_sw_3_2__seed_1978891010__global_l1_flow_v3__density_rich__baseline_independentcurve__selection,0.052641899997979635,raw_cases/C083/methods/IndependentCurve,1,0,3,0,0,0,0.0,0.021319526,1,0,0.0,1.0000000000000002,0,0.0,0.0,3,0,0.0,4.103891401596785,0.951834479688098,7,0,7,1.7953662957602334,0.25648089939431906,0.04998153077004427,0.44463475100000005,0.027515076754385966,0.14285714285714285,0.8571428571428571,1.0,0.0,0.0,0.6149478,0.0,0.14285714285714285,0.14285714285714285,0.0,0.2857142857142857,0.2857142857142857,0.14285714285714285,0.0,0.0454545455,0.121212121,0.181818182,0.424242424,0.575757576,0.2857142857142857,,0.0,0.0
C083,FixedSlot,proto_sw_3_2,compact,rich,1,100002,0,0,1,0,GlobalL1FlowError,global candidate pool has no complete compatible assignment,,,,,,,,,2.9439365999969596,,0,,,,,,,,,,,,,,,,,,,,,,,,,,,,,,,,,,,,,,,,,,,,,,,,generation failed; no canonical geometry,,
C083,LocalGreedy,proto_sw_3_2,compact,rich,1,100002,1,1,1,1,,,7,2,7,proto_sw_3_2__seed_1978891010__global_l1_flow_v3__density_rich,proto_sw_3_2__seed_1978891010__global_l1_flow_v3__density_rich__unit_candidates_v2,5fd347c6cedcd28e15ab3e1802de9007d0befcfb54d4f189776b0f07b721cb3e,proto_sw_3_2__seed_1978891010__global_l1_flow_v3__density_rich,proto_sw_3_2__seed_1978891010__global_l1_flow_v3__density_rich__unit_candidates_v2__global_unit_selection_sparse5e,0.05616989999907673,raw_cases/C083/methods/LocalGreedy,1,0,0,0,0,0,0.06392245269887782,0.021319526,0,0,0.0,1.0000000000000002,0,0.1547269939493468,0.0984721286367665,0,0,0.06384102500245098,1.439515162992525,0.3323547130152264,7,2,7,1.7831798371558574,0.19813109301731746,0.07135201290586779,0.71852632,0.031604075292397664,0.5714285714285714,0.42857142857142855,0.7142857142857143,0.2857142857142857,0.0,0.6149478,0.14285714285714285,0.14285714285714285,0.14285714285714285,0.14285714285714285,0.14285714285714285,0.14285714285714285,0.14285714285714285,0.0,0.090909091,0.121212121,0.1363636365,0.333333333,0.666666667,0.14285714285714285,,0.2857142857142857,1.0
C083,Ours,proto_sw_3_2,compact,rich,1,100002,1,1,1,1,,,7,2,7,proto_sw_3_2__seed_1978891010__global_l1_flow_v3__density_rich,proto_sw_3_2__seed_1978891010__global_l1_flow_v3__density_rich__unit_candidates_v2,5fd347c6cedcd28e15ab3e1802de9007d0befcfb54d4f189776b0f07b721cb3e,proto_sw_3_2__seed_1978891010__global_l1_flow_v3__density_rich,proto_sw_3_2__seed_1978891010__global_l1_flow_v3__density_rich__unit_candidates_v2__global_unit_selection_joint_h2b,0.06651700000293204,raw_cases/C083/methods/Ours,1,0,0,0,0,0,0.06392245269887782,0.021319526,0,0,0.0,1.0000000000000002,0,0.010702121798496854,0.002988754296462122,0,0,0.06384102500245098,1.439515162992525,0.3323547130152264,7,2,7,1.7078040853387861,0.18975600948208735,0.07398610307553091,0.700382369,0.03034767909356725,0.5714285714285714,0.42857142857142855,0.7142857142857143,0.2857142857142857,0.0,0.6149478,0.14285714285714285,0.14285714285714285,0.14285714285714285,0.14285714285714285,0.14285714285714285,0.14285714285714285,0.14285714285714285,0.0,0.090909091,0.121212121,0.1363636365,0.333333333,0.666666667,0.14285714285714285,,0.2857142857142857,1.0
C084,IndependentCurve,proto_sw_3_2,compact,rich,2,100005,1,1,0,0,,,7,0,7,proto_sw_3_2__seed_1160715944__global_l1_flow_v3__density_rich,,,proto_sw_3_2__seed_1160715944__global_l1_flow_v3__density_rich__baseline_independentcurve,proto_sw_3_2__seed_1160715944__global_l1_flow_v3__density_rich__baseline_independentcurve__selection,0.04419860000052722,raw_cases/C084/methods/IndependentCurve,1,0,3,0,0,0,0.0,0.021319526,1,0,0.0,1.0000000000000002,0,0.0,0.0,3,0,0.0,1.9849609340525938,0.4731411744768436,7,0,7,1.824646055731208,0.26066372224731543,0.07801394998302645,0.6181507900000001,0.031404194078947366,0.5714285714285714,0.42857142857142855,1.0,0.0,0.0,0.666601458,0.14285714285714285,0.14285714285714285,0.14285714285714285,0.14285714285714285,0.0,0.2857142857142857,0.14285714285714285,0.0,0.0606060605,0.090909091,0.196969697,0.333333334,0.666666666,0.2857142857142857,,0.0,0.0
C084,FixedSlot,proto_sw_3_2,compact,rich,2,100005,1,1,1,1,,,7,1,7,proto_sw_3_2__seed_1160715944__global_l1_flow_v3__density_rich,,,proto_sw_3_2__seed_1160715944__global_l1_flow_v3__density_rich__baseline_fixedslot,proto_sw_3_2__seed_1160715944__global_l1_flow_v3__density_rich__baseline_fixedslot__unit_candidates_v2__global_unit_selection_joint_h2b,8.560411499998736,raw_cases/C084/methods/FixedSlot,1,0,0,0,0,0,0.04102714865162277,0.021319526,0,0,0.0,1.0000000000000002,0,0.020840661816417826,0.007618365290035488,0,0,0.041084151323405836,5.576106678502723,0.7915093455073916,7,1,7,2.5646454481675436,0.3205806810209429,0.14326701146076043,0.922892597,0.04451640168128655,0.5714285714285714,0.42857142857142855,0.8571428571428571,0.14285714285714285,0.0,0.666601458,0.0,0.2857142857142857,0.14285714285714285,0.14285714285714285,0.0,0.14285714285714285,0.2857142857142857,0.0,0.083979821,0.11111111099999993,0.18621954250000003,0.276484803,0.723515197,0.2857142857142857,,0.1428571428571429,1.0
C084,LocalGreedy,proto_sw_3_2,compact,rich,2,100005,1,1,1,1,,,7,1,7,proto_sw_3_2__seed_1160715944__global_l1_flow_v3__density_rich,proto_sw_3_2__seed_1160715944__global_l1_flow_v3__density_rich__unit_candidates_v2,b33e74b73708ce36e6024496b7f2f45d99f79ccd94258dd2c617ef7f1f2fe9b8,proto_sw_3_2__seed_1160715944__global_l1_flow_v3__density_rich,proto_sw_3_2__seed_1160715944__global_l1_flow_v3__density_rich__unit_candidates_v2__global_unit_selection_sparse5e,0.05560269999841694,raw_cases/C084/methods/LocalGreedy,1,0,0,0,0,0,0.053142014982784244,0.021319526,0,0,0.0,1.0000000000000002,0,0.0967385123565733,0.0739956290340838,0,0,0.053142014982784244,1.3766633387317266,0.3316738691415519,7,1,7,1.7141546732290593,0.21426933415363242,0.07335254349689695,0.5651631789999999,0.030576114766081873,0.5714285714285714,0.42857142857142855,0.8571428571428571,0.14285714285714285,0.0,0.666601458,0.14285714285714285,0.14285714285714285,0.14285714285714285,0.14285714285714285,0.14285714285714285,0.0,0.2857142857142857,0.0,0.121212121,0.121212121,0.1515151515,0.24242424299999998,0.757575757,0.2857142857142857,,0.1428571428571429,1.0
C084,Ours,proto_sw_3_2,compact,rich,2,100005,1,1,1,1,,,7,1,7,proto_sw_3_2__seed_1160715944__global_l1_flow_v3__density_rich,proto_sw_3_2__seed_1160715944__global_l1_flow_v3__density_rich__unit_candidates_v2,b33e74b73708ce36e6024496b7f2f45d99f79ccd94258dd2c617ef7f1f2fe9b8,proto_sw_3_2__seed_1160715944__global_l1_flow_v3__density_rich,proto_sw_3_2__seed_1160715944__global_l1_flow_v3__density_rich__unit_candidates_v2__global_unit_selection_joint_h2b,0.06121080000229995,raw_cases/C084/methods/Ours,1,0,0,0,0,0,0.053142014982784244,0.021319526,0,0,0.0,1.0000000000000002,0,0.03652502435734432,0.025698134228708414,0,0,0.053142014982784244,1.3766633387317266,0.3316738691415519,7,1,7,1.631726347318909,0.2039657934148636,0.05888334768066433,0.5651631789999999,0.02922263340643275,0.5714285714285714,0.42857142857142855,0.8571428571428571,0.14285714285714285,0.0,0.666601458,0.14285714285714285,0.14285714285714285,0.14285714285714285,0.14285714285714285,0.14285714285714285,0.0,0.2857142857142857,0.0,0.121212121,0.121212121,0.1515151515,0.24242424299999998,0.757575757,0.2857142857142857,,0.1428571428571429,1.0
C085,IndependentCurve,proto_sw_3_2,swept,simple,1,100000,1,1,0,0,,,5,0,5,proto_sw_3_2__seed_2781254137__global_l1_flow_v3__density_simple,,,proto_sw_3_2__seed_2781254137__global_l1_flow_v3__density_simple__baseline_independentcurve,proto_sw_3_2__seed_2781254137__global_l1_flow_v3__density_simple__baseline_independentcurve__selection,0.04078949999893666,raw_cases/C085/methods/IndependentCurve,1,0,2,0,0,0,0.0,0.021319526,1,0,0.0,1.0000000000000002,0,0.0,0.0,2,0,0.0,1.381371735818389,0.48850527518012604,5,0,5,1.2884303358435645,0.2576860671687129,0.0852926378517446,0.5191454369999999,0.02238669590643275,0.8,0.2,1.0,0.0,0.0,0.242912098,0.0,0.0,0.4,0.2,0.2,0.0,0.2,0.0,0.090909091,0.090909091,0.24242424299999998,0.484848485,0.515151515,0.4,,0.0,0.0
C085,FixedSlot,proto_sw_3_2,swept,simple,1,100000,1,1,1,1,,,5,2,5,proto_sw_3_2__seed_2781254137__global_l1_flow_v3__density_simple,,,proto_sw_3_2__seed_2781254137__global_l1_flow_v3__density_simple__baseline_fixedslot,proto_sw_3_2__seed_2781254137__global_l1_flow_v3__density_simple__baseline_fixedslot__unit_candidates_v2__global_unit_selection_joint_h2b,2.8746571999981825,raw_cases/C085/methods/FixedSlot,1,0,0,0,0,0,0.07899297198367364,0.021319526,0,0,0.0,1.0000000000000002,0,0.10113368514522617,0.03171392200487059,0,0,0.0787293351316968,1.9416020995333707,0.4756864887251992,5,2,5,2.222624839904077,0.317517834272011,0.19826401928070878,1.1112825880000001,0.037332099780701754,0.4,0.6,0.6,0.4,0.0,0.242912098,0.0,0.2,0.2,0.0,0.2,0.2,0.2,0.0,0.11856419299999998,0.21476914000000003,0.214769141,0.333333334,0.666666666,0.2,,0.4,1.0
C085,LocalGreedy,proto_sw_3_2,swept,simple,1,100000,1,1,1,1,,,5,3,5,proto_sw_3_2__seed_2781254137__global_l1_flow_v3__density_simple,proto_sw_3_2__seed_2781254137__global_l1_flow_v3__density_simple__unit_candidates_v2,b28af89300964117daa151c49237f22783c27d5c920b3017d167b57ccc2c449c,proto_sw_3_2__seed_2781254137__global_l1_flow_v3__density_simple,proto_sw_3_2__seed_2781254137__global_l1_flow_v3__density_simple__unit_candidates_v2__global_unit_selection_sparse5e,0.04045100000075763,raw_cases/C085/methods/LocalGreedy,1,0,0,0,0,0,0.05034624773572284,0.021319526,0,0,0.0,1.0000000000000002,0,0.21668698164014336,0.12810563976917114,0,0,0.05034624773572284,0.4659177454678778,0.3593610136067907,5,3,5,1.6091713604326996,0.20114642005408745,0.08585337927988938,0.5916690579999999,0.02808045504385965,0.6,0.4,0.6,0.2,0.2,0.242912098,0.0,0.2,0.4,0.0,0.0,0.2,0.2,0.0,0.151515152,0.181818182,0.272727273,0.303030303,0.696969697,0.4,,0.4,1.0
C085,Ours,proto_sw_3_2,swept,simple,1,100000,1,1,1,1,,,5,2,5,proto_sw_3_2__seed_2781254137__global_l1_flow_v3__density_simple,proto_sw_3_2__seed_2781254137__global_l1_flow_v3__density_simple__unit_candidates_v2,b28af89300964117daa151c49237f22783c27d5c920b3017d167b57ccc2c449c,proto_sw_3_2__seed_2781254137__global_l1_flow_v3__density_simple,proto_sw_3_2__seed_2781254137__global_l1_flow_v3__density_simple__unit_candidates_v2__global_unit_selection_joint_h2b,0.03810640000301646,raw_cases/C085/methods/Ours,1,0,0,0,0,0,0.05034624773572284,0.021319526,0,0,0.0,1.0000000000000002,0,0.008521117018099801,0.0025644387152074606,0,0,0.05034624773572284,0.4659177454678778,0.3593610136067907,5,2,5,1.3691490041397563,0.19559271487710803,0.07765981550819445,0.5916690579999999,0.024231313961988302,0.6,0.4,0.6,0.4,0.0,0.242912098,0.0,0.2,0.4,0.0,0.0,0.2,0.2,0.0,0.151515152,0.181818182,0.272727273,0.303030303,0.696969697,0.4,,0.4,1.0
C086,IndependentCurve,proto_sw_3_2,swept,simple,2,100012,1,1,0,0,,,5,0,5,proto_sw_3_2__seed_608345505__global_l1_flow_v3__density_simple,,,proto_sw_3_2__seed_608345505__global_l1_flow_v3__density_simple__baseline_independentcurve,proto_sw_3_2__seed_608345505__global_l1_flow_v3__density_simple__baseline_independentcurve__selection,0.04154249999919557,raw_cases/C086/methods/IndependentCurve,1,0,1,0,0,0,0.0,0.021319526,1,0,0.0,1.0000000000000002,0,0.0,0.0,1,0,0.0,1.5823741736834407,0.6405402247227764,5,0,5,1.3043538402084582,0.2608707680416916,0.06437325657077109,0.4740666459999999,0.022112573099415205,0.4,0.6,1.0,0.0,0.0,0.221491733,0.0,0.2,0.0,0.0,0.4,0.2,0.2,0.0,0.090909091,0.121212121,0.333333333,0.424242425,0.575757575,0.4,,0.0,0.0
C086,FixedSlot,proto_sw_3_2,swept,simple,2,100012,1,1,1,1,,,5,2,5,proto_sw_3_2__seed_608345505__global_l1_flow_v3__density_simple,,,proto_sw_3_2__seed_608345505__global_l1_flow_v3__density_simple__baseline_fixedslot,proto_sw_3_2__seed_608345505__global_l1_flow_v3__density_simple__baseline_fixedslot__unit_candidates_v2__global_unit_selection_joint_h2b,2.752577900002507,raw_cases/C086/methods/FixedSlot,1,0,0,0,0,0,0.02999046025157168,0.021319526,0,0,0.0,1.0000000000000002,0,0.03897525425711237,0.02651204278273143,0,0,0.0909763115600338,1.9293547842585386,0.8194698251479449,5,2,5,2.152923840245466,0.3075605486064951,0.20032100156602042,1.0356686099999999,0.03733781067251462,0.6,0.4,0.6,0.4,0.0,0.221491733,0.0,0.2,0.2,0.0,0.2,0.2,0.2,0.0,0.11711263100000002,0.216220702,0.21622070299999996,0.333333334,0.666666666,0.2,,0.4,1.0
C086,LocalGreedy,proto_sw_3_2,swept,simple,2,100012,1,1,1,1,,,5,3,5,proto_sw_3_2__seed_608345505__global_l1_flow_v3__density_simple,proto_sw_3_2__seed_608345505__global_l1_flow_v3__density_simple__unit_candidates_v2,9b6b5bad1213ab4d8a33d856ab58646f5f8659e56fd9884b6babbbb0369c0998,proto_sw_3_2__seed_608345505__global_l1_flow_v3__density_simple,proto_sw_3_2__seed_608345505__global_l1_flow_v3__density_simple__unit_candidates_v2__global_unit_selection_sparse5e,0.048657199997251155,raw_cases/C086/methods/LocalGreedy,1,0,0,0,0,0,0.022562337286108746,0.021319526,0,0,0.0,1.0000000000000002,0,0.7470953534304615,0.24891861916378097,0,0,0.047755157430956506,0.9598337870161576,0.2831337690914763,5,3,5,1.5825720749232441,0.19782150936540555,0.06622360915841252,0.540926902,0.02757218567251462,0.6,0.4,0.6,0.2,0.2,0.221491733,0.0,0.2,0.2,0.2,0.0,0.2,0.2,0.0,0.121212121,0.212121212,0.24242424299999998,0.333333333,0.666666667,0.2,,0.4,1.0
C086,Ours,proto_sw_3_2,swept,simple,2,100012,1,1,1,1,,,5,2,5,proto_sw_3_2__seed_608345505__global_l1_flow_v3__density_simple,proto_sw_3_2__seed_608345505__global_l1_flow_v3__density_simple__unit_candidates_v2,9b6b5bad1213ab4d8a33d856ab58646f5f8659e56fd9884b6babbbb0369c0998,proto_sw_3_2__seed_608345505__global_l1_flow_v3__density_simple,proto_sw_3_2__seed_608345505__global_l1_flow_v3__density_simple__unit_candidates_v2__global_unit_selection_joint_h2b,0.043815899996843655,raw_cases/C086/methods/Ours,1,0,0,0,0,0,0.047754945570486755,0.021319526,0,0,0.0,1.0000000000000002,0,0.0046717638904036915,0.0027282995656201063,0,0,0.047755157430956506,0.9598337870161576,0.2831337690914763,5,2,5,1.3596452084064967,0.19423502977235668,0.07112534772692439,0.540926902,0.024002878289473683,0.6,0.4,0.6,0.4,0.0,0.221491733,0.0,0.2,0.2,0.2,0.0,0.2,0.2,0.0,0.121212121,0.212121212,0.24242424299999998,0.333333333,0.666666667,0.2,,0.4,1.0
C087,IndependentCurve,proto_sw_3_2,swept,medium,1,100007,1,1,0,0,,,6,0,6,proto_sw_3_2__seed_3756345937__global_l1_flow_v3__density_medium,,,proto_sw_3_2__seed_3756345937__global_l1_flow_v3__density_medium__baseline_independentcurve,proto_sw_3_2__seed_3756345937__global_l1_flow_v3__density_medium__baseline_independentcurve__selection,0.03871909999725176,raw_cases/C087/methods/IndependentCurve,1,0,6,0,0,0,0.0,0.021319526,1,0,0.0,1.0000000000000002,0,0.0,0.0,6,0,0.0,2.9428101542095297,0.8452064665764721,6,0,6,1.543034424364097,0.2571724040606828,0.07401356083310952,0.4896178860000001,0.02284356725146199,0.3333333333333333,0.6666666666666666,1.0,0.0,0.0,0.405726392,0.3333333333333333,0.3333333333333333,0.0,0.0,0.0,0.3333333333333333,0.0,0.0,0.030303029999999998,0.045454545500000054,0.31060606075,0.48484848499999994,0.5151515150000001,0.3333333333333333,,0.0,0.0
C087,FixedSlot,proto_sw_3_2,swept,medium,1,100007,1,1,1,1,,,6,2,6,proto_sw_3_2__seed_3756345937__global_l1_flow_v3__density_medium,,,proto_sw_3_2__seed_3756345937__global_l1_flow_v3__density_medium__baseline_fixedslot,proto_sw_3_2__seed_3756345937__global_l1_flow_v3__density_medium__baseline_fixedslot__unit_candidates_v2__global_unit_selection_joint_h2b,4.980938099997729,raw_cases/C087/methods/FixedSlot,1,0,0,0,0,0,0.058675252063105816,0.021319526,0,0,0.0,1.0000000000000002,0,0.08771489686471694,0.045827797529179565,0,0,0.058668263998273816,4.113397752055639,0.7264929591553889,6,2,6,2.489760204515265,0.3112200255644081,0.15828754695511532,0.9519355209999999,0.04327713815789474,0.16666666666666666,0.8333333333333334,0.6666666666666666,0.3333333333333333,0.0,0.405726392,0.0,0.3333333333333333,0.0,0.3333333333333333,0.0,0.3333333333333333,0.0,0.0,0.0961724505,0.125,0.15382754950000005,0.4057493860000001,0.5942506139999999,0.3333333333333333,,0.33333333333333337,1.0
C087,LocalGreedy,proto_sw_3_2,swept,medium,1,100007,1,1,1,1,,,6,3,6,proto_sw_3_2__seed_3756345937__global_l1_flow_v3__density_medium,proto_sw_3_2__seed_3756345937__global_l1_flow_v3__density_medium__unit_candidates_v2,d40a945696d127c26219d6ef51b1716123b4b39e06936393d3ced29bc58e2e27,proto_sw_3_2__seed_3756345937__global_l1_flow_v3__density_medium,proto_sw_3_2__seed_3756345937__global_l1_flow_v3__density_medium__unit_candidates_v2__global_unit_selection_sparse5e,0.04048490000059246,raw_cases/C087/methods/LocalGreedy,1,0,0,0,0,0,0.047674909357604746,0.021319526,0,0,0.0,1.0000000000000002,0,0.015142366534160484,0.011478337012514703,0,0,0.04763522858331245,0.7264105002159642,0.3295634713588202,6,3,6,1.480086053863186,0.16445400598479842,0.07086345008890321,0.50897492,0.026190149853801168,0.6666666666666666,0.3333333333333333,0.6666666666666666,0.16666666666666666,0.16666666666666666,0.405726392,0.16666666666666666,0.16666666666666666,0.16666666666666666,0.16666666666666666,0.0,0.16666666666666666,0.16666666666666666,0.0,0.12878787925,0.15151515100000001,0.17424242425000003,0.272727273,0.727272727,0.16666666666666666,,0.33333333333333337,1.0
C087,Ours,proto_sw_3_2,swept,medium,1,100007,1,1,1,1,,,6,2,6,proto_sw_3_2__seed_3756345937__global_l1_flow_v3__density_medium,proto_sw_3_2__seed_3756345937__global_l1_flow_v3__density_medium__unit_candidates_v2,d40a945696d127c26219d6ef51b1716123b4b39e06936393d3ced29bc58e2e27,proto_sw_3_2__seed_3756345937__global_l1_flow_v3__density_medium,proto_sw_3_2__seed_3756345937__global_l1_flow_v3__density_medium__unit_candidates_v2__global_unit_selection_joint_h2b,0.040328800001589116,raw_cases/C087/methods/Ours,1,0,0,0,0,0,0.047674909357604746,0.021319526,0,0,0.0,1.0000000000000002,0,0.036803400692788146,0.022957825047599648,0,0,0.04763522858331245,0.7264105002159642,0.3295634713588202,6,2,6,1.4720199546520818,0.18400249433151022,0.07700265842466195,0.50897492,0.02612733004385965,0.6666666666666666,0.3333333333333333,0.6666666666666666,0.3333333333333333,0.0,0.405726392,0.16666666666666666,0.16666666666666666,0.16666666666666666,0.16666666666666666,0.0,0.16666666666666666,0.16666666666666666,0.0,0.12878787925,0.15151515100000001,0.17424242425000003,0.272727273,0.727272727,0.16666666666666666,,0.33333333333333337,1.0
C088,IndependentCurve,proto_sw_3_2,swept,medium,2,100010,1,1,0,0,,,6,0,6,proto_sw_3_2__seed_1989963110__global_l1_flow_v3__density_medium,,,proto_sw_3_2__seed_1989963110__global_l1_flow_v3__density_medium__baseline_independentcurve,proto_sw_3_2__seed_1989963110__global_l1_flow_v3__density_medium__baseline_independentcurve__selection,0.036733500000991626,raw_cases/C088/methods/IndependentCurve,1,0,1,0,0,0,0.0,0.021319526,1,0,0.0,1.0,0,0.0,0.0,1,0,0.0,2.8313312800439694,0.9613875158500452,6,0,6,1.5578896743643025,0.2596482790607171,0.08216810826495759,0.5784348869999999,0.023700201023391813,0.6666666666666666,0.3333333333333333,1.0,0.0,0.0,0.425443914,0.0,0.16666666666666666,0.3333333333333333,0.16666666666666666,0.0,0.0,0.3333333333333333,0.0,0.06818181824999998,0.12121212099999999,0.26515151525,0.39393939400000005,0.606060606,0.3333333333333333,,0.0,0.0
C088,FixedSlot,proto_sw_3_2,swept,medium,2,100010,1,1,1,1,,,6,1,6,proto_sw_3_2__seed_1989963110__global_l1_flow_v3__density_medium,,,proto_sw_3_2__seed_1989963110__global_l1_flow_v3__density_medium__baseline_fixedslot,proto_sw_3_2__seed_1989963110__global_l1_flow_v3__density_medium__baseline_fixedslot__unit_candidates_v2__global_unit_selection_joint_h2b,5.382020400000329,raw_cases/C088/methods/FixedSlot,1,0,0,0,0,0,0.05140696192892572,0.021319526,0,0,0.0,1.0,0,0.04594415030780614,0.02732448999496918,0,0,0.051585556798412646,2.4810144416745077,0.7807104166757854,6,1,6,2.2887706885877668,0.3269672412268238,0.13423001870954704,0.691198438,0.04009046052631579,0.3333333333333333,0.6666666666666666,0.8333333333333334,0.16666666666666666,0.0,0.425443914,0.0,0.16666666666666666,0.16666666666666666,0.16666666666666666,0.16666666666666666,0.0,0.3333333333333333,0.0,0.10377656825,0.15585108800000003,0.20912234375,0.31170217600000005,0.688297824,0.3333333333333333,,0.16666666666666663,1.0
C088,LocalGreedy,proto_sw_3_2,swept,medium,2,100010,1,1,1,1,,,6,2,6,proto_sw_3_2__seed_1989963110__global_l1_flow_v3__density_medium,proto_sw_3_2__seed_1989963110__global_l1_flow_v3__density_medium__unit_candidates_v2,c771377d35c2ae702df5bdfe596f6f6d2f3837d8e42070c99d32c800eb76509b,proto_sw_3_2__seed_1989963110__global_l1_flow_v3__density_medium,proto_sw_3_2__seed_1989963110__global_l1_flow_v3__density_medium__unit_candidates_v2__global_unit_selection_sparse5e,0.03899680000176886,raw_cases/C088/methods/LocalGreedy,1,1,0,0,0,0,0.048737966127751685,0.021319526,0,0,0.0,1.0,0,0.5964867985095414,0.46490083547971056,0,0,0.04876763165103961,1.432603299305825,0.4038526993510141,6,2,6,1.5960056410744197,0.19950070513430246,0.08868449452742104,0.6150184010000002,0.0276578490497076,0.6666666666666666,0.3333333333333333,0.8333333333333334,0.0,0.16666666666666666,0.425443914,0.0,0.16666666666666666,0.16666666666666666,0.3333333333333333,0.0,0.16666666666666666,0.16666666666666666,0.0,0.12121212099999998,0.121212121,0.16666666675000003,0.363636364,0.636363636,0.3333333333333333,,0.16666666666666663,0.0
C088,Ours,proto_sw_3_2,swept,medium,2,100010,1,1,1,1,,,6,1,6,proto_sw_3_2__seed_1989963110__global_l1_flow_v3__density_medium,proto_sw_3_2__seed_1989963110__global_l1_flow_v3__density_medium__unit_candidates_v2,c771377d35c2ae702df5bdfe596f6f6d2f3837d8e42070c99d32c800eb76509b,proto_sw_3_2__seed_1989963110__global_l1_flow_v3__density_medium,proto_sw_3_2__seed_1989963110__global_l1_flow_v3__density_medium__unit_candidates_v2__global_unit_selection_joint_h2b,0.045552999999927124,raw_cases/C088/methods/Ours,1,0,0,0,0,0,0.048737966127751685,0.021319526,0,0,0.0,1.0,0,0.012885929529791456,0.0036438011356774145,0,0,0.04876763165103961,1.432603299305825,0.4038526993510141,6,1,6,1.461437863399138,0.2087768376284483,0.08096850428354327,0.6150184010000002,0.026030244883040937,0.6666666666666666,0.3333333333333333,0.8333333333333334,0.16666666666666666,0.0,0.425443914,0.0,0.16666666666666666,0.16666666666666666,0.3333333333333333,0.0,0.16666666666666666,0.16666666666666666,0.0,0.12121212099999998,0.121212121,0.16666666675000003,0.363636364,0.636363636,0.3333333333333333,,0.16666666666666663,1.0
C089,IndependentCurve,proto_sw_3_2,swept,rich,1,100009,1,1,0,0,,,7,0,7,proto_sw_3_2__seed_548579369__global_l1_flow_v3__density_rich,,,proto_sw_3_2__seed_548579369__global_l1_flow_v3__density_rich__baseline_independentcurve,proto_sw_3_2__seed_548579369__global_l1_flow_v3__density_rich__baseline_independentcurve__selection,0.03687780000109342,raw_cases/C089/methods/IndependentCurve,1,0,3,0,0,0,0.0,0.021319526,1,0,0.0,1.0000000000000002,0,0.0,0.0,3,0,0.0,3.9306586065576203,0.7076238433183643,7,0,7,1.8241546545590979,0.26059352207987113,0.06614418978772554,0.66080976,0.0304390533625731,0.7142857142857143,0.2857142857142857,1.0,0.0,0.0,0.692191125,0.14285714285714285,0.42857142857142855,0.0,0.2857142857142857,0.0,0.14285714285714285,0.0,0.0,0.030303030499999994,0.06060606000000002,0.2121212125,0.424242424,0.575757576,0.42857142857142855,,0.0,0.0
C089,FixedSlot,proto_sw_3_2,swept,rich,1,100009,1,1,1,1,,,7,3,7,proto_sw_3_2__seed_548579369__global_l1_flow_v3__density_rich,,,proto_sw_3_2__seed_548579369__global_l1_flow_v3__density_rich__baseline_fixedslot,proto_sw_3_2__seed_548579369__global_l1_flow_v3__density_rich__baseline_fixedslot__unit_candidates_v2__global_unit_selection_joint_h2b,5.4642906000008225,raw_cases/C089/methods/FixedSlot,1,0,0,0,0,0,0.024223938052223642,0.021319526,0,0,0.0,1.0000000000000002,0,0.5062678175741807,0.20803135458730238,0,0,0.03702340085542049,5.527718346814298,0.8585966898746529,7,3,7,2.8846812559993134,0.2884681255999313,0.13068245605541068,0.7224173920000001,0.050038834064327485,0.14285714285714285,0.8571428571428571,0.5714285714285714,0.42857142857142855,0.0,0.692191125,0.14285714285714285,0.14285714285714285,0.14285714285714285,0.14285714285714285,0.14285714285714285,0.14285714285714285,0.14285714285714285,0.0,0.09990934100000001,0.11111111100000001,0.1347335545,0.344535103,0.655464897,0.14285714285714285,,0.4285714285714286,1.0
C089,LocalGreedy,proto_sw_3_2,swept,rich,1,100009,1,1,1,1,,,7,4,7,proto_sw_3_2__seed_548579369__global_l1_flow_v3__density_rich,proto_sw_3_2__seed_548579369__global_l1_flow_v3__density_rich__unit_candidates_v2,62061f2b65c3199c52fcd16ceee84696efacf891dc7d1f58973dd1fce3875c81,proto_sw_3_2__seed_548579369__global_l1_flow_v3__density_rich,proto_sw_3_2__seed_548579369__global_l1_flow_v3__density_rich__unit_candidates_v2__global_unit_selection_sparse5e,0.043847299999470124,raw_cases/C089/methods/LocalGreedy,1,0,0,0,0,0,0.0452208656519833,0.021319526,0,0,0.0,1.0000000000000002,0,0.9617278189735519,0.47340250934074346,0,0,0.06191717529259905,1.4535860848323134,0.36587679431320125,7,4,7,2.0945219504287773,0.1904110864026161,0.0888344933756878,0.647257994,0.03653828581871345,0.5714285714285714,0.42857142857142855,0.5714285714285714,0.2857142857142857,0.14285714285714285,0.692191125,0.14285714285714285,0.14285714285714285,0.0,0.2857142857142857,0.14285714285714285,0.14285714285714285,0.14285714285714285,0.0,0.090909091,0.121212121,0.1515151515,0.303030303,0.696969697,0.2857142857142857,,0.4285714285714286,1.0
C089,Ours,proto_sw_3_2,swept,rich,1,100009,1,1,1,1,,,7,3,7,proto_sw_3_2__seed_548579369__global_l1_flow_v3__density_rich,proto_sw_3_2__seed_548579369__global_l1_flow_v3__density_rich__unit_candidates_v2,62061f2b65c3199c52fcd16ceee84696efacf891dc7d1f58973dd1fce3875c81,proto_sw_3_2__seed_548579369__global_l1_flow_v3__density_rich,proto_sw_3_2__seed_548579369__global_l1_flow_v3__density_rich__unit_candidates_v2__global_unit_selection_joint_h2b,0.05113820000042324,raw_cases/C089/methods/Ours,1,0,0,0,0,0,0.06191717529259905,0.021319526,0,0,0.0,1.0000000000000002,0,0.2514907635941848,0.1110706320092351,0,0,0.06191717529259905,1.4535860848323134,0.36587679431320125,7,3,7,1.9352573611372947,0.19352573611372947,0.07693428879664284,0.647257994,0.03411686769005848,0.5714285714285714,0.42857142857142855,0.5714285714285714,0.42857142857142855,0.0,0.692191125,0.14285714285714285,0.14285714285714285,0.0,0.2857142857142857,0.14285714285714285,0.14285714285714285,0.14285714285714285,0.0,0.090909091,0.121212121,0.1515151515,0.303030303,0.696969697,0.2857142857142857,,0.4285714285714286,1.0
C090,IndependentCurve,proto_sw_3_2,swept,rich,2,100015,1,1,0,0,,,7,0,7,proto_sw_3_2__seed_1105195513__global_l1_flow_v3__density_rich,,,proto_sw_3_2__seed_1105195513__global_l1_flow_v3__density_rich__baseline_independentcurve,proto_sw_3_2__seed_1105195513__global_l1_flow_v3__density_rich__baseline_independentcurve__selection,0.03616159999728552,raw_cases/C090/methods/IndependentCurve,1,0,2,0,0,0,0.0,0.021319526,1,0,0.0,1.0,0,0.0,0.0,2,0,0.0,3.651184470518297,0.6356422410458893,7,0,7,1.8340824823892814,0.2620117831984688,0.0790591737846873,0.525944413,0.031792534722222224,0.2857142857142857,0.7142857142857143,1.0,0.0,0.0,0.706279613,0.0,0.0,0.2857142857142857,0.42857142857142855,0.0,0.14285714285714285,0.14285714285714285,0.0,0.0454545455,0.060606061000000044,0.181818182,0.454545454,0.545454546,0.42857142857142855,,0.0,0.0
C090,FixedSlot,proto_sw_3_2,swept,rich,2,100015,1,1,1,1,,,7,3,7,proto_sw_3_2__seed_1105195513__global_l1_flow_v3__density_rich,,,proto_sw_3_2__seed_1105195513__global_l1_flow_v3__density_rich__baseline_fixedslot,proto_sw_3_2__seed_1105195513__global_l1_flow_v3__density_rich__baseline_fixedslot__unit_candidates_v2__global_unit_selection_joint_h2b,6.1247490999994625,raw_cases/C090/methods/FixedSlot,1,0,0,0,0,0,0.06842302730746085,0.021319526,0,0,0.0,1.0,0,0.15122011928534873,0.05093766147337143,0,0,0.06832469882331065,3.906567783267831,0.808910011937155,7,3,7,2.7600524925514875,0.2760052492551487,0.12010872690819627,0.846493491,0.047885827850877194,0.5714285714285714,0.42857142857142855,0.5714285714285714,0.42857142857142855,0.0,0.706279613,0.0,0.2857142857142857,0.14285714285714285,0.14285714285714285,0.14285714285714285,0.0,0.2857142857142857,0.0,0.06250000000000003,0.12499999999999997,0.1875,0.31667287200000005,0.683327128,0.2857142857142857,,0.4285714285714286,1.0
C090,LocalGreedy,proto_sw_3_2,swept,rich,2,100015,1,1,1,1,,,7,4,7,proto_sw_3_2__seed_1105195513__global_l1_flow_v3__density_rich,proto_sw_3_2__seed_1105195513__global_l1_flow_v3__density_rich__unit_candidates_v2,cc359cbe7a8ca88afcb538eb80d9282cb1a6dbe38a657daa2ba11c492d76550d,proto_sw_3_2__seed_1105195513__global_l1_flow_v3__density_rich,proto_sw_3_2__seed_1105195513__global_l1_flow_v3__density_rich__unit_candidates_v2__global_unit_selection_sparse5e,0.04314720000184025,raw_cases/C090/methods/LocalGreedy,1,0,0,0,0,0,0.04990899913803652,0.021319526,0,0,0.0,1.0,0,0.37782495610101596,0.13778856750151214,0,0,0.05003326826486162,1.5215531757638172,0.3057935344763079,7,4,7,1.969193203358841,0.17901756394171284,0.0897794634953199,0.5545671350000001,0.03439670138888889,0.5714285714285714,0.42857142857142855,0.5714285714285714,0.2857142857142857,0.14285714285714285,0.706279613,0.14285714285714285,0.14285714285714285,0.14285714285714285,0.14285714285714285,0.14285714285714285,0.14285714285714285,0.14285714285714285,0.0,0.12121212100000002,0.12121212199999998,0.13636363649999997,0.272727272,0.727272728,0.14285714285714285,,0.4285714285714286,1.0
C090,Ours,proto_sw_3_2,swept,rich,2,100015,1,1,1,1,,,7,3,7,proto_sw_3_2__seed_1105195513__global_l1_flow_v3__density_rich,proto_sw_3_2__seed_1105195513__global_l1_flow_v3__density_rich__unit_candidates_v2,cc359cbe7a8ca88afcb538eb80d9282cb1a6dbe38a657daa2ba11c492d76550d,proto_sw_3_2__seed_1105195513__global_l1_flow_v3__density_rich,proto_sw_3_2__seed_1105195513__global_l1_flow_v3__density_rich__unit_candidates_v2__global_unit_selection_joint_h2b,0.04244459999972605,raw_cases/C090/methods/Ours,1,0,0,0,0,0,0.04990899913803652,0.021319526,0,0,0.0,1.0,0,0.08494713476754019,0.02296852610269573,0,0,0.05003326826486162,1.5215531757638172,0.3057935344763079,7,3,7,1.8874668133568921,0.18874668133568923,0.08169870767779457,0.5545671350000001,0.033277366593567254,0.5714285714285714,0.42857142857142855,0.5714285714285714,0.42857142857142855,0.0,0.706279613,0.14285714285714285,0.14285714285714285,0.14285714285714285,0.14285714285714285,0.14285714285714285,0.14285714285714285,0.14285714285714285,0.0,0.12121212100000002,0.12121212199999998,0.13636363649999997,0.272727272,0.727272728,0.14285714285714285,,0.4285714285714286,1.0
