case_id,source_group,prototype_id,backbone_variant,density_level,replicate,production_seed,formal_triple_png,formal_triple_svg,formal_single_svg,mechanical_validity,single_review_source_svg,single_review_mode
A001,matrix_A,proto_sw_1_1,expanded,simple,1,200000,artifacts/paper_a_chapter4_v1/rq1_rq3/formal_ours/raw_cases/A001/formal_triple.png,artifacts/paper_a_chapter4_v1/rq1_rq3/formal_ours/raw_cases/A001/formal_triple.svg,,1,artifacts/paper_a_chapter4_v1/rq1_rq3/formal_ours/raw_cases/A001/formal_triple.svg,central_period_viewport_from_formal_triple_svg
A002,matrix_A,proto_sw_1_1,expanded,medium,1,200000,artifacts/paper_a_chapter4_v1/rq1_rq3/formal_ours/raw_cases/A002/formal_triple.png,artifacts/paper_a_chapter4_v1/rq1_rq3/formal_ours/raw_cases/A002/formal_triple.svg,,1,artifacts/paper_a_chapter4_v1/rq1_rq3/formal_ours/raw_cases/A002/formal_triple.svg,central_period_viewport_from_formal_triple_svg
A003,matrix_A,proto_sw_1_1,expanded,rich,1,200000,artifacts/paper_a_chapter4_v1/rq1_rq3/formal_ours/raw_cases/A003/formal_triple.png,artifacts/paper_a_chapter4_v1/rq1_rq3/formal_ours/raw_cases/A003/formal_triple.svg,,1,artifacts/paper_a_chapter4_v1/rq1_rq3/formal_ours/raw_cases/A003/formal_triple.svg,central_period_viewport_from_formal_triple_svg
A004,matrix_A,proto_sw_1_1,compact,simple,1,200000,artifacts/paper_a_chapter4_v1/rq1_rq3/formal_ours/raw_cases/A004/formal_triple.png,artifacts/paper_a_chapter4_v1/rq1_rq3/formal_ours/raw_cases/A004/formal_triple.svg,,1,artifacts/paper_a_chapter4_v1/rq1_rq3/formal_ours/raw_cases/A004/formal_triple.svg,central_period_viewport_from_formal_triple_svg
A005,matrix_A,proto_sw_1_1,compact,medium,1,200000,artifacts/paper_a_chapter4_v1/rq1_rq3/formal_ours/raw_cases/A005/formal_triple.png,artifacts/paper_a_chapter4_v1/rq1_rq3/formal_ours/raw_cases/A005/formal_triple.svg,,1,artifacts/paper_a_chapter4_v1/rq1_rq3/formal_ours/raw_cases/A005/formal_triple.svg,central_period_viewport_from_formal_triple_svg
A006,matrix_A,proto_sw_1_1,compact,rich,1,200000,artifacts/paper_a_chapter4_v1/rq1_rq3/formal_ours/raw_cases/A006/formal_triple.png,artifacts/paper_a_chapter4_v1/rq1_rq3/formal_ours/raw_cases/A006/formal_triple.svg,,1,artifacts/paper_a_chapter4_v1/rq1_rq3/formal_ours/raw_cases/A006/formal_triple.svg,central_period_viewport_from_formal_triple_svg
A007,matrix_A,proto_sw_1_1,swept,simple,1,200000,artifacts/paper_a_chapter4_v1/rq1_rq3/formal_ours/raw_cases/A007/formal_triple.png,artifacts/paper_a_chapter4_v1/rq1_rq3/formal_ours/raw_cases/A007/formal_triple.svg,,1,artifacts/paper_a_chapter4_v1/rq1_rq3/formal_ours/raw_cases/A007/formal_triple.svg,central_period_viewport_from_formal_triple_svg
A008,matrix_A,proto_sw_1_1,swept,medium,1,200000,artifacts/paper_a_chapter4_v1/rq1_rq3/formal_ours/raw_cases/A008/formal_triple.png,artifacts/paper_a_chapter4_v1/rq1_rq3/formal_ours/raw_cases/A008/formal_triple.svg,,1,artifacts/paper_a_chapter4_v1/rq1_rq3/formal_ours/raw_cases/A008/formal_triple.svg,central_period_viewport_from_formal_triple_svg
A009,matrix_A,proto_sw_1_1,swept,rich,1,200000,artifacts/paper_a_chapter4_v1/rq1_rq3/formal_ours/raw_cases/A009/formal_triple.png,artifacts/paper_a_chapter4_v1/rq1_rq3/formal_ours/raw_cases/A009/formal_triple.svg,,1,artifacts/paper_a_chapter4_v1/rq1_rq3/formal_ours/raw_cases/A009/formal_triple.svg,central_period_viewport_from_formal_triple_svg
A010,matrix_A,proto_sw_1_1,expanded,simple,2,200001,artifacts/paper_a_chapter4_v1/rq1_rq3/formal_ours/raw_cases/A010/formal_triple.png,artifacts/paper_a_chapter4_v1/rq1_rq3/formal_ours/raw_cases/A010/formal_triple.svg,,1,artifacts/paper_a_chapter4_v1/rq1_rq3/formal_ours/raw_cases/A010/formal_triple.svg,central_period_viewport_from_formal_triple_svg
A011,matrix_A,proto_sw_1_1,expanded,medium,2,200001,artifacts/paper_a_chapter4_v1/rq1_rq3/formal_ours/raw_cases/A011/formal_triple.png,artifacts/paper_a_chapter4_v1/rq1_rq3/formal_ours/raw_cases/A011/formal_triple.svg,,1,artifacts/paper_a_chapter4_v1/rq1_rq3/formal_ours/raw_cases/A011/formal_triple.svg,central_period_viewport_from_formal_triple_svg
A012,matrix_A,proto_sw_1_1,expanded,rich,2,200001,artifacts/paper_a_chapter4_v1/rq1_rq3/formal_ours/raw_cases/A012/formal_triple.png,artifacts/paper_a_chapter4_v1/rq1_rq3/formal_ours/raw_cases/A012/formal_triple.svg,,1,artifacts/paper_a_chapter4_v1/rq1_rq3/formal_ours/raw_cases/A012/formal_triple.svg,central_period_viewport_from_formal_triple_svg
A013,matrix_A,proto_sw_1_1,compact,simple,2,200001,artifacts/paper_a_chapter4_v1/rq1_rq3/formal_ours/raw_cases/A013/formal_triple.png,artifacts/paper_a_chapter4_v1/rq1_rq3/formal_ours/raw_cases/A013/formal_triple.svg,,1,artifacts/paper_a_chapter4_v1/rq1_rq3/formal_ours/raw_cases/A013/formal_triple.svg,central_period_viewport_from_formal_triple_svg
A014,matrix_A,proto_sw_1_1,compact,medium,2,200001,artifacts/paper_a_chapter4_v1/rq1_rq3/formal_ours/raw_cases/A014/formal_triple.png,artifacts/paper_a_chapter4_v1/rq1_rq3/formal_ours/raw_cases/A014/formal_triple.svg,,1,artifacts/paper_a_chapter4_v1/rq1_rq3/formal_ours/raw_cases/A014/formal_triple.svg,central_period_viewport_from_formal_triple_svg
A015,matrix_A,proto_sw_1_1,compact,rich,2,200001,artifacts/paper_a_chapter4_v1/rq1_rq3/formal_ours/raw_cases/A015/formal_triple.png,artifacts/paper_a_chapter4_v1/rq1_rq3/formal_ours/raw_cases/A015/formal_triple.svg,,1,artifacts/paper_a_chapter4_v1/rq1_rq3/formal_ours/raw_cases/A015/formal_triple.svg,central_period_viewport_from_formal_triple_svg
A016,matrix_A,proto_sw_1_1,swept,simple,2,200001,artifacts/paper_a_chapter4_v1/rq1_rq3/formal_ours/raw_cases/A016/formal_triple.png,artifacts/paper_a_chapter4_v1/rq1_rq3/formal_ours/raw_cases/A016/formal_triple.svg,,1,artifacts/paper_a_chapter4_v1/rq1_rq3/formal_ours/raw_cases/A016/formal_triple.svg,central_period_viewport_from_formal_triple_svg
A017,matrix_A,proto_sw_1_1,swept,medium,2,200001,artifacts/paper_a_chapter4_v1/rq1_rq3/formal_ours/raw_cases/A017/formal_triple.png,artifacts/paper_a_chapter4_v1/rq1_rq3/formal_ours/raw_cases/A017/formal_triple.svg,,1,artifacts/paper_a_chapter4_v1/rq1_rq3/formal_ours/raw_cases/A017/formal_triple.svg,central_period_viewport_from_formal_triple_svg
A018,matrix_A,proto_sw_1_1,swept,rich,2,200001,artifacts/paper_a_chapter4_v1/rq1_rq3/formal_ours/raw_cases/A018/formal_triple.png,artifacts/paper_a_chapter4_v1/rq1_rq3/formal_ours/raw_cases/A018/formal_triple.svg,,1,artifacts/paper_a_chapter4_v1/rq1_rq3/formal_ours/raw_cases/A018/formal_triple.svg,central_period_viewport_from_formal_triple_svg
A019,matrix_A,proto_sw_1_1,expanded,simple,3,200002,artifacts/paper_a_chapter4_v1/rq1_rq3/formal_ours/raw_cases/A019/formal_triple.png,artifacts/paper_a_chapter4_v1/rq1_rq3/formal_ours/raw_cases/A019/formal_triple.svg,,1,artifacts/paper_a_chapter4_v1/rq1_rq3/formal_ours/raw_cases/A019/formal_triple.svg,central_period_viewport_from_formal_triple_svg
A020,matrix_A,proto_sw_1_1,expanded,medium,3,200002,artifacts/paper_a_chapter4_v1/rq1_rq3/formal_ours/raw_cases/A020/formal_triple.png,artifacts/paper_a_chapter4_v1/rq1_rq3/formal_ours/raw_cases/A020/formal_triple.svg,,1,artifacts/paper_a_chapter4_v1/rq1_rq3/formal_ours/raw_cases/A020/formal_triple.svg,central_period_viewport_from_formal_triple_svg
A021,matrix_A,proto_sw_1_1,expanded,rich,3,200002,artifacts/paper_a_chapter4_v1/rq1_rq3/formal_ours/raw_cases/A021/formal_triple.png,artifacts/paper_a_chapter4_v1/rq1_rq3/formal_ours/raw_cases/A021/formal_triple.svg,,1,artifacts/paper_a_chapter4_v1/rq1_rq3/formal_ours/raw_cases/A021/formal_triple.svg,central_period_viewport_from_formal_triple_svg
A022,matrix_A,proto_sw_1_1,compact,simple,3,200002,artifacts/paper_a_chapter4_v1/rq1_rq3/formal_ours/raw_cases/A022/formal_triple.png,artifacts/paper_a_chapter4_v1/rq1_rq3/formal_ours/raw_cases/A022/formal_triple.svg,,1,artifacts/paper_a_chapter4_v1/rq1_rq3/formal_ours/raw_cases/A022/formal_triple.svg,central_period_viewport_from_formal_triple_svg
A023,matrix_A,proto_sw_1_1,compact,medium,3,200002,artifacts/paper_a_chapter4_v1/rq1_rq3/formal_ours/raw_cases/A023/formal_triple.png,artifacts/paper_a_chapter4_v1/rq1_rq3/formal_ours/raw_cases/A023/formal_triple.svg,,1,artifacts/paper_a_chapter4_v1/rq1_rq3/formal_ours/raw_cases/A023/formal_triple.svg,central_period_viewport_from_formal_triple_svg
A024,matrix_A,proto_sw_1_1,compact,rich,3,200002,artifacts/paper_a_chapter4_v1/rq1_rq3/formal_ours/raw_cases/A024/formal_triple.png,artifacts/paper_a_chapter4_v1/rq1_rq3/formal_ours/raw_cases/A024/formal_triple.svg,,1,artifacts/paper_a_chapter4_v1/rq1_rq3/formal_ours/raw_cases/A024/formal_triple.svg,central_period_viewport_from_formal_triple_svg
A025,matrix_A,proto_sw_1_1,swept,simple,3,200002,artifacts/paper_a_chapter4_v1/rq1_rq3/formal_ours/raw_cases/A025/formal_triple.png,artifacts/paper_a_chapter4_v1/rq1_rq3/formal_ours/raw_cases/A025/formal_triple.svg,,1,artifacts/paper_a_chapter4_v1/rq1_rq3/formal_ours/raw_cases/A025/formal_triple.svg,central_period_viewport_from_formal_triple_svg
A026,matrix_A,proto_sw_1_1,swept,medium,3,200002,artifacts/paper_a_chapter4_v1/rq1_rq3/formal_ours/raw_cases/A026/formal_triple.png,artifacts/paper_a_chapter4_v1/rq1_rq3/formal_ours/raw_cases/A026/formal_triple.svg,,1,artifacts/paper_a_chapter4_v1/rq1_rq3/formal_ours/raw_cases/A026/formal_triple.svg,central_period_viewport_from_formal_triple_svg
A027,matrix_A,proto_sw_1_1,swept,rich,3,200002,artifacts/paper_a_chapter4_v1/rq1_rq3/formal_ours/raw_cases/A027/formal_triple.png,artifacts/paper_a_chapter4_v1/rq1_rq3/formal_ours/raw_cases/A027/formal_triple.svg,,1,artifacts/paper_a_chapter4_v1/rq1_rq3/formal_ours/raw_cases/A027/formal_triple.svg,central_period_viewport_from_formal_triple_svg
A028,matrix_A,proto_sw_1_1,expanded,simple,4,200003,artifacts/paper_a_chapter4_v1/rq1_rq3/formal_ours/raw_cases/A028/formal_triple.png,artifacts/paper_a_chapter4_v1/rq1_rq3/formal_ours/raw_cases/A028/formal_triple.svg,,1,artifacts/paper_a_chapter4_v1/rq1_rq3/formal_ours/raw_cases/A028/formal_triple.svg,central_period_viewport_from_formal_triple_svg
A029,matrix_A,proto_sw_1_1,expanded,medium,4,200003,artifacts/paper_a_chapter4_v1/rq1_rq3/formal_ours/raw_cases/A029/formal_triple.png,artifacts/paper_a_chapter4_v1/rq1_rq3/formal_ours/raw_cases/A029/formal_triple.svg,,1,artifacts/paper_a_chapter4_v1/rq1_rq3/formal_ours/raw_cases/A029/formal_triple.svg,central_period_viewport_from_formal_triple_svg
A030,matrix_A,proto_sw_1_1,expanded,rich,4,200003,artifacts/paper_a_chapter4_v1/rq1_rq3/formal_ours/raw_cases/A030/formal_triple.png,artifacts/paper_a_chapter4_v1/rq1_rq3/formal_ours/raw_cases/A030/formal_triple.svg,,1,artifacts/paper_a_chapter4_v1/rq1_rq3/formal_ours/raw_cases/A030/formal_triple.svg,central_period_viewport_from_formal_triple_svg
A031,matrix_A,proto_sw_1_1,compact,simple,4,200003,artifacts/paper_a_chapter4_v1/rq1_rq3/formal_ours/raw_cases/A031/formal_triple.png,artifacts/paper_a_chapter4_v1/rq1_rq3/formal_ours/raw_cases/A031/formal_triple.svg,,1,artifacts/paper_a_chapter4_v1/rq1_rq3/formal_ours/raw_cases/A031/formal_triple.svg,central_period_viewport_from_formal_triple_svg
A032,matrix_A,proto_sw_1_1,compact,medium,4,200003,artifacts/paper_a_chapter4_v1/rq1_rq3/formal_ours/raw_cases/A032/formal_triple.png,artifacts/paper_a_chapter4_v1/rq1_rq3/formal_ours/raw_cases/A032/formal_triple.svg,,1,artifacts/paper_a_chapter4_v1/rq1_rq3/formal_ours/raw_cases/A032/formal_triple.svg,central_period_viewport_from_formal_triple_svg
A033,matrix_A,proto_sw_1_1,compact,rich,4,200003,artifacts/paper_a_chapter4_v1/rq1_rq3/formal_ours/raw_cases/A033/formal_triple.png,artifacts/paper_a_chapter4_v1/rq1_rq3/formal_ours/raw_cases/A033/formal_triple.svg,,1,artifacts/paper_a_chapter4_v1/rq1_rq3/formal_ours/raw_cases/A033/formal_triple.svg,central_period_viewport_from_formal_triple_svg
A034,matrix_A,proto_sw_1_1,swept,simple,4,200003,artifacts/paper_a_chapter4_v1/rq1_rq3/formal_ours/raw_cases/A034/formal_triple.png,artifacts/paper_a_chapter4_v1/rq1_rq3/formal_ours/raw_cases/A034/formal_triple.svg,,1,artifacts/paper_a_chapter4_v1/rq1_rq3/formal_ours/raw_cases/A034/formal_triple.svg,central_period_viewport_from_formal_triple_svg
A035,matrix_A,proto_sw_1_1,swept,medium,4,200003,artifacts/paper_a_chapter4_v1/rq1_rq3/formal_ours/raw_cases/A035/formal_triple.png,artifacts/paper_a_chapter4_v1/rq1_rq3/formal_ours/raw_cases/A035/formal_triple.svg,,1,artifacts/paper_a_chapter4_v1/rq1_rq3/formal_ours/raw_cases/A035/formal_triple.svg,central_period_viewport_from_formal_triple_svg
A036,matrix_A,proto_sw_1_1,swept,rich,4,200003,artifacts/paper_a_chapter4_v1/rq1_rq3/formal_ours/raw_cases/A036/formal_triple.png,artifacts/paper_a_chapter4_v1/rq1_rq3/formal_ours/raw_cases/A036/formal_triple.svg,,1,artifacts/paper_a_chapter4_v1/rq1_rq3/formal_ours/raw_cases/A036/formal_triple.svg,central_period_viewport_from_formal_triple_svg
A037,matrix_A,proto_sw_1_1,expanded,simple,5,200004,artifacts/paper_a_chapter4_v1/rq1_rq3/formal_ours/raw_cases/A037/formal_triple.png,artifacts/paper_a_chapter4_v1/rq1_rq3/formal_ours/raw_cases/A037/formal_triple.svg,,1,artifacts/paper_a_chapter4_v1/rq1_rq3/formal_ours/raw_cases/A037/formal_triple.svg,central_period_viewport_from_formal_triple_svg
A038,matrix_A,proto_sw_1_1,expanded,medium,5,200004,artifacts/paper_a_chapter4_v1/rq1_rq3/formal_ours/raw_cases/A038/formal_triple.png,artifacts/paper_a_chapter4_v1/rq1_rq3/formal_ours/raw_cases/A038/formal_triple.svg,,1,artifacts/paper_a_chapter4_v1/rq1_rq3/formal_ours/raw_cases/A038/formal_triple.svg,central_period_viewport_from_formal_triple_svg
A039,matrix_A,proto_sw_1_1,expanded,rich,5,200004,artifacts/paper_a_chapter4_v1/rq1_rq3/formal_ours/raw_cases/A039/formal_triple.png,artifacts/paper_a_chapter4_v1/rq1_rq3/formal_ours/raw_cases/A039/formal_triple.svg,,1,artifacts/paper_a_chapter4_v1/rq1_rq3/formal_ours/raw_cases/A039/formal_triple.svg,central_period_viewport_from_formal_triple_svg
A040,matrix_A,proto_sw_1_1,compact,simple,5,200004,artifacts/paper_a_chapter4_v1/rq1_rq3/formal_ours/raw_cases/A040/formal_triple.png,artifacts/paper_a_chapter4_v1/rq1_rq3/formal_ours/raw_cases/A040/formal_triple.svg,,1,artifacts/paper_a_chapter4_v1/rq1_rq3/formal_ours/raw_cases/A040/formal_triple.svg,central_period_viewport_from_formal_triple_svg
A041,matrix_A,proto_sw_1_1,compact,medium,5,200004,artifacts/paper_a_chapter4_v1/rq1_rq3/formal_ours/raw_cases/A041/formal_triple.png,artifacts/paper_a_chapter4_v1/rq1_rq3/formal_ours/raw_cases/A041/formal_triple.svg,,1,artifacts/paper_a_chapter4_v1/rq1_rq3/formal_ours/raw_cases/A041/formal_triple.svg,central_period_viewport_from_formal_triple_svg
A042,matrix_A,proto_sw_1_1,compact,rich,5,200004,artifacts/paper_a_chapter4_v1/rq1_rq3/formal_ours/raw_cases/A042/formal_triple.png,artifacts/paper_a_chapter4_v1/rq1_rq3/formal_ours/raw_cases/A042/formal_triple.svg,,1,artifacts/paper_a_chapter4_v1/rq1_rq3/formal_ours/raw_cases/A042/formal_triple.svg,central_period_viewport_from_formal_triple_svg
A043,matrix_A,proto_sw_1_1,swept,simple,5,200004,artifacts/paper_a_chapter4_v1/rq1_rq3/formal_ours/raw_cases/A043/formal_triple.png,artifacts/paper_a_chapter4_v1/rq1_rq3/formal_ours/raw_cases/A043/formal_triple.svg,,1,artifacts/paper_a_chapter4_v1/rq1_rq3/formal_ours/raw_cases/A043/formal_triple.svg,central_period_viewport_from_formal_triple_svg
A044,matrix_A,proto_sw_1_1,swept,medium,5,200004,artifacts/paper_a_chapter4_v1/rq1_rq3/formal_ours/raw_cases/A044/formal_triple.png,artifacts/paper_a_chapter4_v1/rq1_rq3/formal_ours/raw_cases/A044/formal_triple.svg,,1,artifacts/paper_a_chapter4_v1/rq1_rq3/formal_ours/raw_cases/A044/formal_triple.svg,central_period_viewport_from_formal_triple_svg
A045,matrix_A,proto_sw_1_1,swept,rich,5,200004,artifacts/paper_a_chapter4_v1/rq1_rq3/formal_ours/raw_cases/A045/formal_triple.png,artifacts/paper_a_chapter4_v1/rq1_rq3/formal_ours/raw_cases/A045/formal_triple.svg,,1,artifacts/paper_a_chapter4_v1/rq1_rq3/formal_ours/raw_cases/A045/formal_triple.svg,central_period_viewport_from_formal_triple_svg
A046,matrix_A,proto_sw_1_1,expanded,simple,6,200005,artifacts/paper_a_chapter4_v1/rq1_rq3/formal_ours/raw_cases/A046/formal_triple.png,artifacts/paper_a_chapter4_v1/rq1_rq3/formal_ours/raw_cases/A046/formal_triple.svg,,1,artifacts/paper_a_chapter4_v1/rq1_rq3/formal_ours/raw_cases/A046/formal_triple.svg,central_period_viewport_from_formal_triple_svg
A047,matrix_A,proto_sw_1_1,expanded,medium,6,200005,artifacts/paper_a_chapter4_v1/rq1_rq3/formal_ours/raw_cases/A047/formal_triple.png,artifacts/paper_a_chapter4_v1/rq1_rq3/formal_ours/raw_cases/A047/formal_triple.svg,,1,artifacts/paper_a_chapter4_v1/rq1_rq3/formal_ours/raw_cases/A047/formal_triple.svg,central_period_viewport_from_formal_triple_svg
A048,matrix_A,proto_sw_1_1,expanded,rich,6,200005,artifacts/paper_a_chapter4_v1/rq1_rq3/formal_ours/raw_cases/A048/formal_triple.png,artifacts/paper_a_chapter4_v1/rq1_rq3/formal_ours/raw_cases/A048/formal_triple.svg,,1,artifacts/paper_a_chapter4_v1/rq1_rq3/formal_ours/raw_cases/A048/formal_triple.svg,central_period_viewport_from_formal_triple_svg
A049,matrix_A,proto_sw_1_1,compact,simple,6,200005,artifacts/paper_a_chapter4_v1/rq1_rq3/formal_ours/raw_cases/A049/formal_triple.png,artifacts/paper_a_chapter4_v1/rq1_rq3/formal_ours/raw_cases/A049/formal_triple.svg,,1,artifacts/paper_a_chapter4_v1/rq1_rq3/formal_ours/raw_cases/A049/formal_triple.svg,central_period_viewport_from_formal_triple_svg
A050,matrix_A,proto_sw_1_1,compact,medium,6,200005,artifacts/paper_a_chapter4_v1/rq1_rq3/formal_ours/raw_cases/A050/formal_triple.png,artifacts/paper_a_chapter4_v1/rq1_rq3/formal_ours/raw_cases/A050/formal_triple.svg,,1,artifacts/paper_a_chapter4_v1/rq1_rq3/formal_ours/raw_cases/A050/formal_triple.svg,central_period_viewport_from_formal_triple_svg
A051,matrix_A,proto_sw_1_1,compact,rich,6,200005,artifacts/paper_a_chapter4_v1/rq1_rq3/formal_ours/raw_cases/A051/formal_triple.png,artifacts/paper_a_chapter4_v1/rq1_rq3/formal_ours/raw_cases/A051/formal_triple.svg,,1,artifacts/paper_a_chapter4_v1/rq1_rq3/formal_ours/raw_cases/A051/formal_triple.svg,central_period_viewport_from_formal_triple_svg
A052,matrix_A,proto_sw_1_1,swept,simple,6,200005,artifacts/paper_a_chapter4_v1/rq1_rq3/formal_ours/raw_cases/A052/formal_triple.png,artifacts/paper_a_chapter4_v1/rq1_rq3/formal_ours/raw_cases/A052/formal_triple.svg,,1,artifacts/paper_a_chapter4_v1/rq1_rq3/formal_ours/raw_cases/A052/formal_triple.svg,central_period_viewport_from_formal_triple_svg
A053,matrix_A,proto_sw_1_1,swept,medium,6,200005,artifacts/paper_a_chapter4_v1/rq1_rq3/formal_ours/raw_cases/A053/formal_triple.png,artifacts/paper_a_chapter4_v1/rq1_rq3/formal_ours/raw_cases/A053/formal_triple.svg,,1,artifacts/paper_a_chapter4_v1/rq1_rq3/formal_ours/raw_cases/A053/formal_triple.svg,central_period_viewport_from_formal_triple_svg
A054,matrix_A,proto_sw_1_1,swept,rich,6,200005,artifacts/paper_a_chapter4_v1/rq1_rq3/formal_ours/raw_cases/A054/formal_triple.png,artifacts/paper_a_chapter4_v1/rq1_rq3/formal_ours/raw_cases/A054/formal_triple.svg,,1,artifacts/paper_a_chapter4_v1/rq1_rq3/formal_ours/raw_cases/A054/formal_triple.svg,central_period_viewport_from_formal_triple_svg
A055,matrix_A,proto_sw_1_1,expanded,simple,7,200006,artifacts/paper_a_chapter4_v1/rq1_rq3/formal_ours/raw_cases/A055/formal_triple.png,artifacts/paper_a_chapter4_v1/rq1_rq3/formal_ours/raw_cases/A055/formal_triple.svg,,1,artifacts/paper_a_chapter4_v1/rq1_rq3/formal_ours/raw_cases/A055/formal_triple.svg,central_period_viewport_from_formal_triple_svg
A056,matrix_A,proto_sw_1_1,expanded,medium,7,200006,artifacts/paper_a_chapter4_v1/rq1_rq3/formal_ours/raw_cases/A056/formal_triple.png,artifacts/paper_a_chapter4_v1/rq1_rq3/formal_ours/raw_cases/A056/formal_triple.svg,,1,artifacts/paper_a_chapter4_v1/rq1_rq3/formal_ours/raw_cases/A056/formal_triple.svg,central_period_viewport_from_formal_triple_svg
A057,matrix_A,proto_sw_1_1,expanded,rich,7,200006,artifacts/paper_a_chapter4_v1/rq1_rq3/formal_ours/raw_cases/A057/formal_triple.png,artifacts/paper_a_chapter4_v1/rq1_rq3/formal_ours/raw_cases/A057/formal_triple.svg,,1,artifacts/paper_a_chapter4_v1/rq1_rq3/formal_ours/raw_cases/A057/formal_triple.svg,central_period_viewport_from_formal_triple_svg
A058,matrix_A,proto_sw_1_1,compact,simple,7,200006,artifacts/paper_a_chapter4_v1/rq1_rq3/formal_ours/raw_cases/A058/formal_triple.png,artifacts/paper_a_chapter4_v1/rq1_rq3/formal_ours/raw_cases/A058/formal_triple.svg,,1,artifacts/paper_a_chapter4_v1/rq1_rq3/formal_ours/raw_cases/A058/formal_triple.svg,central_period_viewport_from_formal_triple_svg
A059,matrix_A,proto_sw_1_1,compact,medium,7,200006,artifacts/paper_a_chapter4_v1/rq1_rq3/formal_ours/raw_cases/A059/formal_triple.png,artifacts/paper_a_chapter4_v1/rq1_rq3/formal_ours/raw_cases/A059/formal_triple.svg,,1,artifacts/paper_a_chapter4_v1/rq1_rq3/formal_ours/raw_cases/A059/formal_triple.svg,central_period_viewport_from_formal_triple_svg
A060,matrix_A,proto_sw_1_1,compact,rich,7,200006,artifacts/paper_a_chapter4_v1/rq1_rq3/formal_ours/raw_cases/A060/formal_triple.png,artifacts/paper_a_chapter4_v1/rq1_rq3/formal_ours/raw_cases/A060/formal_triple.svg,,1,artifacts/paper_a_chapter4_v1/rq1_rq3/formal_ours/raw_cases/A060/formal_triple.svg,central_period_viewport_from_formal_triple_svg
A061,matrix_A,proto_sw_1_1,swept,simple,7,200006,artifacts/paper_a_chapter4_v1/rq1_rq3/formal_ours/raw_cases/A061/formal_triple.png,artifacts/paper_a_chapter4_v1/rq1_rq3/formal_ours/raw_cases/A061/formal_triple.svg,,1,artifacts/paper_a_chapter4_v1/rq1_rq3/formal_ours/raw_cases/A061/formal_triple.svg,central_period_viewport_from_formal_triple_svg
A062,matrix_A,proto_sw_1_1,swept,medium,7,200006,artifacts/paper_a_chapter4_v1/rq1_rq3/formal_ours/raw_cases/A062/formal_triple.png,artifacts/paper_a_chapter4_v1/rq1_rq3/formal_ours/raw_cases/A062/formal_triple.svg,,1,artifacts/paper_a_chapter4_v1/rq1_rq3/formal_ours/raw_cases/A062/formal_triple.svg,central_period_viewport_from_formal_triple_svg
A063,matrix_A,proto_sw_1_1,swept,rich,7,200006,artifacts/paper_a_chapter4_v1/rq1_rq3/formal_ours/raw_cases/A063/formal_triple.png,artifacts/paper_a_chapter4_v1/rq1_rq3/formal_ours/raw_cases/A063/formal_triple.svg,,1,artifacts/paper_a_chapter4_v1/rq1_rq3/formal_ours/raw_cases/A063/formal_triple.svg,central_period_viewport_from_formal_triple_svg
A064,matrix_A,proto_sw_1_1,expanded,simple,8,200007,artifacts/paper_a_chapter4_v1/rq1_rq3/formal_ours/raw_cases/A064/formal_triple.png,artifacts/paper_a_chapter4_v1/rq1_rq3/formal_ours/raw_cases/A064/formal_triple.svg,,1,artifacts/paper_a_chapter4_v1/rq1_rq3/formal_ours/raw_cases/A064/formal_triple.svg,central_period_viewport_from_formal_triple_svg
A065,matrix_A,proto_sw_1_1,expanded,medium,8,200007,artifacts/paper_a_chapter4_v1/rq1_rq3/formal_ours/raw_cases/A065/formal_triple.png,artifacts/paper_a_chapter4_v1/rq1_rq3/formal_ours/raw_cases/A065/formal_triple.svg,,1,artifacts/paper_a_chapter4_v1/rq1_rq3/formal_ours/raw_cases/A065/formal_triple.svg,central_period_viewport_from_formal_triple_svg
A066,matrix_A,proto_sw_1_1,expanded,rich,8,200007,artifacts/paper_a_chapter4_v1/rq1_rq3/formal_ours/raw_cases/A066/formal_triple.png,artifacts/paper_a_chapter4_v1/rq1_rq3/formal_ours/raw_cases/A066/formal_triple.svg,,1,artifacts/paper_a_chapter4_v1/rq1_rq3/formal_ours/raw_cases/A066/formal_triple.svg,central_period_viewport_from_formal_triple_svg
A067,matrix_A,proto_sw_1_1,compact,simple,8,200007,artifacts/paper_a_chapter4_v1/rq1_rq3/formal_ours/raw_cases/A067/formal_triple.png,artifacts/paper_a_chapter4_v1/rq1_rq3/formal_ours/raw_cases/A067/formal_triple.svg,,1,artifacts/paper_a_chapter4_v1/rq1_rq3/formal_ours/raw_cases/A067/formal_triple.svg,central_period_viewport_from_formal_triple_svg
A068,matrix_A,proto_sw_1_1,compact,medium,8,200007,artifacts/paper_a_chapter4_v1/rq1_rq3/formal_ours/raw_cases/A068/formal_triple.png,artifacts/paper_a_chapter4_v1/rq1_rq3/formal_ours/raw_cases/A068/formal_triple.svg,,1,artifacts/paper_a_chapter4_v1/rq1_rq3/formal_ours/raw_cases/A068/formal_triple.svg,central_period_viewport_from_formal_triple_svg
A069,matrix_A,proto_sw_1_1,compact,rich,8,200007,artifacts/paper_a_chapter4_v1/rq1_rq3/formal_ours/raw_cases/A069/formal_triple.png,artifacts/paper_a_chapter4_v1/rq1_rq3/formal_ours/raw_cases/A069/formal_triple.svg,,1,artifacts/paper_a_chapter4_v1/rq1_rq3/formal_ours/raw_cases/A069/formal_triple.svg,central_period_viewport_from_formal_triple_svg
A070,matrix_A,proto_sw_1_1,swept,simple,8,200007,artifacts/paper_a_chapter4_v1/rq1_rq3/formal_ours/raw_cases/A070/formal_triple.png,artifacts/paper_a_chapter4_v1/rq1_rq3/formal_ours/raw_cases/A070/formal_triple.svg,,1,artifacts/paper_a_chapter4_v1/rq1_rq3/formal_ours/raw_cases/A070/formal_triple.svg,central_period_viewport_from_formal_triple_svg
A071,matrix_A,proto_sw_1_1,swept,medium,8,200007,artifacts/paper_a_chapter4_v1/rq1_rq3/formal_ours/raw_cases/A071/formal_triple.png,artifacts/paper_a_chapter4_v1/rq1_rq3/formal_ours/raw_cases/A071/formal_triple.svg,,1,artifacts/paper_a_chapter4_v1/rq1_rq3/formal_ours/raw_cases/A071/formal_triple.svg,central_period_viewport_from_formal_triple_svg
A072,matrix_A,proto_sw_1_1,swept,rich,8,200007,artifacts/paper_a_chapter4_v1/rq1_rq3/formal_ours/raw_cases/A072/formal_triple.png,artifacts/paper_a_chapter4_v1/rq1_rq3/formal_ours/raw_cases/A072/formal_triple.svg,,1,artifacts/paper_a_chapter4_v1/rq1_rq3/formal_ours/raw_cases/A072/formal_triple.svg,central_period_viewport_from_formal_triple_svg
A073,matrix_A,proto_sw_1_1,expanded,simple,9,200008,artifacts/paper_a_chapter4_v1/rq1_rq3/formal_ours/raw_cases/A073/formal_triple.png,artifacts/paper_a_chapter4_v1/rq1_rq3/formal_ours/raw_cases/A073/formal_triple.svg,,1,artifacts/paper_a_chapter4_v1/rq1_rq3/formal_ours/raw_cases/A073/formal_triple.svg,central_period_viewport_from_formal_triple_svg
A074,matrix_A,proto_sw_1_1,expanded,medium,9,200008,artifacts/paper_a_chapter4_v1/rq1_rq3/formal_ours/raw_cases/A074/formal_triple.png,artifacts/paper_a_chapter4_v1/rq1_rq3/formal_ours/raw_cases/A074/formal_triple.svg,,1,artifacts/paper_a_chapter4_v1/rq1_rq3/formal_ours/raw_cases/A074/formal_triple.svg,central_period_viewport_from_formal_triple_svg
A075,matrix_A,proto_sw_1_1,expanded,rich,9,200008,artifacts/paper_a_chapter4_v1/rq1_rq3/formal_ours/raw_cases/A075/formal_triple.png,artifacts/paper_a_chapter4_v1/rq1_rq3/formal_ours/raw_cases/A075/formal_triple.svg,,1,artifacts/paper_a_chapter4_v1/rq1_rq3/formal_ours/raw_cases/A075/formal_triple.svg,central_period_viewport_from_formal_triple_svg
A076,matrix_A,proto_sw_1_1,compact,simple,9,200008,artifacts/paper_a_chapter4_v1/rq1_rq3/formal_ours/raw_cases/A076/formal_triple.png,artifacts/paper_a_chapter4_v1/rq1_rq3/formal_ours/raw_cases/A076/formal_triple.svg,,1,artifacts/paper_a_chapter4_v1/rq1_rq3/formal_ours/raw_cases/A076/formal_triple.svg,central_period_viewport_from_formal_triple_svg
A077,matrix_A,proto_sw_1_1,compact,medium,9,200008,artifacts/paper_a_chapter4_v1/rq1_rq3/formal_ours/raw_cases/A077/formal_triple.png,artifacts/paper_a_chapter4_v1/rq1_rq3/formal_ours/raw_cases/A077/formal_triple.svg,,1,artifacts/paper_a_chapter4_v1/rq1_rq3/formal_ours/raw_cases/A077/formal_triple.svg,central_period_viewport_from_formal_triple_svg
A078,matrix_A,proto_sw_1_1,compact,rich,9,200008,artifacts/paper_a_chapter4_v1/rq1_rq3/formal_ours/raw_cases/A078/formal_triple.png,artifacts/paper_a_chapter4_v1/rq1_rq3/formal_ours/raw_cases/A078/formal_triple.svg,,1,artifacts/paper_a_chapter4_v1/rq1_rq3/formal_ours/raw_cases/A078/formal_triple.svg,central_period_viewport_from_formal_triple_svg
A079,matrix_A,proto_sw_1_1,swept,simple,9,200008,artifacts/paper_a_chapter4_v1/rq1_rq3/formal_ours/raw_cases/A079/formal_triple.png,artifacts/paper_a_chapter4_v1/rq1_rq3/formal_ours/raw_cases/A079/formal_triple.svg,,1,artifacts/paper_a_chapter4_v1/rq1_rq3/formal_ours/raw_cases/A079/formal_triple.svg,central_period_viewport_from_formal_triple_svg
A080,matrix_A,proto_sw_1_1,swept,medium,9,200008,artifacts/paper_a_chapter4_v1/rq1_rq3/formal_ours/raw_cases/A080/formal_triple.png,artifacts/paper_a_chapter4_v1/rq1_rq3/formal_ours/raw_cases/A080/formal_triple.svg,,1,artifacts/paper_a_chapter4_v1/rq1_rq3/formal_ours/raw_cases/A080/formal_triple.svg,central_period_viewport_from_formal_triple_svg
A081,matrix_A,proto_sw_1_1,swept,rich,9,200008,artifacts/paper_a_chapter4_v1/rq1_rq3/formal_ours/raw_cases/A081/formal_triple.png,artifacts/paper_a_chapter4_v1/rq1_rq3/formal_ours/raw_cases/A081/formal_triple.svg,,1,artifacts/paper_a_chapter4_v1/rq1_rq3/formal_ours/raw_cases/A081/formal_triple.svg,central_period_viewport_from_formal_triple_svg
A082,matrix_A,proto_sw_1_1,expanded,simple,10,200009,artifacts/paper_a_chapter4_v1/rq1_rq3/formal_ours/raw_cases/A082/formal_triple.png,artifacts/paper_a_chapter4_v1/rq1_rq3/formal_ours/raw_cases/A082/formal_triple.svg,,1,artifacts/paper_a_chapter4_v1/rq1_rq3/formal_ours/raw_cases/A082/formal_triple.svg,central_period_viewport_from_formal_triple_svg
A083,matrix_A,proto_sw_1_1,expanded,medium,10,200009,artifacts/paper_a_chapter4_v1/rq1_rq3/formal_ours/raw_cases/A083/formal_triple.png,artifacts/paper_a_chapter4_v1/rq1_rq3/formal_ours/raw_cases/A083/formal_triple.svg,,1,artifacts/paper_a_chapter4_v1/rq1_rq3/formal_ours/raw_cases/A083/formal_triple.svg,central_period_viewport_from_formal_triple_svg
A084,matrix_A,proto_sw_1_1,expanded,rich,10,200009,artifacts/paper_a_chapter4_v1/rq1_rq3/formal_ours/raw_cases/A084/formal_triple.png,artifacts/paper_a_chapter4_v1/rq1_rq3/formal_ours/raw_cases/A084/formal_triple.svg,,1,artifacts/paper_a_chapter4_v1/rq1_rq3/formal_ours/raw_cases/A084/formal_triple.svg,central_period_viewport_from_formal_triple_svg
A085,matrix_A,proto_sw_1_1,compact,simple,10,200009,artifacts/paper_a_chapter4_v1/rq1_rq3/formal_ours/raw_cases/A085/formal_triple.png,artifacts/paper_a_chapter4_v1/rq1_rq3/formal_ours/raw_cases/A085/formal_triple.svg,,1,artifacts/paper_a_chapter4_v1/rq1_rq3/formal_ours/raw_cases/A085/formal_triple.svg,central_period_viewport_from_formal_triple_svg
A086,matrix_A,proto_sw_1_1,compact,medium,10,200009,artifacts/paper_a_chapter4_v1/rq1_rq3/formal_ours/raw_cases/A086/formal_triple.png,artifacts/paper_a_chapter4_v1/rq1_rq3/formal_ours/raw_cases/A086/formal_triple.svg,,1,artifacts/paper_a_chapter4_v1/rq1_rq3/formal_ours/raw_cases/A086/formal_triple.svg,central_period_viewport_from_formal_triple_svg
A087,matrix_A,proto_sw_1_1,compact,rich,10,200009,artifacts/paper_a_chapter4_v1/rq1_rq3/formal_ours/raw_cases/A087/formal_triple.png,artifacts/paper_a_chapter4_v1/rq1_rq3/formal_ours/raw_cases/A087/formal_triple.svg,,1,artifacts/paper_a_chapter4_v1/rq1_rq3/formal_ours/raw_cases/A087/formal_triple.svg,central_period_viewport_from_formal_triple_svg
A088,matrix_A,proto_sw_1_1,swept,simple,10,200009,artifacts/paper_a_chapter4_v1/rq1_rq3/formal_ours/raw_cases/A088/formal_triple.png,artifacts/paper_a_chapter4_v1/rq1_rq3/formal_ours/raw_cases/A088/formal_triple.svg,,1,artifacts/paper_a_chapter4_v1/rq1_rq3/formal_ours/raw_cases/A088/formal_triple.svg,central_period_viewport_from_formal_triple_svg
A089,matrix_A,proto_sw_1_1,swept,medium,10,200009,artifacts/paper_a_chapter4_v1/rq1_rq3/formal_ours/raw_cases/A089/formal_triple.png,artifacts/paper_a_chapter4_v1/rq1_rq3/formal_ours/raw_cases/A089/formal_triple.svg,,1,artifacts/paper_a_chapter4_v1/rq1_rq3/formal_ours/raw_cases/A089/formal_triple.svg,central_period_viewport_from_formal_triple_svg
A090,matrix_A,proto_sw_1_1,swept,rich,10,200009,artifacts/paper_a_chapter4_v1/rq1_rq3/formal_ours/raw_cases/A090/formal_triple.png,artifacts/paper_a_chapter4_v1/rq1_rq3/formal_ours/raw_cases/A090/formal_triple.svg,,1,artifacts/paper_a_chapter4_v1/rq1_rq3/formal_ours/raw_cases/A090/formal_triple.svg,central_period_viewport_from_formal_triple_svg
A091,matrix_A,proto_sw_1_3,expanded,simple,1,200000,artifacts/paper_a_chapter4_v1/rq1_rq3/formal_ours/raw_cases/A091/formal_triple.png,artifacts/paper_a_chapter4_v1/rq1_rq3/formal_ours/raw_cases/A091/formal_triple.svg,,1,artifacts/paper_a_chapter4_v1/rq1_rq3/formal_ours/raw_cases/A091/formal_triple.svg,central_period_viewport_from_formal_triple_svg
A092,matrix_A,proto_sw_1_3,expanded,medium,1,200000,artifacts/paper_a_chapter4_v1/rq1_rq3/formal_ours/raw_cases/A092/formal_triple.png,artifacts/paper_a_chapter4_v1/rq1_rq3/formal_ours/raw_cases/A092/formal_triple.svg,,1,artifacts/paper_a_chapter4_v1/rq1_rq3/formal_ours/raw_cases/A092/formal_triple.svg,central_period_viewport_from_formal_triple_svg
A093,matrix_A,proto_sw_1_3,expanded,rich,1,200000,artifacts/paper_a_chapter4_v1/rq1_rq3/formal_ours/raw_cases/A093/formal_triple.png,artifacts/paper_a_chapter4_v1/rq1_rq3/formal_ours/raw_cases/A093/formal_triple.svg,,1,artifacts/paper_a_chapter4_v1/rq1_rq3/formal_ours/raw_cases/A093/formal_triple.svg,central_period_viewport_from_formal_triple_svg
A094,matrix_A,proto_sw_1_3,compact,simple,1,200000,artifacts/paper_a_chapter4_v1/rq1_rq3/formal_ours/raw_cases/A094/formal_triple.png,artifacts/paper_a_chapter4_v1/rq1_rq3/formal_ours/raw_cases/A094/formal_triple.svg,,1,artifacts/paper_a_chapter4_v1/rq1_rq3/formal_ours/raw_cases/A094/formal_triple.svg,central_period_viewport_from_formal_triple_svg
A095,matrix_A,proto_sw_1_3,compact,medium,1,200000,artifacts/paper_a_chapter4_v1/rq1_rq3/formal_ours/raw_cases/A095/formal_triple.png,artifacts/paper_a_chapter4_v1/rq1_rq3/formal_ours/raw_cases/A095/formal_triple.svg,,1,artifacts/paper_a_chapter4_v1/rq1_rq3/formal_ours/raw_cases/A095/formal_triple.svg,central_period_viewport_from_formal_triple_svg
A096,matrix_A,proto_sw_1_3,compact,rich,1,200000,artifacts/paper_a_chapter4_v1/rq1_rq3/formal_ours/raw_cases/A096/formal_triple.png,artifacts/paper_a_chapter4_v1/rq1_rq3/formal_ours/raw_cases/A096/formal_triple.svg,,1,artifacts/paper_a_chapter4_v1/rq1_rq3/formal_ours/raw_cases/A096/formal_triple.svg,central_period_viewport_from_formal_triple_svg
A097,matrix_A,proto_sw_1_3,swept,simple,1,200000,artifacts/paper_a_chapter4_v1/rq1_rq3/formal_ours/raw_cases/A097/formal_triple.png,artifacts/paper_a_chapter4_v1/rq1_rq3/formal_ours/raw_cases/A097/formal_triple.svg,,1,artifacts/paper_a_chapter4_v1/rq1_rq3/formal_ours/raw_cases/A097/formal_triple.svg,central_period_viewport_from_formal_triple_svg
A098,matrix_A,proto_sw_1_3,swept,medium,1,200000,artifacts/paper_a_chapter4_v1/rq1_rq3/formal_ours/raw_cases/A098/formal_triple.png,artifacts/paper_a_chapter4_v1/rq1_rq3/formal_ours/raw_cases/A098/formal_triple.svg,,1,artifacts/paper_a_chapter4_v1/rq1_rq3/formal_ours/raw_cases/A098/formal_triple.svg,central_period_viewport_from_formal_triple_svg
A099,matrix_A,proto_sw_1_3,swept,rich,1,200000,artifacts/paper_a_chapter4_v1/rq1_rq3/formal_ours/raw_cases/A099/formal_triple.png,artifacts/paper_a_chapter4_v1/rq1_rq3/formal_ours/raw_cases/A099/formal_triple.svg,,1,artifacts/paper_a_chapter4_v1/rq1_rq3/formal_ours/raw_cases/A099/formal_triple.svg,central_period_viewport_from_formal_triple_svg
A100,matrix_A,proto_sw_1_3,expanded,simple,2,200001,artifacts/paper_a_chapter4_v1/rq1_rq3/formal_ours/raw_cases/A100/formal_triple.png,artifacts/paper_a_chapter4_v1/rq1_rq3/formal_ours/raw_cases/A100/formal_triple.svg,,1,artifacts/paper_a_chapter4_v1/rq1_rq3/formal_ours/raw_cases/A100/formal_triple.svg,central_period_viewport_from_formal_triple_svg
A101,matrix_A,proto_sw_1_3,expanded,medium,2,200001,artifacts/paper_a_chapter4_v1/rq1_rq3/formal_ours/raw_cases/A101/formal_triple.png,artifacts/paper_a_chapter4_v1/rq1_rq3/formal_ours/raw_cases/A101/formal_triple.svg,,1,artifacts/paper_a_chapter4_v1/rq1_rq3/formal_ours/raw_cases/A101/formal_triple.svg,central_period_viewport_from_formal_triple_svg
A102,matrix_A,proto_sw_1_3,expanded,rich,2,200001,artifacts/paper_a_chapter4_v1/rq1_rq3/formal_ours/raw_cases/A102/formal_triple.png,artifacts/paper_a_chapter4_v1/rq1_rq3/formal_ours/raw_cases/A102/formal_triple.svg,,1,artifacts/paper_a_chapter4_v1/rq1_rq3/formal_ours/raw_cases/A102/formal_triple.svg,central_period_viewport_from_formal_triple_svg
A103,matrix_A,proto_sw_1_3,compact,simple,2,200001,artifacts/paper_a_chapter4_v1/rq1_rq3/formal_ours/raw_cases/A103/formal_triple.png,artifacts/paper_a_chapter4_v1/rq1_rq3/formal_ours/raw_cases/A103/formal_triple.svg,,1,artifacts/paper_a_chapter4_v1/rq1_rq3/formal_ours/raw_cases/A103/formal_triple.svg,central_period_viewport_from_formal_triple_svg
A104,matrix_A,proto_sw_1_3,compact,medium,2,200001,artifacts/paper_a_chapter4_v1/rq1_rq3/formal_ours/raw_cases/A104/formal_triple.png,artifacts/paper_a_chapter4_v1/rq1_rq3/formal_ours/raw_cases/A104/formal_triple.svg,,1,artifacts/paper_a_chapter4_v1/rq1_rq3/formal_ours/raw_cases/A104/formal_triple.svg,central_period_viewport_from_formal_triple_svg
A105,matrix_A,proto_sw_1_3,compact,rich,2,200001,artifacts/paper_a_chapter4_v1/rq1_rq3/formal_ours/raw_cases/A105/formal_triple.png,artifacts/paper_a_chapter4_v1/rq1_rq3/formal_ours/raw_cases/A105/formal_triple.svg,,1,artifacts/paper_a_chapter4_v1/rq1_rq3/formal_ours/raw_cases/A105/formal_triple.svg,central_period_viewport_from_formal_triple_svg
A106,matrix_A,proto_sw_1_3,swept,simple,2,200001,artifacts/paper_a_chapter4_v1/rq1_rq3/formal_ours/raw_cases/A106/formal_triple.png,artifacts/paper_a_chapter4_v1/rq1_rq3/formal_ours/raw_cases/A106/formal_triple.svg,,1,artifacts/paper_a_chapter4_v1/rq1_rq3/formal_ours/raw_cases/A106/formal_triple.svg,central_period_viewport_from_formal_triple_svg
A107,matrix_A,proto_sw_1_3,swept,medium,2,200001,artifacts/paper_a_chapter4_v1/rq1_rq3/formal_ours/raw_cases/A107/formal_triple.png,artifacts/paper_a_chapter4_v1/rq1_rq3/formal_ours/raw_cases/A107/formal_triple.svg,,1,artifacts/paper_a_chapter4_v1/rq1_rq3/formal_ours/raw_cases/A107/formal_triple.svg,central_period_viewport_from_formal_triple_svg
A108,matrix_A,proto_sw_1_3,swept,rich,2,200001,artifacts/paper_a_chapter4_v1/rq1_rq3/formal_ours/raw_cases/A108/formal_triple.png,artifacts/paper_a_chapter4_v1/rq1_rq3/formal_ours/raw_cases/A108/formal_triple.svg,,1,artifacts/paper_a_chapter4_v1/rq1_rq3/formal_ours/raw_cases/A108/formal_triple.svg,central_period_viewport_from_formal_triple_svg
A109,matrix_A,proto_sw_1_3,expanded,simple,3,200002,artifacts/paper_a_chapter4_v1/rq1_rq3/formal_ours/raw_cases/A109/formal_triple.png,artifacts/paper_a_chapter4_v1/rq1_rq3/formal_ours/raw_cases/A109/formal_triple.svg,,1,artifacts/paper_a_chapter4_v1/rq1_rq3/formal_ours/raw_cases/A109/formal_triple.svg,central_period_viewport_from_formal_triple_svg
A110,matrix_A,proto_sw_1_3,expanded,medium,3,200002,artifacts/paper_a_chapter4_v1/rq1_rq3/formal_ours/raw_cases/A110/formal_triple.png,artifacts/paper_a_chapter4_v1/rq1_rq3/formal_ours/raw_cases/A110/formal_triple.svg,,1,artifacts/paper_a_chapter4_v1/rq1_rq3/formal_ours/raw_cases/A110/formal_triple.svg,central_period_viewport_from_formal_triple_svg
A111,matrix_A,proto_sw_1_3,expanded,rich,3,200002,artifacts/paper_a_chapter4_v1/rq1_rq3/formal_ours/raw_cases/A111/formal_triple.png,artifacts/paper_a_chapter4_v1/rq1_rq3/formal_ours/raw_cases/A111/formal_triple.svg,,1,artifacts/paper_a_chapter4_v1/rq1_rq3/formal_ours/raw_cases/A111/formal_triple.svg,central_period_viewport_from_formal_triple_svg
A112,matrix_A,proto_sw_1_3,compact,simple,3,200002,artifacts/paper_a_chapter4_v1/rq1_rq3/formal_ours/raw_cases/A112/formal_triple.png,artifacts/paper_a_chapter4_v1/rq1_rq3/formal_ours/raw_cases/A112/formal_triple.svg,,1,artifacts/paper_a_chapter4_v1/rq1_rq3/formal_ours/raw_cases/A112/formal_triple.svg,central_period_viewport_from_formal_triple_svg
A113,matrix_A,proto_sw_1_3,compact,medium,3,200002,artifacts/paper_a_chapter4_v1/rq1_rq3/formal_ours/raw_cases/A113/formal_triple.png,artifacts/paper_a_chapter4_v1/rq1_rq3/formal_ours/raw_cases/A113/formal_triple.svg,,1,artifacts/paper_a_chapter4_v1/rq1_rq3/formal_ours/raw_cases/A113/formal_triple.svg,central_period_viewport_from_formal_triple_svg
A114,matrix_A,proto_sw_1_3,compact,rich,3,200002,artifacts/paper_a_chapter4_v1/rq1_rq3/formal_ours/raw_cases/A114/formal_triple.png,artifacts/paper_a_chapter4_v1/rq1_rq3/formal_ours/raw_cases/A114/formal_triple.svg,,1,artifacts/paper_a_chapter4_v1/rq1_rq3/formal_ours/raw_cases/A114/formal_triple.svg,central_period_viewport_from_formal_triple_svg
A115,matrix_A,proto_sw_1_3,swept,simple,3,200002,artifacts/paper_a_chapter4_v1/rq1_rq3/formal_ours/raw_cases/A115/formal_triple.png,artifacts/paper_a_chapter4_v1/rq1_rq3/formal_ours/raw_cases/A115/formal_triple.svg,,1,artifacts/paper_a_chapter4_v1/rq1_rq3/formal_ours/raw_cases/A115/formal_triple.svg,central_period_viewport_from_formal_triple_svg
A116,matrix_A,proto_sw_1_3,swept,medium,3,200002,artifacts/paper_a_chapter4_v1/rq1_rq3/formal_ours/raw_cases/A116/formal_triple.png,artifacts/paper_a_chapter4_v1/rq1_rq3/formal_ours/raw_cases/A116/formal_triple.svg,,1,artifacts/paper_a_chapter4_v1/rq1_rq3/formal_ours/raw_cases/A116/formal_triple.svg,central_period_viewport_from_formal_triple_svg
A117,matrix_A,proto_sw_1_3,swept,rich,3,200002,artifacts/paper_a_chapter4_v1/rq1_rq3/formal_ours/raw_cases/A117/formal_triple.png,artifacts/paper_a_chapter4_v1/rq1_rq3/formal_ours/raw_cases/A117/formal_triple.svg,,1,artifacts/paper_a_chapter4_v1/rq1_rq3/formal_ours/raw_cases/A117/formal_triple.svg,central_period_viewport_from_formal_triple_svg
A118,matrix_A,proto_sw_1_3,expanded,simple,4,200003,artifacts/paper_a_chapter4_v1/rq1_rq3/formal_ours/raw_cases/A118/formal_triple.png,artifacts/paper_a_chapter4_v1/rq1_rq3/formal_ours/raw_cases/A118/formal_triple.svg,,1,artifacts/paper_a_chapter4_v1/rq1_rq3/formal_ours/raw_cases/A118/formal_triple.svg,central_period_viewport_from_formal_triple_svg
A119,matrix_A,proto_sw_1_3,expanded,medium,4,200003,artifacts/paper_a_chapter4_v1/rq1_rq3/formal_ours/raw_cases/A119/formal_triple.png,artifacts/paper_a_chapter4_v1/rq1_rq3/formal_ours/raw_cases/A119/formal_triple.svg,,1,artifacts/paper_a_chapter4_v1/rq1_rq3/formal_ours/raw_cases/A119/formal_triple.svg,central_period_viewport_from_formal_triple_svg
A120,matrix_A,proto_sw_1_3,expanded,rich,4,200003,artifacts/paper_a_chapter4_v1/rq1_rq3/formal_ours/raw_cases/A120/formal_triple.png,artifacts/paper_a_chapter4_v1/rq1_rq3/formal_ours/raw_cases/A120/formal_triple.svg,,1,artifacts/paper_a_chapter4_v1/rq1_rq3/formal_ours/raw_cases/A120/formal_triple.svg,central_period_viewport_from_formal_triple_svg
A121,matrix_A,proto_sw_1_3,compact,simple,4,200003,artifacts/paper_a_chapter4_v1/rq1_rq3/formal_ours/raw_cases/A121/formal_triple.png,artifacts/paper_a_chapter4_v1/rq1_rq3/formal_ours/raw_cases/A121/formal_triple.svg,,1,artifacts/paper_a_chapter4_v1/rq1_rq3/formal_ours/raw_cases/A121/formal_triple.svg,central_period_viewport_from_formal_triple_svg
A122,matrix_A,proto_sw_1_3,compact,medium,4,200003,artifacts/paper_a_chapter4_v1/rq1_rq3/formal_ours/raw_cases/A122/formal_triple.png,artifacts/paper_a_chapter4_v1/rq1_rq3/formal_ours/raw_cases/A122/formal_triple.svg,,1,artifacts/paper_a_chapter4_v1/rq1_rq3/formal_ours/raw_cases/A122/formal_triple.svg,central_period_viewport_from_formal_triple_svg
A123,matrix_A,proto_sw_1_3,compact,rich,4,200003,artifacts/paper_a_chapter4_v1/rq1_rq3/formal_ours/raw_cases/A123/formal_triple.png,artifacts/paper_a_chapter4_v1/rq1_rq3/formal_ours/raw_cases/A123/formal_triple.svg,,1,artifacts/paper_a_chapter4_v1/rq1_rq3/formal_ours/raw_cases/A123/formal_triple.svg,central_period_viewport_from_formal_triple_svg
A124,matrix_A,proto_sw_1_3,swept,simple,4,200003,artifacts/paper_a_chapter4_v1/rq1_rq3/formal_ours/raw_cases/A124/formal_triple.png,artifacts/paper_a_chapter4_v1/rq1_rq3/formal_ours/raw_cases/A124/formal_triple.svg,,1,artifacts/paper_a_chapter4_v1/rq1_rq3/formal_ours/raw_cases/A124/formal_triple.svg,central_period_viewport_from_formal_triple_svg
A125,matrix_A,proto_sw_1_3,swept,medium,4,200003,artifacts/paper_a_chapter4_v1/rq1_rq3/formal_ours/raw_cases/A125/formal_triple.png,artifacts/paper_a_chapter4_v1/rq1_rq3/formal_ours/raw_cases/A125/formal_triple.svg,,1,artifacts/paper_a_chapter4_v1/rq1_rq3/formal_ours/raw_cases/A125/formal_triple.svg,central_period_viewport_from_formal_triple_svg
A126,matrix_A,proto_sw_1_3,swept,rich,4,200003,artifacts/paper_a_chapter4_v1/rq1_rq3/formal_ours/raw_cases/A126/formal_triple.png,artifacts/paper_a_chapter4_v1/rq1_rq3/formal_ours/raw_cases/A126/formal_triple.svg,,1,artifacts/paper_a_chapter4_v1/rq1_rq3/formal_ours/raw_cases/A126/formal_triple.svg,central_period_viewport_from_formal_triple_svg
A127,matrix_A,proto_sw_1_3,expanded,simple,5,200004,artifacts/paper_a_chapter4_v1/rq1_rq3/formal_ours/raw_cases/A127/formal_triple.png,artifacts/paper_a_chapter4_v1/rq1_rq3/formal_ours/raw_cases/A127/formal_triple.svg,,1,artifacts/paper_a_chapter4_v1/rq1_rq3/formal_ours/raw_cases/A127/formal_triple.svg,central_period_viewport_from_formal_triple_svg
A128,matrix_A,proto_sw_1_3,expanded,medium,5,200004,artifacts/paper_a_chapter4_v1/rq1_rq3/formal_ours/raw_cases/A128/formal_triple.png,artifacts/paper_a_chapter4_v1/rq1_rq3/formal_ours/raw_cases/A128/formal_triple.svg,,1,artifacts/paper_a_chapter4_v1/rq1_rq3/formal_ours/raw_cases/A128/formal_triple.svg,central_period_viewport_from_formal_triple_svg
A129,matrix_A,proto_sw_1_3,expanded,rich,5,200004,artifacts/paper_a_chapter4_v1/rq1_rq3/formal_ours/raw_cases/A129/formal_triple.png,artifacts/paper_a_chapter4_v1/rq1_rq3/formal_ours/raw_cases/A129/formal_triple.svg,,1,artifacts/paper_a_chapter4_v1/rq1_rq3/formal_ours/raw_cases/A129/formal_triple.svg,central_period_viewport_from_formal_triple_svg
A130,matrix_A,proto_sw_1_3,compact,simple,5,200004,artifacts/paper_a_chapter4_v1/rq1_rq3/formal_ours/raw_cases/A130/formal_triple.png,artifacts/paper_a_chapter4_v1/rq1_rq3/formal_ours/raw_cases/A130/formal_triple.svg,,1,artifacts/paper_a_chapter4_v1/rq1_rq3/formal_ours/raw_cases/A130/formal_triple.svg,central_period_viewport_from_formal_triple_svg
A131,matrix_A,proto_sw_1_3,compact,medium,5,200004,artifacts/paper_a_chapter4_v1/rq1_rq3/formal_ours/raw_cases/A131/formal_triple.png,artifacts/paper_a_chapter4_v1/rq1_rq3/formal_ours/raw_cases/A131/formal_triple.svg,,1,artifacts/paper_a_chapter4_v1/rq1_rq3/formal_ours/raw_cases/A131/formal_triple.svg,central_period_viewport_from_formal_triple_svg
A132,matrix_A,proto_sw_1_3,compact,rich,5,200004,artifacts/paper_a_chapter4_v1/rq1_rq3/formal_ours/raw_cases/A132/formal_triple.png,artifacts/paper_a_chapter4_v1/rq1_rq3/formal_ours/raw_cases/A132/formal_triple.svg,,1,artifacts/paper_a_chapter4_v1/rq1_rq3/formal_ours/raw_cases/A132/formal_triple.svg,central_period_viewport_from_formal_triple_svg
A133,matrix_A,proto_sw_1_3,swept,simple,5,200004,artifacts/paper_a_chapter4_v1/rq1_rq3/formal_ours/raw_cases/A133/formal_triple.png,artifacts/paper_a_chapter4_v1/rq1_rq3/formal_ours/raw_cases/A133/formal_triple.svg,,1,artifacts/paper_a_chapter4_v1/rq1_rq3/formal_ours/raw_cases/A133/formal_triple.svg,central_period_viewport_from_formal_triple_svg
A134,matrix_A,proto_sw_1_3,swept,medium,5,200004,artifacts/paper_a_chapter4_v1/rq1_rq3/formal_ours/raw_cases/A134/formal_triple.png,artifacts/paper_a_chapter4_v1/rq1_rq3/formal_ours/raw_cases/A134/formal_triple.svg,,1,artifacts/paper_a_chapter4_v1/rq1_rq3/formal_ours/raw_cases/A134/formal_triple.svg,central_period_viewport_from_formal_triple_svg
A135,matrix_A,proto_sw_1_3,swept,rich,5,200004,artifacts/paper_a_chapter4_v1/rq1_rq3/formal_ours/raw_cases/A135/formal_triple.png,artifacts/paper_a_chapter4_v1/rq1_rq3/formal_ours/raw_cases/A135/formal_triple.svg,,1,artifacts/paper_a_chapter4_v1/rq1_rq3/formal_ours/raw_cases/A135/formal_triple.svg,central_period_viewport_from_formal_triple_svg
A136,matrix_A,proto_sw_1_3,expanded,simple,6,200005,artifacts/paper_a_chapter4_v1/rq1_rq3/formal_ours/raw_cases/A136/formal_triple.png,artifacts/paper_a_chapter4_v1/rq1_rq3/formal_ours/raw_cases/A136/formal_triple.svg,,1,artifacts/paper_a_chapter4_v1/rq1_rq3/formal_ours/raw_cases/A136/formal_triple.svg,central_period_viewport_from_formal_triple_svg
A137,matrix_A,proto_sw_1_3,expanded,medium,6,200005,artifacts/paper_a_chapter4_v1/rq1_rq3/formal_ours/raw_cases/A137/formal_triple.png,artifacts/paper_a_chapter4_v1/rq1_rq3/formal_ours/raw_cases/A137/formal_triple.svg,,1,artifacts/paper_a_chapter4_v1/rq1_rq3/formal_ours/raw_cases/A137/formal_triple.svg,central_period_viewport_from_formal_triple_svg
A138,matrix_A,proto_sw_1_3,expanded,rich,6,200005,artifacts/paper_a_chapter4_v1/rq1_rq3/formal_ours/raw_cases/A138/formal_triple.png,artifacts/paper_a_chapter4_v1/rq1_rq3/formal_ours/raw_cases/A138/formal_triple.svg,,1,artifacts/paper_a_chapter4_v1/rq1_rq3/formal_ours/raw_cases/A138/formal_triple.svg,central_period_viewport_from_formal_triple_svg
A139,matrix_A,proto_sw_1_3,compact,simple,6,200005,artifacts/paper_a_chapter4_v1/rq1_rq3/formal_ours/raw_cases/A139/formal_triple.png,artifacts/paper_a_chapter4_v1/rq1_rq3/formal_ours/raw_cases/A139/formal_triple.svg,,1,artifacts/paper_a_chapter4_v1/rq1_rq3/formal_ours/raw_cases/A139/formal_triple.svg,central_period_viewport_from_formal_triple_svg
A140,matrix_A,proto_sw_1_3,compact,medium,6,200005,artifacts/paper_a_chapter4_v1/rq1_rq3/formal_ours/raw_cases/A140/formal_triple.png,artifacts/paper_a_chapter4_v1/rq1_rq3/formal_ours/raw_cases/A140/formal_triple.svg,,1,artifacts/paper_a_chapter4_v1/rq1_rq3/formal_ours/raw_cases/A140/formal_triple.svg,central_period_viewport_from_formal_triple_svg
A141,matrix_A,proto_sw_1_3,compact,rich,6,200005,artifacts/paper_a_chapter4_v1/rq1_rq3/formal_ours/raw_cases/A141/formal_triple.png,artifacts/paper_a_chapter4_v1/rq1_rq3/formal_ours/raw_cases/A141/formal_triple.svg,,1,artifacts/paper_a_chapter4_v1/rq1_rq3/formal_ours/raw_cases/A141/formal_triple.svg,central_period_viewport_from_formal_triple_svg
A142,matrix_A,proto_sw_1_3,swept,simple,6,200005,artifacts/paper_a_chapter4_v1/rq1_rq3/formal_ours/raw_cases/A142/formal_triple.png,artifacts/paper_a_chapter4_v1/rq1_rq3/formal_ours/raw_cases/A142/formal_triple.svg,,1,artifacts/paper_a_chapter4_v1/rq1_rq3/formal_ours/raw_cases/A142/formal_triple.svg,central_period_viewport_from_formal_triple_svg
A143,matrix_A,proto_sw_1_3,swept,medium,6,200005,artifacts/paper_a_chapter4_v1/rq1_rq3/formal_ours/raw_cases/A143/formal_triple.png,artifacts/paper_a_chapter4_v1/rq1_rq3/formal_ours/raw_cases/A143/formal_triple.svg,,1,artifacts/paper_a_chapter4_v1/rq1_rq3/formal_ours/raw_cases/A143/formal_triple.svg,central_period_viewport_from_formal_triple_svg
A144,matrix_A,proto_sw_1_3,swept,rich,6,200005,artifacts/paper_a_chapter4_v1/rq1_rq3/formal_ours/raw_cases/A144/formal_triple.png,artifacts/paper_a_chapter4_v1/rq1_rq3/formal_ours/raw_cases/A144/formal_triple.svg,,1,artifacts/paper_a_chapter4_v1/rq1_rq3/formal_ours/raw_cases/A144/formal_triple.svg,central_period_viewport_from_formal_triple_svg
A145,matrix_A,proto_sw_1_3,expanded,simple,7,200006,artifacts/paper_a_chapter4_v1/rq1_rq3/formal_ours/raw_cases/A145/formal_triple.png,artifacts/paper_a_chapter4_v1/rq1_rq3/formal_ours/raw_cases/A145/formal_triple.svg,,1,artifacts/paper_a_chapter4_v1/rq1_rq3/formal_ours/raw_cases/A145/formal_triple.svg,central_period_viewport_from_formal_triple_svg
A146,matrix_A,proto_sw_1_3,expanded,medium,7,200006,artifacts/paper_a_chapter4_v1/rq1_rq3/formal_ours/raw_cases/A146/formal_triple.png,artifacts/paper_a_chapter4_v1/rq1_rq3/formal_ours/raw_cases/A146/formal_triple.svg,,1,artifacts/paper_a_chapter4_v1/rq1_rq3/formal_ours/raw_cases/A146/formal_triple.svg,central_period_viewport_from_formal_triple_svg
A147,matrix_A,proto_sw_1_3,expanded,rich,7,200006,artifacts/paper_a_chapter4_v1/rq1_rq3/formal_ours/raw_cases/A147/formal_triple.png,artifacts/paper_a_chapter4_v1/rq1_rq3/formal_ours/raw_cases/A147/formal_triple.svg,,1,artifacts/paper_a_chapter4_v1/rq1_rq3/formal_ours/raw_cases/A147/formal_triple.svg,central_period_viewport_from_formal_triple_svg
A148,matrix_A,proto_sw_1_3,compact,simple,7,200006,artifacts/paper_a_chapter4_v1/rq1_rq3/formal_ours/raw_cases/A148/formal_triple.png,artifacts/paper_a_chapter4_v1/rq1_rq3/formal_ours/raw_cases/A148/formal_triple.svg,,1,artifacts/paper_a_chapter4_v1/rq1_rq3/formal_ours/raw_cases/A148/formal_triple.svg,central_period_viewport_from_formal_triple_svg
A149,matrix_A,proto_sw_1_3,compact,medium,7,200006,artifacts/paper_a_chapter4_v1/rq1_rq3/formal_ours/raw_cases/A149/formal_triple.png,artifacts/paper_a_chapter4_v1/rq1_rq3/formal_ours/raw_cases/A149/formal_triple.svg,,1,artifacts/paper_a_chapter4_v1/rq1_rq3/formal_ours/raw_cases/A149/formal_triple.svg,central_period_viewport_from_formal_triple_svg
A150,matrix_A,proto_sw_1_3,compact,rich,7,200006,artifacts/paper_a_chapter4_v1/rq1_rq3/formal_ours/raw_cases/A150/formal_triple.png,artifacts/paper_a_chapter4_v1/rq1_rq3/formal_ours/raw_cases/A150/formal_triple.svg,,1,artifacts/paper_a_chapter4_v1/rq1_rq3/formal_ours/raw_cases/A150/formal_triple.svg,central_period_viewport_from_formal_triple_svg
A151,matrix_A,proto_sw_1_3,swept,simple,7,200006,artifacts/paper_a_chapter4_v1/rq1_rq3/formal_ours/raw_cases/A151/formal_triple.png,artifacts/paper_a_chapter4_v1/rq1_rq3/formal_ours/raw_cases/A151/formal_triple.svg,,1,artifacts/paper_a_chapter4_v1/rq1_rq3/formal_ours/raw_cases/A151/formal_triple.svg,central_period_viewport_from_formal_triple_svg
A152,matrix_A,proto_sw_1_3,swept,medium,7,200006,artifacts/paper_a_chapter4_v1/rq1_rq3/formal_ours/raw_cases/A152/formal_triple.png,artifacts/paper_a_chapter4_v1/rq1_rq3/formal_ours/raw_cases/A152/formal_triple.svg,,1,artifacts/paper_a_chapter4_v1/rq1_rq3/formal_ours/raw_cases/A152/formal_triple.svg,central_period_viewport_from_formal_triple_svg
A153,matrix_A,proto_sw_1_3,swept,rich,7,200006,artifacts/paper_a_chapter4_v1/rq1_rq3/formal_ours/raw_cases/A153/formal_triple.png,artifacts/paper_a_chapter4_v1/rq1_rq3/formal_ours/raw_cases/A153/formal_triple.svg,,1,artifacts/paper_a_chapter4_v1/rq1_rq3/formal_ours/raw_cases/A153/formal_triple.svg,central_period_viewport_from_formal_triple_svg
A154,matrix_A,proto_sw_1_3,expanded,simple,8,200007,artifacts/paper_a_chapter4_v1/rq1_rq3/formal_ours/raw_cases/A154/formal_triple.png,artifacts/paper_a_chapter4_v1/rq1_rq3/formal_ours/raw_cases/A154/formal_triple.svg,,1,artifacts/paper_a_chapter4_v1/rq1_rq3/formal_ours/raw_cases/A154/formal_triple.svg,central_period_viewport_from_formal_triple_svg
A155,matrix_A,proto_sw_1_3,expanded,medium,8,200007,artifacts/paper_a_chapter4_v1/rq1_rq3/formal_ours/raw_cases/A155/formal_triple.png,artifacts/paper_a_chapter4_v1/rq1_rq3/formal_ours/raw_cases/A155/formal_triple.svg,,1,artifacts/paper_a_chapter4_v1/rq1_rq3/formal_ours/raw_cases/A155/formal_triple.svg,central_period_viewport_from_formal_triple_svg
A156,matrix_A,proto_sw_1_3,expanded,rich,8,200007,artifacts/paper_a_chapter4_v1/rq1_rq3/formal_ours/raw_cases/A156/formal_triple.png,artifacts/paper_a_chapter4_v1/rq1_rq3/formal_ours/raw_cases/A156/formal_triple.svg,,1,artifacts/paper_a_chapter4_v1/rq1_rq3/formal_ours/raw_cases/A156/formal_triple.svg,central_period_viewport_from_formal_triple_svg
A157,matrix_A,proto_sw_1_3,compact,simple,8,200007,artifacts/paper_a_chapter4_v1/rq1_rq3/formal_ours/raw_cases/A157/formal_triple.png,artifacts/paper_a_chapter4_v1/rq1_rq3/formal_ours/raw_cases/A157/formal_triple.svg,,1,artifacts/paper_a_chapter4_v1/rq1_rq3/formal_ours/raw_cases/A157/formal_triple.svg,central_period_viewport_from_formal_triple_svg
A158,matrix_A,proto_sw_1_3,compact,medium,8,200007,artifacts/paper_a_chapter4_v1/rq1_rq3/formal_ours/raw_cases/A158/formal_triple.png,artifacts/paper_a_chapter4_v1/rq1_rq3/formal_ours/raw_cases/A158/formal_triple.svg,,1,artifacts/paper_a_chapter4_v1/rq1_rq3/formal_ours/raw_cases/A158/formal_triple.svg,central_period_viewport_from_formal_triple_svg
A159,matrix_A,proto_sw_1_3,compact,rich,8,200007,artifacts/paper_a_chapter4_v1/rq1_rq3/formal_ours/raw_cases/A159/formal_triple.png,artifacts/paper_a_chapter4_v1/rq1_rq3/formal_ours/raw_cases/A159/formal_triple.svg,,1,artifacts/paper_a_chapter4_v1/rq1_rq3/formal_ours/raw_cases/A159/formal_triple.svg,central_period_viewport_from_formal_triple_svg
A160,matrix_A,proto_sw_1_3,swept,simple,8,200007,artifacts/paper_a_chapter4_v1/rq1_rq3/formal_ours/raw_cases/A160/formal_triple.png,artifacts/paper_a_chapter4_v1/rq1_rq3/formal_ours/raw_cases/A160/formal_triple.svg,,1,artifacts/paper_a_chapter4_v1/rq1_rq3/formal_ours/raw_cases/A160/formal_triple.svg,central_period_viewport_from_formal_triple_svg
A161,matrix_A,proto_sw_1_3,swept,medium,8,200007,artifacts/paper_a_chapter4_v1/rq1_rq3/formal_ours/raw_cases/A161/formal_triple.png,artifacts/paper_a_chapter4_v1/rq1_rq3/formal_ours/raw_cases/A161/formal_triple.svg,,1,artifacts/paper_a_chapter4_v1/rq1_rq3/formal_ours/raw_cases/A161/formal_triple.svg,central_period_viewport_from_formal_triple_svg
A162,matrix_A,proto_sw_1_3,swept,rich,8,200007,artifacts/paper_a_chapter4_v1/rq1_rq3/formal_ours/raw_cases/A162/formal_triple.png,artifacts/paper_a_chapter4_v1/rq1_rq3/formal_ours/raw_cases/A162/formal_triple.svg,,1,artifacts/paper_a_chapter4_v1/rq1_rq3/formal_ours/raw_cases/A162/formal_triple.svg,central_period_viewport_from_formal_triple_svg
A163,matrix_A,proto_sw_1_3,expanded,simple,9,200008,artifacts/paper_a_chapter4_v1/rq1_rq3/formal_ours/raw_cases/A163/formal_triple.png,artifacts/paper_a_chapter4_v1/rq1_rq3/formal_ours/raw_cases/A163/formal_triple.svg,,1,artifacts/paper_a_chapter4_v1/rq1_rq3/formal_ours/raw_cases/A163/formal_triple.svg,central_period_viewport_from_formal_triple_svg
A164,matrix_A,proto_sw_1_3,expanded,medium,9,200008,artifacts/paper_a_chapter4_v1/rq1_rq3/formal_ours/raw_cases/A164/formal_triple.png,artifacts/paper_a_chapter4_v1/rq1_rq3/formal_ours/raw_cases/A164/formal_triple.svg,,1,artifacts/paper_a_chapter4_v1/rq1_rq3/formal_ours/raw_cases/A164/formal_triple.svg,central_period_viewport_from_formal_triple_svg
A165,matrix_A,proto_sw_1_3,expanded,rich,9,200008,artifacts/paper_a_chapter4_v1/rq1_rq3/formal_ours/raw_cases/A165/formal_triple.png,artifacts/paper_a_chapter4_v1/rq1_rq3/formal_ours/raw_cases/A165/formal_triple.svg,,1,artifacts/paper_a_chapter4_v1/rq1_rq3/formal_ours/raw_cases/A165/formal_triple.svg,central_period_viewport_from_formal_triple_svg
A166,matrix_A,proto_sw_1_3,compact,simple,9,200008,artifacts/paper_a_chapter4_v1/rq1_rq3/formal_ours/raw_cases/A166/formal_triple.png,artifacts/paper_a_chapter4_v1/rq1_rq3/formal_ours/raw_cases/A166/formal_triple.svg,,1,artifacts/paper_a_chapter4_v1/rq1_rq3/formal_ours/raw_cases/A166/formal_triple.svg,central_period_viewport_from_formal_triple_svg
A167,matrix_A,proto_sw_1_3,compact,medium,9,200008,artifacts/paper_a_chapter4_v1/rq1_rq3/formal_ours/raw_cases/A167/formal_triple.png,artifacts/paper_a_chapter4_v1/rq1_rq3/formal_ours/raw_cases/A167/formal_triple.svg,,1,artifacts/paper_a_chapter4_v1/rq1_rq3/formal_ours/raw_cases/A167/formal_triple.svg,central_period_viewport_from_formal_triple_svg
A168,matrix_A,proto_sw_1_3,compact,rich,9,200008,artifacts/paper_a_chapter4_v1/rq1_rq3/formal_ours/raw_cases/A168/formal_triple.png,artifacts/paper_a_chapter4_v1/rq1_rq3/formal_ours/raw_cases/A168/formal_triple.svg,,1,artifacts/paper_a_chapter4_v1/rq1_rq3/formal_ours/raw_cases/A168/formal_triple.svg,central_period_viewport_from_formal_triple_svg
A169,matrix_A,proto_sw_1_3,swept,simple,9,200008,artifacts/paper_a_chapter4_v1/rq1_rq3/formal_ours/raw_cases/A169/formal_triple.png,artifacts/paper_a_chapter4_v1/rq1_rq3/formal_ours/raw_cases/A169/formal_triple.svg,,1,artifacts/paper_a_chapter4_v1/rq1_rq3/formal_ours/raw_cases/A169/formal_triple.svg,central_period_viewport_from_formal_triple_svg
A170,matrix_A,proto_sw_1_3,swept,medium,9,200008,artifacts/paper_a_chapter4_v1/rq1_rq3/formal_ours/raw_cases/A170/formal_triple.png,artifacts/paper_a_chapter4_v1/rq1_rq3/formal_ours/raw_cases/A170/formal_triple.svg,,1,artifacts/paper_a_chapter4_v1/rq1_rq3/formal_ours/raw_cases/A170/formal_triple.svg,central_period_viewport_from_formal_triple_svg
A171,matrix_A,proto_sw_1_3,swept,rich,9,200008,artifacts/paper_a_chapter4_v1/rq1_rq3/formal_ours/raw_cases/A171/formal_triple.png,artifacts/paper_a_chapter4_v1/rq1_rq3/formal_ours/raw_cases/A171/formal_triple.svg,,1,artifacts/paper_a_chapter4_v1/rq1_rq3/formal_ours/raw_cases/A171/formal_triple.svg,central_period_viewport_from_formal_triple_svg
A172,matrix_A,proto_sw_1_3,expanded,simple,10,200009,artifacts/paper_a_chapter4_v1/rq1_rq3/formal_ours/raw_cases/A172/formal_triple.png,artifacts/paper_a_chapter4_v1/rq1_rq3/formal_ours/raw_cases/A172/formal_triple.svg,,1,artifacts/paper_a_chapter4_v1/rq1_rq3/formal_ours/raw_cases/A172/formal_triple.svg,central_period_viewport_from_formal_triple_svg
A173,matrix_A,proto_sw_1_3,expanded,medium,10,200009,artifacts/paper_a_chapter4_v1/rq1_rq3/formal_ours/raw_cases/A173/formal_triple.png,artifacts/paper_a_chapter4_v1/rq1_rq3/formal_ours/raw_cases/A173/formal_triple.svg,,1,artifacts/paper_a_chapter4_v1/rq1_rq3/formal_ours/raw_cases/A173/formal_triple.svg,central_period_viewport_from_formal_triple_svg
A174,matrix_A,proto_sw_1_3,expanded,rich,10,200009,artifacts/paper_a_chapter4_v1/rq1_rq3/formal_ours/raw_cases/A174/formal_triple.png,artifacts/paper_a_chapter4_v1/rq1_rq3/formal_ours/raw_cases/A174/formal_triple.svg,,1,artifacts/paper_a_chapter4_v1/rq1_rq3/formal_ours/raw_cases/A174/formal_triple.svg,central_period_viewport_from_formal_triple_svg
A175,matrix_A,proto_sw_1_3,compact,simple,10,200009,artifacts/paper_a_chapter4_v1/rq1_rq3/formal_ours/raw_cases/A175/formal_triple.png,artifacts/paper_a_chapter4_v1/rq1_rq3/formal_ours/raw_cases/A175/formal_triple.svg,,1,artifacts/paper_a_chapter4_v1/rq1_rq3/formal_ours/raw_cases/A175/formal_triple.svg,central_period_viewport_from_formal_triple_svg
A176,matrix_A,proto_sw_1_3,compact,medium,10,200009,artifacts/paper_a_chapter4_v1/rq1_rq3/formal_ours/raw_cases/A176/formal_triple.png,artifacts/paper_a_chapter4_v1/rq1_rq3/formal_ours/raw_cases/A176/formal_triple.svg,,1,artifacts/paper_a_chapter4_v1/rq1_rq3/formal_ours/raw_cases/A176/formal_triple.svg,central_period_viewport_from_formal_triple_svg
A177,matrix_A,proto_sw_1_3,compact,rich,10,200009,artifacts/paper_a_chapter4_v1/rq1_rq3/formal_ours/raw_cases/A177/formal_triple.png,artifacts/paper_a_chapter4_v1/rq1_rq3/formal_ours/raw_cases/A177/formal_triple.svg,,1,artifacts/paper_a_chapter4_v1/rq1_rq3/formal_ours/raw_cases/A177/formal_triple.svg,central_period_viewport_from_formal_triple_svg
A178,matrix_A,proto_sw_1_3,swept,simple,10,200009,artifacts/paper_a_chapter4_v1/rq1_rq3/formal_ours/raw_cases/A178/formal_triple.png,artifacts/paper_a_chapter4_v1/rq1_rq3/formal_ours/raw_cases/A178/formal_triple.svg,,1,artifacts/paper_a_chapter4_v1/rq1_rq3/formal_ours/raw_cases/A178/formal_triple.svg,central_period_viewport_from_formal_triple_svg
A179,matrix_A,proto_sw_1_3,swept,medium,10,200009,artifacts/paper_a_chapter4_v1/rq1_rq3/formal_ours/raw_cases/A179/formal_triple.png,artifacts/paper_a_chapter4_v1/rq1_rq3/formal_ours/raw_cases/A179/formal_triple.svg,,1,artifacts/paper_a_chapter4_v1/rq1_rq3/formal_ours/raw_cases/A179/formal_triple.svg,central_period_viewport_from_formal_triple_svg
A180,matrix_A,proto_sw_1_3,swept,rich,10,200009,artifacts/paper_a_chapter4_v1/rq1_rq3/formal_ours/raw_cases/A180/formal_triple.png,artifacts/paper_a_chapter4_v1/rq1_rq3/formal_ours/raw_cases/A180/formal_triple.svg,,1,artifacts/paper_a_chapter4_v1/rq1_rq3/formal_ours/raw_cases/A180/formal_triple.svg,central_period_viewport_from_formal_triple_svg
A181,matrix_A,proto_sw_2_3,expanded,simple,1,200000,artifacts/paper_a_chapter4_v1/rq1_rq3/formal_ours/raw_cases/A181/formal_triple.png,artifacts/paper_a_chapter4_v1/rq1_rq3/formal_ours/raw_cases/A181/formal_triple.svg,,1,artifacts/paper_a_chapter4_v1/rq1_rq3/formal_ours/raw_cases/A181/formal_triple.svg,central_period_viewport_from_formal_triple_svg
A182,matrix_A,proto_sw_2_3,expanded,medium,1,200000,artifacts/paper_a_chapter4_v1/rq1_rq3/formal_ours/raw_cases/A182/formal_triple.png,artifacts/paper_a_chapter4_v1/rq1_rq3/formal_ours/raw_cases/A182/formal_triple.svg,,1,artifacts/paper_a_chapter4_v1/rq1_rq3/formal_ours/raw_cases/A182/formal_triple.svg,central_period_viewport_from_formal_triple_svg
A183,matrix_A,proto_sw_2_3,expanded,rich,1,200000,artifacts/paper_a_chapter4_v1/rq1_rq3/formal_ours/raw_cases/A183/formal_triple.png,artifacts/paper_a_chapter4_v1/rq1_rq3/formal_ours/raw_cases/A183/formal_triple.svg,,1,artifacts/paper_a_chapter4_v1/rq1_rq3/formal_ours/raw_cases/A183/formal_triple.svg,central_period_viewport_from_formal_triple_svg
A184,matrix_A,proto_sw_2_3,compact,simple,1,200000,artifacts/paper_a_chapter4_v1/rq1_rq3/formal_ours/raw_cases/A184/formal_triple.png,artifacts/paper_a_chapter4_v1/rq1_rq3/formal_ours/raw_cases/A184/formal_triple.svg,,1,artifacts/paper_a_chapter4_v1/rq1_rq3/formal_ours/raw_cases/A184/formal_triple.svg,central_period_viewport_from_formal_triple_svg
A185,matrix_A,proto_sw_2_3,compact,medium,1,200000,artifacts/paper_a_chapter4_v1/rq1_rq3/formal_ours/raw_cases/A185/formal_triple.png,artifacts/paper_a_chapter4_v1/rq1_rq3/formal_ours/raw_cases/A185/formal_triple.svg,,1,artifacts/paper_a_chapter4_v1/rq1_rq3/formal_ours/raw_cases/A185/formal_triple.svg,central_period_viewport_from_formal_triple_svg
A186,matrix_A,proto_sw_2_3,compact,rich,1,200000,artifacts/paper_a_chapter4_v1/rq1_rq3/formal_ours/raw_cases/A186/formal_triple.png,artifacts/paper_a_chapter4_v1/rq1_rq3/formal_ours/raw_cases/A186/formal_triple.svg,,1,artifacts/paper_a_chapter4_v1/rq1_rq3/formal_ours/raw_cases/A186/formal_triple.svg,central_period_viewport_from_formal_triple_svg
A187,matrix_A,proto_sw_2_3,swept,simple,1,200000,artifacts/paper_a_chapter4_v1/rq1_rq3/formal_ours/raw_cases/A187/formal_triple.png,artifacts/paper_a_chapter4_v1/rq1_rq3/formal_ours/raw_cases/A187/formal_triple.svg,,1,artifacts/paper_a_chapter4_v1/rq1_rq3/formal_ours/raw_cases/A187/formal_triple.svg,central_period_viewport_from_formal_triple_svg
A188,matrix_A,proto_sw_2_3,swept,medium,1,200000,artifacts/paper_a_chapter4_v1/rq1_rq3/formal_ours/raw_cases/A188/formal_triple.png,artifacts/paper_a_chapter4_v1/rq1_rq3/formal_ours/raw_cases/A188/formal_triple.svg,,1,artifacts/paper_a_chapter4_v1/rq1_rq3/formal_ours/raw_cases/A188/formal_triple.svg,central_period_viewport_from_formal_triple_svg
A189,matrix_A,proto_sw_2_3,swept,rich,1,200000,artifacts/paper_a_chapter4_v1/rq1_rq3/formal_ours/raw_cases/A189/formal_triple.png,artifacts/paper_a_chapter4_v1/rq1_rq3/formal_ours/raw_cases/A189/formal_triple.svg,,1,artifacts/paper_a_chapter4_v1/rq1_rq3/formal_ours/raw_cases/A189/formal_triple.svg,central_period_viewport_from_formal_triple_svg
A190,matrix_A,proto_sw_2_3,expanded,simple,2,200001,artifacts/paper_a_chapter4_v1/rq1_rq3/formal_ours/raw_cases/A190/formal_triple.png,artifacts/paper_a_chapter4_v1/rq1_rq3/formal_ours/raw_cases/A190/formal_triple.svg,,1,artifacts/paper_a_chapter4_v1/rq1_rq3/formal_ours/raw_cases/A190/formal_triple.svg,central_period_viewport_from_formal_triple_svg
A191,matrix_A,proto_sw_2_3,expanded,medium,2,200001,artifacts/paper_a_chapter4_v1/rq1_rq3/formal_ours/raw_cases/A191/formal_triple.png,artifacts/paper_a_chapter4_v1/rq1_rq3/formal_ours/raw_cases/A191/formal_triple.svg,,1,artifacts/paper_a_chapter4_v1/rq1_rq3/formal_ours/raw_cases/A191/formal_triple.svg,central_period_viewport_from_formal_triple_svg
A192,matrix_A,proto_sw_2_3,expanded,rich,2,200001,artifacts/paper_a_chapter4_v1/rq1_rq3/formal_ours/raw_cases/A192/formal_triple.png,artifacts/paper_a_chapter4_v1/rq1_rq3/formal_ours/raw_cases/A192/formal_triple.svg,,1,artifacts/paper_a_chapter4_v1/rq1_rq3/formal_ours/raw_cases/A192/formal_triple.svg,central_period_viewport_from_formal_triple_svg
A193,matrix_A,proto_sw_2_3,compact,simple,2,200001,artifacts/paper_a_chapter4_v1/rq1_rq3/formal_ours/raw_cases/A193/formal_triple.png,artifacts/paper_a_chapter4_v1/rq1_rq3/formal_ours/raw_cases/A193/formal_triple.svg,,1,artifacts/paper_a_chapter4_v1/rq1_rq3/formal_ours/raw_cases/A193/formal_triple.svg,central_period_viewport_from_formal_triple_svg
A194,matrix_A,proto_sw_2_3,compact,medium,2,200001,artifacts/paper_a_chapter4_v1/rq1_rq3/formal_ours/raw_cases/A194/formal_triple.png,artifacts/paper_a_chapter4_v1/rq1_rq3/formal_ours/raw_cases/A194/formal_triple.svg,,1,artifacts/paper_a_chapter4_v1/rq1_rq3/formal_ours/raw_cases/A194/formal_triple.svg,central_period_viewport_from_formal_triple_svg
A195,matrix_A,proto_sw_2_3,compact,rich,2,200001,artifacts/paper_a_chapter4_v1/rq1_rq3/formal_ours/raw_cases/A195/formal_triple.png,artifacts/paper_a_chapter4_v1/rq1_rq3/formal_ours/raw_cases/A195/formal_triple.svg,,1,artifacts/paper_a_chapter4_v1/rq1_rq3/formal_ours/raw_cases/A195/formal_triple.svg,central_period_viewport_from_formal_triple_svg
A196,matrix_A,proto_sw_2_3,swept,simple,2,200001,artifacts/paper_a_chapter4_v1/rq1_rq3/formal_ours/raw_cases/A196/formal_triple.png,artifacts/paper_a_chapter4_v1/rq1_rq3/formal_ours/raw_cases/A196/formal_triple.svg,,1,artifacts/paper_a_chapter4_v1/rq1_rq3/formal_ours/raw_cases/A196/formal_triple.svg,central_period_viewport_from_formal_triple_svg
A197,matrix_A,proto_sw_2_3,swept,medium,2,200001,artifacts/paper_a_chapter4_v1/rq1_rq3/formal_ours/raw_cases/A197/formal_triple.png,artifacts/paper_a_chapter4_v1/rq1_rq3/formal_ours/raw_cases/A197/formal_triple.svg,,1,artifacts/paper_a_chapter4_v1/rq1_rq3/formal_ours/raw_cases/A197/formal_triple.svg,central_period_viewport_from_formal_triple_svg
A198,matrix_A,proto_sw_2_3,swept,rich,2,200001,artifacts/paper_a_chapter4_v1/rq1_rq3/formal_ours/raw_cases/A198/formal_triple.png,artifacts/paper_a_chapter4_v1/rq1_rq3/formal_ours/raw_cases/A198/formal_triple.svg,,1,artifacts/paper_a_chapter4_v1/rq1_rq3/formal_ours/raw_cases/A198/formal_triple.svg,central_period_viewport_from_formal_triple_svg
A199,matrix_A,proto_sw_2_3,expanded,simple,3,200002,artifacts/paper_a_chapter4_v1/rq1_rq3/formal_ours/raw_cases/A199/formal_triple.png,artifacts/paper_a_chapter4_v1/rq1_rq3/formal_ours/raw_cases/A199/formal_triple.svg,,1,artifacts/paper_a_chapter4_v1/rq1_rq3/formal_ours/raw_cases/A199/formal_triple.svg,central_period_viewport_from_formal_triple_svg
A200,matrix_A,proto_sw_2_3,expanded,medium,3,200002,artifacts/paper_a_chapter4_v1/rq1_rq3/formal_ours/raw_cases/A200/formal_triple.png,artifacts/paper_a_chapter4_v1/rq1_rq3/formal_ours/raw_cases/A200/formal_triple.svg,,1,artifacts/paper_a_chapter4_v1/rq1_rq3/formal_ours/raw_cases/A200/formal_triple.svg,central_period_viewport_from_formal_triple_svg
A201,matrix_A,proto_sw_2_3,expanded,rich,3,200002,artifacts/paper_a_chapter4_v1/rq1_rq3/formal_ours/raw_cases/A201/formal_triple.png,artifacts/paper_a_chapter4_v1/rq1_rq3/formal_ours/raw_cases/A201/formal_triple.svg,,1,artifacts/paper_a_chapter4_v1/rq1_rq3/formal_ours/raw_cases/A201/formal_triple.svg,central_period_viewport_from_formal_triple_svg
A202,matrix_A,proto_sw_2_3,compact,simple,3,200002,artifacts/paper_a_chapter4_v1/rq1_rq3/formal_ours/raw_cases/A202/formal_triple.png,artifacts/paper_a_chapter4_v1/rq1_rq3/formal_ours/raw_cases/A202/formal_triple.svg,,1,artifacts/paper_a_chapter4_v1/rq1_rq3/formal_ours/raw_cases/A202/formal_triple.svg,central_period_viewport_from_formal_triple_svg
A203,matrix_A,proto_sw_2_3,compact,medium,3,200002,artifacts/paper_a_chapter4_v1/rq1_rq3/formal_ours/raw_cases/A203/formal_triple.png,artifacts/paper_a_chapter4_v1/rq1_rq3/formal_ours/raw_cases/A203/formal_triple.svg,,1,artifacts/paper_a_chapter4_v1/rq1_rq3/formal_ours/raw_cases/A203/formal_triple.svg,central_period_viewport_from_formal_triple_svg
A204,matrix_A,proto_sw_2_3,compact,rich,3,200002,artifacts/paper_a_chapter4_v1/rq1_rq3/formal_ours/raw_cases/A204/formal_triple.png,artifacts/paper_a_chapter4_v1/rq1_rq3/formal_ours/raw_cases/A204/formal_triple.svg,,1,artifacts/paper_a_chapter4_v1/rq1_rq3/formal_ours/raw_cases/A204/formal_triple.svg,central_period_viewport_from_formal_triple_svg
A205,matrix_A,proto_sw_2_3,swept,simple,3,200002,artifacts/paper_a_chapter4_v1/rq1_rq3/formal_ours/raw_cases/A205/formal_triple.png,artifacts/paper_a_chapter4_v1/rq1_rq3/formal_ours/raw_cases/A205/formal_triple.svg,,1,artifacts/paper_a_chapter4_v1/rq1_rq3/formal_ours/raw_cases/A205/formal_triple.svg,central_period_viewport_from_formal_triple_svg
A206,matrix_A,proto_sw_2_3,swept,medium,3,200002,artifacts/paper_a_chapter4_v1/rq1_rq3/formal_ours/raw_cases/A206/formal_triple.png,artifacts/paper_a_chapter4_v1/rq1_rq3/formal_ours/raw_cases/A206/formal_triple.svg,,1,artifacts/paper_a_chapter4_v1/rq1_rq3/formal_ours/raw_cases/A206/formal_triple.svg,central_period_viewport_from_formal_triple_svg
A207,matrix_A,proto_sw_2_3,swept,rich,3,200002,artifacts/paper_a_chapter4_v1/rq1_rq3/formal_ours/raw_cases/A207/formal_triple.png,artifacts/paper_a_chapter4_v1/rq1_rq3/formal_ours/raw_cases/A207/formal_triple.svg,,1,artifacts/paper_a_chapter4_v1/rq1_rq3/formal_ours/raw_cases/A207/formal_triple.svg,central_period_viewport_from_formal_triple_svg
A208,matrix_A,proto_sw_2_3,expanded,simple,4,200003,artifacts/paper_a_chapter4_v1/rq1_rq3/formal_ours/raw_cases/A208/formal_triple.png,artifacts/paper_a_chapter4_v1/rq1_rq3/formal_ours/raw_cases/A208/formal_triple.svg,,1,artifacts/paper_a_chapter4_v1/rq1_rq3/formal_ours/raw_cases/A208/formal_triple.svg,central_period_viewport_from_formal_triple_svg
A209,matrix_A,proto_sw_2_3,expanded,medium,4,200003,artifacts/paper_a_chapter4_v1/rq1_rq3/formal_ours/raw_cases/A209/formal_triple.png,artifacts/paper_a_chapter4_v1/rq1_rq3/formal_ours/raw_cases/A209/formal_triple.svg,,1,artifacts/paper_a_chapter4_v1/rq1_rq3/formal_ours/raw_cases/A209/formal_triple.svg,central_period_viewport_from_formal_triple_svg
A210,matrix_A,proto_sw_2_3,expanded,rich,4,200003,artifacts/paper_a_chapter4_v1/rq1_rq3/formal_ours/raw_cases/A210/formal_triple.png,artifacts/paper_a_chapter4_v1/rq1_rq3/formal_ours/raw_cases/A210/formal_triple.svg,,1,artifacts/paper_a_chapter4_v1/rq1_rq3/formal_ours/raw_cases/A210/formal_triple.svg,central_period_viewport_from_formal_triple_svg
A211,matrix_A,proto_sw_2_3,compact,simple,4,200003,artifacts/paper_a_chapter4_v1/rq1_rq3/formal_ours/raw_cases/A211/formal_triple.png,artifacts/paper_a_chapter4_v1/rq1_rq3/formal_ours/raw_cases/A211/formal_triple.svg,,1,artifacts/paper_a_chapter4_v1/rq1_rq3/formal_ours/raw_cases/A211/formal_triple.svg,central_period_viewport_from_formal_triple_svg
A212,matrix_A,proto_sw_2_3,compact,medium,4,200003,artifacts/paper_a_chapter4_v1/rq1_rq3/formal_ours/raw_cases/A212/formal_triple.png,artifacts/paper_a_chapter4_v1/rq1_rq3/formal_ours/raw_cases/A212/formal_triple.svg,,1,artifacts/paper_a_chapter4_v1/rq1_rq3/formal_ours/raw_cases/A212/formal_triple.svg,central_period_viewport_from_formal_triple_svg
A213,matrix_A,proto_sw_2_3,compact,rich,4,200003,artifacts/paper_a_chapter4_v1/rq1_rq3/formal_ours/raw_cases/A213/formal_triple.png,artifacts/paper_a_chapter4_v1/rq1_rq3/formal_ours/raw_cases/A213/formal_triple.svg,,1,artifacts/paper_a_chapter4_v1/rq1_rq3/formal_ours/raw_cases/A213/formal_triple.svg,central_period_viewport_from_formal_triple_svg
A214,matrix_A,proto_sw_2_3,swept,simple,4,200003,artifacts/paper_a_chapter4_v1/rq1_rq3/formal_ours/raw_cases/A214/formal_triple.png,artifacts/paper_a_chapter4_v1/rq1_rq3/formal_ours/raw_cases/A214/formal_triple.svg,,1,artifacts/paper_a_chapter4_v1/rq1_rq3/formal_ours/raw_cases/A214/formal_triple.svg,central_period_viewport_from_formal_triple_svg
A215,matrix_A,proto_sw_2_3,swept,medium,4,200003,artifacts/paper_a_chapter4_v1/rq1_rq3/formal_ours/raw_cases/A215/formal_triple.png,artifacts/paper_a_chapter4_v1/rq1_rq3/formal_ours/raw_cases/A215/formal_triple.svg,,1,artifacts/paper_a_chapter4_v1/rq1_rq3/formal_ours/raw_cases/A215/formal_triple.svg,central_period_viewport_from_formal_triple_svg
A216,matrix_A,proto_sw_2_3,swept,rich,4,200003,artifacts/paper_a_chapter4_v1/rq1_rq3/formal_ours/raw_cases/A216/formal_triple.png,artifacts/paper_a_chapter4_v1/rq1_rq3/formal_ours/raw_cases/A216/formal_triple.svg,,1,artifacts/paper_a_chapter4_v1/rq1_rq3/formal_ours/raw_cases/A216/formal_triple.svg,central_period_viewport_from_formal_triple_svg
A217,matrix_A,proto_sw_2_3,expanded,simple,5,200004,artifacts/paper_a_chapter4_v1/rq1_rq3/formal_ours/raw_cases/A217/formal_triple.png,artifacts/paper_a_chapter4_v1/rq1_rq3/formal_ours/raw_cases/A217/formal_triple.svg,,1,artifacts/paper_a_chapter4_v1/rq1_rq3/formal_ours/raw_cases/A217/formal_triple.svg,central_period_viewport_from_formal_triple_svg
A218,matrix_A,proto_sw_2_3,expanded,medium,5,200004,artifacts/paper_a_chapter4_v1/rq1_rq3/formal_ours/raw_cases/A218/formal_triple.png,artifacts/paper_a_chapter4_v1/rq1_rq3/formal_ours/raw_cases/A218/formal_triple.svg,,1,artifacts/paper_a_chapter4_v1/rq1_rq3/formal_ours/raw_cases/A218/formal_triple.svg,central_period_viewport_from_formal_triple_svg
A219,matrix_A,proto_sw_2_3,expanded,rich,5,200004,artifacts/paper_a_chapter4_v1/rq1_rq3/formal_ours/raw_cases/A219/formal_triple.png,artifacts/paper_a_chapter4_v1/rq1_rq3/formal_ours/raw_cases/A219/formal_triple.svg,,1,artifacts/paper_a_chapter4_v1/rq1_rq3/formal_ours/raw_cases/A219/formal_triple.svg,central_period_viewport_from_formal_triple_svg
A220,matrix_A,proto_sw_2_3,compact,simple,5,200004,artifacts/paper_a_chapter4_v1/rq1_rq3/formal_ours/raw_cases/A220/formal_triple.png,artifacts/paper_a_chapter4_v1/rq1_rq3/formal_ours/raw_cases/A220/formal_triple.svg,,1,artifacts/paper_a_chapter4_v1/rq1_rq3/formal_ours/raw_cases/A220/formal_triple.svg,central_period_viewport_from_formal_triple_svg
A221,matrix_A,proto_sw_2_3,compact,medium,5,200004,artifacts/paper_a_chapter4_v1/rq1_rq3/formal_ours/raw_cases/A221/formal_triple.png,artifacts/paper_a_chapter4_v1/rq1_rq3/formal_ours/raw_cases/A221/formal_triple.svg,,1,artifacts/paper_a_chapter4_v1/rq1_rq3/formal_ours/raw_cases/A221/formal_triple.svg,central_period_viewport_from_formal_triple_svg
A222,matrix_A,proto_sw_2_3,compact,rich,5,200004,artifacts/paper_a_chapter4_v1/rq1_rq3/formal_ours/raw_cases/A222/formal_triple.png,artifacts/paper_a_chapter4_v1/rq1_rq3/formal_ours/raw_cases/A222/formal_triple.svg,,1,artifacts/paper_a_chapter4_v1/rq1_rq3/formal_ours/raw_cases/A222/formal_triple.svg,central_period_viewport_from_formal_triple_svg
A223,matrix_A,proto_sw_2_3,swept,simple,5,200004,artifacts/paper_a_chapter4_v1/rq1_rq3/formal_ours/raw_cases/A223/formal_triple.png,artifacts/paper_a_chapter4_v1/rq1_rq3/formal_ours/raw_cases/A223/formal_triple.svg,,1,artifacts/paper_a_chapter4_v1/rq1_rq3/formal_ours/raw_cases/A223/formal_triple.svg,central_period_viewport_from_formal_triple_svg
A224,matrix_A,proto_sw_2_3,swept,medium,5,200004,artifacts/paper_a_chapter4_v1/rq1_rq3/formal_ours/raw_cases/A224/formal_triple.png,artifacts/paper_a_chapter4_v1/rq1_rq3/formal_ours/raw_cases/A224/formal_triple.svg,,1,artifacts/paper_a_chapter4_v1/rq1_rq3/formal_ours/raw_cases/A224/formal_triple.svg,central_period_viewport_from_formal_triple_svg
A225,matrix_A,proto_sw_2_3,swept,rich,5,200004,artifacts/paper_a_chapter4_v1/rq1_rq3/formal_ours/raw_cases/A225/formal_triple.png,artifacts/paper_a_chapter4_v1/rq1_rq3/formal_ours/raw_cases/A225/formal_triple.svg,,1,artifacts/paper_a_chapter4_v1/rq1_rq3/formal_ours/raw_cases/A225/formal_triple.svg,central_period_viewport_from_formal_triple_svg
A226,matrix_A,proto_sw_2_3,expanded,simple,6,200005,artifacts/paper_a_chapter4_v1/rq1_rq3/formal_ours/raw_cases/A226/formal_triple.png,artifacts/paper_a_chapter4_v1/rq1_rq3/formal_ours/raw_cases/A226/formal_triple.svg,,1,artifacts/paper_a_chapter4_v1/rq1_rq3/formal_ours/raw_cases/A226/formal_triple.svg,central_period_viewport_from_formal_triple_svg
A227,matrix_A,proto_sw_2_3,expanded,medium,6,200005,artifacts/paper_a_chapter4_v1/rq1_rq3/formal_ours/raw_cases/A227/formal_triple.png,artifacts/paper_a_chapter4_v1/rq1_rq3/formal_ours/raw_cases/A227/formal_triple.svg,,1,artifacts/paper_a_chapter4_v1/rq1_rq3/formal_ours/raw_cases/A227/formal_triple.svg,central_period_viewport_from_formal_triple_svg
A228,matrix_A,proto_sw_2_3,expanded,rich,6,200005,artifacts/paper_a_chapter4_v1/rq1_rq3/formal_ours/raw_cases/A228/formal_triple.png,artifacts/paper_a_chapter4_v1/rq1_rq3/formal_ours/raw_cases/A228/formal_triple.svg,,1,artifacts/paper_a_chapter4_v1/rq1_rq3/formal_ours/raw_cases/A228/formal_triple.svg,central_period_viewport_from_formal_triple_svg
A229,matrix_A,proto_sw_2_3,compact,simple,6,200005,artifacts/paper_a_chapter4_v1/rq1_rq3/formal_ours/raw_cases/A229/formal_triple.png,artifacts/paper_a_chapter4_v1/rq1_rq3/formal_ours/raw_cases/A229/formal_triple.svg,,1,artifacts/paper_a_chapter4_v1/rq1_rq3/formal_ours/raw_cases/A229/formal_triple.svg,central_period_viewport_from_formal_triple_svg
A230,matrix_A,proto_sw_2_3,compact,medium,6,200005,artifacts/paper_a_chapter4_v1/rq1_rq3/formal_ours/raw_cases/A230/formal_triple.png,artifacts/paper_a_chapter4_v1/rq1_rq3/formal_ours/raw_cases/A230/formal_triple.svg,,1,artifacts/paper_a_chapter4_v1/rq1_rq3/formal_ours/raw_cases/A230/formal_triple.svg,central_period_viewport_from_formal_triple_svg
A231,matrix_A,proto_sw_2_3,compact,rich,6,200005,artifacts/paper_a_chapter4_v1/rq1_rq3/formal_ours/raw_cases/A231/formal_triple.png,artifacts/paper_a_chapter4_v1/rq1_rq3/formal_ours/raw_cases/A231/formal_triple.svg,,1,artifacts/paper_a_chapter4_v1/rq1_rq3/formal_ours/raw_cases/A231/formal_triple.svg,central_period_viewport_from_formal_triple_svg
A232,matrix_A,proto_sw_2_3,swept,simple,6,200005,artifacts/paper_a_chapter4_v1/rq1_rq3/formal_ours/raw_cases/A232/formal_triple.png,artifacts/paper_a_chapter4_v1/rq1_rq3/formal_ours/raw_cases/A232/formal_triple.svg,,1,artifacts/paper_a_chapter4_v1/rq1_rq3/formal_ours/raw_cases/A232/formal_triple.svg,central_period_viewport_from_formal_triple_svg
A233,matrix_A,proto_sw_2_3,swept,medium,6,200005,artifacts/paper_a_chapter4_v1/rq1_rq3/formal_ours/raw_cases/A233/formal_triple.png,artifacts/paper_a_chapter4_v1/rq1_rq3/formal_ours/raw_cases/A233/formal_triple.svg,,1,artifacts/paper_a_chapter4_v1/rq1_rq3/formal_ours/raw_cases/A233/formal_triple.svg,central_period_viewport_from_formal_triple_svg
A234,matrix_A,proto_sw_2_3,swept,rich,6,200005,artifacts/paper_a_chapter4_v1/rq1_rq3/formal_ours/raw_cases/A234/formal_triple.png,artifacts/paper_a_chapter4_v1/rq1_rq3/formal_ours/raw_cases/A234/formal_triple.svg,,1,artifacts/paper_a_chapter4_v1/rq1_rq3/formal_ours/raw_cases/A234/formal_triple.svg,central_period_viewport_from_formal_triple_svg
A235,matrix_A,proto_sw_2_3,expanded,simple,7,200006,artifacts/paper_a_chapter4_v1/rq1_rq3/formal_ours/raw_cases/A235/formal_triple.png,artifacts/paper_a_chapter4_v1/rq1_rq3/formal_ours/raw_cases/A235/formal_triple.svg,,1,artifacts/paper_a_chapter4_v1/rq1_rq3/formal_ours/raw_cases/A235/formal_triple.svg,central_period_viewport_from_formal_triple_svg
A236,matrix_A,proto_sw_2_3,expanded,medium,7,200006,artifacts/paper_a_chapter4_v1/rq1_rq3/formal_ours/raw_cases/A236/formal_triple.png,artifacts/paper_a_chapter4_v1/rq1_rq3/formal_ours/raw_cases/A236/formal_triple.svg,,1,artifacts/paper_a_chapter4_v1/rq1_rq3/formal_ours/raw_cases/A236/formal_triple.svg,central_period_viewport_from_formal_triple_svg
A237,matrix_A,proto_sw_2_3,expanded,rich,7,200006,artifacts/paper_a_chapter4_v1/rq1_rq3/formal_ours/raw_cases/A237/formal_triple.png,artifacts/paper_a_chapter4_v1/rq1_rq3/formal_ours/raw_cases/A237/formal_triple.svg,,1,artifacts/paper_a_chapter4_v1/rq1_rq3/formal_ours/raw_cases/A237/formal_triple.svg,central_period_viewport_from_formal_triple_svg
A238,matrix_A,proto_sw_2_3,compact,simple,7,200006,artifacts/paper_a_chapter4_v1/rq1_rq3/formal_ours/raw_cases/A238/formal_triple.png,artifacts/paper_a_chapter4_v1/rq1_rq3/formal_ours/raw_cases/A238/formal_triple.svg,,1,artifacts/paper_a_chapter4_v1/rq1_rq3/formal_ours/raw_cases/A238/formal_triple.svg,central_period_viewport_from_formal_triple_svg
A239,matrix_A,proto_sw_2_3,compact,medium,7,200006,artifacts/paper_a_chapter4_v1/rq1_rq3/formal_ours/raw_cases/A239/formal_triple.png,artifacts/paper_a_chapter4_v1/rq1_rq3/formal_ours/raw_cases/A239/formal_triple.svg,,1,artifacts/paper_a_chapter4_v1/rq1_rq3/formal_ours/raw_cases/A239/formal_triple.svg,central_period_viewport_from_formal_triple_svg
A240,matrix_A,proto_sw_2_3,compact,rich,7,200006,artifacts/paper_a_chapter4_v1/rq1_rq3/formal_ours/raw_cases/A240/formal_triple.png,artifacts/paper_a_chapter4_v1/rq1_rq3/formal_ours/raw_cases/A240/formal_triple.svg,,1,artifacts/paper_a_chapter4_v1/rq1_rq3/formal_ours/raw_cases/A240/formal_triple.svg,central_period_viewport_from_formal_triple_svg
A241,matrix_A,proto_sw_2_3,swept,simple,7,200006,artifacts/paper_a_chapter4_v1/rq1_rq3/formal_ours/raw_cases/A241/formal_triple.png,artifacts/paper_a_chapter4_v1/rq1_rq3/formal_ours/raw_cases/A241/formal_triple.svg,,1,artifacts/paper_a_chapter4_v1/rq1_rq3/formal_ours/raw_cases/A241/formal_triple.svg,central_period_viewport_from_formal_triple_svg
A242,matrix_A,proto_sw_2_3,swept,medium,7,200006,artifacts/paper_a_chapter4_v1/rq1_rq3/formal_ours/raw_cases/A242/formal_triple.png,artifacts/paper_a_chapter4_v1/rq1_rq3/formal_ours/raw_cases/A242/formal_triple.svg,,1,artifacts/paper_a_chapter4_v1/rq1_rq3/formal_ours/raw_cases/A242/formal_triple.svg,central_period_viewport_from_formal_triple_svg
A243,matrix_A,proto_sw_2_3,swept,rich,7,200006,artifacts/paper_a_chapter4_v1/rq1_rq3/formal_ours/raw_cases/A243/formal_triple.png,artifacts/paper_a_chapter4_v1/rq1_rq3/formal_ours/raw_cases/A243/formal_triple.svg,,1,artifacts/paper_a_chapter4_v1/rq1_rq3/formal_ours/raw_cases/A243/formal_triple.svg,central_period_viewport_from_formal_triple_svg
A244,matrix_A,proto_sw_2_3,expanded,simple,8,200007,artifacts/paper_a_chapter4_v1/rq1_rq3/formal_ours/raw_cases/A244/formal_triple.png,artifacts/paper_a_chapter4_v1/rq1_rq3/formal_ours/raw_cases/A244/formal_triple.svg,,1,artifacts/paper_a_chapter4_v1/rq1_rq3/formal_ours/raw_cases/A244/formal_triple.svg,central_period_viewport_from_formal_triple_svg
A245,matrix_A,proto_sw_2_3,expanded,medium,8,200007,artifacts/paper_a_chapter4_v1/rq1_rq3/formal_ours/raw_cases/A245/formal_triple.png,artifacts/paper_a_chapter4_v1/rq1_rq3/formal_ours/raw_cases/A245/formal_triple.svg,,1,artifacts/paper_a_chapter4_v1/rq1_rq3/formal_ours/raw_cases/A245/formal_triple.svg,central_period_viewport_from_formal_triple_svg
A246,matrix_A,proto_sw_2_3,expanded,rich,8,200007,artifacts/paper_a_chapter4_v1/rq1_rq3/formal_ours/raw_cases/A246/formal_triple.png,artifacts/paper_a_chapter4_v1/rq1_rq3/formal_ours/raw_cases/A246/formal_triple.svg,,1,artifacts/paper_a_chapter4_v1/rq1_rq3/formal_ours/raw_cases/A246/formal_triple.svg,central_period_viewport_from_formal_triple_svg
A247,matrix_A,proto_sw_2_3,compact,simple,8,200007,artifacts/paper_a_chapter4_v1/rq1_rq3/formal_ours/raw_cases/A247/formal_triple.png,artifacts/paper_a_chapter4_v1/rq1_rq3/formal_ours/raw_cases/A247/formal_triple.svg,,1,artifacts/paper_a_chapter4_v1/rq1_rq3/formal_ours/raw_cases/A247/formal_triple.svg,central_period_viewport_from_formal_triple_svg
A248,matrix_A,proto_sw_2_3,compact,medium,8,200007,artifacts/paper_a_chapter4_v1/rq1_rq3/formal_ours/raw_cases/A248/formal_triple.png,artifacts/paper_a_chapter4_v1/rq1_rq3/formal_ours/raw_cases/A248/formal_triple.svg,,1,artifacts/paper_a_chapter4_v1/rq1_rq3/formal_ours/raw_cases/A248/formal_triple.svg,central_period_viewport_from_formal_triple_svg
A249,matrix_A,proto_sw_2_3,compact,rich,8,200007,artifacts/paper_a_chapter4_v1/rq1_rq3/formal_ours/raw_cases/A249/formal_triple.png,artifacts/paper_a_chapter4_v1/rq1_rq3/formal_ours/raw_cases/A249/formal_triple.svg,,1,artifacts/paper_a_chapter4_v1/rq1_rq3/formal_ours/raw_cases/A249/formal_triple.svg,central_period_viewport_from_formal_triple_svg
A250,matrix_A,proto_sw_2_3,swept,simple,8,200007,artifacts/paper_a_chapter4_v1/rq1_rq3/formal_ours/raw_cases/A250/formal_triple.png,artifacts/paper_a_chapter4_v1/rq1_rq3/formal_ours/raw_cases/A250/formal_triple.svg,,1,artifacts/paper_a_chapter4_v1/rq1_rq3/formal_ours/raw_cases/A250/formal_triple.svg,central_period_viewport_from_formal_triple_svg
A251,matrix_A,proto_sw_2_3,swept,medium,8,200007,artifacts/paper_a_chapter4_v1/rq1_rq3/formal_ours/raw_cases/A251/formal_triple.png,artifacts/paper_a_chapter4_v1/rq1_rq3/formal_ours/raw_cases/A251/formal_triple.svg,,1,artifacts/paper_a_chapter4_v1/rq1_rq3/formal_ours/raw_cases/A251/formal_triple.svg,central_period_viewport_from_formal_triple_svg
A252,matrix_A,proto_sw_2_3,swept,rich,8,200007,artifacts/paper_a_chapter4_v1/rq1_rq3/formal_ours/raw_cases/A252/formal_triple.png,artifacts/paper_a_chapter4_v1/rq1_rq3/formal_ours/raw_cases/A252/formal_triple.svg,,1,artifacts/paper_a_chapter4_v1/rq1_rq3/formal_ours/raw_cases/A252/formal_triple.svg,central_period_viewport_from_formal_triple_svg
A253,matrix_A,proto_sw_2_3,expanded,simple,9,200008,artifacts/paper_a_chapter4_v1/rq1_rq3/formal_ours/raw_cases/A253/formal_triple.png,artifacts/paper_a_chapter4_v1/rq1_rq3/formal_ours/raw_cases/A253/formal_triple.svg,,1,artifacts/paper_a_chapter4_v1/rq1_rq3/formal_ours/raw_cases/A253/formal_triple.svg,central_period_viewport_from_formal_triple_svg
A254,matrix_A,proto_sw_2_3,expanded,medium,9,200008,artifacts/paper_a_chapter4_v1/rq1_rq3/formal_ours/raw_cases/A254/formal_triple.png,artifacts/paper_a_chapter4_v1/rq1_rq3/formal_ours/raw_cases/A254/formal_triple.svg,,1,artifacts/paper_a_chapter4_v1/rq1_rq3/formal_ours/raw_cases/A254/formal_triple.svg,central_period_viewport_from_formal_triple_svg
A255,matrix_A,proto_sw_2_3,expanded,rich,9,200008,artifacts/paper_a_chapter4_v1/rq1_rq3/formal_ours/raw_cases/A255/formal_triple.png,artifacts/paper_a_chapter4_v1/rq1_rq3/formal_ours/raw_cases/A255/formal_triple.svg,,1,artifacts/paper_a_chapter4_v1/rq1_rq3/formal_ours/raw_cases/A255/formal_triple.svg,central_period_viewport_from_formal_triple_svg
A256,matrix_A,proto_sw_2_3,compact,simple,9,200008,artifacts/paper_a_chapter4_v1/rq1_rq3/formal_ours/raw_cases/A256/formal_triple.png,artifacts/paper_a_chapter4_v1/rq1_rq3/formal_ours/raw_cases/A256/formal_triple.svg,,1,artifacts/paper_a_chapter4_v1/rq1_rq3/formal_ours/raw_cases/A256/formal_triple.svg,central_period_viewport_from_formal_triple_svg
A257,matrix_A,proto_sw_2_3,compact,medium,9,200008,artifacts/paper_a_chapter4_v1/rq1_rq3/formal_ours/raw_cases/A257/formal_triple.png,artifacts/paper_a_chapter4_v1/rq1_rq3/formal_ours/raw_cases/A257/formal_triple.svg,,1,artifacts/paper_a_chapter4_v1/rq1_rq3/formal_ours/raw_cases/A257/formal_triple.svg,central_period_viewport_from_formal_triple_svg
A258,matrix_A,proto_sw_2_3,compact,rich,9,200008,artifacts/paper_a_chapter4_v1/rq1_rq3/formal_ours/raw_cases/A258/formal_triple.png,artifacts/paper_a_chapter4_v1/rq1_rq3/formal_ours/raw_cases/A258/formal_triple.svg,,1,artifacts/paper_a_chapter4_v1/rq1_rq3/formal_ours/raw_cases/A258/formal_triple.svg,central_period_viewport_from_formal_triple_svg
A259,matrix_A,proto_sw_2_3,swept,simple,9,200008,artifacts/paper_a_chapter4_v1/rq1_rq3/formal_ours/raw_cases/A259/formal_triple.png,artifacts/paper_a_chapter4_v1/rq1_rq3/formal_ours/raw_cases/A259/formal_triple.svg,,1,artifacts/paper_a_chapter4_v1/rq1_rq3/formal_ours/raw_cases/A259/formal_triple.svg,central_period_viewport_from_formal_triple_svg
A260,matrix_A,proto_sw_2_3,swept,medium,9,200008,artifacts/paper_a_chapter4_v1/rq1_rq3/formal_ours/raw_cases/A260/formal_triple.png,artifacts/paper_a_chapter4_v1/rq1_rq3/formal_ours/raw_cases/A260/formal_triple.svg,,1,artifacts/paper_a_chapter4_v1/rq1_rq3/formal_ours/raw_cases/A260/formal_triple.svg,central_period_viewport_from_formal_triple_svg
A261,matrix_A,proto_sw_2_3,swept,rich,9,200008,artifacts/paper_a_chapter4_v1/rq1_rq3/formal_ours/raw_cases/A261/formal_triple.png,artifacts/paper_a_chapter4_v1/rq1_rq3/formal_ours/raw_cases/A261/formal_triple.svg,,1,artifacts/paper_a_chapter4_v1/rq1_rq3/formal_ours/raw_cases/A261/formal_triple.svg,central_period_viewport_from_formal_triple_svg
A262,matrix_A,proto_sw_2_3,expanded,simple,10,200009,artifacts/paper_a_chapter4_v1/rq1_rq3/formal_ours/raw_cases/A262/formal_triple.png,artifacts/paper_a_chapter4_v1/rq1_rq3/formal_ours/raw_cases/A262/formal_triple.svg,,1,artifacts/paper_a_chapter4_v1/rq1_rq3/formal_ours/raw_cases/A262/formal_triple.svg,central_period_viewport_from_formal_triple_svg
A263,matrix_A,proto_sw_2_3,expanded,medium,10,200009,artifacts/paper_a_chapter4_v1/rq1_rq3/formal_ours/raw_cases/A263/formal_triple.png,artifacts/paper_a_chapter4_v1/rq1_rq3/formal_ours/raw_cases/A263/formal_triple.svg,,1,artifacts/paper_a_chapter4_v1/rq1_rq3/formal_ours/raw_cases/A263/formal_triple.svg,central_period_viewport_from_formal_triple_svg
A264,matrix_A,proto_sw_2_3,expanded,rich,10,200009,artifacts/paper_a_chapter4_v1/rq1_rq3/formal_ours/raw_cases/A264/formal_triple.png,artifacts/paper_a_chapter4_v1/rq1_rq3/formal_ours/raw_cases/A264/formal_triple.svg,,1,artifacts/paper_a_chapter4_v1/rq1_rq3/formal_ours/raw_cases/A264/formal_triple.svg,central_period_viewport_from_formal_triple_svg
A265,matrix_A,proto_sw_2_3,compact,simple,10,200009,artifacts/paper_a_chapter4_v1/rq1_rq3/formal_ours/raw_cases/A265/formal_triple.png,artifacts/paper_a_chapter4_v1/rq1_rq3/formal_ours/raw_cases/A265/formal_triple.svg,,1,artifacts/paper_a_chapter4_v1/rq1_rq3/formal_ours/raw_cases/A265/formal_triple.svg,central_period_viewport_from_formal_triple_svg
A266,matrix_A,proto_sw_2_3,compact,medium,10,200009,artifacts/paper_a_chapter4_v1/rq1_rq3/formal_ours/raw_cases/A266/formal_triple.png,artifacts/paper_a_chapter4_v1/rq1_rq3/formal_ours/raw_cases/A266/formal_triple.svg,,1,artifacts/paper_a_chapter4_v1/rq1_rq3/formal_ours/raw_cases/A266/formal_triple.svg,central_period_viewport_from_formal_triple_svg
A267,matrix_A,proto_sw_2_3,compact,rich,10,200009,artifacts/paper_a_chapter4_v1/rq1_rq3/formal_ours/raw_cases/A267/formal_triple.png,artifacts/paper_a_chapter4_v1/rq1_rq3/formal_ours/raw_cases/A267/formal_triple.svg,,1,artifacts/paper_a_chapter4_v1/rq1_rq3/formal_ours/raw_cases/A267/formal_triple.svg,central_period_viewport_from_formal_triple_svg
A268,matrix_A,proto_sw_2_3,swept,simple,10,200009,artifacts/paper_a_chapter4_v1/rq1_rq3/formal_ours/raw_cases/A268/formal_triple.png,artifacts/paper_a_chapter4_v1/rq1_rq3/formal_ours/raw_cases/A268/formal_triple.svg,,1,artifacts/paper_a_chapter4_v1/rq1_rq3/formal_ours/raw_cases/A268/formal_triple.svg,central_period_viewport_from_formal_triple_svg
A269,matrix_A,proto_sw_2_3,swept,medium,10,200009,artifacts/paper_a_chapter4_v1/rq1_rq3/formal_ours/raw_cases/A269/formal_triple.png,artifacts/paper_a_chapter4_v1/rq1_rq3/formal_ours/raw_cases/A269/formal_triple.svg,,1,artifacts/paper_a_chapter4_v1/rq1_rq3/formal_ours/raw_cases/A269/formal_triple.svg,central_period_viewport_from_formal_triple_svg
A270,matrix_A,proto_sw_2_3,swept,rich,10,200009,artifacts/paper_a_chapter4_v1/rq1_rq3/formal_ours/raw_cases/A270/formal_triple.png,artifacts/paper_a_chapter4_v1/rq1_rq3/formal_ours/raw_cases/A270/formal_triple.svg,,1,artifacts/paper_a_chapter4_v1/rq1_rq3/formal_ours/raw_cases/A270/formal_triple.svg,central_period_viewport_from_formal_triple_svg
A271,matrix_A,proto_sw_3_1,expanded,simple,1,200000,artifacts/paper_a_chapter4_v1/rq1_rq3/formal_ours/raw_cases/A271/formal_triple.png,artifacts/paper_a_chapter4_v1/rq1_rq3/formal_ours/raw_cases/A271/formal_triple.svg,,1,artifacts/paper_a_chapter4_v1/rq1_rq3/formal_ours/raw_cases/A271/formal_triple.svg,central_period_viewport_from_formal_triple_svg
A272,matrix_A,proto_sw_3_1,expanded,medium,1,200000,artifacts/paper_a_chapter4_v1/rq1_rq3/formal_ours/raw_cases/A272/formal_triple.png,artifacts/paper_a_chapter4_v1/rq1_rq3/formal_ours/raw_cases/A272/formal_triple.svg,,1,artifacts/paper_a_chapter4_v1/rq1_rq3/formal_ours/raw_cases/A272/formal_triple.svg,central_period_viewport_from_formal_triple_svg
A273,matrix_A,proto_sw_3_1,expanded,rich,1,200000,artifacts/paper_a_chapter4_v1/rq1_rq3/formal_ours/raw_cases/A273/formal_triple.png,artifacts/paper_a_chapter4_v1/rq1_rq3/formal_ours/raw_cases/A273/formal_triple.svg,,1,artifacts/paper_a_chapter4_v1/rq1_rq3/formal_ours/raw_cases/A273/formal_triple.svg,central_period_viewport_from_formal_triple_svg
A274,matrix_A,proto_sw_3_1,compact,simple,1,200000,artifacts/paper_a_chapter4_v1/rq1_rq3/formal_ours/raw_cases/A274/formal_triple.png,artifacts/paper_a_chapter4_v1/rq1_rq3/formal_ours/raw_cases/A274/formal_triple.svg,,1,artifacts/paper_a_chapter4_v1/rq1_rq3/formal_ours/raw_cases/A274/formal_triple.svg,central_period_viewport_from_formal_triple_svg
A275,matrix_A,proto_sw_3_1,compact,medium,1,200000,artifacts/paper_a_chapter4_v1/rq1_rq3/formal_ours/raw_cases/A275/formal_triple.png,artifacts/paper_a_chapter4_v1/rq1_rq3/formal_ours/raw_cases/A275/formal_triple.svg,,1,artifacts/paper_a_chapter4_v1/rq1_rq3/formal_ours/raw_cases/A275/formal_triple.svg,central_period_viewport_from_formal_triple_svg
A276,matrix_A,proto_sw_3_1,compact,rich,1,200000,artifacts/paper_a_chapter4_v1/rq1_rq3/formal_ours/raw_cases/A276/formal_triple.png,artifacts/paper_a_chapter4_v1/rq1_rq3/formal_ours/raw_cases/A276/formal_triple.svg,,1,artifacts/paper_a_chapter4_v1/rq1_rq3/formal_ours/raw_cases/A276/formal_triple.svg,central_period_viewport_from_formal_triple_svg
A277,matrix_A,proto_sw_3_1,swept,simple,1,200000,artifacts/paper_a_chapter4_v1/rq1_rq3/formal_ours/raw_cases/A277/formal_triple.png,artifacts/paper_a_chapter4_v1/rq1_rq3/formal_ours/raw_cases/A277/formal_triple.svg,,1,artifacts/paper_a_chapter4_v1/rq1_rq3/formal_ours/raw_cases/A277/formal_triple.svg,central_period_viewport_from_formal_triple_svg
A278,matrix_A,proto_sw_3_1,swept,medium,1,200000,artifacts/paper_a_chapter4_v1/rq1_rq3/formal_ours/raw_cases/A278/formal_triple.png,artifacts/paper_a_chapter4_v1/rq1_rq3/formal_ours/raw_cases/A278/formal_triple.svg,,1,artifacts/paper_a_chapter4_v1/rq1_rq3/formal_ours/raw_cases/A278/formal_triple.svg,central_period_viewport_from_formal_triple_svg
A279,matrix_A,proto_sw_3_1,swept,rich,1,200000,artifacts/paper_a_chapter4_v1/rq1_rq3/formal_ours/raw_cases/A279/formal_triple.png,artifacts/paper_a_chapter4_v1/rq1_rq3/formal_ours/raw_cases/A279/formal_triple.svg,,1,artifacts/paper_a_chapter4_v1/rq1_rq3/formal_ours/raw_cases/A279/formal_triple.svg,central_period_viewport_from_formal_triple_svg
A280,matrix_A,proto_sw_3_1,expanded,simple,2,200001,artifacts/paper_a_chapter4_v1/rq1_rq3/formal_ours/raw_cases/A280/formal_triple.png,artifacts/paper_a_chapter4_v1/rq1_rq3/formal_ours/raw_cases/A280/formal_triple.svg,,1,artifacts/paper_a_chapter4_v1/rq1_rq3/formal_ours/raw_cases/A280/formal_triple.svg,central_period_viewport_from_formal_triple_svg
A281,matrix_A,proto_sw_3_1,expanded,medium,2,200001,artifacts/paper_a_chapter4_v1/rq1_rq3/formal_ours/raw_cases/A281/formal_triple.png,artifacts/paper_a_chapter4_v1/rq1_rq3/formal_ours/raw_cases/A281/formal_triple.svg,,1,artifacts/paper_a_chapter4_v1/rq1_rq3/formal_ours/raw_cases/A281/formal_triple.svg,central_period_viewport_from_formal_triple_svg
A282,matrix_A,proto_sw_3_1,expanded,rich,2,200001,artifacts/paper_a_chapter4_v1/rq1_rq3/formal_ours/raw_cases/A282/formal_triple.png,artifacts/paper_a_chapter4_v1/rq1_rq3/formal_ours/raw_cases/A282/formal_triple.svg,,1,artifacts/paper_a_chapter4_v1/rq1_rq3/formal_ours/raw_cases/A282/formal_triple.svg,central_period_viewport_from_formal_triple_svg
A283,matrix_A,proto_sw_3_1,compact,simple,2,200001,artifacts/paper_a_chapter4_v1/rq1_rq3/formal_ours/raw_cases/A283/formal_triple.png,artifacts/paper_a_chapter4_v1/rq1_rq3/formal_ours/raw_cases/A283/formal_triple.svg,,1,artifacts/paper_a_chapter4_v1/rq1_rq3/formal_ours/raw_cases/A283/formal_triple.svg,central_period_viewport_from_formal_triple_svg
A284,matrix_A,proto_sw_3_1,compact,medium,2,200001,artifacts/paper_a_chapter4_v1/rq1_rq3/formal_ours/raw_cases/A284/formal_triple.png,artifacts/paper_a_chapter4_v1/rq1_rq3/formal_ours/raw_cases/A284/formal_triple.svg,,1,artifacts/paper_a_chapter4_v1/rq1_rq3/formal_ours/raw_cases/A284/formal_triple.svg,central_period_viewport_from_formal_triple_svg
A285,matrix_A,proto_sw_3_1,compact,rich,2,200001,artifacts/paper_a_chapter4_v1/rq1_rq3/formal_ours/raw_cases/A285/formal_triple.png,artifacts/paper_a_chapter4_v1/rq1_rq3/formal_ours/raw_cases/A285/formal_triple.svg,,1,artifacts/paper_a_chapter4_v1/rq1_rq3/formal_ours/raw_cases/A285/formal_triple.svg,central_period_viewport_from_formal_triple_svg
A286,matrix_A,proto_sw_3_1,swept,simple,2,200001,artifacts/paper_a_chapter4_v1/rq1_rq3/formal_ours/raw_cases/A286/formal_triple.png,artifacts/paper_a_chapter4_v1/rq1_rq3/formal_ours/raw_cases/A286/formal_triple.svg,,1,artifacts/paper_a_chapter4_v1/rq1_rq3/formal_ours/raw_cases/A286/formal_triple.svg,central_period_viewport_from_formal_triple_svg
A287,matrix_A,proto_sw_3_1,swept,medium,2,200001,artifacts/paper_a_chapter4_v1/rq1_rq3/formal_ours/raw_cases/A287/formal_triple.png,artifacts/paper_a_chapter4_v1/rq1_rq3/formal_ours/raw_cases/A287/formal_triple.svg,,1,artifacts/paper_a_chapter4_v1/rq1_rq3/formal_ours/raw_cases/A287/formal_triple.svg,central_period_viewport_from_formal_triple_svg
A288,matrix_A,proto_sw_3_1,swept,rich,2,200001,artifacts/paper_a_chapter4_v1/rq1_rq3/formal_ours/raw_cases/A288/formal_triple.png,artifacts/paper_a_chapter4_v1/rq1_rq3/formal_ours/raw_cases/A288/formal_triple.svg,,1,artifacts/paper_a_chapter4_v1/rq1_rq3/formal_ours/raw_cases/A288/formal_triple.svg,central_period_viewport_from_formal_triple_svg
A289,matrix_A,proto_sw_3_1,expanded,simple,3,200002,artifacts/paper_a_chapter4_v1/rq1_rq3/formal_ours/raw_cases/A289/formal_triple.png,artifacts/paper_a_chapter4_v1/rq1_rq3/formal_ours/raw_cases/A289/formal_triple.svg,,1,artifacts/paper_a_chapter4_v1/rq1_rq3/formal_ours/raw_cases/A289/formal_triple.svg,central_period_viewport_from_formal_triple_svg
A290,matrix_A,proto_sw_3_1,expanded,medium,3,200002,artifacts/paper_a_chapter4_v1/rq1_rq3/formal_ours/raw_cases/A290/formal_triple.png,artifacts/paper_a_chapter4_v1/rq1_rq3/formal_ours/raw_cases/A290/formal_triple.svg,,1,artifacts/paper_a_chapter4_v1/rq1_rq3/formal_ours/raw_cases/A290/formal_triple.svg,central_period_viewport_from_formal_triple_svg
A291,matrix_A,proto_sw_3_1,expanded,rich,3,200002,artifacts/paper_a_chapter4_v1/rq1_rq3/formal_ours/raw_cases/A291/formal_triple.png,artifacts/paper_a_chapter4_v1/rq1_rq3/formal_ours/raw_cases/A291/formal_triple.svg,,1,artifacts/paper_a_chapter4_v1/rq1_rq3/formal_ours/raw_cases/A291/formal_triple.svg,central_period_viewport_from_formal_triple_svg
A292,matrix_A,proto_sw_3_1,compact,simple,3,200002,artifacts/paper_a_chapter4_v1/rq1_rq3/formal_ours/raw_cases/A292/formal_triple.png,artifacts/paper_a_chapter4_v1/rq1_rq3/formal_ours/raw_cases/A292/formal_triple.svg,,1,artifacts/paper_a_chapter4_v1/rq1_rq3/formal_ours/raw_cases/A292/formal_triple.svg,central_period_viewport_from_formal_triple_svg
A293,matrix_A,proto_sw_3_1,compact,medium,3,200002,artifacts/paper_a_chapter4_v1/rq1_rq3/formal_ours/raw_cases/A293/formal_triple.png,artifacts/paper_a_chapter4_v1/rq1_rq3/formal_ours/raw_cases/A293/formal_triple.svg,,1,artifacts/paper_a_chapter4_v1/rq1_rq3/formal_ours/raw_cases/A293/formal_triple.svg,central_period_viewport_from_formal_triple_svg
A294,matrix_A,proto_sw_3_1,compact,rich,3,200002,artifacts/paper_a_chapter4_v1/rq1_rq3/formal_ours/raw_cases/A294/formal_triple.png,artifacts/paper_a_chapter4_v1/rq1_rq3/formal_ours/raw_cases/A294/formal_triple.svg,,1,artifacts/paper_a_chapter4_v1/rq1_rq3/formal_ours/raw_cases/A294/formal_triple.svg,central_period_viewport_from_formal_triple_svg
A295,matrix_A,proto_sw_3_1,swept,simple,3,200002,artifacts/paper_a_chapter4_v1/rq1_rq3/formal_ours/raw_cases/A295/formal_triple.png,artifacts/paper_a_chapter4_v1/rq1_rq3/formal_ours/raw_cases/A295/formal_triple.svg,,1,artifacts/paper_a_chapter4_v1/rq1_rq3/formal_ours/raw_cases/A295/formal_triple.svg,central_period_viewport_from_formal_triple_svg
A296,matrix_A,proto_sw_3_1,swept,medium,3,200002,artifacts/paper_a_chapter4_v1/rq1_rq3/formal_ours/raw_cases/A296/formal_triple.png,artifacts/paper_a_chapter4_v1/rq1_rq3/formal_ours/raw_cases/A296/formal_triple.svg,,1,artifacts/paper_a_chapter4_v1/rq1_rq3/formal_ours/raw_cases/A296/formal_triple.svg,central_period_viewport_from_formal_triple_svg
A297,matrix_A,proto_sw_3_1,swept,rich,3,200002,artifacts/paper_a_chapter4_v1/rq1_rq3/formal_ours/raw_cases/A297/formal_triple.png,artifacts/paper_a_chapter4_v1/rq1_rq3/formal_ours/raw_cases/A297/formal_triple.svg,,1,artifacts/paper_a_chapter4_v1/rq1_rq3/formal_ours/raw_cases/A297/formal_triple.svg,central_period_viewport_from_formal_triple_svg
A298,matrix_A,proto_sw_3_1,expanded,simple,4,200003,artifacts/paper_a_chapter4_v1/rq1_rq3/formal_ours/raw_cases/A298/formal_triple.png,artifacts/paper_a_chapter4_v1/rq1_rq3/formal_ours/raw_cases/A298/formal_triple.svg,,1,artifacts/paper_a_chapter4_v1/rq1_rq3/formal_ours/raw_cases/A298/formal_triple.svg,central_period_viewport_from_formal_triple_svg
A299,matrix_A,proto_sw_3_1,expanded,medium,4,200003,artifacts/paper_a_chapter4_v1/rq1_rq3/formal_ours/raw_cases/A299/formal_triple.png,artifacts/paper_a_chapter4_v1/rq1_rq3/formal_ours/raw_cases/A299/formal_triple.svg,,1,artifacts/paper_a_chapter4_v1/rq1_rq3/formal_ours/raw_cases/A299/formal_triple.svg,central_period_viewport_from_formal_triple_svg
A300,matrix_A,proto_sw_3_1,expanded,rich,4,200003,artifacts/paper_a_chapter4_v1/rq1_rq3/formal_ours/raw_cases/A300/formal_triple.png,artifacts/paper_a_chapter4_v1/rq1_rq3/formal_ours/raw_cases/A300/formal_triple.svg,,1,artifacts/paper_a_chapter4_v1/rq1_rq3/formal_ours/raw_cases/A300/formal_triple.svg,central_period_viewport_from_formal_triple_svg
A301,matrix_A,proto_sw_3_1,compact,simple,4,200003,artifacts/paper_a_chapter4_v1/rq1_rq3/formal_ours/raw_cases/A301/formal_triple.png,artifacts/paper_a_chapter4_v1/rq1_rq3/formal_ours/raw_cases/A301/formal_triple.svg,,1,artifacts/paper_a_chapter4_v1/rq1_rq3/formal_ours/raw_cases/A301/formal_triple.svg,central_period_viewport_from_formal_triple_svg
A302,matrix_A,proto_sw_3_1,compact,medium,4,200003,artifacts/paper_a_chapter4_v1/rq1_rq3/formal_ours/raw_cases/A302/formal_triple.png,artifacts/paper_a_chapter4_v1/rq1_rq3/formal_ours/raw_cases/A302/formal_triple.svg,,1,artifacts/paper_a_chapter4_v1/rq1_rq3/formal_ours/raw_cases/A302/formal_triple.svg,central_period_viewport_from_formal_triple_svg
A303,matrix_A,proto_sw_3_1,compact,rich,4,200003,artifacts/paper_a_chapter4_v1/rq1_rq3/formal_ours/raw_cases/A303/formal_triple.png,artifacts/paper_a_chapter4_v1/rq1_rq3/formal_ours/raw_cases/A303/formal_triple.svg,,1,artifacts/paper_a_chapter4_v1/rq1_rq3/formal_ours/raw_cases/A303/formal_triple.svg,central_period_viewport_from_formal_triple_svg
A304,matrix_A,proto_sw_3_1,swept,simple,4,200003,artifacts/paper_a_chapter4_v1/rq1_rq3/formal_ours/raw_cases/A304/formal_triple.png,artifacts/paper_a_chapter4_v1/rq1_rq3/formal_ours/raw_cases/A304/formal_triple.svg,,1,artifacts/paper_a_chapter4_v1/rq1_rq3/formal_ours/raw_cases/A304/formal_triple.svg,central_period_viewport_from_formal_triple_svg
A305,matrix_A,proto_sw_3_1,swept,medium,4,200003,artifacts/paper_a_chapter4_v1/rq1_rq3/formal_ours/raw_cases/A305/formal_triple.png,artifacts/paper_a_chapter4_v1/rq1_rq3/formal_ours/raw_cases/A305/formal_triple.svg,,1,artifacts/paper_a_chapter4_v1/rq1_rq3/formal_ours/raw_cases/A305/formal_triple.svg,central_period_viewport_from_formal_triple_svg
A306,matrix_A,proto_sw_3_1,swept,rich,4,200003,artifacts/paper_a_chapter4_v1/rq1_rq3/formal_ours/raw_cases/A306/formal_triple.png,artifacts/paper_a_chapter4_v1/rq1_rq3/formal_ours/raw_cases/A306/formal_triple.svg,,1,artifacts/paper_a_chapter4_v1/rq1_rq3/formal_ours/raw_cases/A306/formal_triple.svg,central_period_viewport_from_formal_triple_svg
A307,matrix_A,proto_sw_3_1,expanded,simple,5,200004,artifacts/paper_a_chapter4_v1/rq1_rq3/formal_ours/raw_cases/A307/formal_triple.png,artifacts/paper_a_chapter4_v1/rq1_rq3/formal_ours/raw_cases/A307/formal_triple.svg,,1,artifacts/paper_a_chapter4_v1/rq1_rq3/formal_ours/raw_cases/A307/formal_triple.svg,central_period_viewport_from_formal_triple_svg
A308,matrix_A,proto_sw_3_1,expanded,medium,5,200004,artifacts/paper_a_chapter4_v1/rq1_rq3/formal_ours/raw_cases/A308/formal_triple.png,artifacts/paper_a_chapter4_v1/rq1_rq3/formal_ours/raw_cases/A308/formal_triple.svg,,1,artifacts/paper_a_chapter4_v1/rq1_rq3/formal_ours/raw_cases/A308/formal_triple.svg,central_period_viewport_from_formal_triple_svg
A309,matrix_A,proto_sw_3_1,expanded,rich,5,200004,artifacts/paper_a_chapter4_v1/rq1_rq3/formal_ours/raw_cases/A309/formal_triple.png,artifacts/paper_a_chapter4_v1/rq1_rq3/formal_ours/raw_cases/A309/formal_triple.svg,,1,artifacts/paper_a_chapter4_v1/rq1_rq3/formal_ours/raw_cases/A309/formal_triple.svg,central_period_viewport_from_formal_triple_svg
A310,matrix_A,proto_sw_3_1,compact,simple,5,200004,artifacts/paper_a_chapter4_v1/rq1_rq3/formal_ours/raw_cases/A310/formal_triple.png,artifacts/paper_a_chapter4_v1/rq1_rq3/formal_ours/raw_cases/A310/formal_triple.svg,,1,artifacts/paper_a_chapter4_v1/rq1_rq3/formal_ours/raw_cases/A310/formal_triple.svg,central_period_viewport_from_formal_triple_svg
A311,matrix_A,proto_sw_3_1,compact,medium,5,200004,artifacts/paper_a_chapter4_v1/rq1_rq3/formal_ours/raw_cases/A311/formal_triple.png,artifacts/paper_a_chapter4_v1/rq1_rq3/formal_ours/raw_cases/A311/formal_triple.svg,,1,artifacts/paper_a_chapter4_v1/rq1_rq3/formal_ours/raw_cases/A311/formal_triple.svg,central_period_viewport_from_formal_triple_svg
A312,matrix_A,proto_sw_3_1,compact,rich,5,200004,artifacts/paper_a_chapter4_v1/rq1_rq3/formal_ours/raw_cases/A312/formal_triple.png,artifacts/paper_a_chapter4_v1/rq1_rq3/formal_ours/raw_cases/A312/formal_triple.svg,,1,artifacts/paper_a_chapter4_v1/rq1_rq3/formal_ours/raw_cases/A312/formal_triple.svg,central_period_viewport_from_formal_triple_svg
A313,matrix_A,proto_sw_3_1,swept,simple,5,200004,artifacts/paper_a_chapter4_v1/rq1_rq3/formal_ours/raw_cases/A313/formal_triple.png,artifacts/paper_a_chapter4_v1/rq1_rq3/formal_ours/raw_cases/A313/formal_triple.svg,,1,artifacts/paper_a_chapter4_v1/rq1_rq3/formal_ours/raw_cases/A313/formal_triple.svg,central_period_viewport_from_formal_triple_svg
A314,matrix_A,proto_sw_3_1,swept,medium,5,200004,artifacts/paper_a_chapter4_v1/rq1_rq3/formal_ours/raw_cases/A314/formal_triple.png,artifacts/paper_a_chapter4_v1/rq1_rq3/formal_ours/raw_cases/A314/formal_triple.svg,,1,artifacts/paper_a_chapter4_v1/rq1_rq3/formal_ours/raw_cases/A314/formal_triple.svg,central_period_viewport_from_formal_triple_svg
A315,matrix_A,proto_sw_3_1,swept,rich,5,200004,artifacts/paper_a_chapter4_v1/rq1_rq3/formal_ours/raw_cases/A315/formal_triple.png,artifacts/paper_a_chapter4_v1/rq1_rq3/formal_ours/raw_cases/A315/formal_triple.svg,,1,artifacts/paper_a_chapter4_v1/rq1_rq3/formal_ours/raw_cases/A315/formal_triple.svg,central_period_viewport_from_formal_triple_svg
A316,matrix_A,proto_sw_3_1,expanded,simple,6,200005,artifacts/paper_a_chapter4_v1/rq1_rq3/formal_ours/raw_cases/A316/formal_triple.png,artifacts/paper_a_chapter4_v1/rq1_rq3/formal_ours/raw_cases/A316/formal_triple.svg,,1,artifacts/paper_a_chapter4_v1/rq1_rq3/formal_ours/raw_cases/A316/formal_triple.svg,central_period_viewport_from_formal_triple_svg
A317,matrix_A,proto_sw_3_1,expanded,medium,6,200005,artifacts/paper_a_chapter4_v1/rq1_rq3/formal_ours/raw_cases/A317/formal_triple.png,artifacts/paper_a_chapter4_v1/rq1_rq3/formal_ours/raw_cases/A317/formal_triple.svg,,1,artifacts/paper_a_chapter4_v1/rq1_rq3/formal_ours/raw_cases/A317/formal_triple.svg,central_period_viewport_from_formal_triple_svg
A318,matrix_A,proto_sw_3_1,expanded,rich,6,200005,artifacts/paper_a_chapter4_v1/rq1_rq3/formal_ours/raw_cases/A318/formal_triple.png,artifacts/paper_a_chapter4_v1/rq1_rq3/formal_ours/raw_cases/A318/formal_triple.svg,,1,artifacts/paper_a_chapter4_v1/rq1_rq3/formal_ours/raw_cases/A318/formal_triple.svg,central_period_viewport_from_formal_triple_svg
A319,matrix_A,proto_sw_3_1,compact,simple,6,200005,artifacts/paper_a_chapter4_v1/rq1_rq3/formal_ours/raw_cases/A319/formal_triple.png,artifacts/paper_a_chapter4_v1/rq1_rq3/formal_ours/raw_cases/A319/formal_triple.svg,,1,artifacts/paper_a_chapter4_v1/rq1_rq3/formal_ours/raw_cases/A319/formal_triple.svg,central_period_viewport_from_formal_triple_svg
A320,matrix_A,proto_sw_3_1,compact,medium,6,200005,artifacts/paper_a_chapter4_v1/rq1_rq3/formal_ours/raw_cases/A320/formal_triple.png,artifacts/paper_a_chapter4_v1/rq1_rq3/formal_ours/raw_cases/A320/formal_triple.svg,,1,artifacts/paper_a_chapter4_v1/rq1_rq3/formal_ours/raw_cases/A320/formal_triple.svg,central_period_viewport_from_formal_triple_svg
A321,matrix_A,proto_sw_3_1,compact,rich,6,200005,artifacts/paper_a_chapter4_v1/rq1_rq3/formal_ours/raw_cases/A321/formal_triple.png,artifacts/paper_a_chapter4_v1/rq1_rq3/formal_ours/raw_cases/A321/formal_triple.svg,,1,artifacts/paper_a_chapter4_v1/rq1_rq3/formal_ours/raw_cases/A321/formal_triple.svg,central_period_viewport_from_formal_triple_svg
A322,matrix_A,proto_sw_3_1,swept,simple,6,200005,artifacts/paper_a_chapter4_v1/rq1_rq3/formal_ours/raw_cases/A322/formal_triple.png,artifacts/paper_a_chapter4_v1/rq1_rq3/formal_ours/raw_cases/A322/formal_triple.svg,,1,artifacts/paper_a_chapter4_v1/rq1_rq3/formal_ours/raw_cases/A322/formal_triple.svg,central_period_viewport_from_formal_triple_svg
A323,matrix_A,proto_sw_3_1,swept,medium,6,200005,artifacts/paper_a_chapter4_v1/rq1_rq3/formal_ours/raw_cases/A323/formal_triple.png,artifacts/paper_a_chapter4_v1/rq1_rq3/formal_ours/raw_cases/A323/formal_triple.svg,,1,artifacts/paper_a_chapter4_v1/rq1_rq3/formal_ours/raw_cases/A323/formal_triple.svg,central_period_viewport_from_formal_triple_svg
A324,matrix_A,proto_sw_3_1,swept,rich,6,200005,artifacts/paper_a_chapter4_v1/rq1_rq3/formal_ours/raw_cases/A324/formal_triple.png,artifacts/paper_a_chapter4_v1/rq1_rq3/formal_ours/raw_cases/A324/formal_triple.svg,,1,artifacts/paper_a_chapter4_v1/rq1_rq3/formal_ours/raw_cases/A324/formal_triple.svg,central_period_viewport_from_formal_triple_svg
A325,matrix_A,proto_sw_3_1,expanded,simple,7,200006,artifacts/paper_a_chapter4_v1/rq1_rq3/formal_ours/raw_cases/A325/formal_triple.png,artifacts/paper_a_chapter4_v1/rq1_rq3/formal_ours/raw_cases/A325/formal_triple.svg,,1,artifacts/paper_a_chapter4_v1/rq1_rq3/formal_ours/raw_cases/A325/formal_triple.svg,central_period_viewport_from_formal_triple_svg
A326,matrix_A,proto_sw_3_1,expanded,medium,7,200006,artifacts/paper_a_chapter4_v1/rq1_rq3/formal_ours/raw_cases/A326/formal_triple.png,artifacts/paper_a_chapter4_v1/rq1_rq3/formal_ours/raw_cases/A326/formal_triple.svg,,1,artifacts/paper_a_chapter4_v1/rq1_rq3/formal_ours/raw_cases/A326/formal_triple.svg,central_period_viewport_from_formal_triple_svg
A327,matrix_A,proto_sw_3_1,expanded,rich,7,200006,artifacts/paper_a_chapter4_v1/rq1_rq3/formal_ours/raw_cases/A327/formal_triple.png,artifacts/paper_a_chapter4_v1/rq1_rq3/formal_ours/raw_cases/A327/formal_triple.svg,,1,artifacts/paper_a_chapter4_v1/rq1_rq3/formal_ours/raw_cases/A327/formal_triple.svg,central_period_viewport_from_formal_triple_svg
A328,matrix_A,proto_sw_3_1,compact,simple,7,200006,artifacts/paper_a_chapter4_v1/rq1_rq3/formal_ours/raw_cases/A328/formal_triple.png,artifacts/paper_a_chapter4_v1/rq1_rq3/formal_ours/raw_cases/A328/formal_triple.svg,,1,artifacts/paper_a_chapter4_v1/rq1_rq3/formal_ours/raw_cases/A328/formal_triple.svg,central_period_viewport_from_formal_triple_svg
A329,matrix_A,proto_sw_3_1,compact,medium,7,200006,artifacts/paper_a_chapter4_v1/rq1_rq3/formal_ours/raw_cases/A329/formal_triple.png,artifacts/paper_a_chapter4_v1/rq1_rq3/formal_ours/raw_cases/A329/formal_triple.svg,,1,artifacts/paper_a_chapter4_v1/rq1_rq3/formal_ours/raw_cases/A329/formal_triple.svg,central_period_viewport_from_formal_triple_svg
A330,matrix_A,proto_sw_3_1,compact,rich,7,200006,artifacts/paper_a_chapter4_v1/rq1_rq3/formal_ours/raw_cases/A330/formal_triple.png,artifacts/paper_a_chapter4_v1/rq1_rq3/formal_ours/raw_cases/A330/formal_triple.svg,,1,artifacts/paper_a_chapter4_v1/rq1_rq3/formal_ours/raw_cases/A330/formal_triple.svg,central_period_viewport_from_formal_triple_svg
A331,matrix_A,proto_sw_3_1,swept,simple,7,200006,artifacts/paper_a_chapter4_v1/rq1_rq3/formal_ours/raw_cases/A331/formal_triple.png,artifacts/paper_a_chapter4_v1/rq1_rq3/formal_ours/raw_cases/A331/formal_triple.svg,,1,artifacts/paper_a_chapter4_v1/rq1_rq3/formal_ours/raw_cases/A331/formal_triple.svg,central_period_viewport_from_formal_triple_svg
A332,matrix_A,proto_sw_3_1,swept,medium,7,200006,artifacts/paper_a_chapter4_v1/rq1_rq3/formal_ours/raw_cases/A332/formal_triple.png,artifacts/paper_a_chapter4_v1/rq1_rq3/formal_ours/raw_cases/A332/formal_triple.svg,,1,artifacts/paper_a_chapter4_v1/rq1_rq3/formal_ours/raw_cases/A332/formal_triple.svg,central_period_viewport_from_formal_triple_svg
A333,matrix_A,proto_sw_3_1,swept,rich,7,200006,artifacts/paper_a_chapter4_v1/rq1_rq3/formal_ours/raw_cases/A333/formal_triple.png,artifacts/paper_a_chapter4_v1/rq1_rq3/formal_ours/raw_cases/A333/formal_triple.svg,,1,artifacts/paper_a_chapter4_v1/rq1_rq3/formal_ours/raw_cases/A333/formal_triple.svg,central_period_viewport_from_formal_triple_svg
A334,matrix_A,proto_sw_3_1,expanded,simple,8,200007,artifacts/paper_a_chapter4_v1/rq1_rq3/formal_ours/raw_cases/A334/formal_triple.png,artifacts/paper_a_chapter4_v1/rq1_rq3/formal_ours/raw_cases/A334/formal_triple.svg,,1,artifacts/paper_a_chapter4_v1/rq1_rq3/formal_ours/raw_cases/A334/formal_triple.svg,central_period_viewport_from_formal_triple_svg
A335,matrix_A,proto_sw_3_1,expanded,medium,8,200007,artifacts/paper_a_chapter4_v1/rq1_rq3/formal_ours/raw_cases/A335/formal_triple.png,artifacts/paper_a_chapter4_v1/rq1_rq3/formal_ours/raw_cases/A335/formal_triple.svg,,1,artifacts/paper_a_chapter4_v1/rq1_rq3/formal_ours/raw_cases/A335/formal_triple.svg,central_period_viewport_from_formal_triple_svg
A336,matrix_A,proto_sw_3_1,expanded,rich,8,200007,artifacts/paper_a_chapter4_v1/rq1_rq3/formal_ours/raw_cases/A336/formal_triple.png,artifacts/paper_a_chapter4_v1/rq1_rq3/formal_ours/raw_cases/A336/formal_triple.svg,,1,artifacts/paper_a_chapter4_v1/rq1_rq3/formal_ours/raw_cases/A336/formal_triple.svg,central_period_viewport_from_formal_triple_svg
A337,matrix_A,proto_sw_3_1,compact,simple,8,200007,artifacts/paper_a_chapter4_v1/rq1_rq3/formal_ours/raw_cases/A337/formal_triple.png,artifacts/paper_a_chapter4_v1/rq1_rq3/formal_ours/raw_cases/A337/formal_triple.svg,,1,artifacts/paper_a_chapter4_v1/rq1_rq3/formal_ours/raw_cases/A337/formal_triple.svg,central_period_viewport_from_formal_triple_svg
A338,matrix_A,proto_sw_3_1,compact,medium,8,200007,artifacts/paper_a_chapter4_v1/rq1_rq3/formal_ours/raw_cases/A338/formal_triple.png,artifacts/paper_a_chapter4_v1/rq1_rq3/formal_ours/raw_cases/A338/formal_triple.svg,,1,artifacts/paper_a_chapter4_v1/rq1_rq3/formal_ours/raw_cases/A338/formal_triple.svg,central_period_viewport_from_formal_triple_svg
A339,matrix_A,proto_sw_3_1,compact,rich,8,200007,artifacts/paper_a_chapter4_v1/rq1_rq3/formal_ours/raw_cases/A339/formal_triple.png,artifacts/paper_a_chapter4_v1/rq1_rq3/formal_ours/raw_cases/A339/formal_triple.svg,,1,artifacts/paper_a_chapter4_v1/rq1_rq3/formal_ours/raw_cases/A339/formal_triple.svg,central_period_viewport_from_formal_triple_svg
A340,matrix_A,proto_sw_3_1,swept,simple,8,200007,artifacts/paper_a_chapter4_v1/rq1_rq3/formal_ours/raw_cases/A340/formal_triple.png,artifacts/paper_a_chapter4_v1/rq1_rq3/formal_ours/raw_cases/A340/formal_triple.svg,,1,artifacts/paper_a_chapter4_v1/rq1_rq3/formal_ours/raw_cases/A340/formal_triple.svg,central_period_viewport_from_formal_triple_svg
A341,matrix_A,proto_sw_3_1,swept,medium,8,200007,artifacts/paper_a_chapter4_v1/rq1_rq3/formal_ours/raw_cases/A341/formal_triple.png,artifacts/paper_a_chapter4_v1/rq1_rq3/formal_ours/raw_cases/A341/formal_triple.svg,,1,artifacts/paper_a_chapter4_v1/rq1_rq3/formal_ours/raw_cases/A341/formal_triple.svg,central_period_viewport_from_formal_triple_svg
A342,matrix_A,proto_sw_3_1,swept,rich,8,200007,artifacts/paper_a_chapter4_v1/rq1_rq3/formal_ours/raw_cases/A342/formal_triple.png,artifacts/paper_a_chapter4_v1/rq1_rq3/formal_ours/raw_cases/A342/formal_triple.svg,,1,artifacts/paper_a_chapter4_v1/rq1_rq3/formal_ours/raw_cases/A342/formal_triple.svg,central_period_viewport_from_formal_triple_svg
A343,matrix_A,proto_sw_3_1,expanded,simple,9,200008,artifacts/paper_a_chapter4_v1/rq1_rq3/formal_ours/raw_cases/A343/formal_triple.png,artifacts/paper_a_chapter4_v1/rq1_rq3/formal_ours/raw_cases/A343/formal_triple.svg,,1,artifacts/paper_a_chapter4_v1/rq1_rq3/formal_ours/raw_cases/A343/formal_triple.svg,central_period_viewport_from_formal_triple_svg
A344,matrix_A,proto_sw_3_1,expanded,medium,9,200008,artifacts/paper_a_chapter4_v1/rq1_rq3/formal_ours/raw_cases/A344/formal_triple.png,artifacts/paper_a_chapter4_v1/rq1_rq3/formal_ours/raw_cases/A344/formal_triple.svg,,1,artifacts/paper_a_chapter4_v1/rq1_rq3/formal_ours/raw_cases/A344/formal_triple.svg,central_period_viewport_from_formal_triple_svg
A345,matrix_A,proto_sw_3_1,expanded,rich,9,200008,artifacts/paper_a_chapter4_v1/rq1_rq3/formal_ours/raw_cases/A345/formal_triple.png,artifacts/paper_a_chapter4_v1/rq1_rq3/formal_ours/raw_cases/A345/formal_triple.svg,,1,artifacts/paper_a_chapter4_v1/rq1_rq3/formal_ours/raw_cases/A345/formal_triple.svg,central_period_viewport_from_formal_triple_svg
A346,matrix_A,proto_sw_3_1,compact,simple,9,200008,artifacts/paper_a_chapter4_v1/rq1_rq3/formal_ours/raw_cases/A346/formal_triple.png,artifacts/paper_a_chapter4_v1/rq1_rq3/formal_ours/raw_cases/A346/formal_triple.svg,,1,artifacts/paper_a_chapter4_v1/rq1_rq3/formal_ours/raw_cases/A346/formal_triple.svg,central_period_viewport_from_formal_triple_svg
A347,matrix_A,proto_sw_3_1,compact,medium,9,200008,artifacts/paper_a_chapter4_v1/rq1_rq3/formal_ours/raw_cases/A347/formal_triple.png,artifacts/paper_a_chapter4_v1/rq1_rq3/formal_ours/raw_cases/A347/formal_triple.svg,,1,artifacts/paper_a_chapter4_v1/rq1_rq3/formal_ours/raw_cases/A347/formal_triple.svg,central_period_viewport_from_formal_triple_svg
A348,matrix_A,proto_sw_3_1,compact,rich,9,200008,artifacts/paper_a_chapter4_v1/rq1_rq3/formal_ours/raw_cases/A348/formal_triple.png,artifacts/paper_a_chapter4_v1/rq1_rq3/formal_ours/raw_cases/A348/formal_triple.svg,,1,artifacts/paper_a_chapter4_v1/rq1_rq3/formal_ours/raw_cases/A348/formal_triple.svg,central_period_viewport_from_formal_triple_svg
A349,matrix_A,proto_sw_3_1,swept,simple,9,200008,artifacts/paper_a_chapter4_v1/rq1_rq3/formal_ours/raw_cases/A349/formal_triple.png,artifacts/paper_a_chapter4_v1/rq1_rq3/formal_ours/raw_cases/A349/formal_triple.svg,,1,artifacts/paper_a_chapter4_v1/rq1_rq3/formal_ours/raw_cases/A349/formal_triple.svg,central_period_viewport_from_formal_triple_svg
A350,matrix_A,proto_sw_3_1,swept,medium,9,200008,artifacts/paper_a_chapter4_v1/rq1_rq3/formal_ours/raw_cases/A350/formal_triple.png,artifacts/paper_a_chapter4_v1/rq1_rq3/formal_ours/raw_cases/A350/formal_triple.svg,,1,artifacts/paper_a_chapter4_v1/rq1_rq3/formal_ours/raw_cases/A350/formal_triple.svg,central_period_viewport_from_formal_triple_svg
A351,matrix_A,proto_sw_3_1,swept,rich,9,200008,artifacts/paper_a_chapter4_v1/rq1_rq3/formal_ours/raw_cases/A351/formal_triple.png,artifacts/paper_a_chapter4_v1/rq1_rq3/formal_ours/raw_cases/A351/formal_triple.svg,,1,artifacts/paper_a_chapter4_v1/rq1_rq3/formal_ours/raw_cases/A351/formal_triple.svg,central_period_viewport_from_formal_triple_svg
A352,matrix_A,proto_sw_3_1,expanded,simple,10,200009,artifacts/paper_a_chapter4_v1/rq1_rq3/formal_ours/raw_cases/A352/formal_triple.png,artifacts/paper_a_chapter4_v1/rq1_rq3/formal_ours/raw_cases/A352/formal_triple.svg,,1,artifacts/paper_a_chapter4_v1/rq1_rq3/formal_ours/raw_cases/A352/formal_triple.svg,central_period_viewport_from_formal_triple_svg
A353,matrix_A,proto_sw_3_1,expanded,medium,10,200009,artifacts/paper_a_chapter4_v1/rq1_rq3/formal_ours/raw_cases/A353/formal_triple.png,artifacts/paper_a_chapter4_v1/rq1_rq3/formal_ours/raw_cases/A353/formal_triple.svg,,1,artifacts/paper_a_chapter4_v1/rq1_rq3/formal_ours/raw_cases/A353/formal_triple.svg,central_period_viewport_from_formal_triple_svg
A354,matrix_A,proto_sw_3_1,expanded,rich,10,200009,artifacts/paper_a_chapter4_v1/rq1_rq3/formal_ours/raw_cases/A354/formal_triple.png,artifacts/paper_a_chapter4_v1/rq1_rq3/formal_ours/raw_cases/A354/formal_triple.svg,,1,artifacts/paper_a_chapter4_v1/rq1_rq3/formal_ours/raw_cases/A354/formal_triple.svg,central_period_viewport_from_formal_triple_svg
A355,matrix_A,proto_sw_3_1,compact,simple,10,200009,artifacts/paper_a_chapter4_v1/rq1_rq3/formal_ours/raw_cases/A355/formal_triple.png,artifacts/paper_a_chapter4_v1/rq1_rq3/formal_ours/raw_cases/A355/formal_triple.svg,,1,artifacts/paper_a_chapter4_v1/rq1_rq3/formal_ours/raw_cases/A355/formal_triple.svg,central_period_viewport_from_formal_triple_svg
A356,matrix_A,proto_sw_3_1,compact,medium,10,200009,artifacts/paper_a_chapter4_v1/rq1_rq3/formal_ours/raw_cases/A356/formal_triple.png,artifacts/paper_a_chapter4_v1/rq1_rq3/formal_ours/raw_cases/A356/formal_triple.svg,,1,artifacts/paper_a_chapter4_v1/rq1_rq3/formal_ours/raw_cases/A356/formal_triple.svg,central_period_viewport_from_formal_triple_svg
A357,matrix_A,proto_sw_3_1,compact,rich,10,200009,artifacts/paper_a_chapter4_v1/rq1_rq3/formal_ours/raw_cases/A357/formal_triple.png,artifacts/paper_a_chapter4_v1/rq1_rq3/formal_ours/raw_cases/A357/formal_triple.svg,,1,artifacts/paper_a_chapter4_v1/rq1_rq3/formal_ours/raw_cases/A357/formal_triple.svg,central_period_viewport_from_formal_triple_svg
A358,matrix_A,proto_sw_3_1,swept,simple,10,200009,artifacts/paper_a_chapter4_v1/rq1_rq3/formal_ours/raw_cases/A358/formal_triple.png,artifacts/paper_a_chapter4_v1/rq1_rq3/formal_ours/raw_cases/A358/formal_triple.svg,,1,artifacts/paper_a_chapter4_v1/rq1_rq3/formal_ours/raw_cases/A358/formal_triple.svg,central_period_viewport_from_formal_triple_svg
A359,matrix_A,proto_sw_3_1,swept,medium,10,200009,artifacts/paper_a_chapter4_v1/rq1_rq3/formal_ours/raw_cases/A359/formal_triple.png,artifacts/paper_a_chapter4_v1/rq1_rq3/formal_ours/raw_cases/A359/formal_triple.svg,,1,artifacts/paper_a_chapter4_v1/rq1_rq3/formal_ours/raw_cases/A359/formal_triple.svg,central_period_viewport_from_formal_triple_svg
A360,matrix_A,proto_sw_3_1,swept,rich,10,200009,artifacts/paper_a_chapter4_v1/rq1_rq3/formal_ours/raw_cases/A360/formal_triple.png,artifacts/paper_a_chapter4_v1/rq1_rq3/formal_ours/raw_cases/A360/formal_triple.svg,,1,artifacts/paper_a_chapter4_v1/rq1_rq3/formal_ours/raw_cases/A360/formal_triple.svg,central_period_viewport_from_formal_triple_svg
A361,matrix_A,proto_sw_3_2,expanded,simple,1,200000,artifacts/paper_a_chapter4_v1/rq1_rq3/formal_ours/raw_cases/A361/formal_triple.png,artifacts/paper_a_chapter4_v1/rq1_rq3/formal_ours/raw_cases/A361/formal_triple.svg,,1,artifacts/paper_a_chapter4_v1/rq1_rq3/formal_ours/raw_cases/A361/formal_triple.svg,central_period_viewport_from_formal_triple_svg
A362,matrix_A,proto_sw_3_2,expanded,medium,1,200000,artifacts/paper_a_chapter4_v1/rq1_rq3/formal_ours/raw_cases/A362/formal_triple.png,artifacts/paper_a_chapter4_v1/rq1_rq3/formal_ours/raw_cases/A362/formal_triple.svg,,1,artifacts/paper_a_chapter4_v1/rq1_rq3/formal_ours/raw_cases/A362/formal_triple.svg,central_period_viewport_from_formal_triple_svg
A363,matrix_A,proto_sw_3_2,expanded,rich,1,200000,artifacts/paper_a_chapter4_v1/rq1_rq3/formal_ours/raw_cases/A363/formal_triple.png,artifacts/paper_a_chapter4_v1/rq1_rq3/formal_ours/raw_cases/A363/formal_triple.svg,,1,artifacts/paper_a_chapter4_v1/rq1_rq3/formal_ours/raw_cases/A363/formal_triple.svg,central_period_viewport_from_formal_triple_svg
A364,matrix_A,proto_sw_3_2,compact,simple,1,200000,artifacts/paper_a_chapter4_v1/rq1_rq3/formal_ours/raw_cases/A364/formal_triple.png,artifacts/paper_a_chapter4_v1/rq1_rq3/formal_ours/raw_cases/A364/formal_triple.svg,,1,artifacts/paper_a_chapter4_v1/rq1_rq3/formal_ours/raw_cases/A364/formal_triple.svg,central_period_viewport_from_formal_triple_svg
A365,matrix_A,proto_sw_3_2,compact,medium,1,200000,artifacts/paper_a_chapter4_v1/rq1_rq3/formal_ours/raw_cases/A365/formal_triple.png,artifacts/paper_a_chapter4_v1/rq1_rq3/formal_ours/raw_cases/A365/formal_triple.svg,,1,artifacts/paper_a_chapter4_v1/rq1_rq3/formal_ours/raw_cases/A365/formal_triple.svg,central_period_viewport_from_formal_triple_svg
A366,matrix_A,proto_sw_3_2,compact,rich,1,200000,artifacts/paper_a_chapter4_v1/rq1_rq3/formal_ours/raw_cases/A366/formal_triple.png,artifacts/paper_a_chapter4_v1/rq1_rq3/formal_ours/raw_cases/A366/formal_triple.svg,,1,artifacts/paper_a_chapter4_v1/rq1_rq3/formal_ours/raw_cases/A366/formal_triple.svg,central_period_viewport_from_formal_triple_svg
A367,matrix_A,proto_sw_3_2,swept,simple,1,200000,artifacts/paper_a_chapter4_v1/rq1_rq3/formal_ours/raw_cases/A367/formal_triple.png,artifacts/paper_a_chapter4_v1/rq1_rq3/formal_ours/raw_cases/A367/formal_triple.svg,,1,artifacts/paper_a_chapter4_v1/rq1_rq3/formal_ours/raw_cases/A367/formal_triple.svg,central_period_viewport_from_formal_triple_svg
A368,matrix_A,proto_sw_3_2,swept,medium,1,200000,artifacts/paper_a_chapter4_v1/rq1_rq3/formal_ours/raw_cases/A368/formal_triple.png,artifacts/paper_a_chapter4_v1/rq1_rq3/formal_ours/raw_cases/A368/formal_triple.svg,,1,artifacts/paper_a_chapter4_v1/rq1_rq3/formal_ours/raw_cases/A368/formal_triple.svg,central_period_viewport_from_formal_triple_svg
A369,matrix_A,proto_sw_3_2,swept,rich,1,200000,artifacts/paper_a_chapter4_v1/rq1_rq3/formal_ours/raw_cases/A369/formal_triple.png,artifacts/paper_a_chapter4_v1/rq1_rq3/formal_ours/raw_cases/A369/formal_triple.svg,,1,artifacts/paper_a_chapter4_v1/rq1_rq3/formal_ours/raw_cases/A369/formal_triple.svg,central_period_viewport_from_formal_triple_svg
A370,matrix_A,proto_sw_3_2,expanded,simple,2,200001,artifacts/paper_a_chapter4_v1/rq1_rq3/formal_ours/raw_cases/A370/formal_triple.png,artifacts/paper_a_chapter4_v1/rq1_rq3/formal_ours/raw_cases/A370/formal_triple.svg,,1,artifacts/paper_a_chapter4_v1/rq1_rq3/formal_ours/raw_cases/A370/formal_triple.svg,central_period_viewport_from_formal_triple_svg
A371,matrix_A,proto_sw_3_2,expanded,medium,2,200001,artifacts/paper_a_chapter4_v1/rq1_rq3/formal_ours/raw_cases/A371/formal_triple.png,artifacts/paper_a_chapter4_v1/rq1_rq3/formal_ours/raw_cases/A371/formal_triple.svg,,1,artifacts/paper_a_chapter4_v1/rq1_rq3/formal_ours/raw_cases/A371/formal_triple.svg,central_period_viewport_from_formal_triple_svg
A372,matrix_A,proto_sw_3_2,expanded,rich,2,200001,artifacts/paper_a_chapter4_v1/rq1_rq3/formal_ours/raw_cases/A372/formal_triple.png,artifacts/paper_a_chapter4_v1/rq1_rq3/formal_ours/raw_cases/A372/formal_triple.svg,,1,artifacts/paper_a_chapter4_v1/rq1_rq3/formal_ours/raw_cases/A372/formal_triple.svg,central_period_viewport_from_formal_triple_svg
A373,matrix_A,proto_sw_3_2,compact,simple,2,200001,artifacts/paper_a_chapter4_v1/rq1_rq3/formal_ours/raw_cases/A373/formal_triple.png,artifacts/paper_a_chapter4_v1/rq1_rq3/formal_ours/raw_cases/A373/formal_triple.svg,,1,artifacts/paper_a_chapter4_v1/rq1_rq3/formal_ours/raw_cases/A373/formal_triple.svg,central_period_viewport_from_formal_triple_svg
A374,matrix_A,proto_sw_3_2,compact,medium,2,200001,artifacts/paper_a_chapter4_v1/rq1_rq3/formal_ours/raw_cases/A374/formal_triple.png,artifacts/paper_a_chapter4_v1/rq1_rq3/formal_ours/raw_cases/A374/formal_triple.svg,,1,artifacts/paper_a_chapter4_v1/rq1_rq3/formal_ours/raw_cases/A374/formal_triple.svg,central_period_viewport_from_formal_triple_svg
A375,matrix_A,proto_sw_3_2,compact,rich,2,200001,artifacts/paper_a_chapter4_v1/rq1_rq3/formal_ours/raw_cases/A375/formal_triple.png,artifacts/paper_a_chapter4_v1/rq1_rq3/formal_ours/raw_cases/A375/formal_triple.svg,,1,artifacts/paper_a_chapter4_v1/rq1_rq3/formal_ours/raw_cases/A375/formal_triple.svg,central_period_viewport_from_formal_triple_svg
A376,matrix_A,proto_sw_3_2,swept,simple,2,200001,artifacts/paper_a_chapter4_v1/rq1_rq3/formal_ours/raw_cases/A376/formal_triple.png,artifacts/paper_a_chapter4_v1/rq1_rq3/formal_ours/raw_cases/A376/formal_triple.svg,,1,artifacts/paper_a_chapter4_v1/rq1_rq3/formal_ours/raw_cases/A376/formal_triple.svg,central_period_viewport_from_formal_triple_svg
A377,matrix_A,proto_sw_3_2,swept,medium,2,200001,artifacts/paper_a_chapter4_v1/rq1_rq3/formal_ours/raw_cases/A377/formal_triple.png,artifacts/paper_a_chapter4_v1/rq1_rq3/formal_ours/raw_cases/A377/formal_triple.svg,,1,artifacts/paper_a_chapter4_v1/rq1_rq3/formal_ours/raw_cases/A377/formal_triple.svg,central_period_viewport_from_formal_triple_svg
A378,matrix_A,proto_sw_3_2,swept,rich,2,200001,artifacts/paper_a_chapter4_v1/rq1_rq3/formal_ours/raw_cases/A378/formal_triple.png,artifacts/paper_a_chapter4_v1/rq1_rq3/formal_ours/raw_cases/A378/formal_triple.svg,,1,artifacts/paper_a_chapter4_v1/rq1_rq3/formal_ours/raw_cases/A378/formal_triple.svg,central_period_viewport_from_formal_triple_svg
A379,matrix_A,proto_sw_3_2,expanded,simple,3,200002,artifacts/paper_a_chapter4_v1/rq1_rq3/formal_ours/raw_cases/A379/formal_triple.png,artifacts/paper_a_chapter4_v1/rq1_rq3/formal_ours/raw_cases/A379/formal_triple.svg,,1,artifacts/paper_a_chapter4_v1/rq1_rq3/formal_ours/raw_cases/A379/formal_triple.svg,central_period_viewport_from_formal_triple_svg
A380,matrix_A,proto_sw_3_2,expanded,medium,3,200002,artifacts/paper_a_chapter4_v1/rq1_rq3/formal_ours/raw_cases/A380/formal_triple.png,artifacts/paper_a_chapter4_v1/rq1_rq3/formal_ours/raw_cases/A380/formal_triple.svg,,1,artifacts/paper_a_chapter4_v1/rq1_rq3/formal_ours/raw_cases/A380/formal_triple.svg,central_period_viewport_from_formal_triple_svg
A381,matrix_A,proto_sw_3_2,expanded,rich,3,200002,artifacts/paper_a_chapter4_v1/rq1_rq3/formal_ours/raw_cases/A381/formal_triple.png,artifacts/paper_a_chapter4_v1/rq1_rq3/formal_ours/raw_cases/A381/formal_triple.svg,,1,artifacts/paper_a_chapter4_v1/rq1_rq3/formal_ours/raw_cases/A381/formal_triple.svg,central_period_viewport_from_formal_triple_svg
A382,matrix_A,proto_sw_3_2,compact,simple,3,200002,artifacts/paper_a_chapter4_v1/rq1_rq3/formal_ours/raw_cases/A382/formal_triple.png,artifacts/paper_a_chapter4_v1/rq1_rq3/formal_ours/raw_cases/A382/formal_triple.svg,,1,artifacts/paper_a_chapter4_v1/rq1_rq3/formal_ours/raw_cases/A382/formal_triple.svg,central_period_viewport_from_formal_triple_svg
A383,matrix_A,proto_sw_3_2,compact,medium,3,200002,artifacts/paper_a_chapter4_v1/rq1_rq3/formal_ours/raw_cases/A383/formal_triple.png,artifacts/paper_a_chapter4_v1/rq1_rq3/formal_ours/raw_cases/A383/formal_triple.svg,,1,artifacts/paper_a_chapter4_v1/rq1_rq3/formal_ours/raw_cases/A383/formal_triple.svg,central_period_viewport_from_formal_triple_svg
A384,matrix_A,proto_sw_3_2,compact,rich,3,200002,artifacts/paper_a_chapter4_v1/rq1_rq3/formal_ours/raw_cases/A384/formal_triple.png,artifacts/paper_a_chapter4_v1/rq1_rq3/formal_ours/raw_cases/A384/formal_triple.svg,,1,artifacts/paper_a_chapter4_v1/rq1_rq3/formal_ours/raw_cases/A384/formal_triple.svg,central_period_viewport_from_formal_triple_svg
A385,matrix_A,proto_sw_3_2,swept,simple,3,200002,artifacts/paper_a_chapter4_v1/rq1_rq3/formal_ours/raw_cases/A385/formal_triple.png,artifacts/paper_a_chapter4_v1/rq1_rq3/formal_ours/raw_cases/A385/formal_triple.svg,,1,artifacts/paper_a_chapter4_v1/rq1_rq3/formal_ours/raw_cases/A385/formal_triple.svg,central_period_viewport_from_formal_triple_svg
A386,matrix_A,proto_sw_3_2,swept,medium,3,200002,artifacts/paper_a_chapter4_v1/rq1_rq3/formal_ours/raw_cases/A386/formal_triple.png,artifacts/paper_a_chapter4_v1/rq1_rq3/formal_ours/raw_cases/A386/formal_triple.svg,,1,artifacts/paper_a_chapter4_v1/rq1_rq3/formal_ours/raw_cases/A386/formal_triple.svg,central_period_viewport_from_formal_triple_svg
A387,matrix_A,proto_sw_3_2,swept,rich,3,200002,artifacts/paper_a_chapter4_v1/rq1_rq3/formal_ours/raw_cases/A387/formal_triple.png,artifacts/paper_a_chapter4_v1/rq1_rq3/formal_ours/raw_cases/A387/formal_triple.svg,,1,artifacts/paper_a_chapter4_v1/rq1_rq3/formal_ours/raw_cases/A387/formal_triple.svg,central_period_viewport_from_formal_triple_svg
A388,matrix_A,proto_sw_3_2,expanded,simple,4,200003,artifacts/paper_a_chapter4_v1/rq1_rq3/formal_ours/raw_cases/A388/formal_triple.png,artifacts/paper_a_chapter4_v1/rq1_rq3/formal_ours/raw_cases/A388/formal_triple.svg,,1,artifacts/paper_a_chapter4_v1/rq1_rq3/formal_ours/raw_cases/A388/formal_triple.svg,central_period_viewport_from_formal_triple_svg
A389,matrix_A,proto_sw_3_2,expanded,medium,4,200003,artifacts/paper_a_chapter4_v1/rq1_rq3/formal_ours/raw_cases/A389/formal_triple.png,artifacts/paper_a_chapter4_v1/rq1_rq3/formal_ours/raw_cases/A389/formal_triple.svg,,1,artifacts/paper_a_chapter4_v1/rq1_rq3/formal_ours/raw_cases/A389/formal_triple.svg,central_period_viewport_from_formal_triple_svg
A390,matrix_A,proto_sw_3_2,expanded,rich,4,200003,artifacts/paper_a_chapter4_v1/rq1_rq3/formal_ours/raw_cases/A390/formal_triple.png,artifacts/paper_a_chapter4_v1/rq1_rq3/formal_ours/raw_cases/A390/formal_triple.svg,,1,artifacts/paper_a_chapter4_v1/rq1_rq3/formal_ours/raw_cases/A390/formal_triple.svg,central_period_viewport_from_formal_triple_svg
A391,matrix_A,proto_sw_3_2,compact,simple,4,200003,artifacts/paper_a_chapter4_v1/rq1_rq3/formal_ours/raw_cases/A391/formal_triple.png,artifacts/paper_a_chapter4_v1/rq1_rq3/formal_ours/raw_cases/A391/formal_triple.svg,,1,artifacts/paper_a_chapter4_v1/rq1_rq3/formal_ours/raw_cases/A391/formal_triple.svg,central_period_viewport_from_formal_triple_svg
A392,matrix_A,proto_sw_3_2,compact,medium,4,200003,artifacts/paper_a_chapter4_v1/rq1_rq3/formal_ours/raw_cases/A392/formal_triple.png,artifacts/paper_a_chapter4_v1/rq1_rq3/formal_ours/raw_cases/A392/formal_triple.svg,,1,artifacts/paper_a_chapter4_v1/rq1_rq3/formal_ours/raw_cases/A392/formal_triple.svg,central_period_viewport_from_formal_triple_svg
A393,matrix_A,proto_sw_3_2,compact,rich,4,200003,artifacts/paper_a_chapter4_v1/rq1_rq3/formal_ours/raw_cases/A393/formal_triple.png,artifacts/paper_a_chapter4_v1/rq1_rq3/formal_ours/raw_cases/A393/formal_triple.svg,,1,artifacts/paper_a_chapter4_v1/rq1_rq3/formal_ours/raw_cases/A393/formal_triple.svg,central_period_viewport_from_formal_triple_svg
A394,matrix_A,proto_sw_3_2,swept,simple,4,200003,artifacts/paper_a_chapter4_v1/rq1_rq3/formal_ours/raw_cases/A394/formal_triple.png,artifacts/paper_a_chapter4_v1/rq1_rq3/formal_ours/raw_cases/A394/formal_triple.svg,,1,artifacts/paper_a_chapter4_v1/rq1_rq3/formal_ours/raw_cases/A394/formal_triple.svg,central_period_viewport_from_formal_triple_svg
A395,matrix_A,proto_sw_3_2,swept,medium,4,200003,artifacts/paper_a_chapter4_v1/rq1_rq3/formal_ours/raw_cases/A395/formal_triple.png,artifacts/paper_a_chapter4_v1/rq1_rq3/formal_ours/raw_cases/A395/formal_triple.svg,,1,artifacts/paper_a_chapter4_v1/rq1_rq3/formal_ours/raw_cases/A395/formal_triple.svg,central_period_viewport_from_formal_triple_svg
A396,matrix_A,proto_sw_3_2,swept,rich,4,200003,artifacts/paper_a_chapter4_v1/rq1_rq3/formal_ours/raw_cases/A396/formal_triple.png,artifacts/paper_a_chapter4_v1/rq1_rq3/formal_ours/raw_cases/A396/formal_triple.svg,,1,artifacts/paper_a_chapter4_v1/rq1_rq3/formal_ours/raw_cases/A396/formal_triple.svg,central_period_viewport_from_formal_triple_svg
A397,matrix_A,proto_sw_3_2,expanded,simple,5,200004,artifacts/paper_a_chapter4_v1/rq1_rq3/formal_ours/raw_cases/A397/formal_triple.png,artifacts/paper_a_chapter4_v1/rq1_rq3/formal_ours/raw_cases/A397/formal_triple.svg,,1,artifacts/paper_a_chapter4_v1/rq1_rq3/formal_ours/raw_cases/A397/formal_triple.svg,central_period_viewport_from_formal_triple_svg
A398,matrix_A,proto_sw_3_2,expanded,medium,5,200004,artifacts/paper_a_chapter4_v1/rq1_rq3/formal_ours/raw_cases/A398/formal_triple.png,artifacts/paper_a_chapter4_v1/rq1_rq3/formal_ours/raw_cases/A398/formal_triple.svg,,1,artifacts/paper_a_chapter4_v1/rq1_rq3/formal_ours/raw_cases/A398/formal_triple.svg,central_period_viewport_from_formal_triple_svg
A399,matrix_A,proto_sw_3_2,expanded,rich,5,200004,artifacts/paper_a_chapter4_v1/rq1_rq3/formal_ours/raw_cases/A399/formal_triple.png,artifacts/paper_a_chapter4_v1/rq1_rq3/formal_ours/raw_cases/A399/formal_triple.svg,,1,artifacts/paper_a_chapter4_v1/rq1_rq3/formal_ours/raw_cases/A399/formal_triple.svg,central_period_viewport_from_formal_triple_svg
A400,matrix_A,proto_sw_3_2,compact,simple,5,200004,artifacts/paper_a_chapter4_v1/rq1_rq3/formal_ours/raw_cases/A400/formal_triple.png,artifacts/paper_a_chapter4_v1/rq1_rq3/formal_ours/raw_cases/A400/formal_triple.svg,,1,artifacts/paper_a_chapter4_v1/rq1_rq3/formal_ours/raw_cases/A400/formal_triple.svg,central_period_viewport_from_formal_triple_svg
A401,matrix_A,proto_sw_3_2,compact,medium,5,200004,artifacts/paper_a_chapter4_v1/rq1_rq3/formal_ours/raw_cases/A401/formal_triple.png,artifacts/paper_a_chapter4_v1/rq1_rq3/formal_ours/raw_cases/A401/formal_triple.svg,,1,artifacts/paper_a_chapter4_v1/rq1_rq3/formal_ours/raw_cases/A401/formal_triple.svg,central_period_viewport_from_formal_triple_svg
A402,matrix_A,proto_sw_3_2,compact,rich,5,200004,artifacts/paper_a_chapter4_v1/rq1_rq3/formal_ours/raw_cases/A402/formal_triple.png,artifacts/paper_a_chapter4_v1/rq1_rq3/formal_ours/raw_cases/A402/formal_triple.svg,,1,artifacts/paper_a_chapter4_v1/rq1_rq3/formal_ours/raw_cases/A402/formal_triple.svg,central_period_viewport_from_formal_triple_svg
A403,matrix_A,proto_sw_3_2,swept,simple,5,200004,artifacts/paper_a_chapter4_v1/rq1_rq3/formal_ours/raw_cases/A403/formal_triple.png,artifacts/paper_a_chapter4_v1/rq1_rq3/formal_ours/raw_cases/A403/formal_triple.svg,,1,artifacts/paper_a_chapter4_v1/rq1_rq3/formal_ours/raw_cases/A403/formal_triple.svg,central_period_viewport_from_formal_triple_svg
A404,matrix_A,proto_sw_3_2,swept,medium,5,200004,artifacts/paper_a_chapter4_v1/rq1_rq3/formal_ours/raw_cases/A404/formal_triple.png,artifacts/paper_a_chapter4_v1/rq1_rq3/formal_ours/raw_cases/A404/formal_triple.svg,,1,artifacts/paper_a_chapter4_v1/rq1_rq3/formal_ours/raw_cases/A404/formal_triple.svg,central_period_viewport_from_formal_triple_svg
A405,matrix_A,proto_sw_3_2,swept,rich,5,200004,artifacts/paper_a_chapter4_v1/rq1_rq3/formal_ours/raw_cases/A405/formal_triple.png,artifacts/paper_a_chapter4_v1/rq1_rq3/formal_ours/raw_cases/A405/formal_triple.svg,,1,artifacts/paper_a_chapter4_v1/rq1_rq3/formal_ours/raw_cases/A405/formal_triple.svg,central_period_viewport_from_formal_triple_svg
A406,matrix_A,proto_sw_3_2,expanded,simple,6,200005,artifacts/paper_a_chapter4_v1/rq1_rq3/formal_ours/raw_cases/A406/formal_triple.png,artifacts/paper_a_chapter4_v1/rq1_rq3/formal_ours/raw_cases/A406/formal_triple.svg,,1,artifacts/paper_a_chapter4_v1/rq1_rq3/formal_ours/raw_cases/A406/formal_triple.svg,central_period_viewport_from_formal_triple_svg
A407,matrix_A,proto_sw_3_2,expanded,medium,6,200005,artifacts/paper_a_chapter4_v1/rq1_rq3/formal_ours/raw_cases/A407/formal_triple.png,artifacts/paper_a_chapter4_v1/rq1_rq3/formal_ours/raw_cases/A407/formal_triple.svg,,1,artifacts/paper_a_chapter4_v1/rq1_rq3/formal_ours/raw_cases/A407/formal_triple.svg,central_period_viewport_from_formal_triple_svg
A408,matrix_A,proto_sw_3_2,expanded,rich,6,200005,artifacts/paper_a_chapter4_v1/rq1_rq3/formal_ours/raw_cases/A408/formal_triple.png,artifacts/paper_a_chapter4_v1/rq1_rq3/formal_ours/raw_cases/A408/formal_triple.svg,,1,artifacts/paper_a_chapter4_v1/rq1_rq3/formal_ours/raw_cases/A408/formal_triple.svg,central_period_viewport_from_formal_triple_svg
A409,matrix_A,proto_sw_3_2,compact,simple,6,200005,artifacts/paper_a_chapter4_v1/rq1_rq3/formal_ours/raw_cases/A409/formal_triple.png,artifacts/paper_a_chapter4_v1/rq1_rq3/formal_ours/raw_cases/A409/formal_triple.svg,,1,artifacts/paper_a_chapter4_v1/rq1_rq3/formal_ours/raw_cases/A409/formal_triple.svg,central_period_viewport_from_formal_triple_svg
A410,matrix_A,proto_sw_3_2,compact,medium,6,200005,artifacts/paper_a_chapter4_v1/rq1_rq3/formal_ours/raw_cases/A410/formal_triple.png,artifacts/paper_a_chapter4_v1/rq1_rq3/formal_ours/raw_cases/A410/formal_triple.svg,,1,artifacts/paper_a_chapter4_v1/rq1_rq3/formal_ours/raw_cases/A410/formal_triple.svg,central_period_viewport_from_formal_triple_svg
A411,matrix_A,proto_sw_3_2,compact,rich,6,200005,artifacts/paper_a_chapter4_v1/rq1_rq3/formal_ours/raw_cases/A411/formal_triple.png,artifacts/paper_a_chapter4_v1/rq1_rq3/formal_ours/raw_cases/A411/formal_triple.svg,,1,artifacts/paper_a_chapter4_v1/rq1_rq3/formal_ours/raw_cases/A411/formal_triple.svg,central_period_viewport_from_formal_triple_svg
A412,matrix_A,proto_sw_3_2,swept,simple,6,200005,artifacts/paper_a_chapter4_v1/rq1_rq3/formal_ours/raw_cases/A412/formal_triple.png,artifacts/paper_a_chapter4_v1/rq1_rq3/formal_ours/raw_cases/A412/formal_triple.svg,,1,artifacts/paper_a_chapter4_v1/rq1_rq3/formal_ours/raw_cases/A412/formal_triple.svg,central_period_viewport_from_formal_triple_svg
A413,matrix_A,proto_sw_3_2,swept,medium,6,200005,artifacts/paper_a_chapter4_v1/rq1_rq3/formal_ours/raw_cases/A413/formal_triple.png,artifacts/paper_a_chapter4_v1/rq1_rq3/formal_ours/raw_cases/A413/formal_triple.svg,,1,artifacts/paper_a_chapter4_v1/rq1_rq3/formal_ours/raw_cases/A413/formal_triple.svg,central_period_viewport_from_formal_triple_svg
A414,matrix_A,proto_sw_3_2,swept,rich,6,200005,artifacts/paper_a_chapter4_v1/rq1_rq3/formal_ours/raw_cases/A414/formal_triple.png,artifacts/paper_a_chapter4_v1/rq1_rq3/formal_ours/raw_cases/A414/formal_triple.svg,,1,artifacts/paper_a_chapter4_v1/rq1_rq3/formal_ours/raw_cases/A414/formal_triple.svg,central_period_viewport_from_formal_triple_svg
A415,matrix_A,proto_sw_3_2,expanded,simple,7,200006,artifacts/paper_a_chapter4_v1/rq1_rq3/formal_ours/raw_cases/A415/formal_triple.png,artifacts/paper_a_chapter4_v1/rq1_rq3/formal_ours/raw_cases/A415/formal_triple.svg,,1,artifacts/paper_a_chapter4_v1/rq1_rq3/formal_ours/raw_cases/A415/formal_triple.svg,central_period_viewport_from_formal_triple_svg
A416,matrix_A,proto_sw_3_2,expanded,medium,7,200006,artifacts/paper_a_chapter4_v1/rq1_rq3/formal_ours/raw_cases/A416/formal_triple.png,artifacts/paper_a_chapter4_v1/rq1_rq3/formal_ours/raw_cases/A416/formal_triple.svg,,1,artifacts/paper_a_chapter4_v1/rq1_rq3/formal_ours/raw_cases/A416/formal_triple.svg,central_period_viewport_from_formal_triple_svg
A417,matrix_A,proto_sw_3_2,expanded,rich,7,200006,artifacts/paper_a_chapter4_v1/rq1_rq3/formal_ours/raw_cases/A417/formal_triple.png,artifacts/paper_a_chapter4_v1/rq1_rq3/formal_ours/raw_cases/A417/formal_triple.svg,,1,artifacts/paper_a_chapter4_v1/rq1_rq3/formal_ours/raw_cases/A417/formal_triple.svg,central_period_viewport_from_formal_triple_svg
A418,matrix_A,proto_sw_3_2,compact,simple,7,200006,artifacts/paper_a_chapter4_v1/rq1_rq3/formal_ours/raw_cases/A418/formal_triple.png,artifacts/paper_a_chapter4_v1/rq1_rq3/formal_ours/raw_cases/A418/formal_triple.svg,,1,artifacts/paper_a_chapter4_v1/rq1_rq3/formal_ours/raw_cases/A418/formal_triple.svg,central_period_viewport_from_formal_triple_svg
A419,matrix_A,proto_sw_3_2,compact,medium,7,200006,artifacts/paper_a_chapter4_v1/rq1_rq3/formal_ours/raw_cases/A419/formal_triple.png,artifacts/paper_a_chapter4_v1/rq1_rq3/formal_ours/raw_cases/A419/formal_triple.svg,,1,artifacts/paper_a_chapter4_v1/rq1_rq3/formal_ours/raw_cases/A419/formal_triple.svg,central_period_viewport_from_formal_triple_svg
A420,matrix_A,proto_sw_3_2,compact,rich,7,200006,artifacts/paper_a_chapter4_v1/rq1_rq3/formal_ours/raw_cases/A420/formal_triple.png,artifacts/paper_a_chapter4_v1/rq1_rq3/formal_ours/raw_cases/A420/formal_triple.svg,,1,artifacts/paper_a_chapter4_v1/rq1_rq3/formal_ours/raw_cases/A420/formal_triple.svg,central_period_viewport_from_formal_triple_svg
A421,matrix_A,proto_sw_3_2,swept,simple,7,200006,artifacts/paper_a_chapter4_v1/rq1_rq3/formal_ours/raw_cases/A421/formal_triple.png,artifacts/paper_a_chapter4_v1/rq1_rq3/formal_ours/raw_cases/A421/formal_triple.svg,,1,artifacts/paper_a_chapter4_v1/rq1_rq3/formal_ours/raw_cases/A421/formal_triple.svg,central_period_viewport_from_formal_triple_svg
A422,matrix_A,proto_sw_3_2,swept,medium,7,200006,artifacts/paper_a_chapter4_v1/rq1_rq3/formal_ours/raw_cases/A422/formal_triple.png,artifacts/paper_a_chapter4_v1/rq1_rq3/formal_ours/raw_cases/A422/formal_triple.svg,,1,artifacts/paper_a_chapter4_v1/rq1_rq3/formal_ours/raw_cases/A422/formal_triple.svg,central_period_viewport_from_formal_triple_svg
A423,matrix_A,proto_sw_3_2,swept,rich,7,200006,artifacts/paper_a_chapter4_v1/rq1_rq3/formal_ours/raw_cases/A423/formal_triple.png,artifacts/paper_a_chapter4_v1/rq1_rq3/formal_ours/raw_cases/A423/formal_triple.svg,,1,artifacts/paper_a_chapter4_v1/rq1_rq3/formal_ours/raw_cases/A423/formal_triple.svg,central_period_viewport_from_formal_triple_svg
A424,matrix_A,proto_sw_3_2,expanded,simple,8,200007,artifacts/paper_a_chapter4_v1/rq1_rq3/formal_ours/raw_cases/A424/formal_triple.png,artifacts/paper_a_chapter4_v1/rq1_rq3/formal_ours/raw_cases/A424/formal_triple.svg,,1,artifacts/paper_a_chapter4_v1/rq1_rq3/formal_ours/raw_cases/A424/formal_triple.svg,central_period_viewport_from_formal_triple_svg
A425,matrix_A,proto_sw_3_2,expanded,medium,8,200007,artifacts/paper_a_chapter4_v1/rq1_rq3/formal_ours/raw_cases/A425/formal_triple.png,artifacts/paper_a_chapter4_v1/rq1_rq3/formal_ours/raw_cases/A425/formal_triple.svg,,1,artifacts/paper_a_chapter4_v1/rq1_rq3/formal_ours/raw_cases/A425/formal_triple.svg,central_period_viewport_from_formal_triple_svg
A426,matrix_A,proto_sw_3_2,expanded,rich,8,200007,artifacts/paper_a_chapter4_v1/rq1_rq3/formal_ours/raw_cases/A426/formal_triple.png,artifacts/paper_a_chapter4_v1/rq1_rq3/formal_ours/raw_cases/A426/formal_triple.svg,,1,artifacts/paper_a_chapter4_v1/rq1_rq3/formal_ours/raw_cases/A426/formal_triple.svg,central_period_viewport_from_formal_triple_svg
A427,matrix_A,proto_sw_3_2,compact,simple,8,200007,artifacts/paper_a_chapter4_v1/rq1_rq3/formal_ours/raw_cases/A427/formal_triple.png,artifacts/paper_a_chapter4_v1/rq1_rq3/formal_ours/raw_cases/A427/formal_triple.svg,,1,artifacts/paper_a_chapter4_v1/rq1_rq3/formal_ours/raw_cases/A427/formal_triple.svg,central_period_viewport_from_formal_triple_svg
A428,matrix_A,proto_sw_3_2,compact,medium,8,200007,artifacts/paper_a_chapter4_v1/rq1_rq3/formal_ours/raw_cases/A428/formal_triple.png,artifacts/paper_a_chapter4_v1/rq1_rq3/formal_ours/raw_cases/A428/formal_triple.svg,,1,artifacts/paper_a_chapter4_v1/rq1_rq3/formal_ours/raw_cases/A428/formal_triple.svg,central_period_viewport_from_formal_triple_svg
A429,matrix_A,proto_sw_3_2,compact,rich,8,200007,artifacts/paper_a_chapter4_v1/rq1_rq3/formal_ours/raw_cases/A429/formal_triple.png,artifacts/paper_a_chapter4_v1/rq1_rq3/formal_ours/raw_cases/A429/formal_triple.svg,,1,artifacts/paper_a_chapter4_v1/rq1_rq3/formal_ours/raw_cases/A429/formal_triple.svg,central_period_viewport_from_formal_triple_svg
A430,matrix_A,proto_sw_3_2,swept,simple,8,200007,artifacts/paper_a_chapter4_v1/rq1_rq3/formal_ours/raw_cases/A430/formal_triple.png,artifacts/paper_a_chapter4_v1/rq1_rq3/formal_ours/raw_cases/A430/formal_triple.svg,,1,artifacts/paper_a_chapter4_v1/rq1_rq3/formal_ours/raw_cases/A430/formal_triple.svg,central_period_viewport_from_formal_triple_svg
A431,matrix_A,proto_sw_3_2,swept,medium,8,200007,artifacts/paper_a_chapter4_v1/rq1_rq3/formal_ours/raw_cases/A431/formal_triple.png,artifacts/paper_a_chapter4_v1/rq1_rq3/formal_ours/raw_cases/A431/formal_triple.svg,,1,artifacts/paper_a_chapter4_v1/rq1_rq3/formal_ours/raw_cases/A431/formal_triple.svg,central_period_viewport_from_formal_triple_svg
A432,matrix_A,proto_sw_3_2,swept,rich,8,200007,artifacts/paper_a_chapter4_v1/rq1_rq3/formal_ours/raw_cases/A432/formal_triple.png,artifacts/paper_a_chapter4_v1/rq1_rq3/formal_ours/raw_cases/A432/formal_triple.svg,,1,artifacts/paper_a_chapter4_v1/rq1_rq3/formal_ours/raw_cases/A432/formal_triple.svg,central_period_viewport_from_formal_triple_svg
A433,matrix_A,proto_sw_3_2,expanded,simple,9,200008,artifacts/paper_a_chapter4_v1/rq1_rq3/formal_ours/raw_cases/A433/formal_triple.png,artifacts/paper_a_chapter4_v1/rq1_rq3/formal_ours/raw_cases/A433/formal_triple.svg,,1,artifacts/paper_a_chapter4_v1/rq1_rq3/formal_ours/raw_cases/A433/formal_triple.svg,central_period_viewport_from_formal_triple_svg
A434,matrix_A,proto_sw_3_2,expanded,medium,9,200008,artifacts/paper_a_chapter4_v1/rq1_rq3/formal_ours/raw_cases/A434/formal_triple.png,artifacts/paper_a_chapter4_v1/rq1_rq3/formal_ours/raw_cases/A434/formal_triple.svg,,1,artifacts/paper_a_chapter4_v1/rq1_rq3/formal_ours/raw_cases/A434/formal_triple.svg,central_period_viewport_from_formal_triple_svg
A435,matrix_A,proto_sw_3_2,expanded,rich,9,200008,artifacts/paper_a_chapter4_v1/rq1_rq3/formal_ours/raw_cases/A435/formal_triple.png,artifacts/paper_a_chapter4_v1/rq1_rq3/formal_ours/raw_cases/A435/formal_triple.svg,,1,artifacts/paper_a_chapter4_v1/rq1_rq3/formal_ours/raw_cases/A435/formal_triple.svg,central_period_viewport_from_formal_triple_svg
A436,matrix_A,proto_sw_3_2,compact,simple,9,200008,artifacts/paper_a_chapter4_v1/rq1_rq3/formal_ours/raw_cases/A436/formal_triple.png,artifacts/paper_a_chapter4_v1/rq1_rq3/formal_ours/raw_cases/A436/formal_triple.svg,,1,artifacts/paper_a_chapter4_v1/rq1_rq3/formal_ours/raw_cases/A436/formal_triple.svg,central_period_viewport_from_formal_triple_svg
A437,matrix_A,proto_sw_3_2,compact,medium,9,200008,artifacts/paper_a_chapter4_v1/rq1_rq3/formal_ours/raw_cases/A437/formal_triple.png,artifacts/paper_a_chapter4_v1/rq1_rq3/formal_ours/raw_cases/A437/formal_triple.svg,,1,artifacts/paper_a_chapter4_v1/rq1_rq3/formal_ours/raw_cases/A437/formal_triple.svg,central_period_viewport_from_formal_triple_svg
A438,matrix_A,proto_sw_3_2,compact,rich,9,200008,artifacts/paper_a_chapter4_v1/rq1_rq3/formal_ours/raw_cases/A438/formal_triple.png,artifacts/paper_a_chapter4_v1/rq1_rq3/formal_ours/raw_cases/A438/formal_triple.svg,,1,artifacts/paper_a_chapter4_v1/rq1_rq3/formal_ours/raw_cases/A438/formal_triple.svg,central_period_viewport_from_formal_triple_svg
A439,matrix_A,proto_sw_3_2,swept,simple,9,200008,artifacts/paper_a_chapter4_v1/rq1_rq3/formal_ours/raw_cases/A439/formal_triple.png,artifacts/paper_a_chapter4_v1/rq1_rq3/formal_ours/raw_cases/A439/formal_triple.svg,,1,artifacts/paper_a_chapter4_v1/rq1_rq3/formal_ours/raw_cases/A439/formal_triple.svg,central_period_viewport_from_formal_triple_svg
A440,matrix_A,proto_sw_3_2,swept,medium,9,200008,artifacts/paper_a_chapter4_v1/rq1_rq3/formal_ours/raw_cases/A440/formal_triple.png,artifacts/paper_a_chapter4_v1/rq1_rq3/formal_ours/raw_cases/A440/formal_triple.svg,,1,artifacts/paper_a_chapter4_v1/rq1_rq3/formal_ours/raw_cases/A440/formal_triple.svg,central_period_viewport_from_formal_triple_svg
A441,matrix_A,proto_sw_3_2,swept,rich,9,200008,artifacts/paper_a_chapter4_v1/rq1_rq3/formal_ours/raw_cases/A441/formal_triple.png,artifacts/paper_a_chapter4_v1/rq1_rq3/formal_ours/raw_cases/A441/formal_triple.svg,,1,artifacts/paper_a_chapter4_v1/rq1_rq3/formal_ours/raw_cases/A441/formal_triple.svg,central_period_viewport_from_formal_triple_svg
A442,matrix_A,proto_sw_3_2,expanded,simple,10,200009,artifacts/paper_a_chapter4_v1/rq1_rq3/formal_ours/raw_cases/A442/formal_triple.png,artifacts/paper_a_chapter4_v1/rq1_rq3/formal_ours/raw_cases/A442/formal_triple.svg,,1,artifacts/paper_a_chapter4_v1/rq1_rq3/formal_ours/raw_cases/A442/formal_triple.svg,central_period_viewport_from_formal_triple_svg
A443,matrix_A,proto_sw_3_2,expanded,medium,10,200009,artifacts/paper_a_chapter4_v1/rq1_rq3/formal_ours/raw_cases/A443/formal_triple.png,artifacts/paper_a_chapter4_v1/rq1_rq3/formal_ours/raw_cases/A443/formal_triple.svg,,1,artifacts/paper_a_chapter4_v1/rq1_rq3/formal_ours/raw_cases/A443/formal_triple.svg,central_period_viewport_from_formal_triple_svg
A444,matrix_A,proto_sw_3_2,expanded,rich,10,200009,artifacts/paper_a_chapter4_v1/rq1_rq3/formal_ours/raw_cases/A444/formal_triple.png,artifacts/paper_a_chapter4_v1/rq1_rq3/formal_ours/raw_cases/A444/formal_triple.svg,,1,artifacts/paper_a_chapter4_v1/rq1_rq3/formal_ours/raw_cases/A444/formal_triple.svg,central_period_viewport_from_formal_triple_svg
A445,matrix_A,proto_sw_3_2,compact,simple,10,200009,artifacts/paper_a_chapter4_v1/rq1_rq3/formal_ours/raw_cases/A445/formal_triple.png,artifacts/paper_a_chapter4_v1/rq1_rq3/formal_ours/raw_cases/A445/formal_triple.svg,,1,artifacts/paper_a_chapter4_v1/rq1_rq3/formal_ours/raw_cases/A445/formal_triple.svg,central_period_viewport_from_formal_triple_svg
A446,matrix_A,proto_sw_3_2,compact,medium,10,200009,artifacts/paper_a_chapter4_v1/rq1_rq3/formal_ours/raw_cases/A446/formal_triple.png,artifacts/paper_a_chapter4_v1/rq1_rq3/formal_ours/raw_cases/A446/formal_triple.svg,,1,artifacts/paper_a_chapter4_v1/rq1_rq3/formal_ours/raw_cases/A446/formal_triple.svg,central_period_viewport_from_formal_triple_svg
A447,matrix_A,proto_sw_3_2,compact,rich,10,200009,artifacts/paper_a_chapter4_v1/rq1_rq3/formal_ours/raw_cases/A447/formal_triple.png,artifacts/paper_a_chapter4_v1/rq1_rq3/formal_ours/raw_cases/A447/formal_triple.svg,,1,artifacts/paper_a_chapter4_v1/rq1_rq3/formal_ours/raw_cases/A447/formal_triple.svg,central_period_viewport_from_formal_triple_svg
A448,matrix_A,proto_sw_3_2,swept,simple,10,200009,artifacts/paper_a_chapter4_v1/rq1_rq3/formal_ours/raw_cases/A448/formal_triple.png,artifacts/paper_a_chapter4_v1/rq1_rq3/formal_ours/raw_cases/A448/formal_triple.svg,,1,artifacts/paper_a_chapter4_v1/rq1_rq3/formal_ours/raw_cases/A448/formal_triple.svg,central_period_viewport_from_formal_triple_svg
A449,matrix_A,proto_sw_3_2,swept,medium,10,200009,artifacts/paper_a_chapter4_v1/rq1_rq3/formal_ours/raw_cases/A449/formal_triple.png,artifacts/paper_a_chapter4_v1/rq1_rq3/formal_ours/raw_cases/A449/formal_triple.svg,,1,artifacts/paper_a_chapter4_v1/rq1_rq3/formal_ours/raw_cases/A449/formal_triple.svg,central_period_viewport_from_formal_triple_svg
A450,matrix_A,proto_sw_3_2,swept,rich,10,200009,artifacts/paper_a_chapter4_v1/rq1_rq3/formal_ours/raw_cases/A450/formal_triple.png,artifacts/paper_a_chapter4_v1/rq1_rq3/formal_ours/raw_cases/A450/formal_triple.svg,,1,artifacts/paper_a_chapter4_v1/rq1_rq3/formal_ours/raw_cases/A450/formal_triple.svg,central_period_viewport_from_formal_triple_svg
B001,matrix_B,proto_sw_1_1,expanded,medium,1,200000,artifacts/paper_a_chapter4_v1/rq1_rq3/formal_ours/raw_cases/B001/formal_triple.png,artifacts/paper_a_chapter4_v1/rq1_rq3/formal_ours/raw_cases/B001/formal_triple.svg,,1,artifacts/paper_a_chapter4_v1/rq1_rq3/formal_ours/raw_cases/B001/formal_triple.svg,central_period_viewport_from_formal_triple_svg
B002,matrix_B,proto_sw_1_1,expanded,medium,2,200000,artifacts/paper_a_chapter4_v1/rq1_rq3/formal_ours/raw_cases/B002/formal_triple.png,artifacts/paper_a_chapter4_v1/rq1_rq3/formal_ours/raw_cases/B002/formal_triple.svg,,1,artifacts/paper_a_chapter4_v1/rq1_rq3/formal_ours/raw_cases/B002/formal_triple.svg,central_period_viewport_from_formal_triple_svg
B003,matrix_B,proto_sw_1_1,expanded,medium,3,200000,artifacts/paper_a_chapter4_v1/rq1_rq3/formal_ours/raw_cases/B003/formal_triple.png,artifacts/paper_a_chapter4_v1/rq1_rq3/formal_ours/raw_cases/B003/formal_triple.svg,,1,artifacts/paper_a_chapter4_v1/rq1_rq3/formal_ours/raw_cases/B003/formal_triple.svg,central_period_viewport_from_formal_triple_svg
B004,matrix_B,proto_sw_1_1,expanded,medium,4,200000,artifacts/paper_a_chapter4_v1/rq1_rq3/formal_ours/raw_cases/B004/formal_triple.png,artifacts/paper_a_chapter4_v1/rq1_rq3/formal_ours/raw_cases/B004/formal_triple.svg,,1,artifacts/paper_a_chapter4_v1/rq1_rq3/formal_ours/raw_cases/B004/formal_triple.svg,central_period_viewport_from_formal_triple_svg
B005,matrix_B,proto_sw_1_1,expanded,medium,5,200000,artifacts/paper_a_chapter4_v1/rq1_rq3/formal_ours/raw_cases/B005/formal_triple.png,artifacts/paper_a_chapter4_v1/rq1_rq3/formal_ours/raw_cases/B005/formal_triple.svg,,1,artifacts/paper_a_chapter4_v1/rq1_rq3/formal_ours/raw_cases/B005/formal_triple.svg,central_period_viewport_from_formal_triple_svg
B006,matrix_B,proto_sw_1_1,expanded,medium,6,200000,artifacts/paper_a_chapter4_v1/rq1_rq3/formal_ours/raw_cases/B006/formal_triple.png,artifacts/paper_a_chapter4_v1/rq1_rq3/formal_ours/raw_cases/B006/formal_triple.svg,,1,artifacts/paper_a_chapter4_v1/rq1_rq3/formal_ours/raw_cases/B006/formal_triple.svg,central_period_viewport_from_formal_triple_svg
B007,matrix_B,proto_sw_1_1,expanded,medium,7,200000,artifacts/paper_a_chapter4_v1/rq1_rq3/formal_ours/raw_cases/B007/formal_triple.png,artifacts/paper_a_chapter4_v1/rq1_rq3/formal_ours/raw_cases/B007/formal_triple.svg,,1,artifacts/paper_a_chapter4_v1/rq1_rq3/formal_ours/raw_cases/B007/formal_triple.svg,central_period_viewport_from_formal_triple_svg
B008,matrix_B,proto_sw_1_1,expanded,medium,8,200000,artifacts/paper_a_chapter4_v1/rq1_rq3/formal_ours/raw_cases/B008/formal_triple.png,artifacts/paper_a_chapter4_v1/rq1_rq3/formal_ours/raw_cases/B008/formal_triple.svg,,1,artifacts/paper_a_chapter4_v1/rq1_rq3/formal_ours/raw_cases/B008/formal_triple.svg,central_period_viewport_from_formal_triple_svg
B009,matrix_B,proto_sw_1_1,expanded,medium,9,200000,artifacts/paper_a_chapter4_v1/rq1_rq3/formal_ours/raw_cases/B009/formal_triple.png,artifacts/paper_a_chapter4_v1/rq1_rq3/formal_ours/raw_cases/B009/formal_triple.svg,,1,artifacts/paper_a_chapter4_v1/rq1_rq3/formal_ours/raw_cases/B009/formal_triple.svg,central_period_viewport_from_formal_triple_svg
B010,matrix_B,proto_sw_1_1,expanded,medium,10,200000,artifacts/paper_a_chapter4_v1/rq1_rq3/formal_ours/raw_cases/B010/formal_triple.png,artifacts/paper_a_chapter4_v1/rq1_rq3/formal_ours/raw_cases/B010/formal_triple.svg,,1,artifacts/paper_a_chapter4_v1/rq1_rq3/formal_ours/raw_cases/B010/formal_triple.svg,central_period_viewport_from_formal_triple_svg
B011,matrix_B,proto_sw_1_3,expanded,medium,1,200000,artifacts/paper_a_chapter4_v1/rq1_rq3/formal_ours/raw_cases/B011/formal_triple.png,artifacts/paper_a_chapter4_v1/rq1_rq3/formal_ours/raw_cases/B011/formal_triple.svg,,1,artifacts/paper_a_chapter4_v1/rq1_rq3/formal_ours/raw_cases/B011/formal_triple.svg,central_period_viewport_from_formal_triple_svg
B012,matrix_B,proto_sw_1_3,expanded,medium,2,200000,artifacts/paper_a_chapter4_v1/rq1_rq3/formal_ours/raw_cases/B012/formal_triple.png,artifacts/paper_a_chapter4_v1/rq1_rq3/formal_ours/raw_cases/B012/formal_triple.svg,,1,artifacts/paper_a_chapter4_v1/rq1_rq3/formal_ours/raw_cases/B012/formal_triple.svg,central_period_viewport_from_formal_triple_svg
B013,matrix_B,proto_sw_1_3,expanded,medium,3,200000,artifacts/paper_a_chapter4_v1/rq1_rq3/formal_ours/raw_cases/B013/formal_triple.png,artifacts/paper_a_chapter4_v1/rq1_rq3/formal_ours/raw_cases/B013/formal_triple.svg,,1,artifacts/paper_a_chapter4_v1/rq1_rq3/formal_ours/raw_cases/B013/formal_triple.svg,central_period_viewport_from_formal_triple_svg
B014,matrix_B,proto_sw_1_3,expanded,medium,4,200000,artifacts/paper_a_chapter4_v1/rq1_rq3/formal_ours/raw_cases/B014/formal_triple.png,artifacts/paper_a_chapter4_v1/rq1_rq3/formal_ours/raw_cases/B014/formal_triple.svg,,1,artifacts/paper_a_chapter4_v1/rq1_rq3/formal_ours/raw_cases/B014/formal_triple.svg,central_period_viewport_from_formal_triple_svg
B015,matrix_B,proto_sw_1_3,expanded,medium,5,200000,artifacts/paper_a_chapter4_v1/rq1_rq3/formal_ours/raw_cases/B015/formal_triple.png,artifacts/paper_a_chapter4_v1/rq1_rq3/formal_ours/raw_cases/B015/formal_triple.svg,,1,artifacts/paper_a_chapter4_v1/rq1_rq3/formal_ours/raw_cases/B015/formal_triple.svg,central_period_viewport_from_formal_triple_svg
B016,matrix_B,proto_sw_1_3,expanded,medium,6,200000,artifacts/paper_a_chapter4_v1/rq1_rq3/formal_ours/raw_cases/B016/formal_triple.png,artifacts/paper_a_chapter4_v1/rq1_rq3/formal_ours/raw_cases/B016/formal_triple.svg,,1,artifacts/paper_a_chapter4_v1/rq1_rq3/formal_ours/raw_cases/B016/formal_triple.svg,central_period_viewport_from_formal_triple_svg
B017,matrix_B,proto_sw_1_3,expanded,medium,7,200000,artifacts/paper_a_chapter4_v1/rq1_rq3/formal_ours/raw_cases/B017/formal_triple.png,artifacts/paper_a_chapter4_v1/rq1_rq3/formal_ours/raw_cases/B017/formal_triple.svg,,1,artifacts/paper_a_chapter4_v1/rq1_rq3/formal_ours/raw_cases/B017/formal_triple.svg,central_period_viewport_from_formal_triple_svg
B018,matrix_B,proto_sw_1_3,expanded,medium,8,200000,artifacts/paper_a_chapter4_v1/rq1_rq3/formal_ours/raw_cases/B018/formal_triple.png,artifacts/paper_a_chapter4_v1/rq1_rq3/formal_ours/raw_cases/B018/formal_triple.svg,,1,artifacts/paper_a_chapter4_v1/rq1_rq3/formal_ours/raw_cases/B018/formal_triple.svg,central_period_viewport_from_formal_triple_svg
B019,matrix_B,proto_sw_1_3,expanded,medium,9,200000,artifacts/paper_a_chapter4_v1/rq1_rq3/formal_ours/raw_cases/B019/formal_triple.png,artifacts/paper_a_chapter4_v1/rq1_rq3/formal_ours/raw_cases/B019/formal_triple.svg,,1,artifacts/paper_a_chapter4_v1/rq1_rq3/formal_ours/raw_cases/B019/formal_triple.svg,central_period_viewport_from_formal_triple_svg
B020,matrix_B,proto_sw_1_3,expanded,medium,10,200000,artifacts/paper_a_chapter4_v1/rq1_rq3/formal_ours/raw_cases/B020/formal_triple.png,artifacts/paper_a_chapter4_v1/rq1_rq3/formal_ours/raw_cases/B020/formal_triple.svg,,1,artifacts/paper_a_chapter4_v1/rq1_rq3/formal_ours/raw_cases/B020/formal_triple.svg,central_period_viewport_from_formal_triple_svg
B021,matrix_B,proto_sw_2_3,expanded,medium,1,200000,artifacts/paper_a_chapter4_v1/rq1_rq3/formal_ours/raw_cases/B021/formal_triple.png,artifacts/paper_a_chapter4_v1/rq1_rq3/formal_ours/raw_cases/B021/formal_triple.svg,,1,artifacts/paper_a_chapter4_v1/rq1_rq3/formal_ours/raw_cases/B021/formal_triple.svg,central_period_viewport_from_formal_triple_svg
B022,matrix_B,proto_sw_2_3,expanded,medium,2,200000,artifacts/paper_a_chapter4_v1/rq1_rq3/formal_ours/raw_cases/B022/formal_triple.png,artifacts/paper_a_chapter4_v1/rq1_rq3/formal_ours/raw_cases/B022/formal_triple.svg,,1,artifacts/paper_a_chapter4_v1/rq1_rq3/formal_ours/raw_cases/B022/formal_triple.svg,central_period_viewport_from_formal_triple_svg
B023,matrix_B,proto_sw_2_3,expanded,medium,3,200000,artifacts/paper_a_chapter4_v1/rq1_rq3/formal_ours/raw_cases/B023/formal_triple.png,artifacts/paper_a_chapter4_v1/rq1_rq3/formal_ours/raw_cases/B023/formal_triple.svg,,1,artifacts/paper_a_chapter4_v1/rq1_rq3/formal_ours/raw_cases/B023/formal_triple.svg,central_period_viewport_from_formal_triple_svg
B024,matrix_B,proto_sw_2_3,expanded,medium,4,200000,artifacts/paper_a_chapter4_v1/rq1_rq3/formal_ours/raw_cases/B024/formal_triple.png,artifacts/paper_a_chapter4_v1/rq1_rq3/formal_ours/raw_cases/B024/formal_triple.svg,,1,artifacts/paper_a_chapter4_v1/rq1_rq3/formal_ours/raw_cases/B024/formal_triple.svg,central_period_viewport_from_formal_triple_svg
B025,matrix_B,proto_sw_2_3,expanded,medium,5,200000,artifacts/paper_a_chapter4_v1/rq1_rq3/formal_ours/raw_cases/B025/formal_triple.png,artifacts/paper_a_chapter4_v1/rq1_rq3/formal_ours/raw_cases/B025/formal_triple.svg,,1,artifacts/paper_a_chapter4_v1/rq1_rq3/formal_ours/raw_cases/B025/formal_triple.svg,central_period_viewport_from_formal_triple_svg
B026,matrix_B,proto_sw_2_3,expanded,medium,6,200000,artifacts/paper_a_chapter4_v1/rq1_rq3/formal_ours/raw_cases/B026/formal_triple.png,artifacts/paper_a_chapter4_v1/rq1_rq3/formal_ours/raw_cases/B026/formal_triple.svg,,1,artifacts/paper_a_chapter4_v1/rq1_rq3/formal_ours/raw_cases/B026/formal_triple.svg,central_period_viewport_from_formal_triple_svg
B027,matrix_B,proto_sw_2_3,expanded,medium,7,200000,artifacts/paper_a_chapter4_v1/rq1_rq3/formal_ours/raw_cases/B027/formal_triple.png,artifacts/paper_a_chapter4_v1/rq1_rq3/formal_ours/raw_cases/B027/formal_triple.svg,,1,artifacts/paper_a_chapter4_v1/rq1_rq3/formal_ours/raw_cases/B027/formal_triple.svg,central_period_viewport_from_formal_triple_svg
B028,matrix_B,proto_sw_2_3,expanded,medium,8,200000,artifacts/paper_a_chapter4_v1/rq1_rq3/formal_ours/raw_cases/B028/formal_triple.png,artifacts/paper_a_chapter4_v1/rq1_rq3/formal_ours/raw_cases/B028/formal_triple.svg,,1,artifacts/paper_a_chapter4_v1/rq1_rq3/formal_ours/raw_cases/B028/formal_triple.svg,central_period_viewport_from_formal_triple_svg
B029,matrix_B,proto_sw_2_3,expanded,medium,9,200000,artifacts/paper_a_chapter4_v1/rq1_rq3/formal_ours/raw_cases/B029/formal_triple.png,artifacts/paper_a_chapter4_v1/rq1_rq3/formal_ours/raw_cases/B029/formal_triple.svg,,1,artifacts/paper_a_chapter4_v1/rq1_rq3/formal_ours/raw_cases/B029/formal_triple.svg,central_period_viewport_from_formal_triple_svg
B030,matrix_B,proto_sw_2_3,expanded,medium,10,200000,artifacts/paper_a_chapter4_v1/rq1_rq3/formal_ours/raw_cases/B030/formal_triple.png,artifacts/paper_a_chapter4_v1/rq1_rq3/formal_ours/raw_cases/B030/formal_triple.svg,,1,artifacts/paper_a_chapter4_v1/rq1_rq3/formal_ours/raw_cases/B030/formal_triple.svg,central_period_viewport_from_formal_triple_svg
B031,matrix_B,proto_sw_3_1,expanded,medium,1,200000,artifacts/paper_a_chapter4_v1/rq1_rq3/formal_ours/raw_cases/B031/formal_triple.png,artifacts/paper_a_chapter4_v1/rq1_rq3/formal_ours/raw_cases/B031/formal_triple.svg,,1,artifacts/paper_a_chapter4_v1/rq1_rq3/formal_ours/raw_cases/B031/formal_triple.svg,central_period_viewport_from_formal_triple_svg
B032,matrix_B,proto_sw_3_1,expanded,medium,2,200000,artifacts/paper_a_chapter4_v1/rq1_rq3/formal_ours/raw_cases/B032/formal_triple.png,artifacts/paper_a_chapter4_v1/rq1_rq3/formal_ours/raw_cases/B032/formal_triple.svg,,1,artifacts/paper_a_chapter4_v1/rq1_rq3/formal_ours/raw_cases/B032/formal_triple.svg,central_period_viewport_from_formal_triple_svg
B033,matrix_B,proto_sw_3_1,expanded,medium,3,200000,artifacts/paper_a_chapter4_v1/rq1_rq3/formal_ours/raw_cases/B033/formal_triple.png,artifacts/paper_a_chapter4_v1/rq1_rq3/formal_ours/raw_cases/B033/formal_triple.svg,,1,artifacts/paper_a_chapter4_v1/rq1_rq3/formal_ours/raw_cases/B033/formal_triple.svg,central_period_viewport_from_formal_triple_svg
B034,matrix_B,proto_sw_3_1,expanded,medium,4,200000,artifacts/paper_a_chapter4_v1/rq1_rq3/formal_ours/raw_cases/B034/formal_triple.png,artifacts/paper_a_chapter4_v1/rq1_rq3/formal_ours/raw_cases/B034/formal_triple.svg,,1,artifacts/paper_a_chapter4_v1/rq1_rq3/formal_ours/raw_cases/B034/formal_triple.svg,central_period_viewport_from_formal_triple_svg
B035,matrix_B,proto_sw_3_1,expanded,medium,5,200000,artifacts/paper_a_chapter4_v1/rq1_rq3/formal_ours/raw_cases/B035/formal_triple.png,artifacts/paper_a_chapter4_v1/rq1_rq3/formal_ours/raw_cases/B035/formal_triple.svg,,1,artifacts/paper_a_chapter4_v1/rq1_rq3/formal_ours/raw_cases/B035/formal_triple.svg,central_period_viewport_from_formal_triple_svg
B036,matrix_B,proto_sw_3_1,expanded,medium,6,200000,artifacts/paper_a_chapter4_v1/rq1_rq3/formal_ours/raw_cases/B036/formal_triple.png,artifacts/paper_a_chapter4_v1/rq1_rq3/formal_ours/raw_cases/B036/formal_triple.svg,,1,artifacts/paper_a_chapter4_v1/rq1_rq3/formal_ours/raw_cases/B036/formal_triple.svg,central_period_viewport_from_formal_triple_svg
B037,matrix_B,proto_sw_3_1,expanded,medium,7,200000,artifacts/paper_a_chapter4_v1/rq1_rq3/formal_ours/raw_cases/B037/formal_triple.png,artifacts/paper_a_chapter4_v1/rq1_rq3/formal_ours/raw_cases/B037/formal_triple.svg,,1,artifacts/paper_a_chapter4_v1/rq1_rq3/formal_ours/raw_cases/B037/formal_triple.svg,central_period_viewport_from_formal_triple_svg
B038,matrix_B,proto_sw_3_1,expanded,medium,8,200000,artifacts/paper_a_chapter4_v1/rq1_rq3/formal_ours/raw_cases/B038/formal_triple.png,artifacts/paper_a_chapter4_v1/rq1_rq3/formal_ours/raw_cases/B038/formal_triple.svg,,1,artifacts/paper_a_chapter4_v1/rq1_rq3/formal_ours/raw_cases/B038/formal_triple.svg,central_period_viewport_from_formal_triple_svg
B039,matrix_B,proto_sw_3_1,expanded,medium,9,200000,artifacts/paper_a_chapter4_v1/rq1_rq3/formal_ours/raw_cases/B039/formal_triple.png,artifacts/paper_a_chapter4_v1/rq1_rq3/formal_ours/raw_cases/B039/formal_triple.svg,,1,artifacts/paper_a_chapter4_v1/rq1_rq3/formal_ours/raw_cases/B039/formal_triple.svg,central_period_viewport_from_formal_triple_svg
B040,matrix_B,proto_sw_3_1,expanded,medium,10,200000,artifacts/paper_a_chapter4_v1/rq1_rq3/formal_ours/raw_cases/B040/formal_triple.png,artifacts/paper_a_chapter4_v1/rq1_rq3/formal_ours/raw_cases/B040/formal_triple.svg,,1,artifacts/paper_a_chapter4_v1/rq1_rq3/formal_ours/raw_cases/B040/formal_triple.svg,central_period_viewport_from_formal_triple_svg
B041,matrix_B,proto_sw_3_2,expanded,medium,1,200000,artifacts/paper_a_chapter4_v1/rq1_rq3/formal_ours/raw_cases/B041/formal_triple.png,artifacts/paper_a_chapter4_v1/rq1_rq3/formal_ours/raw_cases/B041/formal_triple.svg,,1,artifacts/paper_a_chapter4_v1/rq1_rq3/formal_ours/raw_cases/B041/formal_triple.svg,central_period_viewport_from_formal_triple_svg
B042,matrix_B,proto_sw_3_2,expanded,medium,2,200000,artifacts/paper_a_chapter4_v1/rq1_rq3/formal_ours/raw_cases/B042/formal_triple.png,artifacts/paper_a_chapter4_v1/rq1_rq3/formal_ours/raw_cases/B042/formal_triple.svg,,1,artifacts/paper_a_chapter4_v1/rq1_rq3/formal_ours/raw_cases/B042/formal_triple.svg,central_period_viewport_from_formal_triple_svg
B043,matrix_B,proto_sw_3_2,expanded,medium,3,200000,artifacts/paper_a_chapter4_v1/rq1_rq3/formal_ours/raw_cases/B043/formal_triple.png,artifacts/paper_a_chapter4_v1/rq1_rq3/formal_ours/raw_cases/B043/formal_triple.svg,,1,artifacts/paper_a_chapter4_v1/rq1_rq3/formal_ours/raw_cases/B043/formal_triple.svg,central_period_viewport_from_formal_triple_svg
B044,matrix_B,proto_sw_3_2,expanded,medium,4,200000,artifacts/paper_a_chapter4_v1/rq1_rq3/formal_ours/raw_cases/B044/formal_triple.png,artifacts/paper_a_chapter4_v1/rq1_rq3/formal_ours/raw_cases/B044/formal_triple.svg,,1,artifacts/paper_a_chapter4_v1/rq1_rq3/formal_ours/raw_cases/B044/formal_triple.svg,central_period_viewport_from_formal_triple_svg
B045,matrix_B,proto_sw_3_2,expanded,medium,5,200000,artifacts/paper_a_chapter4_v1/rq1_rq3/formal_ours/raw_cases/B045/formal_triple.png,artifacts/paper_a_chapter4_v1/rq1_rq3/formal_ours/raw_cases/B045/formal_triple.svg,,1,artifacts/paper_a_chapter4_v1/rq1_rq3/formal_ours/raw_cases/B045/formal_triple.svg,central_period_viewport_from_formal_triple_svg
B046,matrix_B,proto_sw_3_2,expanded,medium,6,200000,artifacts/paper_a_chapter4_v1/rq1_rq3/formal_ours/raw_cases/B046/formal_triple.png,artifacts/paper_a_chapter4_v1/rq1_rq3/formal_ours/raw_cases/B046/formal_triple.svg,,1,artifacts/paper_a_chapter4_v1/rq1_rq3/formal_ours/raw_cases/B046/formal_triple.svg,central_period_viewport_from_formal_triple_svg
B047,matrix_B,proto_sw_3_2,expanded,medium,7,200000,artifacts/paper_a_chapter4_v1/rq1_rq3/formal_ours/raw_cases/B047/formal_triple.png,artifacts/paper_a_chapter4_v1/rq1_rq3/formal_ours/raw_cases/B047/formal_triple.svg,,1,artifacts/paper_a_chapter4_v1/rq1_rq3/formal_ours/raw_cases/B047/formal_triple.svg,central_period_viewport_from_formal_triple_svg
B048,matrix_B,proto_sw_3_2,expanded,medium,8,200000,artifacts/paper_a_chapter4_v1/rq1_rq3/formal_ours/raw_cases/B048/formal_triple.png,artifacts/paper_a_chapter4_v1/rq1_rq3/formal_ours/raw_cases/B048/formal_triple.svg,,1,artifacts/paper_a_chapter4_v1/rq1_rq3/formal_ours/raw_cases/B048/formal_triple.svg,central_period_viewport_from_formal_triple_svg
B049,matrix_B,proto_sw_3_2,expanded,medium,9,200000,artifacts/paper_a_chapter4_v1/rq1_rq3/formal_ours/raw_cases/B049/formal_triple.png,artifacts/paper_a_chapter4_v1/rq1_rq3/formal_ours/raw_cases/B049/formal_triple.svg,,1,artifacts/paper_a_chapter4_v1/rq1_rq3/formal_ours/raw_cases/B049/formal_triple.svg,central_period_viewport_from_formal_triple_svg
B050,matrix_B,proto_sw_3_2,expanded,medium,10,200000,artifacts/paper_a_chapter4_v1/rq1_rq3/formal_ours/raw_cases/B050/formal_triple.png,artifacts/paper_a_chapter4_v1/rq1_rq3/formal_ours/raw_cases/B050/formal_triple.svg,,1,artifacts/paper_a_chapter4_v1/rq1_rq3/formal_ours/raw_cases/B050/formal_triple.svg,central_period_viewport_from_formal_triple_svg
