pair_id,method,source_lane_id,candidate_id,child_curve_id,child_parent_length_ratio,entry_opening_degrees,clearance_margin,child_parent_clearance,parent_child_attachment_error,sibling_clearance
B001,old,selected_l1_004,proto_sw_1_1__seed_1575422959__global_l1_flow_v3__density_simple__selected_l1_004__Y-2C__nested_s__context_preferred__sample_0084,proto_sw_1_1__seed_1575422959__global_l1_flow_v3__density_simple__selected_l1_004.L2.1,0.49999633095328183,37.38271634151259,0.00035359384625882617,0.020353593846258827,4.149495872915031e-10,0.030366787094852573
B001,old,selected_l1_004,proto_sw_1_1__seed_1575422959__global_l1_flow_v3__density_simple__selected_l1_004__Y-2C__nested_s__context_preferred__sample_0084,proto_sw_1_1__seed_1575422959__global_l1_flow_v3__density_simple__selected_l1_004.L2.2,0.49999527077270217,44.51199996024002,0.00018991333009268224,0.020189913330092683,5.853013995113709e-10,0.030366787094852573
B001,h2,selected_l1_004,proto_sw_1_1__seed_1575422959__global_l1_flow_v3__density_simple__selected_l1_004__Y-C__open_c__context_opposed__sample_0081,proto_sw_1_1__seed_1575422959__global_l1_flow_v3__density_simple__selected_l1_004.L2.1,0.4620853006822628,43.13580269741391,0.0017526540794084652,0.021752654079408466,8.877712181001839e-11,
B002,old,selected_l1_004,proto_sw_1_1__seed_1160898339__global_l1_flow_v3__density_simple__selected_l1_004__Y-2C__nested_s__context_preferred__sample_0084,proto_sw_1_1__seed_1160898339__global_l1_flow_v3__density_simple__selected_l1_004.L2.1,0.4999951133276011,37.382714754796616,0.0001287633992247371,0.020128763399224738,3.4649574877219253e-10,0.02416137012258581
B002,old,selected_l1_004,proto_sw_1_1__seed_1160898339__global_l1_flow_v3__density_simple__selected_l1_004__Y-2C__nested_s__context_preferred__sample_0084,proto_sw_1_1__seed_1160898339__global_l1_flow_v3__density_simple__selected_l1_004.L2.2,0.4999955062416272,43.8399991255412,0.0002304418827890932,0.020230441882789094,4.681354230106063e-10,0.02416137012258581
B002,h2,selected_l1_004,proto_sw_1_1__seed_1160898339__global_l1_flow_v3__density_simple__selected_l1_004__Y-C__open_c__context_opposed__sample_0081,proto_sw_1_1__seed_1160898339__global_l1_flow_v3__density_simple__selected_l1_004.L2.1,0.46089422122963253,43.135803294102644,0.002329127089371382,0.022329127089371383,4.588125584375263e-10,
B003,old,selected_l1_001,proto_sw_1_1__seed_4182263884__global_l1_flow_v3__density_medium__selected_l1_001__Y-2C__open_asymmetric__context_preferred__sample_0011,proto_sw_1_1__seed_4182263884__global_l1_flow_v3__density_medium__selected_l1_001.L2.1,0.4610758943665016,48.07407413258133,0.001408573664426517,0.021408573664426517,2.3710683615594415e-10,0.03393181516431983
B003,old,selected_l1_001,proto_sw_1_1__seed_4182263884__global_l1_flow_v3__density_medium__selected_l1_001__Y-2C__open_asymmetric__context_preferred__sample_0011,proto_sw_1_1__seed_4182263884__global_l1_flow_v3__density_medium__selected_l1_001.L2.2,0.49999615470971254,42.72000173020867,1.5489242242452267e-05,0.020015489242242453,5.234580120357018e-10,0.03393181516431983
B003,h2,selected_l1_003,proto_sw_1_1__seed_4182263884__global_l1_flow_v3__density_medium__selected_l1_003__Y-C__open_c__context_preferred__sample_0055,proto_sw_1_1__seed_4182263884__global_l1_flow_v3__density_medium__selected_l1_003.L2.1,0.4624086781927317,48.27160482070637,0.0017290277687278012,0.0217290277687278,2.816785668968224e-10,
B004,old,selected_l1_005,proto_sw_1_1__seed_1989963110__global_l1_flow_v3__density_medium__selected_l1_005__Y-2C__nested_s__context_preferred__sample_0109,proto_sw_1_1__seed_1989963110__global_l1_flow_v3__density_medium__selected_l1_005.L2.1,0.49999532770609345,45.563785647408494,0.00031218840095611003,0.02031218840095611,2.83091567384699e-10,0.05178251619322931
B004,old,selected_l1_005,proto_sw_1_1__seed_1989963110__global_l1_flow_v3__density_medium__selected_l1_005__Y-2C__nested_s__context_preferred__sample_0109,proto_sw_1_1__seed_1989963110__global_l1_flow_v3__density_medium__selected_l1_005.L2.2,0.49999517177452574,44.62399874249961,0.00029281091980678034,0.02029281091980678,4.81957115196598e-10,0.05178251619322931
B004,h2,selected_l1_003,proto_sw_1_1__seed_1989963110__global_l1_flow_v3__density_medium__selected_l1_003__Y-C__compact_c__context_preferred__sample_0051,proto_sw_1_1__seed_1989963110__global_l1_flow_v3__density_medium__selected_l1_003.L2.1,0.46043750656146926,48.27160456666409,0.002192867517997847,0.022192867517997848,5.396340252930627e-10,
B005,old,selected_l1_003,proto_sw_1_1__seed_2661861881__global_l1_flow_v3__density_rich__selected_l1_003__Y-2C__staggered_c__context_preferred__sample_0057,proto_sw_1_1__seed_2661861881__global_l1_flow_v3__density_rich__selected_l1_003.L2.1,0.4596572700965237,52.81481365690456,0.0009766593745404901,0.02097665937454049,2.3392807692020456e-10,0.022579962754413548
B005,old,selected_l1_003,proto_sw_1_1__seed_2661861881__global_l1_flow_v3__density_rich__selected_l1_003__Y-2C__staggered_c__context_preferred__sample_0057,proto_sw_1_1__seed_2661861881__global_l1_flow_v3__density_rich__selected_l1_003.L2.2,0.4595544179335948,43.760002539782754,0.0008604268698338552,0.020860426869833856,6.485724207668719e-10,0.022579962754413548
B005,h2,selected_l1_006,proto_sw_1_1__seed_2661861881__global_l1_flow_v3__density_rich__selected_l1_006__Y-C__compact_c__context_opposed__sample_0127,proto_sw_1_1__seed_2661861881__global_l1_flow_v3__density_rich__selected_l1_006.L2.1,0.46293778854021894,40.304526489188575,0.002869608497544595,0.022869608497544595,2.476126903513248e-11,
B006,old,selected_l1_001,proto_sw_1_1__seed_898415462__global_l1_flow_v3__density_rich__selected_l1_001__Y-C__balanced_s__context_opposed__sample_0004,proto_sw_1_1__seed_898415462__global_l1_flow_v3__density_rich__selected_l1_001.L2.1,0.4999959310628865,46.888887153763214,0.00028729867878084236,0.020287298678780843,2.662908632912716e-10,
B006,h2,selected_l1_003,proto_sw_1_1__seed_898415462__global_l1_flow_v3__density_rich__selected_l1_003__Y-C__compact_c__context_preferred__sample_0051,proto_sw_1_1__seed_898415462__global_l1_flow_v3__density_rich__selected_l1_003.L2.1,0.4616142061761153,49.06172797454695,0.00248248069236719,0.02248248069236719,4.187673876959941e-10,
B007,old,selected_l1_001,proto_sw_1_1__seed_2781254137__global_l1_flow_v3__density_simple__selected_l1_001__Y-2C__open_asymmetric__context_swapped__sample_0024,proto_sw_1_1__seed_2781254137__global_l1_flow_v3__density_simple__selected_l1_001.L2.1,0.46001892415013307,48.07407460607946,0.0003009160121276479,0.02030091601212765,4.265395536162259e-10,0.022333686309916403
B007,old,selected_l1_001,proto_sw_1_1__seed_2781254137__global_l1_flow_v3__density_simple__selected_l1_001__Y-2C__open_asymmetric__context_swapped__sample_0024,proto_sw_1_1__seed_2781254137__global_l1_flow_v3__density_simple__selected_l1_001.L2.2,0.4999950023951986,46.52800120729065,0.00022757597012312836,0.02022757597012313,2.6109803155270473e-10,0.022333686309916403
B007,h2,selected_l1_004,proto_sw_1_1__seed_2781254137__global_l1_flow_v3__density_simple__selected_l1_004__Y-C__open_c__context_preferred__sample_0080,proto_sw_1_1__seed_2781254137__global_l1_flow_v3__density_simple__selected_l1_004.L2.1,0.4611893147488849,46.032921801910746,0.001991220515315119,0.02199122051531512,5.102307316436293e-10,
B008,old,selected_l1_003,proto_sw_1_1__seed_399132903__global_l1_flow_v3__density_simple__selected_l1_003__Y-2C__nested_s__context_swapped__sample_0060,proto_sw_1_1__seed_399132903__global_l1_flow_v3__density_simple__selected_l1_003.L2.1,0.49999645326359576,44.123457498212474,0.0008078909498192982,0.0208078909498193,4.673748869413995e-10,0.053115433571814835
B008,old,selected_l1_003,proto_sw_1_1__seed_399132903__global_l1_flow_v3__density_simple__selected_l1_003__Y-2C__nested_s__context_swapped__sample_0060,proto_sw_1_1__seed_399132903__global_l1_flow_v3__density_simple__selected_l1_003.L2.2,0.4999962657004256,36.672001246780006,0.00043355927893638443,0.020433559278936385,8.385240009053422e-11,0.053115433571814835
B008,h2,selected_l1_002,proto_sw_1_1__seed_399132903__global_l1_flow_v3__density_simple__selected_l1_002__Y-C__open_c__context_preferred__sample_0030,proto_sw_1_1__seed_399132903__global_l1_flow_v3__density_simple__selected_l1_002.L2.1,0.4607933988720495,45.308642135616715,0.002093780420279863,0.022093780420279863,5.566746021824057e-10,
B009,old,selected_l1_002,proto_sw_1_1__seed_3756345937__global_l1_flow_v3__density_medium__selected_l1_002__Y-2C__nested_s__context_swapped__sample_0041,proto_sw_1_1__seed_3756345937__global_l1_flow_v3__density_medium__selected_l1_002.L2.1,0.49999699873884085,46.88888961564129,0.0005433849708305766,0.020543384970830577,4.684158830694447e-10,0.022286647613223295
B009,old,selected_l1_002,proto_sw_1_1__seed_3756345937__global_l1_flow_v3__density_medium__selected_l1_002__Y-2C__nested_s__context_swapped__sample_0041,proto_sw_1_1__seed_3756345937__global_l1_flow_v3__density_medium__selected_l1_002.L2.2,0.4999970688020862,46.86400319298354,0.000177095416001586,0.020177095416001586,2.317527470442598e-10,0.022286647613223295
B009,old,selected_l1_004,proto_sw_1_1__seed_3756345937__global_l1_flow_v3__density_medium__selected_l1_004__Y-2C__nested_s__context_preferred__sample_0084,proto_sw_1_1__seed_3756345937__global_l1_flow_v3__density_medium__selected_l1_004.L2.1,0.499996567192231,49.251026963848595,0.0012023309057915058,0.021202330905791506,6.406536186678574e-10,0.043244250148693646
B009,old,selected_l1_004,proto_sw_1_1__seed_3756345937__global_l1_flow_v3__density_medium__selected_l1_004__Y-2C__nested_s__context_preferred__sample_0084,proto_sw_1_1__seed_3756345937__global_l1_flow_v3__density_medium__selected_l1_004.L2.2,0.499995825985958,40.927999461152574,0.0004321181714985918,0.020432118171498592,1.7179274941348064e-10,0.043244250148693646
B009,h2,selected_l1_005,proto_sw_1_1__seed_3756345937__global_l1_flow_v3__density_medium__selected_l1_005__Y-C__compact_c__context_preferred__sample_0101,proto_sw_1_1__seed_3756345937__global_l1_flow_v3__density_medium__selected_l1_005.L2.1,0.45943032456739447,47.21810685750159,0.0010015377437955775,0.021001537743795578,5.549179563764918e-10,
B009,h2,selected_l1_001,proto_sw_1_1__seed_3756345937__global_l1_flow_v3__density_medium__selected_l1_001__Y-C__compact_c__context_opposed__sample_0002,proto_sw_1_1__seed_3756345937__global_l1_flow_v3__density_medium__selected_l1_001.L2.1,0.46015060103995203,46.888888671483365,0.0004881250249493922,0.020488125024949393,4.2851248271553095e-10,
B010,old,selected_l1_001,proto_sw_1_1__seed_3401931970__global_l1_flow_v3__density_medium__selected_l1_001__Y-2C__open_asymmetric__context_preferred__sample_0017,proto_sw_1_1__seed_3401931970__global_l1_flow_v3__density_medium__selected_l1_001.L2.1,0.45926947496919013,39.18518371741109,0.0007076995807274375,0.020707699580727438,6.088454381052984e-10,0.024432491891550376
B010,old,selected_l1_001,proto_sw_1_1__seed_3401931970__global_l1_flow_v3__density_medium__selected_l1_001__Y-2C__open_asymmetric__context_preferred__sample_0017,proto_sw_1_1__seed_3401931970__global_l1_flow_v3__density_medium__selected_l1_001.L2.2,0.49999603492539446,42.72000110892692,0.0002607914335394368,0.020260791433539437,3.9203875871636684e-10,0.024432491891550376
B010,old,selected_l1_002,proto_sw_1_1__seed_3401931970__global_l1_flow_v3__density_medium__selected_l1_002__Y-2C__open_asymmetric__context_swapped__sample_0043,proto_sw_1_1__seed_3401931970__global_l1_flow_v3__density_medium__selected_l1_002.L2.1,0.4619051357856896,53.01234617805776,0.0012230797109600428,0.021223079710960043,3.885774274740207e-10,0.037560780477026684
B010,old,selected_l1_002,proto_sw_1_1__seed_3401931970__global_l1_flow_v3__density_medium__selected_l1_002__Y-2C__open_asymmetric__context_swapped__sample_0043,proto_sw_1_1__seed_3401931970__global_l1_flow_v3__density_medium__selected_l1_002.L2.2,0.4999967121959532,39.13600097507921,0.0005131132798100319,0.020513113279810032,4.784713140306734e-10,0.037560780477026684
B010,h2,selected_l1_001,proto_sw_1_1__seed_3401931970__global_l1_flow_v3__density_medium__selected_l1_001__Y-C__open_c__context_opposed__sample_0006,proto_sw_1_1__seed_3401931970__global_l1_flow_v3__density_medium__selected_l1_001.L2.1,0.4605602743540619,46.888887304643674,0.0001836517083067292,0.02018365170830673,5.727301109676791e-10,
B010,h2,selected_l1_005,proto_sw_1_1__seed_3401931970__global_l1_flow_v3__density_medium__selected_l1_005__Y-C__open_c__context_opposed__sample_0106,proto_sw_1_1__seed_3401931970__global_l1_flow_v3__density_medium__selected_l1_005.L2.1,0.4608953891047061,46.09876570914366,0.0027220839216417526,0.022722083921641753,3.9444444749644757e-10,
B011,old,selected_l1_002,proto_sw_1_1__seed_1160715944__global_l1_flow_v3__density_rich__selected_l1_002__Y-2C__open_asymmetric__context_swapped__sample_0037,proto_sw_1_1__seed_1160715944__global_l1_flow_v3__density_rich__selected_l1_002.L2.1,0.46301286238789796,46.8888891062184,0.00020050125851501024,0.02020050125851501,4.963958235441602e-10,0.02329338561369596
B011,old,selected_l1_002,proto_sw_1_1__seed_1160715944__global_l1_flow_v3__density_rich__selected_l1_002__Y-2C__open_asymmetric__context_swapped__sample_0037,proto_sw_1_1__seed_1160715944__global_l1_flow_v3__density_rich__selected_l1_002.L2.2,0.4999945407007257,49.103998820089075,6.690675004267926e-05,0.02006690675004268,2.3836287417612137e-10,0.02329338561369596
B011,h2,selected_l1_006,proto_sw_1_1__seed_1160715944__global_l1_flow_v3__density_rich__selected_l1_006__Y-C__open_c__context_opposed__sample_0131,proto_sw_1_1__seed_1160715944__global_l1_flow_v3__density_rich__selected_l1_006.L2.1,0.4625917451997526,43.86008165390882,0.0019708996918148744,0.021970899691814875,3.760630981265181e-10,
B012,old,selected_l1_001,proto_sw_1_1__seed_3322687601__global_l1_flow_v3__density_rich__selected_l1_001__Y-2C__nested_s__context_preferred__sample_0009,proto_sw_1_1__seed_3322687601__global_l1_flow_v3__density_rich__selected_l1_001.L2.1,0.4999958451824177,47.92592532896085,0.00025573739409820787,0.02025573739409821,1.4479862398778116e-10,0.03726709616540742
B012,old,selected_l1_001,proto_sw_1_1__seed_3322687601__global_l1_flow_v3__density_rich__selected_l1_001__Y-2C__nested_s__context_preferred__sample_0009,proto_sw_1_1__seed_3322687601__global_l1_flow_v3__density_rich__selected_l1_001.L2.2,0.4999978403034475,40.47999903905373,0.00014009496307296893,0.02014009496307297,5.567115941815939e-10,0.03726709616540742
B012,old,selected_l1_004,proto_sw_1_1__seed_3322687601__global_l1_flow_v3__density_rich__selected_l1_004__Y-2C__nested_s__context_swapped__sample_0085,proto_sw_1_1__seed_3322687601__global_l1_flow_v3__density_rich__selected_l1_004.L2.1,0.49999567033972403,46.946502718468246,0.0010050243853834823,0.021005024385383483,5.361486886985935e-10,0.05928349925349896
B012,old,selected_l1_004,proto_sw_1_1__seed_3322687601__global_l1_flow_v3__density_rich__selected_l1_004__Y-2C__nested_s__context_swapped__sample_0085,proto_sw_1_1__seed_3322687601__global_l1_flow_v3__density_rich__selected_l1_004.L2.2,0.4999961469196561,47.311997860306164,0.00031267780949130117,0.0203126778094913,2.607710855869893e-10,0.05928349925349896
B012,h2,selected_l1_002,proto_sw_1_1__seed_3322687601__global_l1_flow_v3__density_rich__selected_l1_002__Y-C__compact_c__context_preferred__sample_0026,proto_sw_1_1__seed_3322687601__global_l1_flow_v3__density_rich__selected_l1_002.L2.1,0.4601358190597526,46.098766253080086,0.001196586146894208,0.02119658614689421,2.357521192324401e-11,
B012,h2,selected_l1_004,proto_sw_1_1__seed_3322687601__global_l1_flow_v3__density_rich__selected_l1_004__Y-C__compact_c__context_opposed__sample_0077,proto_sw_1_1__seed_3322687601__global_l1_flow_v3__density_rich__selected_l1_004.L2.1,0.46221957066376373,43.135802964716746,0.0016409265816417912,0.02164092658164179,5.483896968463797e-10,
B013,old,selected_l1_002,proto_sw_1_1__seed_1964058663__global_l1_flow_v3__density_simple__selected_l1_002__Y-2C__nested_s__context_swapped__sample_0047,proto_sw_1_1__seed_1964058663__global_l1_flow_v3__density_simple__selected_l1_002.L2.1,0.49999521088043747,45.851852892378595,0.0002871294635665052,0.020287129463566506,1.112725791497859e-10,0.025800254488409287
B013,old,selected_l1_002,proto_sw_1_1__seed_1964058663__global_l1_flow_v3__density_simple__selected_l1_002__Y-2C__nested_s__context_swapped__sample_0047,proto_sw_1_1__seed_1964058663__global_l1_flow_v3__density_simple__selected_l1_002.L2.2,0.4999954642612228,36.896004659531336,0.0002599054838077555,0.020259905483807756,3.612743060765938e-10,0.025800254488409287
B013,h2,selected_l1_004,proto_sw_1_1__seed_1964058663__global_l1_flow_v3__density_simple__selected_l1_004__Y-C__open_c__context_opposed__sample_0081,proto_sw_1_1__seed_1964058663__global_l1_flow_v3__density_simple__selected_l1_004.L2.1,0.4601598664779838,43.135802507518655,0.0022018343018137473,0.022201834301813748,3.9361830587357617e-10,
B014,old,selected_l1_004,proto_sw_1_1__seed_608345505__global_l1_flow_v3__density_simple__selected_l1_004__Y-2C__nested_s__context_preferred__sample_0084,proto_sw_1_1__seed_608345505__global_l1_flow_v3__density_simple__selected_l1_004.L2.1,0.4999955153520899,49.25102674805888,0.0009607874034253255,0.020960787403425326,4.959642649791498e-10,0.023309252599357674
B014,old,selected_l1_004,proto_sw_1_1__seed_608345505__global_l1_flow_v3__density_simple__selected_l1_004__Y-2C__nested_s__context_preferred__sample_0084,proto_sw_1_1__seed_608345505__global_l1_flow_v3__density_simple__selected_l1_004.L2.2,0.4999958105663098,43.840000985020616,1.2218301073826932e-05,0.020012218301073827,5.337738015132045e-10,0.023309252599357674
B014,h2,selected_l1_004,proto_sw_1_1__seed_608345505__global_l1_flow_v3__density_simple__selected_l1_004__Y-C__open_c__context_preferred__sample_0080,proto_sw_1_1__seed_608345505__global_l1_flow_v3__density_simple__selected_l1_004.L2.1,0.45905036771539365,46.032921334431464,0.001718319311741611,0.02171831931174161,4.959642649791498e-10,
B015,old,selected_l1_003,proto_sw_1_1__seed_3906224916__global_l1_flow_v3__density_medium__selected_l1_003__Y-2C__nested_s__context_swapped__sample_0060,proto_sw_1_1__seed_3906224916__global_l1_flow_v3__density_medium__selected_l1_003.L2.1,0.4999965031007197,45.851850227175106,0.0011075560141653173,0.021107556014165318,5.21903428972029e-10,0.03098371862688748
B015,old,selected_l1_003,proto_sw_1_1__seed_3906224916__global_l1_flow_v3__density_medium__selected_l1_003__Y-2C__nested_s__context_swapped__sample_0060,proto_sw_1_1__seed_3906224916__global_l1_flow_v3__density_medium__selected_l1_003.L2.2,0.4999973327450446,40.144000238984866,4.2788642304024405e-06,0.020004278864230403,3.5914602173031734e-10,0.03098371862688748
B015,old,selected_l1_004,proto_sw_1_1__seed_3906224916__global_l1_flow_v3__density_medium__selected_l1_004__Y-2C__nested_s__context_preferred__sample_0084,proto_sw_1_1__seed_3906224916__global_l1_flow_v3__density_medium__selected_l1_004.L2.1,0.49999402178559155,49.25102952518322,0.001026722341644068,0.02102672234164407,2.88530159270764e-10,0.043240340332018866
B015,old,selected_l1_004,proto_sw_1_1__seed_3906224916__global_l1_flow_v3__density_medium__selected_l1_004__Y-2C__nested_s__context_preferred__sample_0084,proto_sw_1_1__seed_3906224916__global_l1_flow_v3__density_medium__selected_l1_004.L2.2,0.4999954470555962,44.51199896615455,0.0007765345592448611,0.02077653455924486,4.4637344882048237e-10,0.043240340332018866
B015,h2,selected_l1_005,proto_sw_1_1__seed_3906224916__global_l1_flow_v3__density_medium__selected_l1_005__Y-C__open_c__context_opposed__sample_0106,proto_sw_1_1__seed_3906224916__global_l1_flow_v3__density_medium__selected_l1_005.L2.1,0.4600100631325839,46.09876622959116,0.002720645315114706,0.022720645315114706,6.656294620672066e-10,
B015,h2,selected_l1_004,proto_sw_1_1__seed_3906224916__global_l1_flow_v3__density_medium__selected_l1_004__Y-C__compact_c__context_opposed__sample_0077,proto_sw_1_1__seed_3906224916__global_l1_flow_v3__density_medium__selected_l1_004.L2.1,0.46135346680490985,43.33333264327848,0.0022060374447642195,0.02220603744476422,2.597574916017048e-10,
B016,old,selected_l1_001,proto_sw_1_1__seed_1105195513__global_l1_flow_v3__density_medium__selected_l1_001__Y-2C__staggered_c__context_swapped__sample_0020,proto_sw_1_1__seed_1105195513__global_l1_flow_v3__density_medium__selected_l1_001.L2.1,0.46005139255129224,49.259259044334534,8.01154471391334e-05,0.020080115447139134,3.2611787356137094e-10,0.02327413498245757
B016,old,selected_l1_001,proto_sw_1_1__seed_1105195513__global_l1_flow_v3__density_medium__selected_l1_001__Y-2C__staggered_c__context_swapped__sample_0020,proto_sw_1_1__seed_1105195513__global_l1_flow_v3__density_medium__selected_l1_001.L2.2,0.4597446180813849,44.399999380701544,0.00020255911306103075,0.02020255911306103,4.737696622147021e-10,0.02327413498245757
B016,old,selected_l1_005,proto_sw_1_1__seed_1105195513__global_l1_flow_v3__density_medium__selected_l1_005__Y-2C__nested_s__context_swapped__sample_0110,proto_sw_1_1__seed_1105195513__global_l1_flow_v3__density_medium__selected_l1_005.L2.1,0.4999955843825868,44.75720122175001,0.0003181686208098729,0.020318168620809873,4.9161554976126786e-11,0.04426400986488893
B016,old,selected_l1_005,proto_sw_1_1__seed_1105195513__global_l1_flow_v3__density_medium__selected_l1_005__Y-2C__nested_s__context_swapped__sample_0110,proto_sw_1_1__seed_1105195513__global_l1_flow_v3__density_medium__selected_l1_005.L2.2,0.4999959592741917,40.367998788744224,0.00016090681700098655,0.020160906817000987,5.783304038031704e-10,0.04426400986488893
B016,h2,selected_l1_005,proto_sw_1_1__seed_1105195513__global_l1_flow_v3__density_medium__selected_l1_005__Y-C__open_c__context_preferred__sample_0105,proto_sw_1_1__seed_1105195513__global_l1_flow_v3__density_medium__selected_l1_005.L2.1,0.46124161697165544,48.99588483035254,0.0021502799968734707,0.02215027999687347,4.9161554976126786e-11,
B016,h2,selected_l1_004,proto_sw_1_1__seed_1105195513__global_l1_flow_v3__density_medium__selected_l1_004__Y-C__open_c__context_preferred__sample_0080,proto_sw_1_1__seed_1105195513__global_l1_flow_v3__density_medium__selected_l1_004.L2.1,0.4588766535012162,46.03292186736211,0.0009846928349305298,0.02098469283493053,4.700532908294259e-10,
B017,old,selected_l1_003,proto_sw_1_1__seed_302128940__global_l1_flow_v3__density_rich__selected_l1_003__Y-2C__open_asymmetric__context_preferred__sample_0061,proto_sw_1_1__seed_302128940__global_l1_flow_v3__density_rich__selected_l1_003.L2.1,0.45945808545102323,38.592593091222405,0.001649901023827633,0.021649901023827633,4.373031387886083e-10,0.03705065004873857
B017,old,selected_l1_003,proto_sw_1_1__seed_302128940__global_l1_flow_v3__density_rich__selected_l1_003__Y-2C__open_asymmetric__context_preferred__sample_0061,proto_sw_1_1__seed_302128940__global_l1_flow_v3__density_rich__selected_l1_003.L2.2,0.49999622408582806,49.88799895934723,0.0007093295892344163,0.020709329589234417,4.0049868200096037e-10,0.03705065004873857
B017,h2,selected_l1_004,proto_sw_1_1__seed_302128940__global_l1_flow_v3__density_rich__selected_l1_004__Y-C__open_c__context_opposed__sample_0081,proto_sw_1_1__seed_302128940__global_l1_flow_v3__density_rich__selected_l1_004.L2.1,0.46037751771881136,43.39917697820524,0.0010632813203150307,0.02106328132031503,3.502844817556613e-10,
B018,old,selected_l1_003,proto_sw_1_1__seed_1978891010__global_l1_flow_v3__density_rich__selected_l1_003__Y-2C__open_asymmetric__context_preferred__sample_0061,proto_sw_1_1__seed_1978891010__global_l1_flow_v3__density_rich__selected_l1_003.L2.1,0.4605120037331246,52.61728245330255,0.0004399673547121931,0.020439967354712194,3.9042386671713434e-10,0.023053997565974982
B018,old,selected_l1_003,proto_sw_1_1__seed_1978891010__global_l1_flow_v3__density_rich__selected_l1_003__Y-2C__open_asymmetric__context_preferred__sample_0061,proto_sw_1_1__seed_1978891010__global_l1_flow_v3__density_rich__selected_l1_003.L2.2,0.4999974727721498,35.99999943623451,9.080051674347639e-05,0.020090800516743477,4.202298512738614e-10,0.023053997565974982
B018,old,selected_l1_002,proto_sw_1_1__seed_1978891010__global_l1_flow_v3__density_rich__selected_l1_002__Y-2C__nested_s__context_swapped__sample_0035,proto_sw_1_1__seed_1978891010__global_l1_flow_v3__density_rich__selected_l1_002.L2.1,0.4999946537496786,48.44444420315807,0.001058230230146423,0.021058230230146423,4.84952772969962e-10,0.08662499959477213
B018,old,selected_l1_002,proto_sw_1_1__seed_1978891010__global_l1_flow_v3__density_rich__selected_l1_002__Y-2C__nested_s__context_swapped__sample_0035,proto_sw_1_1__seed_1978891010__global_l1_flow_v3__density_rich__selected_l1_002.L2.2,0.4999950669255598,46.976000493224696,0.0005990932530617402,0.02059909325306174,4.670262893263532e-10,0.08662499959477213
B018,h2,selected_l1_005,proto_sw_1_1__seed_1978891010__global_l1_flow_v3__density_rich__selected_l1_005__Y-C__open_c__context_preferred__sample_0105,proto_sw_1_1__seed_1978891010__global_l1_flow_v3__density_rich__selected_l1_005.L2.1,0.4597797905259187,48.13991848922423,0.0026208361241767952,0.022620836124176796,6.172022886889179e-10,
B018,h2,selected_l1_006,proto_sw_1_1__seed_1978891010__global_l1_flow_v3__density_rich__selected_l1_006__Y-C__open_c__context_opposed__sample_0131,proto_sw_1_1__seed_1978891010__global_l1_flow_v3__density_rich__selected_l1_006.L2.1,0.45999586095300427,43.004114794483904,0.002521974431888011,0.02252197443188801,3.3136503362210024e-10,
B019,old,selected_l1_002,proto_sw_1_3__seed_302128940__global_l1_flow_v3__density_simple__selected_l1_002__Y-2C__nested_s__context_preferred__sample_0040,proto_sw_1_3__seed_302128940__global_l1_flow_v3__density_simple__selected_l1_002.L2.1,0.4999962408448603,40.66666785258668,0.0006528615204466452,0.020652861520446646,3.177525054476785e-10,0.03353704910946854
B019,old,selected_l1_002,proto_sw_1_3__seed_302128940__global_l1_flow_v3__density_simple__selected_l1_002__Y-2C__nested_s__context_preferred__sample_0040,proto_sw_1_3__seed_302128940__global_l1_flow_v3__density_simple__selected_l1_002.L2.2,0.49999582131721015,48.20800107560091,0.0002614263054714072,0.020261426305471408,5.138173396382676e-10,0.03353704910946854
B019,h2,selected_l1_001,proto_sw_1_3__seed_302128940__global_l1_flow_v3__density_simple__selected_l1_001__Y-C__compact_c__context_opposed__sample_0002,proto_sw_1_3__seed_302128940__global_l1_flow_v3__density_simple__selected_l1_001.L2.1,0.45928591038290395,46.88888910299515,0.00012182539498954356,0.020121825394989544,5.267365758943976e-10,
B020,old,selected_l1_003,proto_sw_1_3__seed_1964058663__global_l1_flow_v3__density_simple__selected_l1_003__Y-2C__open_asymmetric__context_swapped__sample_0062,proto_sw_1_3__seed_1964058663__global_l1_flow_v3__density_simple__selected_l1_003.L2.1,0.4600022998403655,52.41975375728805,0.0012256646660751339,0.021225664666075134,1.7454441832741223e-10,0.11448423940861022
B020,old,selected_l1_003,proto_sw_1_3__seed_1964058663__global_l1_flow_v3__density_simple__selected_l1_003__Y-2C__open_asymmetric__context_swapped__sample_0062,proto_sw_1_3__seed_1964058663__global_l1_flow_v3__density_simple__selected_l1_003.L2.2,0.4999966221424574,38.68800089640309,1.7593524145285977e-05,0.020017593524145286,4.918188175844174e-10,0.11448423940861022
B020,h2,selected_l1_004,proto_sw_1_3__seed_1964058663__global_l1_flow_v3__density_simple__selected_l1_004__Y-C__compact_c__context_preferred__sample_0076,proto_sw_1_3__seed_1964058663__global_l1_flow_v3__density_simple__selected_l1_004.L2.1,0.4633812754139158,44.123457007643225,0.0009498555448782219,0.020949855544878222,6.579174073142586e-10,
B021,old,selected_l1_003,proto_sw_1_3__seed_2661861881__global_l1_flow_v3__density_medium__selected_l1_003__Y-C__balanced_s__context_opposed__sample_0054,proto_sw_1_3__seed_2661861881__global_l1_flow_v3__density_medium__selected_l1_003.L2.1,0.49999641346583024,47.407403472353934,0.0001019497213770107,0.02010194972137701,5.252861896065736e-10,
B021,h2,selected_l1_002,proto_sw_1_3__seed_2661861881__global_l1_flow_v3__density_medium__selected_l1_002__Y-C__open_c__context_opposed__sample_0031,proto_sw_1_3__seed_2661861881__global_l1_flow_v3__density_medium__selected_l1_002.L2.1,0.46084320192626854,44.518518652798505,0.002305757495613292,0.022305757495613292,3.408941821495612e-10,
B022,old,selected_l1_002,proto_sw_1_3__seed_1291941794__global_l1_flow_v3__density_medium__selected_l1_002__Y-2C__open_asymmetric__context_swapped__sample_0037,proto_sw_1_3__seed_1291941794__global_l1_flow_v3__density_medium__selected_l1_002.L2.1,0.4598581626572896,41.358025061234954,0.0010201322782590512,0.02102013227825905,4.4027771809593593e-10,0.038182699144047295
B022,old,selected_l1_002,proto_sw_1_3__seed_1291941794__global_l1_flow_v3__density_medium__selected_l1_002__Y-2C__open_asymmetric__context_swapped__sample_0037,proto_sw_1_3__seed_1291941794__global_l1_flow_v3__density_medium__selected_l1_002.L2.2,0.49999526831502994,42.1600000753957,0.000900104868839801,0.0209001048688398,2.3937922981044953e-10,0.038182699144047295
B022,old,selected_l1_005,proto_sw_1_3__seed_1291941794__global_l1_flow_v3__density_medium__selected_l1_005__Y-2C__nested_s__context_preferred__sample_0109,proto_sw_1_3__seed_1291941794__global_l1_flow_v3__density_medium__selected_l1_005.L2.1,0.49999659440913347,45.56378559159684,0.0011912703658688607,0.02119127036586886,2.2595764869746396e-10,0.034563785428459226
B022,old,selected_l1_005,proto_sw_1_3__seed_1291941794__global_l1_flow_v3__density_medium__selected_l1_005__Y-2C__nested_s__context_preferred__sample_0109,proto_sw_1_3__seed_1291941794__global_l1_flow_v3__density_medium__selected_l1_005.L2.2,0.49999639392451617,43.9520018936422,0.0005491799896727781,0.02054917998967278,5.799236718835437e-10,0.034563785428459226
B022,h2,selected_l1_001,proto_sw_1_3__seed_1291941794__global_l1_flow_v3__density_medium__selected_l1_001__Y-C__compact_c__context_opposed__sample_0002,proto_sw_1_3__seed_1291941794__global_l1_flow_v3__density_medium__selected_l1_001.L2.1,0.46017280075340405,48.66666616114937,0.00030968461102774333,0.020309684611027744,4.166039577236908e-10,
B022,h2,selected_l1_002,proto_sw_1_3__seed_1291941794__global_l1_flow_v3__density_medium__selected_l1_002__Y-C__compact_c__context_preferred__sample_0026,proto_sw_1_3__seed_1291941794__global_l1_flow_v3__density_medium__selected_l1_002.L2.1,0.46064233901095114,46.09876565928692,0.0022548880591420975,0.022254888059142098,3.062679567251315e-10,
B023,old,selected_l1_003,proto_sw_1_3__seed_2443990248__global_l1_flow_v3__density_rich__selected_l1_003__Y-C__balanced_s__context_preferred__sample_0053,proto_sw_1_3__seed_2443990248__global_l1_flow_v3__density_rich__selected_l1_003.L2.1,0.49999662724168975,36.345678616941484,6.736668923782926e-05,0.02006736668923783,5.232629419881542e-10,
B023,old,selected_l1_004,proto_sw_1_3__seed_2443990248__global_l1_flow_v3__density_rich__selected_l1_004__Y-2C__nested_s__context_preferred__sample_0090,proto_sw_1_3__seed_2443990248__global_l1_flow_v3__density_rich__selected_l1_004.L2.1,0.4999965449824283,41.24279878957031,0.0007857306258443261,0.020785730625844327,4.721059586565681e-10,0.04369688489059831
B023,old,selected_l1_004,proto_sw_1_3__seed_2443990248__global_l1_flow_v3__density_rich__selected_l1_004__Y-2C__nested_s__context_preferred__sample_0090,proto_sw_1_3__seed_2443990248__global_l1_flow_v3__density_rich__selected_l1_004.L2.2,0.4999968144339113,47.87200051881838,0.0014226550866677339,0.021422655086667734,5.447236712704495e-10,0.04369688489059831
B023,h2,selected_l1_005,proto_sw_1_3__seed_2443990248__global_l1_flow_v3__density_rich__selected_l1_005__Y-C__compact_c__context_preferred__sample_0101,proto_sw_1_3__seed_2443990248__global_l1_flow_v3__density_rich__selected_l1_005.L2.1,0.459154229289218,47.218107137598906,0.0009092058409356195,0.02090920584093562,3.037598103230994e-10,
B023,h2,selected_l1_002,proto_sw_1_3__seed_2443990248__global_l1_flow_v3__density_rich__selected_l1_002__Y-C__compact_c__context_opposed__sample_0027,proto_sw_1_3__seed_2443990248__global_l1_flow_v3__density_rich__selected_l1_002.L2.1,0.46009595126304287,42.740740466349166,0.0016168377868370394,0.02161683778683704,3.2311751603178256e-10,
B024,old,selected_l1_004,proto_sw_1_3__seed_2041979072__global_l1_flow_v3__density_rich__selected_l1_004__Y-2C__staggered_c__context_preferred__sample_0088,proto_sw_1_3__seed_2041979072__global_l1_flow_v3__density_rich__selected_l1_004.L2.1,0.460610538653578,52.288065469969595,0.0019417275796095555,0.021941727579609556,5.166703990435949e-10,0.04902151371472432
B024,old,selected_l1_004,proto_sw_1_3__seed_2041979072__global_l1_flow_v3__density_rich__selected_l1_004__Y-2C__staggered_c__context_preferred__sample_0088,proto_sw_1_3__seed_2041979072__global_l1_flow_v3__density_rich__selected_l1_004.L2.2,0.46051841204533656,52.46400032190496,0.0012029828424982014,0.021202982842498202,4.560882620442524e-10,0.04902151371472432
B024,old,selected_l1_006,proto_sw_1_3__seed_2041979072__global_l1_flow_v3__density_rich__selected_l1_006__Y-2C__nested_s__context_swapped__sample_0141,proto_sw_1_3__seed_2041979072__global_l1_flow_v3__density_rich__selected_l1_006.L2.1,0.4999963968788245,44.18106952401324,0.00021593552333567384,0.020215935523335674,4.937058079068246e-10,0.034227692387339345
B024,old,selected_l1_006,proto_sw_1_3__seed_2041979072__global_l1_flow_v3__density_rich__selected_l1_006__Y-2C__nested_s__context_swapped__sample_0141,proto_sw_1_3__seed_2041979072__global_l1_flow_v3__density_rich__selected_l1_006.L2.2,0.4999950254318253,36.98559934403197,0.0016546197022978167,0.021654619702297817,4.890025647134455e-10,0.034227692387339345
B024,h2,selected_l1_006,proto_sw_1_3__seed_2041979072__global_l1_flow_v3__density_rich__selected_l1_006__Y-C__compact_c__context_preferred__sample_0126,proto_sw_1_3__seed_2041979072__global_l1_flow_v3__density_rich__selected_l1_006.L2.1,0.4620592453957659,44.78189302293671,0.0005545683045272698,0.02055456830452727,2.0020056471354092e-10,
B024,h2,selected_l1_005,proto_sw_1_3__seed_2041979072__global_l1_flow_v3__density_rich__selected_l1_005__Y-C__open_c__context_preferred__sample_0105,proto_sw_1_3__seed_2041979072__global_l1_flow_v3__density_rich__selected_l1_005.L2.1,0.45937581993605275,48.139917856417235,0.002588269476214697,0.022588269476214697,4.988781452602359e-10,
B025,old,selected_l1_003,proto_sw_1_3__seed_3756345937__global_l1_flow_v3__density_simple__selected_l1_003__Y-2C__nested_s__context_swapped__sample_0060,proto_sw_1_3__seed_3756345937__global_l1_flow_v3__density_simple__selected_l1_003.L2.1,0.49999640527280714,45.851851636971645,0.0006434806715225616,0.020643480671522562,3.597309915462907e-10,0.05204163750718649
B025,old,selected_l1_003,proto_sw_1_3__seed_3756345937__global_l1_flow_v3__density_simple__selected_l1_003__Y-2C__nested_s__context_swapped__sample_0060,proto_sw_1_3__seed_3756345937__global_l1_flow_v3__density_simple__selected_l1_003.L2.2,0.4999963411007157,47.2000006199376,0.0011033859674319316,0.021103385967431932,2.6884869674818133e-10,0.05204163750718649
B025,h2,selected_l1_003,proto_sw_1_3__seed_3756345937__global_l1_flow_v3__density_simple__selected_l1_003__Y-C__open_c__context_opposed__sample_0056,proto_sw_1_3__seed_3756345937__global_l1_flow_v3__density_simple__selected_l1_003.L2.1,0.46348364282376137,47.48148108516927,0.0015058998102915715,0.021505899810291572,3.597309915462907e-10,
B026,old,selected_l1_001,proto_sw_1_3__seed_1989963110__global_l1_flow_v3__density_simple__selected_l1_001__Y-2C__open_asymmetric__context_swapped__sample_0012,proto_sw_1_3__seed_1989963110__global_l1_flow_v3__density_simple__selected_l1_001.L2.1,0.4599924217469177,53.40740737618112,0.0005209972211875566,0.020520997221187557,1.567326551600947e-10,0.05044418363246854
B026,old,selected_l1_001,proto_sw_1_3__seed_1989963110__global_l1_flow_v3__density_simple__selected_l1_001__Y-2C__open_asymmetric__context_swapped__sample_0012,proto_sw_1_3__seed_1989963110__global_l1_flow_v3__density_simple__selected_l1_001.L2.2,0.4999962820091059,42.159998685247196,4.3601883581795287e-05,0.020043601883581796,2.7746983126429045e-10,0.05044418363246854
B026,h2,selected_l1_002,proto_sw_1_3__seed_1989963110__global_l1_flow_v3__density_simple__selected_l1_002__Y-2C__open_asymmetric__context_swapped__sample_0043,proto_sw_1_3__seed_1989963110__global_l1_flow_v3__density_simple__selected_l1_002.L2.1,0.4630460605560909,39.58024712104283,0.0010759622685878496,0.02107596226858785,3.9303990817257934e-10,0.0405506923296555
B026,h2,selected_l1_002,proto_sw_1_3__seed_1989963110__global_l1_flow_v3__density_simple__selected_l1_002__Y-2C__open_asymmetric__context_swapped__sample_0043,proto_sw_1_3__seed_1989963110__global_l1_flow_v3__density_simple__selected_l1_002.L2.2,0.499996552196019,42.60800059973736,0.0003760045835258588,0.02037600458352586,4.4165235736149437e-10,0.0405506923296555
B027,old,selected_l1_001,proto_sw_1_3__seed_2781254137__global_l1_flow_v3__density_medium__selected_l1_001__Y-C__balanced_s__context_opposed__sample_0004,proto_sw_1_3__seed_2781254137__global_l1_flow_v3__density_medium__selected_l1_001.L2.1,0.4999961259793453,46.88889096529983,9.046647879989295e-05,0.020090466478799893,3.436327420999303e-10,
B027,old,selected_l1_003,proto_sw_1_3__seed_2781254137__global_l1_flow_v3__density_medium__selected_l1_003__Y-2C__nested_s__context_preferred__sample_0065,proto_sw_1_3__seed_2781254137__global_l1_flow_v3__density_medium__selected_l1_003.L2.1,0.4999967544016482,45.506172672249825,7.567052349988918e-05,0.02007567052349989,2.2611180370906573e-10,0.03311772550621375
B027,old,selected_l1_003,proto_sw_1_3__seed_2781254137__global_l1_flow_v3__density_medium__selected_l1_003__Y-2C__nested_s__context_preferred__sample_0065,proto_sw_1_3__seed_2781254137__global_l1_flow_v3__density_medium__selected_l1_003.L2.2,0.49999630385378735,40.7039980384626,0.0005059375021081135,0.020505937502108114,3.5838490259448494e-10,0.03311772550621375
B027,h2,selected_l1_002,proto_sw_1_3__seed_2781254137__global_l1_flow_v3__density_medium__selected_l1_002__Y-C__compact_c__context_preferred__sample_0026,proto_sw_1_3__seed_2781254137__global_l1_flow_v3__density_medium__selected_l1_002.L2.1,0.4598969393998439,46.098764524831836,0.00021048119940206972,0.02021048119940207,2.4217985326603806e-10,
B027,h2,selected_l1_004,proto_sw_1_3__seed_2781254137__global_l1_flow_v3__density_medium__selected_l1_004__Y-C__compact_c__context_opposed__sample_0077,proto_sw_1_3__seed_2781254137__global_l1_flow_v3__density_medium__selected_l1_004.L2.1,0.46285553570614957,43.333333846776384,0.002146106844874436,0.022146106844874437,1.8641190057427127e-10,
B028,old,selected_l1_003,proto_sw_1_3__seed_4182263884__global_l1_flow_v3__density_medium__selected_l1_003__Y-2C__nested_s__context_preferred__sample_0071,proto_sw_1_3__seed_4182263884__global_l1_flow_v3__density_medium__selected_l1_003.L2.1,0.4999963782085012,49.13580293777496,0.00029694224238778835,0.02029694224238779,2.2357546756881974e-10,0.03446573507015777
B028,old,selected_l1_003,proto_sw_1_3__seed_4182263884__global_l1_flow_v3__density_medium__selected_l1_003__Y-2C__nested_s__context_preferred__sample_0071,proto_sw_1_3__seed_4182263884__global_l1_flow_v3__density_medium__selected_l1_003.L2.2,0.49999555656598715,40.591998670722155,0.00012311885526205754,0.020123118855262058,5.105308614511492e-10,0.03446573507015777
B028,h2,selected_l1_002,proto_sw_1_3__seed_4182263884__global_l1_flow_v3__density_medium__selected_l1_002__Y-C__open_c__context_opposed__sample_0031,proto_sw_1_3__seed_4182263884__global_l1_flow_v3__density_medium__selected_l1_002.L2.1,0.4613493099747943,44.51851906969531,0.0016152115309041558,0.021615211530904156,2.3165843549476866e-10,
B029,old,selected_l1_001,proto_sw_1_3__seed_399132903__global_l1_flow_v3__density_rich__selected_l1_001__Y-C__balanced_s__context_opposed__sample_0004,proto_sw_1_3__seed_399132903__global_l1_flow_v3__density_rich__selected_l1_001.L2.1,0.49999626770500466,39.1111106111046,0.0005535454151416458,0.020553545415141646,2.0052723201439334e-10,
B029,old,selected_l1_002,proto_sw_1_3__seed_399132903__global_l1_flow_v3__density_rich__selected_l1_002__Y-2C__open_asymmetric__context_preferred__sample_0048,proto_sw_1_3__seed_399132903__global_l1_flow_v3__density_rich__selected_l1_002.L2.1,0.4625252892098134,46.49382678071522,0.00029946485733747114,0.02029946485733747,4.3113068139968536e-10,0.043400749863409936
B029,old,selected_l1_002,proto_sw_1_3__seed_399132903__global_l1_flow_v3__density_rich__selected_l1_002__Y-2C__open_asymmetric__context_preferred__sample_0048,proto_sw_1_3__seed_399132903__global_l1_flow_v3__density_rich__selected_l1_002.L2.2,0.4999961143071622,49.55199870967906,0.00027964970367893444,0.020279649703678935,3.8216982893616974e-10,0.043400749863409936
B029,h2,selected_l1_002,proto_sw_1_3__seed_399132903__global_l1_flow_v3__density_rich__selected_l1_002__Y-C__compact_c__context_opposed__sample_0027,proto_sw_1_3__seed_399132903__global_l1_flow_v3__density_rich__selected_l1_002.L2.1,0.46220733372144374,43.53086470098251,0.002279657552807266,0.022279657552807267,3.039662764623255e-10,
B029,h2,selected_l1_006,proto_sw_1_3__seed_399132903__global_l1_flow_v3__density_rich__selected_l1_006__Y-C__compact_c__context_preferred__sample_0126,proto_sw_1_3__seed_399132903__global_l1_flow_v3__density_rich__selected_l1_006.L2.1,0.4612356033176635,44.78189319092597,4.51562082238767e-05,0.020045156208223877,3.0565081418844347e-10,
B030,old,selected_l1_003,proto_sw_1_3__seed_2772902747__global_l1_flow_v3__density_rich__selected_l1_003__Y-C__balanced_s__context_preferred__sample_0053,proto_sw_1_3__seed_2772902747__global_l1_flow_v3__density_rich__selected_l1_003.L2.1,0.49999638742807284,42.74074195422426,0.0010325604450557198,0.02103256044505572,4.3288740736383963e-10,
B030,h2,selected_l1_004,proto_sw_1_3__seed_2772902747__global_l1_flow_v3__density_rich__selected_l1_004__Y-C__open_c__context_preferred__sample_0080,proto_sw_1_3__seed_2772902747__global_l1_flow_v3__density_rich__selected_l1_004.L2.1,0.45995091961958506,46.03292182046007,0.001275033756051671,0.02127503375605167,4.5163399349845117e-10,
B031,old,selected_l1_001,proto_sw_1_3__seed_3906224916__global_l1_flow_v3__density_simple__selected_l1_001__Y-2C__nested_s__context_preferred__sample_0015,proto_sw_1_3__seed_3906224916__global_l1_flow_v3__density_simple__selected_l1_001.L2.1,0.49999711617006737,37.55555531057779,0.0005690085241548334,0.020569008524154834,1.4732824954548543e-10,0.04227934446037719
B031,old,selected_l1_001,proto_sw_1_3__seed_3906224916__global_l1_flow_v3__density_simple__selected_l1_001__Y-2C__nested_s__context_preferred__sample_0015,proto_sw_1_3__seed_3906224916__global_l1_flow_v3__density_simple__selected_l1_001.L2.2,0.49999513840673826,44.39999992791728,0.0005536126594483833,0.020553612659448384,4.207960678908813e-10,0.04227934446037719
B031,h2,selected_l1_002,proto_sw_1_3__seed_3906224916__global_l1_flow_v3__density_simple__selected_l1_002__Y-C__compact_c__context_preferred__sample_0026,proto_sw_1_3__seed_3906224916__global_l1_flow_v3__density_simple__selected_l1_002.L2.1,0.4639136878596449,46.09876488994254,0.0024305351214183347,0.022430535121418335,5.044659667515795e-10,
B032,old,selected_l1_003,proto_sw_1_3__seed_548579369__global_l1_flow_v3__density_simple__selected_l1_003__Y-2C__staggered_c__context_swapped__sample_0064,proto_sw_1_3__seed_548579369__global_l1_flow_v3__density_simple__selected_l1_003.L2.1,0.4590545038055501,49.65432057874226,0.002500016095871589,0.02250001609587159,5.084300516069466e-10,0.04561513054097148
B032,old,selected_l1_003,proto_sw_1_3__seed_548579369__global_l1_flow_v3__density_simple__selected_l1_003__Y-2C__staggered_c__context_swapped__sample_0064,proto_sw_1_3__seed_548579369__global_l1_flow_v3__density_simple__selected_l1_003.L2.2,0.46053860337608526,44.912000577880804,4.974737152466102e-05,0.02004974737152466,4.1024012422107226e-10,0.04561513054097148
B032,h2,selected_l1_002,proto_sw_1_3__seed_548579369__global_l1_flow_v3__density_simple__selected_l1_002__Y-C__open_c__context_preferred__sample_0030,proto_sw_1_3__seed_548579369__global_l1_flow_v3__density_simple__selected_l1_002.L2.1,0.45944965505145396,45.308642044470304,0.0018328239778782687,0.02183282397787827,4.679873602628879e-10,
B033,old,selected_l1_004,proto_sw_1_3__seed_1160715944__global_l1_flow_v3__density_medium__selected_l1_004__Y-C__balanced_s__context_preferred__sample_0078,proto_sw_1_3__seed_1160715944__global_l1_flow_v3__density_medium__selected_l1_004.L2.1,0.49999574004550296,45.33333579767661,0.000583542526260375,0.020583542526260375,3.1246318917169454e-10,
B033,h2,selected_l1_001,proto_sw_1_3__seed_1160715944__global_l1_flow_v3__density_medium__selected_l1_001__Y-C__open_c__context_opposed__sample_0006,proto_sw_1_3__seed_1160715944__global_l1_flow_v3__density_medium__selected_l1_001.L2.1,0.46128917771340167,46.88888963619437,0.000573867778078975,0.020573867778078975,5.215359658379e-10,
B034,old,selected_l1_003,proto_sw_1_3__seed_3230428333__global_l1_flow_v3__density_medium__selected_l1_003__Y-C__balanced_s__context_preferred__sample_0053,proto_sw_1_3__seed_3230428333__global_l1_flow_v3__density_medium__selected_l1_003.L2.1,0.49999623426030265,42.74073943174819,0.0008673539706003479,0.02086735397060035,3.8237595613161337e-10,
B034,h2,selected_l1_002,proto_sw_1_3__seed_3230428333__global_l1_flow_v3__density_medium__selected_l1_002__Y-C__open_c__context_preferred__sample_0030,proto_sw_1_3__seed_3230428333__global_l1_flow_v3__density_medium__selected_l1_002.L2.1,0.46034647024684766,45.308641830516535,0.0024394178018801033,0.022439417801880104,1.9387829283226255e-10,
B035,old,selected_l1_001,proto_sw_1_3__seed_1978891010__global_l1_flow_v3__density_rich__selected_l1_001__Y-C__balanced_s__context_opposed__sample_0004,proto_sw_1_3__seed_1978891010__global_l1_flow_v3__density_rich__selected_l1_001.L2.1,0.4999962216784358,39.111114070486984,0.00023109889533909703,0.020231098895339097,3.5139587466941424e-10,
B035,old,selected_l1_006,proto_sw_1_3__seed_1978891010__global_l1_flow_v3__density_rich__selected_l1_006__Y-2C__open_asymmetric__context_preferred__sample_0136,proto_sw_1_3__seed_1978891010__global_l1_flow_v3__density_rich__selected_l1_006.L2.1,0.46426270822134164,49.12757177160496,0.001171723896733725,0.021171723896733725,5.037178937673369e-10,0.05093639979324622
B035,old,selected_l1_006,proto_sw_1_3__seed_1978891010__global_l1_flow_v3__density_rich__selected_l1_006__Y-2C__open_asymmetric__context_preferred__sample_0136,proto_sw_1_3__seed_1978891010__global_l1_flow_v3__density_rich__selected_l1_006.L2.2,0.4999956390533511,46.23679728203035,0.0003708524940330693,0.02037085249403307,3.8488185850842387e-10,0.05093639979324622
B035,h2,selected_l1_001,proto_sw_1_3__seed_1978891010__global_l1_flow_v3__density_rich__selected_l1_001__Y-C__compact_c__context_opposed__sample_0002,proto_sw_1_3__seed_1978891010__global_l1_flow_v3__density_rich__selected_l1_001.L2.1,0.4593861560451995,46.88888922698653,0.0008566917949449915,0.020856691794944992,3.5139587466941424e-10,
B035,h2,selected_l1_005,proto_sw_1_3__seed_1978891010__global_l1_flow_v3__density_rich__selected_l1_005__Y-C__open_c__context_preferred__sample_0105,proto_sw_1_3__seed_1978891010__global_l1_flow_v3__density_rich__selected_l1_005.L2.1,0.45977979194605234,48.139917649493135,0.002977432497115705,0.022977432497115705,4.566250401157916e-10,
B036,old,selected_l1_006,proto_sw_1_3__seed_1548718105__global_l1_flow_v3__density_rich__selected_l1_006__Y-C__balanced_s__context_preferred__sample_0128,proto_sw_1_3__seed_1548718105__global_l1_flow_v3__density_rich__selected_l1_006.L2.1,0.4999972362212977,44.238683672604644,0.0003609608452815813,0.02036096084528158,2.0376169686785244e-10,
B036,h2,selected_l1_003,proto_sw_1_3__seed_1548718105__global_l1_flow_v3__density_rich__selected_l1_003__Y-C__open_c__context_preferred__sample_0055,proto_sw_1_3__seed_1548718105__global_l1_flow_v3__density_rich__selected_l1_003.L2.1,0.46257647474403357,48.27160519734926,0.0007881456221367419,0.020788145622136742,2.0187213963774428e-10,
B037,old,selected_l1_004,proto_sw_2_3__seed_2781254137__global_l1_flow_v3__density_simple__selected_l1_004__Y-2C__staggered_c__context_preferred__sample_0109,proto_sw_2_3__seed_2781254137__global_l1_flow_v3__density_simple__selected_l1_004.L2.1,0.46082860838349443,40.897118805114665,0.00047713475058173624,0.020477134750581737,4.095167913278838e-10,0.02296352132125767
B037,old,selected_l1_004,proto_sw_2_3__seed_2781254137__global_l1_flow_v3__density_simple__selected_l1_004__Y-2C__staggered_c__context_preferred__sample_0109,proto_sw_2_3__seed_2781254137__global_l1_flow_v3__density_simple__selected_l1_004.L2.2,0.4618041631619163,43.119999538668054,0.0007109201378639081,0.02071092013786391,4.176658525307841e-10,0.02296352132125767
B037,old,selected_l1_003,proto_sw_2_3__seed_2781254137__global_l1_flow_v3__density_simple__selected_l1_003__Y-2C__nested_s__context_preferred__sample_0078,proto_sw_2_3__seed_2781254137__global_l1_flow_v3__density_simple__selected_l1_003.L2.1,0.4999970317372161,38.24691366478686,0.0008484567769938278,0.020848456776993828,2.3027086247042707e-11,0.034693064717331364
B037,old,selected_l1_003,proto_sw_2_3__seed_2781254137__global_l1_flow_v3__density_simple__selected_l1_003__Y-2C__nested_s__context_preferred__sample_0078,proto_sw_2_3__seed_2781254137__global_l1_flow_v3__density_simple__selected_l1_003.L2.2,0.49999555146571056,47.536000325025334,2.3039831125414023e-06,0.020002303983112542,3.999998285014011e-10,0.034693064717331364
B037,h2,selected_l1_002,proto_sw_2_3__seed_2781254137__global_l1_flow_v3__density_simple__selected_l1_002__Y-C__open_c__context_opposed__sample_0040,proto_sw_2_3__seed_2781254137__global_l1_flow_v3__density_simple__selected_l1_002.L2.1,0.4609000387925998,43.13580237809825,0.0006162943942810625,0.020616294394281063,2.871467446672086e-10,
B037,h2,selected_l1_003,proto_sw_2_3__seed_2781254137__global_l1_flow_v3__density_simple__selected_l1_003__Y-C__compact_c__context_opposed__sample_0070,proto_sw_2_3__seed_2781254137__global_l1_flow_v3__density_simple__selected_l1_003.L2.1,0.4598864045116997,45.30864210245693,0.0005696750515489894,0.02056967505154899,2.3719371153984455e-10,
B038,old,selected_l1_004,proto_sw_2_3__seed_1978891010__global_l1_flow_v3__density_simple__selected_l1_004__Y-2C__nested_s__context_swapped__sample_0113,proto_sw_2_3__seed_1978891010__global_l1_flow_v3__density_simple__selected_l1_004.L2.1,0.49999538583068664,41.646090750069014,0.00023077312954449328,0.020230773129544494,3.503396520203254e-10,0.03367388800622981
B038,old,selected_l1_004,proto_sw_2_3__seed_1978891010__global_l1_flow_v3__density_simple__selected_l1_004__Y-2C__nested_s__context_swapped__sample_0113,proto_sw_2_3__seed_1978891010__global_l1_flow_v3__density_simple__selected_l1_004.L2.2,0.4999954215609909,48.76799817629791,0.0008196622031995011,0.0208196622031995,5.812189743402609e-10,0.03367388800622981
B038,old,selected_l1_005,proto_sw_2_3__seed_1978891010__global_l1_flow_v3__density_simple__selected_l1_005__Y-2C__nested_s__context_preferred__sample_0146,proto_sw_2_3__seed_1978891010__global_l1_flow_v3__density_simple__selected_l1_005.L2.1,0.49999601320989684,38.477366497485406,0.0005264308250806336,0.020526430825080634,3.6258186358316274e-10,0.027133760878010747
B038,old,selected_l1_005,proto_sw_2_3__seed_1978891010__global_l1_flow_v3__density_simple__selected_l1_005__Y-2C__nested_s__context_preferred__sample_0146,proto_sw_2_3__seed_1978891010__global_l1_flow_v3__density_simple__selected_l1_005.L2.2,0.4999970079736381,44.55679846371889,8.276648424570404e-05,0.020082766484245704,3.0945022187322515e-10,0.027133760878010747
B038,h2,selected_l1_004,proto_sw_2_3__seed_1978891010__global_l1_flow_v3__density_simple__selected_l1_004__Y-C__compact_c__context_opposed__sample_0104,proto_sw_2_3__seed_1978891010__global_l1_flow_v3__density_simple__selected_l1_004.L2.1,0.45946122158875063,43.66255031482479,0.001402139708184983,0.021402139708184983,4.394952937766179e-10,
B038,h2,selected_l1_005,proto_sw_2_3__seed_1978891010__global_l1_flow_v3__density_simple__selected_l1_005__Y-C__open_c__context_preferred__sample_0141,proto_sw_2_3__seed_1978891010__global_l1_flow_v3__density_simple__selected_l1_005.L2.1,0.4604662207772116,47.34979368956743,0.0024888772337871012,0.0224888772337871,4.8422894107304e-10,
B039,old,selected_l1_001,proto_sw_2_3__seed_4182263884__global_l1_flow_v3__density_medium__selected_l1_001__Y-C__balanced_s__context_preferred__sample_0003,proto_sw_2_3__seed_4182263884__global_l1_flow_v3__density_medium__selected_l1_001.L2.1,0.4999958402127612,48.44444459940647,0.0007828767486572283,0.02078287674865723,5.197719101209553e-10,
B039,h2,selected_l1_004,proto_sw_2_3__seed_4182263884__global_l1_flow_v3__density_medium__selected_l1_004__Y-C__compact_c__context_preferred__sample_0103,proto_sw_2_3__seed_4182263884__global_l1_flow_v3__density_medium__selected_l1_004.L2.1,0.4615776564220635,44.32098779876055,0.00019003469045933766,0.020190034690459338,4.908558021241848e-10,
B040,old,selected_l1_001,proto_sw_2_3__seed_3230428333__global_l1_flow_v3__density_medium__selected_l1_001__Y-C__balanced_s__context_opposed__sample_0004,proto_sw_2_3__seed_3230428333__global_l1_flow_v3__density_medium__selected_l1_001.L2.1,0.49999682901857895,39.111111333137515,0.0003120383145701379,0.02031203831457014,1.113991683617723e-10,
B040,h2,selected_l1_003,proto_sw_2_3__seed_3230428333__global_l1_flow_v3__density_medium__selected_l1_003__Y-C__open_c__context_opposed__sample_0074,proto_sw_2_3__seed_3230428333__global_l1_flow_v3__density_medium__selected_l1_003.L2.1,0.4603733995918318,46.8888885130199,0.0017868978751241354,0.021786897875124136,4.946083473891498e-10,
B041,old,selected_l1_001,proto_sw_2_3__seed_1964058663__global_l1_flow_v3__density_rich__selected_l1_001__Y-2C__nested_s__context_swapped__sample_0011,proto_sw_2_3__seed_1964058663__global_l1_flow_v3__density_rich__selected_l1_001.L2.1,0.49999566623668346,45.33333704896282,0.00017645322222457557,0.020176453222224576,1.7001388043744597e-10,0.02052012882070138
B041,old,selected_l1_001,proto_sw_2_3__seed_1964058663__global_l1_flow_v3__density_rich__selected_l1_001__Y-2C__nested_s__context_swapped__sample_0011,proto_sw_2_3__seed_1964058663__global_l1_flow_v3__density_rich__selected_l1_001.L2.2,0.4999957790614452,49.440002264024486,2.590293766152607e-05,0.020025902937661526,3.899175413039379e-10,0.02052012882070138
B041,old,selected_l1_002,proto_sw_2_3__seed_1964058663__global_l1_flow_v3__density_rich__selected_l1_002__Y-2C__nested_s__context_swapped__sample_0045,proto_sw_2_3__seed_1964058663__global_l1_flow_v3__density_rich__selected_l1_002.L2.1,0.4999965268028987,39.6296309191015,0.00027338070495925085,0.02027338070495925,5.188643379293586e-10,0.03189528693180937
B041,old,selected_l1_002,proto_sw_2_3__seed_1964058663__global_l1_flow_v3__density_rich__selected_l1_002__Y-2C__nested_s__context_swapped__sample_0045,proto_sw_2_3__seed_1964058663__global_l1_flow_v3__density_rich__selected_l1_002.L2.2,0.4999957264884058,45.296000575383836,0.0003428424326005555,0.020342842432600556,3.90352593946341e-10,0.03189528693180937
B041,old,selected_l1_006,proto_sw_2_3__seed_1964058663__global_l1_flow_v3__density_rich__selected_l1_006__Y-2C__nested_s__context_preferred__sample_0180,proto_sw_2_3__seed_1964058663__global_l1_flow_v3__density_rich__selected_l1_006.L2.1,0.49999536808178113,40.03292242947047,0.0007198190742672486,0.02071981907426725,4.440957187572102e-10,0.032949097426706986
B041,old,selected_l1_006,proto_sw_2_3__seed_1964058663__global_l1_flow_v3__density_rich__selected_l1_006__Y-2C__nested_s__context_preferred__sample_0180,proto_sw_2_3__seed_1964058663__global_l1_flow_v3__density_rich__selected_l1_006.L2.2,0.49999582419845445,46.59520125707663,0.0011291518408272395,0.02112915184082724,2.891112225159961e-10,0.032949097426706986
B041,h2,selected_l1_003,proto_sw_2_3__seed_1964058663__global_l1_flow_v3__density_rich__selected_l1_003__Y-C__compact_c__context_opposed__sample_0070,proto_sw_2_3__seed_1964058663__global_l1_flow_v3__density_rich__selected_l1_003.L2.1,0.45995566825726997,45.308641605433124,0.0006405001050110402,0.02064050010501104,3.9356113249017145e-10,
B041,h2,selected_l1_002,proto_sw_2_3__seed_1964058663__global_l1_flow_v3__density_rich__selected_l1_002__Y-C__open_c__context_opposed__sample_0040,proto_sw_2_3__seed_1964058663__global_l1_flow_v3__density_rich__selected_l1_002.L2.1,0.459787188980958,43.333333799269816,0.00011124382016232046,0.02011124382016232,1.8335931279197207e-10,
B041,h2,selected_l1_007,proto_sw_2_3__seed_1964058663__global_l1_flow_v3__density_rich__selected_l1_007__Y-C__open_c__context_preferred__sample_0209,proto_sw_2_3__seed_1964058663__global_l1_flow_v3__density_rich__selected_l1_007.L2.1,0.4605011506352137,41.29218054403493,6.598244136383699e-05,0.020065982441363837,1.4216605370973658e-10,
B042,old,selected_l1_006,proto_sw_2_3__seed_608345505__global_l1_flow_v3__density_rich__selected_l1_006__Y-C__balanced_s__context_preferred__sample_0173,proto_sw_2_3__seed_608345505__global_l1_flow_v3__density_rich__selected_l1_006.L2.1,0.49999723631072873,38.189298911715014,0.00013847805202213403,0.020138478052022134,3.735411299832684e-10,
B042,old,selected_l1_005,proto_sw_2_3__seed_608345505__global_l1_flow_v3__density_rich__selected_l1_005__Y-2C__nested_s__context_preferred__sample_0146,proto_sw_2_3__seed_608345505__global_l1_flow_v3__density_rich__selected_l1_005.L2.1,0.4999944602169068,44.93004144188152,0.00011601266800838686,0.020116012668008387,4.731533374105771e-10,0.023910167925086247
B042,old,selected_l1_005,proto_sw_2_3__seed_608345505__global_l1_flow_v3__density_rich__selected_l1_005__Y-2C__nested_s__context_preferred__sample_0146,proto_sw_2_3__seed_608345505__global_l1_flow_v3__density_rich__selected_l1_005.L2.2,0.49999447324744867,48.05119798898746,0.0003670770968928136,0.020367077096892814,2.55473296710388e-10,0.023910167925086247
B042,h2,selected_l1_002,proto_sw_2_3__seed_608345505__global_l1_flow_v3__density_rich__selected_l1_002__Y-C__open_c__context_opposed__sample_0040,proto_sw_2_3__seed_608345505__global_l1_flow_v3__density_rich__selected_l1_002.L2.1,0.4597300361374365,43.33333231866863,0.0015794745376690247,0.021579474537669025,6.164291758740367e-10,
B042,h2,selected_l1_005,proto_sw_2_3__seed_608345505__global_l1_flow_v3__density_rich__selected_l1_005__Y-C__balanced_s__context_opposed__sample_0140,proto_sw_2_3__seed_608345505__global_l1_flow_v3__density_rich__selected_l1_005.L2.1,0.4999956215175203,41.30041467555568,8.281492897865839e-05,0.02008281492897866,4.604787421324226e-10,
B043,old,selected_l1_005,proto_sw_2_3__seed_1160715944__global_l1_flow_v3__density_simple__selected_l1_005__Y-C__open_c__context_preferred__sample_0141,proto_sw_2_3__seed_1160715944__global_l1_flow_v3__density_simple__selected_l1_005.L2.1,0.4611360839860507,47.3497943252153,0.0008601599581815923,0.020860159958181593,3.6585985974235693e-10,
B043,h2,selected_l1_002,proto_sw_2_3__seed_1160715944__global_l1_flow_v3__density_simple__selected_l1_002__Y-C__open_c__context_opposed__sample_0040,proto_sw_2_3__seed_1160715944__global_l1_flow_v3__density_simple__selected_l1_002.L2.1,0.459224445123833,43.33333342580983,0.0011578821542483665,0.021157882154248367,5.446467285464323e-10,
B044,old,selected_l1_001,proto_sw_2_3__seed_1160898339__global_l1_flow_v3__density_simple__selected_l1_001__Y-2C__nested_s__context_preferred__sample_0010,proto_sw_2_3__seed_1160898339__global_l1_flow_v3__density_simple__selected_l1_001.L2.1,0.4999961335187588,45.85185340775161,0.0006114401442899667,0.020611440144289967,5.121710200306553e-10,0.032722452455286793
B044,old,selected_l1_001,proto_sw_2_3__seed_1160898339__global_l1_flow_v3__density_simple__selected_l1_001__Y-2C__nested_s__context_preferred__sample_0010,proto_sw_2_3__seed_1160898339__global_l1_flow_v3__density_simple__selected_l1_001.L2.2,0.499996153284083,46.64000035471452,0.0003472717613022154,0.020347271761302216,3.9878761165363194e-10,0.032722452455286793
B044,old,selected_l1_006,proto_sw_2_3__seed_1160898339__global_l1_flow_v3__density_simple__selected_l1_006__Y-2C__nested_s__context_preferred__sample_0189,proto_sw_2_3__seed_1160898339__global_l1_flow_v3__density_simple__selected_l1_006.L2.1,0.4999957675947912,40.954733081632824,0.0007613494338532638,0.020761349433853264,3.212347622936002e-10,0.03030350236299396
B044,old,selected_l1_006,proto_sw_2_3__seed_1160898339__global_l1_flow_v3__density_simple__selected_l1_006__Y-2C__nested_s__context_preferred__sample_0189,proto_sw_2_3__seed_1160898339__global_l1_flow_v3__density_simple__selected_l1_006.L2.2,0.49999628960443365,37.9264003601722,0.0001773121538972966,0.020177312153897297,9.019868860249183e-11,0.03030350236299396
B044,h2,selected_l1_004,proto_sw_2_3__seed_1160898339__global_l1_flow_v3__density_simple__selected_l1_004__Y-C__open_c__context_opposed__sample_0108,proto_sw_2_3__seed_1160898339__global_l1_flow_v3__density_simple__selected_l1_004.L2.1,0.4618466063725065,42.7407398867206,7.49711489800263e-05,0.020074971148980027,3.553194514729506e-10,
B044,h2,selected_l1_005,proto_sw_2_3__seed_1160898339__global_l1_flow_v3__density_simple__selected_l1_005__Y-C__open_c__context_preferred__sample_0141,proto_sw_2_3__seed_1160898339__global_l1_flow_v3__density_simple__selected_l1_005.L2.1,0.45902018309679576,41.160492978464845,0.000962926907952636,0.020962926907952636,3.937130381202471e-10,
B045,old,selected_l1_002,proto_sw_2_3__seed_3906224916__global_l1_flow_v3__density_medium__selected_l1_002__Y-2C__nested_s__context_swapped__sample_0054,proto_sw_2_3__seed_3906224916__global_l1_flow_v3__density_medium__selected_l1_002.L2.1,0.49999521772072203,47.40740746469337,9.276643257489364e-05,0.020092766432574894,3.1496492185506586e-10,0.023921291308602675
B045,old,selected_l1_002,proto_sw_2_3__seed_3906224916__global_l1_flow_v3__density_medium__selected_l1_002__Y-2C__nested_s__context_swapped__sample_0054,proto_sw_2_3__seed_3906224916__global_l1_flow_v3__density_medium__selected_l1_002.L2.2,0.4999966374590553,40.25599879147062,0.00044502261197099796,0.020445022611971,2.2078190932348035e-10,0.023921291308602675
B045,old,selected_l1_001,proto_sw_2_3__seed_3906224916__global_l1_flow_v3__density_medium__selected_l1_001__Y-C__balanced_s__context_preferred__sample_0003,proto_sw_2_3__seed_3906224916__global_l1_flow_v3__density_medium__selected_l1_001.L2.1,0.4999967449440391,36.000000286543546,0.0003963521402799465,0.020396352140279947,1.7869047734694792e-10,
B045,h2,selected_l1_004,proto_sw_2_3__seed_3906224916__global_l1_flow_v3__density_medium__selected_l1_004__Y-C__compact_c__context_preferred__sample_0103,proto_sw_2_3__seed_3906224916__global_l1_flow_v3__density_medium__selected_l1_004.L2.1,0.46151199207267496,41.88477425824948,0.0027295484069986067,0.022729548406998607,6.048968778526619e-10,
B045,h2,selected_l1_005,proto_sw_2_3__seed_3906224916__global_l1_flow_v3__density_medium__selected_l1_005__Y-2C__open_asymmetric__context_preferred__sample_0167,proto_sw_2_3__seed_3906224916__global_l1_flow_v3__density_medium__selected_l1_005.L2.1,0.4609802320972778,52.09053493741594,0.0007457571563077164,0.020745757156307717,4.930424671625703e-10,0.03529369293224326
B045,h2,selected_l1_005,proto_sw_2_3__seed_3906224916__global_l1_flow_v3__density_medium__selected_l1_005__Y-2C__open_asymmetric__context_preferred__sample_0167,proto_sw_2_3__seed_3906224916__global_l1_flow_v3__density_medium__selected_l1_005.L2.2,0.49999558254366555,42.71999896975665,0.000811374375910813,0.020811374375910813,4.108141409570675e-10,0.03529369293224326
B046,old,selected_l1_003,proto_sw_2_3__seed_1575422959__global_l1_flow_v3__density_medium__selected_l1_003__Y-2C__nested_s__context_preferred__sample_0078,proto_sw_2_3__seed_1575422959__global_l1_flow_v3__density_medium__selected_l1_003.L2.1,0.4999969198760964,45.33333653286596,5.081419898452996e-05,0.02005081419898453,4.5453977404467577e-10,0.028709703303060618
B046,old,selected_l1_003,proto_sw_2_3__seed_1575422959__global_l1_flow_v3__density_medium__selected_l1_003__Y-2C__nested_s__context_preferred__sample_0078,proto_sw_2_3__seed_1575422959__global_l1_flow_v3__density_medium__selected_l1_003.L2.2,0.49999650480481594,43.39199637288061,0.00016272635986647882,0.02016272635986648,5.061947981195208e-10,0.028709703303060618
B046,h2,selected_l1_006,proto_sw_2_3__seed_1575422959__global_l1_flow_v3__density_medium__selected_l1_006__Y-C__compact_c__context_preferred__sample_0171,proto_sw_2_3__seed_1575422959__global_l1_flow_v3__density_medium__selected_l1_006.L2.1,0.4617264931878331,44.05761318142422,0.0024648919051046096,0.02246489190510461,3.650022962770787e-10,
B047,old,selected_l1_005,proto_sw_2_3__seed_3322687601__global_l1_flow_v3__density_rich__selected_l1_005__Y-2C__nested_s__context_swapped__sample_0147,proto_sw_2_3__seed_3322687601__global_l1_flow_v3__density_rich__selected_l1_005.L2.1,0.49999602828954276,43.144031152687795,0.0006455324606904518,0.020645532460690452,3.8987522921503895e-10,0.028494642805589467
B047,old,selected_l1_005,proto_sw_2_3__seed_3322687601__global_l1_flow_v3__density_rich__selected_l1_005__Y-2C__nested_s__context_swapped__sample_0147,proto_sw_2_3__seed_3322687601__global_l1_flow_v3__density_rich__selected_l1_005.L2.2,0.4999969275024012,46.662398368757806,0.00014351186128937904,0.02014351186128938,6.07533777227116e-10,0.028494642805589467
B047,old,selected_l1_002,proto_sw_2_3__seed_3322687601__global_l1_flow_v3__density_rich__selected_l1_002__Y-2C__open_asymmetric__context_preferred__sample_0047,proto_sw_2_3__seed_3322687601__global_l1_flow_v3__density_rich__selected_l1_002.L2.1,0.4594161053949108,47.283950264852,1.653732064563901e-05,0.02001653732064564,3.949075498612842e-10,0.042406893281722986
B047,old,selected_l1_002,proto_sw_2_3__seed_3322687601__global_l1_flow_v3__density_rich__selected_l1_002__Y-2C__open_asymmetric__context_preferred__sample_0047,proto_sw_2_3__seed_3322687601__global_l1_flow_v3__density_rich__selected_l1_002.L2.2,0.49999633241738556,46.75199995262486,0.00036269593356554747,0.020362695933565548,6.436006187033518e-10,0.042406893281722986
B047,h2,selected_l1_001,proto_sw_2_3__seed_3322687601__global_l1_flow_v3__density_rich__selected_l1_001__Y-2C__open_asymmetric__context_preferred__sample_0031,proto_sw_2_3__seed_3322687601__global_l1_flow_v3__density_rich__selected_l1_001.L2.1,0.45885700212071806,42.5432092414469,0.0007776703294875495,0.02077767032948755,2.7635923479621084e-10,0.02767762912018158
B047,h2,selected_l1_001,proto_sw_2_3__seed_3322687601__global_l1_flow_v3__density_rich__selected_l1_001__Y-2C__open_asymmetric__context_preferred__sample_0031,proto_sw_2_3__seed_3322687601__global_l1_flow_v3__density_rich__selected_l1_001.L2.2,0.49999680202257757,45.74400049124369,0.000902775985605616,0.020902775985605616,1.443604751313438e-10,0.02767762912018158
B047,h2,selected_l1_005,proto_sw_2_3__seed_3322687601__global_l1_flow_v3__density_rich__selected_l1_005__Y-C__open_c__context_preferred__sample_0141,proto_sw_2_3__seed_3322687601__global_l1_flow_v3__density_rich__selected_l1_005.L2.1,0.4629694583098487,47.34979380200353,0.0007395623925358918,0.020739562392535892,2.5023960127298137e-10,
B048,old,selected_l1_002,proto_sw_2_3__seed_279600048__global_l1_flow_v3__density_rich__selected_l1_002__Y-C__balanced_s__context_opposed__sample_0038,proto_sw_2_3__seed_279600048__global_l1_flow_v3__density_rich__selected_l1_002.L2.1,0.4999962666996548,45.33333371641459,0.0004772658447560474,0.020477265844756048,2.981868077050891e-10,
B048,old,selected_l1_006,proto_sw_2_3__seed_279600048__global_l1_flow_v3__density_rich__selected_l1_006__Y-2C__nested_s__context_preferred__sample_0180,proto_sw_2_3__seed_279600048__global_l1_flow_v3__density_rich__selected_l1_006.L2.1,0.49999680412807923,40.03292095891976,0.00103184448024592,0.02103184448024592,4.690424217352676e-10,0.04148887797210788
B048,old,selected_l1_006,proto_sw_2_3__seed_279600048__global_l1_flow_v3__density_rich__selected_l1_006__Y-2C__nested_s__context_preferred__sample_0180,proto_sw_2_3__seed_279600048__global_l1_flow_v3__density_rich__selected_l1_006.L2.2,0.4999955056159776,49.52960004602777,0.000320205716492758,0.02032020571649276,7.631857523547163e-11,0.04148887797210788
B048,h2,selected_l1_005,proto_sw_2_3__seed_279600048__global_l1_flow_v3__density_rich__selected_l1_005__Y-C__open_c__context_preferred__sample_0141,proto_sw_2_3__seed_279600048__global_l1_flow_v3__density_rich__selected_l1_005.L2.1,0.46289216065054006,47.349793067498176,0.0016667555809035534,0.021666755580903554,6.842403660706619e-10,
B048,h2,selected_l1_001,proto_sw_2_3__seed_279600048__global_l1_flow_v3__density_rich__selected_l1_001__Y-C__open_c__context_opposed__sample_0006,proto_sw_2_3__seed_279600048__global_l1_flow_v3__density_rich__selected_l1_001.L2.1,0.4590995245563164,48.666665939861076,0.0020607866134272936,0.022060786613427294,1.3958776307880975e-10,
B049,old,selected_l1_004,proto_sw_2_3__seed_1105195513__global_l1_flow_v3__density_simple__selected_l1_004__Y-C__balanced_s__context_opposed__sample_0106,proto_sw_2_3__seed_1105195513__global_l1_flow_v3__density_simple__selected_l1_004.L2.1,0.4999960184547883,36.28806961356945,2.7425642269533757e-05,0.020027425642269534,5.683482136596926e-10,
B049,old,selected_l1_006,proto_sw_2_3__seed_1105195513__global_l1_flow_v3__density_simple__selected_l1_006__Y-2C__open_asymmetric__context_preferred__sample_0183,proto_sw_2_3__seed_1105195513__global_l1_flow_v3__density_simple__selected_l1_006.L2.1,0.4594583633665353,52.419752921266515,0.001165331779131612,0.021165331779131612,4.738416407236764e-10,0.037052585647075066
B049,old,selected_l1_006,proto_sw_2_3__seed_1105195513__global_l1_flow_v3__density_simple__selected_l1_006__Y-2C__open_asymmetric__context_preferred__sample_0183,proto_sw_2_3__seed_1105195513__global_l1_flow_v3__density_simple__selected_l1_006.L2.2,0.4999966673918907,48.006398804018964,0.0005470406807872863,0.020547040680787287,1.300555486123345e-10,0.037052585647075066
B049,h2,selected_l1_002,proto_sw_2_3__seed_1105195513__global_l1_flow_v3__density_simple__selected_l1_002__Y-C__open_c__context_opposed__sample_0040,proto_sw_2_3__seed_1105195513__global_l1_flow_v3__density_simple__selected_l1_002.L2.1,0.45930876609245125,43.33333253864055,0.0005016426903067389,0.02050164269030674,4.947793663168444e-10,
B049,h2,selected_l1_006,proto_sw_2_3__seed_1105195513__global_l1_flow_v3__density_simple__selected_l1_006__Y-C__open_c__context_preferred__sample_0175,proto_sw_2_3__seed_1105195513__global_l1_flow_v3__density_simple__selected_l1_006.L2.1,0.46025774582500384,42.93827185852525,0.0015640311894676434,0.021564031189467644,1.300555486123345e-10,
B050,old,selected_l1_001,proto_sw_2_3__seed_1900972879__global_l1_flow_v3__density_simple__selected_l1_001__Y-2C__nested_s__context_preferred__sample_0010,proto_sw_2_3__seed_1900972879__global_l1_flow_v3__density_simple__selected_l1_001.L2.1,0.4999959346917473,45.85185042347594,0.000328059751694261,0.02032805975169426,6.23128743831376e-10,0.02583894039483315
B050,old,selected_l1_001,proto_sw_2_3__seed_1900972879__global_l1_flow_v3__density_simple__selected_l1_001__Y-2C__nested_s__context_preferred__sample_0010,proto_sw_2_3__seed_1900972879__global_l1_flow_v3__density_simple__selected_l1_001.L2.2,0.4999953768950986,43.27999888360439,0.00036715466610351064,0.02036715466610351,5.179224596296383e-10,0.02583894039483315
B050,old,selected_l1_002,proto_sw_2_3__seed_1900972879__global_l1_flow_v3__density_simple__selected_l1_002__Y-C__balanced_s__context_opposed__sample_0038,proto_sw_2_3__seed_1900972879__global_l1_flow_v3__density_simple__selected_l1_002.L2.1,0.49999513951823316,45.33333168694563,0.0005001567972193893,0.02050015679721939,3.86135624912351e-10,
B050,h2,selected_l1_001,proto_sw_2_3__seed_1900972879__global_l1_flow_v3__density_simple__selected_l1_001__Y-C__open_c__context_opposed__sample_0006,proto_sw_2_3__seed_1900972879__global_l1_flow_v3__density_simple__selected_l1_001.L2.1,0.46061114297018513,46.88888822420711,0.0004559732604051264,0.020455973260405127,4.112452779992119e-10,
B050,h2,selected_l1_005,proto_sw_2_3__seed_1900972879__global_l1_flow_v3__density_simple__selected_l1_005__Y-C__open_c__context_opposed__sample_0142,proto_sw_2_3__seed_1900972879__global_l1_flow_v3__density_simple__selected_l1_005.L2.1,0.4622886103104968,38.72427955582136,0.00058889414372355,0.02058889414372355,3.8552095612858547e-10,
B051,old,selected_l1_004,proto_sw_2_3__seed_302128940__global_l1_flow_v3__density_medium__selected_l1_004__Y-2C__open_asymmetric__context_preferred__sample_0124,proto_sw_2_3__seed_302128940__global_l1_flow_v3__density_medium__selected_l1_004.L2.1,0.4591684329732033,53.07818659288792,0.0006669142858405849,0.020666914285840585,5.313627130831812e-10,0.025162301795281096
B051,old,selected_l1_004,proto_sw_2_3__seed_302128940__global_l1_flow_v3__density_medium__selected_l1_004__Y-2C__open_asymmetric__context_preferred__sample_0124,proto_sw_2_3__seed_302128940__global_l1_flow_v3__density_medium__selected_l1_004.L2.2,0.4999975714003038,36.02240079652251,0.00043299540320812513,0.020432995403208126,5.682785305198845e-10,0.025162301795281096
B051,h2,selected_l1_005,proto_sw_2_3__seed_302128940__global_l1_flow_v3__density_medium__selected_l1_005__Y-C__open_c__context_preferred__sample_0141,proto_sw_2_3__seed_302128940__global_l1_flow_v3__density_medium__selected_l1_005.L2.1,0.46104653027473336,47.34979404246487,0.0014981927655179396,0.02149819276551794,4.766680099088927e-10,
B052,old,selected_l1_002,proto_sw_2_3__seed_548579369__global_l1_flow_v3__density_medium__selected_l1_002__Y-2C__open_asymmetric__context_swapped__sample_0066,proto_sw_2_3__seed_548579369__global_l1_flow_v3__density_medium__selected_l1_002.L2.1,0.46041739539677345,46.09876562502304,0.000552997418692705,0.020552997418692705,3.7485814755856434e-10,0.023940570794487685
B052,old,selected_l1_002,proto_sw_2_3__seed_548579369__global_l1_flow_v3__density_medium__selected_l1_002__Y-2C__open_asymmetric__context_swapped__sample_0066,proto_sw_2_3__seed_548579369__global_l1_flow_v3__density_medium__selected_l1_002.L2.2,0.4999955684020645,47.647998795765815,0.0005858176138556631,0.020585817613855664,3.092343360190891e-10,0.023940570794487685
B052,old,selected_l1_001,proto_sw_2_3__seed_548579369__global_l1_flow_v3__density_medium__selected_l1_001__Y-C__balanced_s__context_preferred__sample_0003,proto_sw_2_3__seed_548579369__global_l1_flow_v3__density_medium__selected_l1_001.L2.1,0.4999961034202136,42.22222152231649,0.00011172886479375241,0.020111728864793753,4.789529895555149e-10,
B052,h2,selected_l1_001,proto_sw_2_3__seed_548579369__global_l1_flow_v3__density_medium__selected_l1_001__Y-C__open_c__context_preferred__sample_0005,proto_sw_2_3__seed_548579369__global_l1_flow_v3__density_medium__selected_l1_001.L2.1,0.4635285226205482,41.55555544362155,0.0019039812945409323,0.021903981294540933,5.168842568609722e-10,
B052,h2,selected_l1_004,proto_sw_2_3__seed_548579369__global_l1_flow_v3__density_medium__selected_l1_004__Y-C__compact_c__context_opposed__sample_0104,proto_sw_2_3__seed_548579369__global_l1_flow_v3__density_medium__selected_l1_004.L2.1,0.45981674811417317,43.66255138586575,0.00042628832035546474,0.020426288320355465,3.2380092704151375e-10,
B053,old,selected_l1_001,proto_sw_2_3__seed_3756345937__global_l1_flow_v3__density_rich__selected_l1_001__Y-C__balanced_s__context_preferred__sample_0003,proto_sw_2_3__seed_3756345937__global_l1_flow_v3__density_rich__selected_l1_001.L2.1,0.4999961080185303,48.4444449156941,1.918689533681253e-05,0.020019186895336813,2.7868154978549624e-10,
B053,old,selected_l1_005,proto_sw_2_3__seed_3756345937__global_l1_flow_v3__density_rich__selected_l1_005__Y-2C__nested_s__context_preferred__sample_0146,proto_sw_2_3__seed_3756345937__global_l1_flow_v3__density_rich__selected_l1_005.L2.1,0.4999961338203063,44.93004123841008,9.411813543385578e-05,0.020094118135433856,2.987154149715438e-10,0.023042924808578735
B053,old,selected_l1_005,proto_sw_2_3__seed_3756345937__global_l1_flow_v3__density_rich__selected_l1_005__Y-2C__nested_s__context_preferred__sample_0146,proto_sw_2_3__seed_3756345937__global_l1_flow_v3__density_rich__selected_l1_005.L2.2,0.499996196893663,44.55680085194759,0.0007999494837948838,0.020799949483794884,5.593417941148811e-10,0.023042924808578735
B053,h2,selected_l1_002,proto_sw_2_3__seed_3756345937__global_l1_flow_v3__density_rich__selected_l1_002__Y-C__open_c__context_opposed__sample_0040,proto_sw_2_3__seed_3756345937__global_l1_flow_v3__density_rich__selected_l1_002.L2.1,0.46078490245203274,43.33333266750996,0.0009828242441300289,0.02098282424413003,5.789083908999257e-10,
B053,h2,selected_l1_005,proto_sw_2_3__seed_3756345937__global_l1_flow_v3__density_rich__selected_l1_005__Y-C__open_c__context_opposed__sample_0142,proto_sw_2_3__seed_3756345937__global_l1_flow_v3__density_rich__selected_l1_005.L2.1,0.4609824379163636,38.72428093988845,0.001471206868580384,0.021471206868580384,5.593417941148811e-10,
B054,old,selected_l1_001,proto_sw_2_3__seed_399132903__global_l1_flow_v3__density_rich__selected_l1_001__Y-C__balanced_s__context_preferred__sample_0003,proto_sw_2_3__seed_399132903__global_l1_flow_v3__density_rich__selected_l1_001.L2.1,0.4999963358263528,48.444443214362636,0.0007759243175989861,0.020775924317598986,5.61821850469575e-10,
B054,old,selected_l1_002,proto_sw_2_3__seed_399132903__global_l1_flow_v3__density_rich__selected_l1_002__Y-2C__nested_s__context_swapped__sample_0063,proto_sw_2_3__seed_399132903__global_l1_flow_v3__density_rich__selected_l1_002.L2.1,0.4999968304494386,41.53086435023367,0.0003708729650253491,0.02037087296502535,2.7579923206485043e-10,0.02348680948594198
B054,old,selected_l1_002,proto_sw_2_3__seed_399132903__global_l1_flow_v3__density_rich__selected_l1_002__Y-2C__nested_s__context_swapped__sample_0063,proto_sw_2_3__seed_399132903__global_l1_flow_v3__density_rich__selected_l1_002.L2.2,0.4999951150940085,48.54399891075092,0.0007597499730329048,0.020759749973032905,5.320512960122648e-10,0.02348680948594198
B054,h2,selected_l1_004,proto_sw_2_3__seed_399132903__global_l1_flow_v3__density_rich__selected_l1_004__Y-C__compact_c__context_opposed__sample_0104,proto_sw_2_3__seed_399132903__global_l1_flow_v3__density_rich__selected_l1_004.L2.1,0.46098871941518954,43.6625523709753,3.16963036074841e-05,0.020031696303607485,4.32901936640451e-10,
B054,h2,selected_l1_005,proto_sw_2_3__seed_399132903__global_l1_flow_v3__density_rich__selected_l1_005__Y-2C__open_asymmetric__context_preferred__sample_0158,proto_sw_2_3__seed_399132903__global_l1_flow_v3__density_rich__selected_l1_005.L2.1,0.46066095790515527,43.46502031113513,0.0005304851455153123,0.020530485145515313,2.40302136695077e-10,0.024798554120461832
B054,h2,selected_l1_005,proto_sw_2_3__seed_399132903__global_l1_flow_v3__density_rich__selected_l1_005__Y-2C__open_asymmetric__context_preferred__sample_0158,proto_sw_2_3__seed_399132903__global_l1_flow_v3__density_rich__selected_l1_005.L2.2,0.49999663698779406,44.37760074296869,0.000325776587570388,0.02032577658757039,8.211401513751464e-11,0.024798554120461832
B055,old,selected_l1_006,proto_sw_3_1__seed_1548718105__global_l1_flow_v3__density_simple__selected_l1_006__Y-2C__nested_s__context_preferred__sample_0134,proto_sw_3_1__seed_1548718105__global_l1_flow_v3__density_simple__selected_l1_006.L2.1,0.4999967792372181,42.85596690335835,0.001283213573633802,0.021283213573633802,4.522632248270007e-10,0.04397212298034964
B055,old,selected_l1_006,proto_sw_3_1__seed_1548718105__global_l1_flow_v3__density_simple__selected_l1_006__Y-2C__nested_s__context_preferred__sample_0134,proto_sw_3_1__seed_1548718105__global_l1_flow_v3__density_simple__selected_l1_006.L2.2,0.49999486068667237,44.13120041009685,0.0002833529814692988,0.0202833529814693,4.4118196281603953e-10,0.04397212298034964
B055,h2,selected_l1_002,proto_sw_3_1__seed_1548718105__global_l1_flow_v3__density_simple__selected_l1_002__Y-C__open_c__context_opposed__sample_0031,proto_sw_3_1__seed_1548718105__global_l1_flow_v3__density_simple__selected_l1_002.L2.1,0.4635315043766478,42.543209542895205,0.002988768624957741,0.02298876862495774,5.5149664216516055e-11,
B056,old,selected_l1_004,proto_sw_3_1__seed_1575422959__global_l1_flow_v3__density_simple__selected_l1_004__Y-2C__open_asymmetric__context_swapped__sample_0099,proto_sw_3_1__seed_1575422959__global_l1_flow_v3__density_simple__selected_l1_004.L2.1,0.4592331233193512,42.54321060724764,0.0010550289129943706,0.02105502891299437,1.5859051380262666e-10,0.05690472347652828
B056,old,selected_l1_004,proto_sw_3_1__seed_1575422959__global_l1_flow_v3__density_simple__selected_l1_004__Y-2C__open_asymmetric__context_swapped__sample_0099,proto_sw_3_1__seed_1575422959__global_l1_flow_v3__density_simple__selected_l1_004.L2.2,0.49999649994293255,46.30399954396673,0.0008905781201869328,0.020890578120186933,3.766814186270478e-10,0.05690472347652828
B056,h2,selected_l1_004,proto_sw_3_1__seed_1575422959__global_l1_flow_v3__density_simple__selected_l1_004__Y-C__compact_c__context_preferred__sample_0076,proto_sw_3_1__seed_1575422959__global_l1_flow_v3__density_simple__selected_l1_004.L2.1,0.4613151051460171,44.12345618909848,0.000751155499331236,0.020751155499331236,3.766814186270478e-10,
B057,old,selected_l1_005,proto_sw_3_1__seed_1160715944__global_l1_flow_v3__density_medium__selected_l1_005__Y-2C__open_asymmetric__context_preferred__sample_0111,proto_sw_3_1__seed_1160715944__global_l1_flow_v3__density_medium__selected_l1_005.L2.1,0.4611744805263582,45.37448559600509,0.000951278423333906,0.020951278423333906,3.3954778062089104e-10,0.026185167174505034
B057,old,selected_l1_005,proto_sw_3_1__seed_1160715944__global_l1_flow_v3__density_medium__selected_l1_005__Y-2C__open_asymmetric__context_preferred__sample_0111,proto_sw_3_1__seed_1160715944__global_l1_flow_v3__density_medium__selected_l1_005.L2.2,0.49999634245931185,36.22399856392596,0.0002864539828480346,0.020286453982848035,5.624172807708818e-10,0.026185167174505034
B057,h2,selected_l1_004,proto_sw_3_1__seed_1160715944__global_l1_flow_v3__density_medium__selected_l1_004__Y-C__open_c__context_preferred__sample_0080,proto_sw_3_1__seed_1160715944__global_l1_flow_v3__density_medium__selected_l1_004.L2.1,0.4629762142192105,46.0329218518212,0.0014533945145185877,0.021453394514518588,4.064586663127677e-10,
B058,old,selected_l1_001,proto_sw_3_1__seed_4182263884__global_l1_flow_v3__density_medium__selected_l1_001__Y-2C__nested_s__context_preferred__sample_0009,proto_sw_3_1__seed_4182263884__global_l1_flow_v3__density_medium__selected_l1_001.L2.1,0.49999665873208526,47.92592480019451,0.0010072640874105622,0.021007264087410563,2.790958117007608e-10,0.03400132866665664
B058,old,selected_l1_001,proto_sw_3_1__seed_4182263884__global_l1_flow_v3__density_medium__selected_l1_001__Y-2C__nested_s__context_preferred__sample_0009,proto_sw_3_1__seed_4182263884__global_l1_flow_v3__density_medium__selected_l1_001.L2.2,0.499996782929802,37.12000001778056,0.001279641910020838,0.02127964191002084,5.445783387796067e-10,0.03400132866665664
B058,h2,selected_l1_003,proto_sw_3_1__seed_4182263884__global_l1_flow_v3__density_medium__selected_l1_003__Y-C__compact_c__context_opposed__sample_0052,proto_sw_3_1__seed_4182263884__global_l1_flow_v3__density_medium__selected_l1_003.L2.1,0.45956366301666757,45.70370303236658,0.0017839421843663418,0.021783942184366342,3.573938331037222e-10,
B059,old,selected_l1_005,proto_sw_3_1__seed_1964058663__global_l1_flow_v3__density_rich__selected_l1_005__Y-2C__nested_s__context_swapped__sample_0110,proto_sw_3_1__seed_1964058663__global_l1_flow_v3__density_rich__selected_l1_005.L2.1,0.49999625146910015,44.75720013314621,0.0004956684801937991,0.0204956684801938,2.771462871417142e-10,0.028404384219697987
B059,old,selected_l1_005,proto_sw_3_1__seed_1964058663__global_l1_flow_v3__density_rich__selected_l1_005__Y-2C__nested_s__context_swapped__sample_0110,proto_sw_3_1__seed_1964058663__global_l1_flow_v3__density_rich__selected_l1_005.L2.2,0.49999720146902565,43.280001678053516,0.00016608954696752803,0.02016608954696753,3.013879598113087e-10,0.028404384219697987
B059,old,selected_l1_006,proto_sw_3_1__seed_1964058663__global_l1_flow_v3__density_rich__selected_l1_006__Y-2C__staggered_c__context_preferred__sample_0144,proto_sw_3_1__seed_1964058663__global_l1_flow_v3__density_rich__selected_l1_006.L2.1,0.46172844963175635,41.75308665737922,0.0019523950875033544,0.021952395087503355,6.831732095357938e-10,0.04401713124403129
B059,old,selected_l1_006,proto_sw_3_1__seed_1964058663__global_l1_flow_v3__density_rich__selected_l1_006__Y-2C__staggered_c__context_preferred__sample_0144,proto_sw_3_1__seed_1964058663__global_l1_flow_v3__density_rich__selected_l1_006.L2.2,0.4601913994679954,45.37279920627533,0.0006969552756168028,0.020696955275616803,2.795642975736546e-10,0.04401713124403129
B059,h2,selected_l1_005,proto_sw_3_1__seed_1964058663__global_l1_flow_v3__density_rich__selected_l1_005__Y-2C__nested_s__context_swapped__sample_0110,proto_sw_3_1__seed_1964058663__global_l1_flow_v3__density_rich__selected_l1_005.L2.1,0.49999625146910015,44.75720013314621,0.0004956684801937991,0.0204956684801938,2.771462871417142e-10,0.028404384219697987
B059,h2,selected_l1_005,proto_sw_3_1__seed_1964058663__global_l1_flow_v3__density_rich__selected_l1_005__Y-2C__nested_s__context_swapped__sample_0110,proto_sw_3_1__seed_1964058663__global_l1_flow_v3__density_rich__selected_l1_005.L2.2,0.49999720146902565,43.280001678053516,0.00016608954696752803,0.02016608954696753,3.013879598113087e-10,0.028404384219697987
B059,h2,selected_l1_006,proto_sw_3_1__seed_1964058663__global_l1_flow_v3__density_rich__selected_l1_006__Y-C__open_c__context_preferred__sample_0130,proto_sw_3_1__seed_1964058663__global_l1_flow_v3__density_rich__selected_l1_006.L2.1,0.4607261693624888,43.925926336108205,0.002436577414546219,0.02243657741454622,3.1818762461943884e-10,
B060,old,selected_l1_004,proto_sw_3_1__seed_898415462__global_l1_flow_v3__density_rich__selected_l1_004__Y-2C__nested_s__context_preferred__sample_0090,proto_sw_3_1__seed_898415462__global_l1_flow_v3__density_rich__selected_l1_004.L2.1,0.4999967223604567,41.2427977602209,0.0006754046484489795,0.02067540464844898,4.519788916654909e-10,0.03692922872018849
B060,old,selected_l1_004,proto_sw_3_1__seed_898415462__global_l1_flow_v3__density_rich__selected_l1_004__Y-2C__nested_s__context_preferred__sample_0090,proto_sw_3_1__seed_898415462__global_l1_flow_v3__density_rich__selected_l1_004.L2.2,0.4999965640058814,37.343999584162695,0.0010347556520186492,0.02103475565201865,5.442726878819109e-10,0.03692922872018849
B060,h2,selected_l1_002,proto_sw_3_1__seed_898415462__global_l1_flow_v3__density_rich__selected_l1_002__Y-C__compact_c__context_opposed__sample_0027,proto_sw_3_1__seed_898415462__global_l1_flow_v3__density_rich__selected_l1_002.L2.1,0.4608196430161146,43.530864341301715,0.0019034113496462154,0.021903411349646216,2.558586111474984e-10,
B061,old,selected_l1_001,proto_sw_3_1__seed_302128940__global_l1_flow_v3__density_simple__selected_l1_001__Y-2C__nested_s__context_preferred__sample_0009,proto_sw_3_1__seed_302128940__global_l1_flow_v3__density_simple__selected_l1_001.L2.1,0.49999636765060246,47.9259247213955,0.0004123268745964137,0.020412326874596414,5.32916603238269e-10,0.04759991227468999
B061,old,selected_l1_001,proto_sw_3_1__seed_302128940__global_l1_flow_v3__density_simple__selected_l1_001__Y-2C__nested_s__context_preferred__sample_0009,proto_sw_3_1__seed_302128940__global_l1_flow_v3__density_simple__selected_l1_001.L2.2,0.49999511378080924,43.839999400183935,0.0007144361771626653,0.020714436177162666,4.550987578665778e-10,0.04759991227468999
B061,h2,selected_l1_006,proto_sw_3_1__seed_302128940__global_l1_flow_v3__density_simple__selected_l1_006__Y-C__compact_c__context_preferred__sample_0126,proto_sw_3_1__seed_302128940__global_l1_flow_v3__density_simple__selected_l1_006.L2.1,0.46035399979661956,44.781893671154066,0.00021217963963157324,0.020212179639631574,4.60248904313848e-10,
B062,old,selected_l1_004,proto_sw_3_1__seed_3724261499__global_l1_flow_v3__density_simple__selected_l1_004__Y-2C__nested_s__context_swapped__sample_0085,proto_sw_3_1__seed_3724261499__global_l1_flow_v3__density_simple__selected_l1_004.L2.1,0.4999962738118338,42.04938437668295,0.0007910011513416332,0.020791001151341634,5.774367071874712e-10,0.058865427420271225
B062,old,selected_l1_004,proto_sw_3_1__seed_3724261499__global_l1_flow_v3__density_simple__selected_l1_004__Y-2C__nested_s__context_swapped__sample_0085,proto_sw_3_1__seed_3724261499__global_l1_flow_v3__density_simple__selected_l1_004.L2.2,0.49999692141252505,43.728000738737165,0.0002497076944229931,0.020249707694422994,4.773529490179773e-10,0.058865427420271225
B062,old,selected_l1_006,proto_sw_3_1__seed_3724261499__global_l1_flow_v3__density_simple__selected_l1_006__Y-2C__nested_s__context_preferred__sample_0134,proto_sw_3_1__seed_3724261499__global_l1_flow_v3__density_simple__selected_l1_006.L2.1,0.4999977834318137,36.40329068756365,0.0004731486559642964,0.020473148655964297,4.5144416023485557e-10,0.03795720999437195
B062,old,selected_l1_006,proto_sw_3_1__seed_3724261499__global_l1_flow_v3__density_simple__selected_l1_006__Y-2C__nested_s__context_preferred__sample_0134,proto_sw_3_1__seed_3724261499__global_l1_flow_v3__density_simple__selected_l1_006.L2.2,0.49999727415646206,44.82560275034459,7.2971005666677e-05,0.020072971005666677,6.392115083729304e-10,0.03795720999437195
B062,h2,selected_l1_002,proto_sw_3_1__seed_3724261499__global_l1_flow_v3__density_simple__selected_l1_002__Y-C__open_c__context_preferred__sample_0030,proto_sw_3_1__seed_3724261499__global_l1_flow_v3__density_simple__selected_l1_002.L2.1,0.4601024989094669,45.308642377725775,0.0008696960109068549,0.020869696010906855,3.869118024207032e-10,
B062,h2,selected_l1_006,proto_sw_3_1__seed_3724261499__global_l1_flow_v3__density_simple__selected_l1_006__Y-C__compact_c__context_preferred__sample_0126,proto_sw_3_1__seed_3724261499__global_l1_flow_v3__density_simple__selected_l1_006.L2.1,0.4619587405964585,44.78189264445839,0.0016679792969283153,0.021667979296928316,3.0144531063767397e-10,
B063,old,selected_l1_004,proto_sw_3_1__seed_1989963110__global_l1_flow_v3__density_medium__selected_l1_004__Y-2C__nested_s__context_preferred__sample_0096,proto_sw_3_1__seed_1989963110__global_l1_flow_v3__density_medium__selected_l1_004.L2.1,0.49999612689091383,44.3539091563918,0.00022380911631989311,0.020223809116319894,4.683010484535401e-10,0.02703205417764729
B063,old,selected_l1_004,proto_sw_3_1__seed_1989963110__global_l1_flow_v3__density_medium__selected_l1_004__Y-2C__nested_s__context_preferred__sample_0096,proto_sw_3_1__seed_1989963110__global_l1_flow_v3__density_medium__selected_l1_004.L2.2,0.49999597349658703,44.1760002668104,0.0001739255181117602,0.02017392551811176,1.5873998833875526e-10,0.02703205417764729
B063,h2,selected_l1_006,proto_sw_3_1__seed_1989963110__global_l1_flow_v3__density_medium__selected_l1_006__Y-C__open_c__context_preferred__sample_0130,proto_sw_3_1__seed_1989963110__global_l1_flow_v3__density_medium__selected_l1_006.L2.1,0.4632135193475979,43.92592635971282,0.0014660404908294865,0.021466040490829487,3.7781738090925865e-10,
B064,old,selected_l1_005,proto_sw_3_1__seed_608345505__global_l1_flow_v3__density_medium__selected_l1_005__Y-C__balanced_s__context_opposed__sample_0104,proto_sw_3_1__seed_608345505__global_l1_flow_v3__density_medium__selected_l1_005.L2.1,0.4999962248406223,40.95473305907867,0.00037248042195004924,0.02037248042195005,5.121652386407873e-10,
B064,old,selected_l1_002,proto_sw_3_1__seed_608345505__global_l1_flow_v3__density_medium__selected_l1_002__Y-C__balanced_s__context_preferred__sample_0028,proto_sw_3_1__seed_608345505__global_l1_flow_v3__density_medium__selected_l1_002.L2.1,0.49999628957140557,44.81481419298417,0.0009049380097059592,0.02090493800970596,1.2183564985440755e-10,
B064,h2,selected_l1_004,proto_sw_3_1__seed_608345505__global_l1_flow_v3__density_medium__selected_l1_004__Y-C__open_c__context_preferred__sample_0080,proto_sw_3_1__seed_608345505__global_l1_flow_v3__density_medium__selected_l1_004.L2.1,0.4590503644352643,46.03292360555058,0.0008896565512885486,0.02088965655128855,3.1798157250220676e-10,
B064,h2,selected_l1_006,proto_sw_3_1__seed_608345505__global_l1_flow_v3__density_medium__selected_l1_006__Y-C__compact_c__context_preferred__sample_0126,proto_sw_3_1__seed_608345505__global_l1_flow_v3__density_medium__selected_l1_006.L2.1,0.46158328464418796,44.78189293348663,0.0017147421440778451,0.021714742144077846,4.13320874273458e-10,
B065,old,selected_l1_004,proto_sw_3_1__seed_3906224916__global_l1_flow_v3__density_rich__selected_l1_004__Y-2C__open_asymmetric__context_preferred__sample_0086,proto_sw_3_1__seed_3906224916__global_l1_flow_v3__density_rich__selected_l1_004.L2.1,0.4593932931432991,44.25514393705219,0.0017910865473921636,0.021791086547392164,5.284917347569504e-10,0.03774439000997378
B065,old,selected_l1_004,proto_sw_3_1__seed_3906224916__global_l1_flow_v3__density_rich__selected_l1_004__Y-2C__open_asymmetric__context_preferred__sample_0086,proto_sw_3_1__seed_3906224916__global_l1_flow_v3__density_rich__selected_l1_004.L2.2,0.4999972337885022,36.112000962196724,0.0005292759222790717,0.020529275922279072,1.5618837165963004e-10,0.03774439000997378
B065,old,selected_l1_006,proto_sw_3_1__seed_3906224916__global_l1_flow_v3__density_rich__selected_l1_006__Y-2C__nested_s__context_preferred__sample_0134,proto_sw_3_1__seed_3906224916__global_l1_flow_v3__density_rich__selected_l1_006.L2.1,0.4999970931999766,42.8559668966703,0.00012342345055406378,0.020123423450554064,5.608713765082604e-10,0.03286474959745064
B065,old,selected_l1_006,proto_sw_3_1__seed_3906224916__global_l1_flow_v3__density_rich__selected_l1_006__Y-2C__nested_s__context_preferred__sample_0134,proto_sw_3_1__seed_3906224916__global_l1_flow_v3__density_rich__selected_l1_006.L2.2,0.49999712344158764,40.63680128726219,0.00019146172233116404,0.020191461722331164,3.8654832711369184e-10,0.03286474959745064
B065,h2,selected_l1_005,proto_sw_3_1__seed_3906224916__global_l1_flow_v3__density_rich__selected_l1_005__Y-C__open_c__context_preferred__sample_0105,proto_sw_3_1__seed_3906224916__global_l1_flow_v3__density_rich__selected_l1_005.L2.1,0.45957057544914737,40.765432632588976,0.0006067670987459986,0.020606767098746,5.188101154733409e-10,
B065,h2,selected_l1_006,proto_sw_3_1__seed_3906224916__global_l1_flow_v3__density_rich__selected_l1_006__Y-C__open_c__context_preferred__sample_0130,proto_sw_3_1__seed_3906224916__global_l1_flow_v3__density_rich__selected_l1_006.L2.1,0.46210624265626155,42.08230517197142,0.0012574547374286822,0.021257454737428683,3.4529949686462424e-10,
B066,old,selected_l1_005,proto_sw_3_1__seed_1105195513__global_l1_flow_v3__density_rich__selected_l1_005__Y-C__balanced_s__context_preferred__sample_0103,proto_sw_3_1__seed_1105195513__global_l1_flow_v3__density_rich__selected_l1_005.L2.1,0.49999667712011214,39.399178860373524,0.00018138781551109429,0.020181387815511095,2.0618946358982718e-10,
B066,old,selected_l1_002,proto_sw_3_1__seed_1105195513__global_l1_flow_v3__density_rich__selected_l1_002__Y-2C__nested_s__context_preferred__sample_0034,proto_sw_3_1__seed_1105195513__global_l1_flow_v3__density_rich__selected_l1_002.L2.1,0.49999627152316156,43.25926044373879,0.0006346223048176447,0.020634622304817645,1.3265941079358257e-10,0.034342527327218486
B066,old,selected_l1_002,proto_sw_3_1__seed_1105195513__global_l1_flow_v3__density_rich__selected_l1_002__Y-2C__nested_s__context_preferred__sample_0034,proto_sw_3_1__seed_1105195513__global_l1_flow_v3__density_rich__selected_l1_002.L2.2,0.4999962328757587,47.76000069497737,3.107325146887302e-06,0.020003107325146888,3.876645359057126e-10,0.034342527327218486
B066,h2,selected_l1_001,proto_sw_3_1__seed_1105195513__global_l1_flow_v3__density_rich__selected_l1_001__Y-C__compact_c__context_preferred__sample_0001,proto_sw_3_1__seed_1105195513__global_l1_flow_v3__density_rich__selected_l1_001.L2.1,0.46086860062766444,43.333332346588584,9.928714580528797e-05,0.02009928714580529,4.885830174488978e-10,
B066,h2,selected_l1_004,proto_sw_3_1__seed_1105195513__global_l1_flow_v3__density_rich__selected_l1_004__Y-C__open_c__context_preferred__sample_0080,proto_sw_3_1__seed_1105195513__global_l1_flow_v3__density_rich__selected_l1_004.L2.1,0.45887665275197237,46.032921413302276,0.0016899798595942754,0.021689979859594276,3.726215702009091e-10,
B067,old,selected_l1_001,proto_sw_3_1__seed_686836685__global_l1_flow_v3__density_simple__selected_l1_001__Y-C__compact_c__context_preferred__sample_0001,proto_sw_3_1__seed_686836685__global_l1_flow_v3__density_simple__selected_l1_001.L2.1,0.4599640979032931,48.66666621750362,0.0007589292236290894,0.02075892922362909,4.2238334094806596e-10,
B067,old,selected_l1_002,proto_sw_3_1__seed_686836685__global_l1_flow_v3__density_simple__selected_l1_002__Y-C__compact_c__context_preferred__sample_0026,proto_sw_3_1__seed_686836685__global_l1_flow_v3__density_simple__selected_l1_002.L2.1,0.46020950123270965,46.09876601189732,0.001414457289135456,0.021414457289135456,5.358434095372478e-10,
B067,h2,selected_l1_003,proto_sw_3_1__seed_686836685__global_l1_flow_v3__density_simple__selected_l1_003__Y-C__compact_c__context_opposed__sample_0052,proto_sw_3_1__seed_686836685__global_l1_flow_v3__density_simple__selected_l1_003.L2.1,0.4604073523043864,45.70370395811584,0.001210115137656089,0.02121011513765609,4.876818546044625e-10,
B067,h2,selected_l1_002,proto_sw_3_1__seed_686836685__global_l1_flow_v3__density_simple__selected_l1_002__Y-C__compact_c__context_preferred__sample_0026,proto_sw_3_1__seed_686836685__global_l1_flow_v3__density_simple__selected_l1_002.L2.1,0.46020950123270965,46.09876601189732,0.001414457289135456,0.021414457289135456,5.358434095372478e-10,
B068,old,selected_l1_001,proto_sw_3_1__seed_279600048__global_l1_flow_v3__density_simple__selected_l1_001__Y-2C__nested_s__context_preferred__sample_0009,proto_sw_3_1__seed_279600048__global_l1_flow_v3__density_simple__selected_l1_001.L2.1,0.4999958475957102,47.925922714770216,5.267984122256375e-05,0.020052679841222564,5.514703349868237e-10,0.047701304526235846
B068,old,selected_l1_001,proto_sw_3_1__seed_279600048__global_l1_flow_v3__density_simple__selected_l1_001__Y-2C__nested_s__context_preferred__sample_0009,proto_sw_3_1__seed_279600048__global_l1_flow_v3__density_simple__selected_l1_001.L2.2,0.49999655959745815,47.75999852619135,0.0003463061385923054,0.020346306138592306,4.4932168968433266e-10,0.047701304526235846
B068,old,selected_l1_003,proto_sw_3_1__seed_279600048__global_l1_flow_v3__density_simple__selected_l1_003__Y-2C__open_asymmetric__context_preferred__sample_0061,proto_sw_3_1__seed_279600048__global_l1_flow_v3__density_simple__selected_l1_003.L2.1,0.45918320102129084,46.49382577663856,0.0008622792876000276,0.020862279287600028,6.256621424242776e-10,0.02210818180966312
B068,old,selected_l1_003,proto_sw_3_1__seed_279600048__global_l1_flow_v3__density_simple__selected_l1_003__Y-2C__open_asymmetric__context_preferred__sample_0061,proto_sw_3_1__seed_279600048__global_l1_flow_v3__density_simple__selected_l1_003.L2.2,0.4999970806756249,46.415998866917924,0.0009316064966379684,0.02093160649663797,1.9282943647591716e-10,0.02210818180966312
B068,h2,selected_l1_005,proto_sw_3_1__seed_279600048__global_l1_flow_v3__density_simple__selected_l1_005__Y-C__compact_c__context_opposed__sample_0102,proto_sw_3_1__seed_279600048__global_l1_flow_v3__density_simple__selected_l1_005.L2.1,0.4593162606662228,46.36214039366862,0.0009285739250081276,0.020928573925008128,2.330179953016994e-10,
B068,h2,selected_l1_003,proto_sw_3_1__seed_279600048__global_l1_flow_v3__density_simple__selected_l1_003__Y-C__open_c__context_preferred__sample_0055,proto_sw_3_1__seed_279600048__global_l1_flow_v3__density_simple__selected_l1_003.L2.1,0.4600498719808984,48.27160440833911,0.001208233448340864,0.021208233448340864,6.256621424242776e-10,
B069,old,selected_l1_004,proto_sw_3_1__seed_399132903__global_l1_flow_v3__density_medium__selected_l1_004__Y-2C__staggered_c__context_swapped__sample_0095,proto_sw_3_1__seed_399132903__global_l1_flow_v3__density_medium__selected_l1_004.L2.1,0.46092050677091956,44.84773642221154,0.0005466577383045589,0.02054665773830456,2.518256780679333e-10,0.028656321612213518
B069,old,selected_l1_004,proto_sw_3_1__seed_399132903__global_l1_flow_v3__density_medium__selected_l1_004__Y-2C__staggered_c__context_swapped__sample_0095,proto_sw_3_1__seed_399132903__global_l1_flow_v3__density_medium__selected_l1_004.L2.2,0.4608993108474741,44.14399893452637,0.00019365228256585168,0.020193652282565852,6.094958788810914e-10,0.028656321612213518
B069,old,selected_l1_002,proto_sw_3_1__seed_399132903__global_l1_flow_v3__density_medium__selected_l1_002__Y-C__balanced_s__context_opposed__sample_0029,proto_sw_3_1__seed_399132903__global_l1_flow_v3__density_medium__selected_l1_002.L2.1,0.49999659017029124,37.72839539945895,0.0011037209703864403,0.02110372097038644,5.57650989173239e-10,
B069,h2,selected_l1_004,proto_sw_3_1__seed_399132903__global_l1_flow_v3__density_medium__selected_l1_004__Y-C__compact_c__context_opposed__sample_0077,proto_sw_3_1__seed_399132903__global_l1_flow_v3__density_medium__selected_l1_004.L2.1,0.459658945543521,43.33333270523472,0.0016246021566943478,0.021624602156694348,1.778320477956759e-10,
B069,h2,selected_l1_002,proto_sw_3_1__seed_399132903__global_l1_flow_v3__density_medium__selected_l1_002__Y-C__open_c__context_preferred__sample_0030,proto_sw_3_1__seed_399132903__global_l1_flow_v3__density_medium__selected_l1_002.L2.1,0.46079339777018674,45.30864158437881,0.003479287145121121,0.02347928714512112,5.57650989173239e-10,
B070,old,selected_l1_001,proto_sw_3_1__seed_3322687601__global_l1_flow_v3__density_medium__selected_l1_001__Y-2C__nested_s__context_preferred__sample_0009,proto_sw_3_1__seed_3322687601__global_l1_flow_v3__density_medium__selected_l1_001.L2.1,0.49999584890369386,47.9259259326845,0.00019641463306746543,0.020196414633067466,9.634792324252644e-11,0.044305835136987916
B070,old,selected_l1_001,proto_sw_3_1__seed_3322687601__global_l1_flow_v3__density_medium__selected_l1_001__Y-2C__nested_s__context_preferred__sample_0009,proto_sw_3_1__seed_3322687601__global_l1_flow_v3__density_medium__selected_l1_001.L2.2,0.4999978407819798,40.48000014969969,0.00017946048584174812,0.02017946048584175,1.1455394590371588e-10,0.044305835136987916
B070,old,selected_l1_006,proto_sw_3_1__seed_3322687601__global_l1_flow_v3__density_medium__selected_l1_006__Y-2C__nested_s__context_swapped__sample_0135,proto_sw_3_1__seed_3322687601__global_l1_flow_v3__density_medium__selected_l1_006.L2.1,0.49999560365133394,47.5226358524845,0.0002130284493414604,0.02021302844934146,5.565443061906147e-10,0.044045279129882965
B070,old,selected_l1_006,proto_sw_3_1__seed_3322687601__global_l1_flow_v3__density_medium__selected_l1_006__Y-2C__nested_s__context_swapped__sample_0135,proto_sw_3_1__seed_3322687601__global_l1_flow_v3__density_medium__selected_l1_006.L2.2,0.49999611886753365,43.43679859209778,0.00045429077850599534,0.020454290778505996,4.988211341254056e-10,0.044045279129882965
B070,h2,selected_l1_001,proto_sw_3_1__seed_3322687601__global_l1_flow_v3__density_medium__selected_l1_001__Y-C__compact_c__context_opposed__sample_0002,proto_sw_3_1__seed_3322687601__global_l1_flow_v3__density_medium__selected_l1_001.L2.1,0.46143130583061853,46.88888927713453,0.0012948059716357957,0.021294805971635796,5.787345806477974e-10,
B070,h2,selected_l1_006,proto_sw_3_1__seed_3322687601__global_l1_flow_v3__density_medium__selected_l1_006__Y-C__open_c__context_opposed__sample_0131,proto_sw_3_1__seed_3322687601__global_l1_flow_v3__density_medium__selected_l1_006.L2.1,0.45898968322198197,43.8600833614741,0.0023084065825533934,0.022308406582553394,4.4919898457329194e-10,
B071,old,selected_l1_004,proto_sw_3_1__seed_2781254137__global_l1_flow_v3__density_rich__selected_l1_004__Y-C__open_c__context_opposed__sample_0081,proto_sw_3_1__seed_2781254137__global_l1_flow_v3__density_rich__selected_l1_004.L2.1,0.45919391524351555,51.36625473633876,0.0007628581705920803,0.02076285817059208,5.077407571404147e-10,
B071,old,selected_l1_005,proto_sw_3_1__seed_2781254137__global_l1_flow_v3__density_rich__selected_l1_005__Y-C__compact_c__context_preferred__sample_0101,proto_sw_3_1__seed_2781254137__global_l1_flow_v3__density_rich__selected_l1_005.L2.1,0.46354800790720135,49.65432080687304,0.001650600419275429,0.02165060041927543,1.6929118495159207e-10,
B071,old,selected_l1_003,proto_sw_3_1__seed_2781254137__global_l1_flow_v3__density_rich__selected_l1_003__Y-2C__nested_s__context_preferred__sample_0059,proto_sw_3_1__seed_2781254137__global_l1_flow_v3__density_rich__selected_l1_003.L2.1,0.4999966833696679,48.09876552527934,0.0004893598883864911,0.02048935988838649,2.0414620148167199e-10,0.02544456763599795
B071,old,selected_l1_003,proto_sw_3_1__seed_2781254137__global_l1_flow_v3__density_rich__selected_l1_003__Y-2C__nested_s__context_preferred__sample_0059,proto_sw_3_1__seed_2781254137__global_l1_flow_v3__density_rich__selected_l1_003.L2.2,0.4999970278982971,37.343999441758015,0.0005118669286530882,0.02051186692865309,2.9608300117227845e-10,0.02544456763599795
B071,h2,selected_l1_001,proto_sw_3_1__seed_2781254137__global_l1_flow_v3__density_rich__selected_l1_001__Y-C__compact_c__context_preferred__sample_0001,proto_sw_3_1__seed_2781254137__global_l1_flow_v3__density_rich__selected_l1_001.L2.1,0.4624921948467551,48.666666570603276,0.000994510591929964,0.020994510591929964,3.1573270254893006e-10,
B071,h2,selected_l1_006,proto_sw_3_1__seed_2781254137__global_l1_flow_v3__density_rich__selected_l1_006__Y-C__open_c__context_preferred__sample_0130,proto_sw_3_1__seed_2781254137__global_l1_flow_v3__density_rich__selected_l1_006.L2.1,0.46310839601115905,42.08230320097184,0.000661640293145839,0.02066164029314584,6.247339855338099e-10,
B071,h2,selected_l1_007,proto_sw_3_1__seed_2781254137__global_l1_flow_v3__density_rich__selected_l1_007__Y-2C__staggered_c__context_swapped__sample_0164,proto_sw_3_1__seed_2781254137__global_l1_flow_v3__density_rich__selected_l1_007.L2.1,0.4616188377605048,47.67901272101616,0.0013068767714354348,0.021306876771435435,7.043733652148402e-10,0.03036013838776777
B071,h2,selected_l1_007,proto_sw_3_1__seed_2781254137__global_l1_flow_v3__density_rich__selected_l1_007__Y-2C__staggered_c__context_swapped__sample_0164,proto_sw_3_1__seed_2781254137__global_l1_flow_v3__density_rich__selected_l1_007.L2.2,0.4609562817277291,52.07999956863897,0.0008480026626418377,0.020848002662641838,3.559696480765115e-10,0.03036013838776777
B072,old,selected_l1_003,proto_sw_3_1__seed_1978891010__global_l1_flow_v3__density_rich__selected_l1_003__Y-2C__open_asymmetric__context_preferred__sample_0073,proto_sw_3_1__seed_1978891010__global_l1_flow_v3__density_rich__selected_l1_003.L2.1,0.46025068619440007,50.24691429529328,0.0004289053002431535,0.020428905300243154,4.563291192781092e-10,0.02358388842458868
B072,old,selected_l1_003,proto_sw_3_1__seed_1978891010__global_l1_flow_v3__density_rich__selected_l1_003__Y-2C__open_asymmetric__context_preferred__sample_0073,proto_sw_3_1__seed_1978891010__global_l1_flow_v3__density_rich__selected_l1_003.L2.2,0.4999971852267101,42.71999630611906,0.00013005451863640563,0.020130054518636406,5.243713319682441e-10,0.02358388842458868
B072,old,selected_l1_007,proto_sw_3_1__seed_1978891010__global_l1_flow_v3__density_rich__selected_l1_007__Y-2C__nested_s__context_swapped__sample_0166,proto_sw_3_1__seed_1978891010__global_l1_flow_v3__density_rich__selected_l1_007.L2.1,0.4999971975204845,39.80246922234323,8.98354129515791e-05,0.02008983541295158,2.1879163785249248e-10,0.0249690291709231
B072,old,selected_l1_007,proto_sw_3_1__seed_1978891010__global_l1_flow_v3__density_rich__selected_l1_007__Y-2C__nested_s__context_swapped__sample_0166,proto_sw_3_1__seed_1978891010__global_l1_flow_v3__density_rich__selected_l1_007.L2.2,0.49999683797169947,37.09760131303,5.720927736777709e-05,0.020057209277367778,3.999266613366324e-10,0.0249690291709231
B072,h2,selected_l1_006,proto_sw_3_1__seed_1978891010__global_l1_flow_v3__density_rich__selected_l1_006__Y-C__compact_c__context_preferred__sample_0126,proto_sw_3_1__seed_1978891010__global_l1_flow_v3__density_rich__selected_l1_006.L2.1,0.4597122655486621,44.78189240430356,0.0017865273921178516,0.021786527392117852,2.850594553703511e-10,
B072,h2,selected_l1_005,proto_sw_3_1__seed_1978891010__global_l1_flow_v3__density_rich__selected_l1_005__Y-C__compact_c__context_opposed__sample_0102,proto_sw_3_1__seed_1978891010__global_l1_flow_v3__density_rich__selected_l1_005.L2.1,0.46007252181499714,46.3621387274961,0.000906026606252195,0.020906026606252195,4.21537686785022e-10,
B073,old,selected_l1_001,proto_sw_3_2__seed_3906224916__global_l1_flow_v3__density_simple__selected_l1_001__Y-C__balanced_s__context_opposed__sample_0004,proto_sw_3_2__seed_3906224916__global_l1_flow_v3__density_simple__selected_l1_001.L2.1,0.4999964845580629,40.66666954187953,0.00016987419107846596,0.020169874191078466,5.801304742734733e-10,
B073,old,selected_l1_005,proto_sw_3_2__seed_3906224916__global_l1_flow_v3__density_simple__selected_l1_005__Y-2C__nested_s__context_preferred__sample_0115,proto_sw_3_2__seed_3906224916__global_l1_flow_v3__density_simple__selected_l1_005.L2.1,0.49999622197634624,43.25925846791862,4.778296726344264e-05,0.020047782967263443,1.9092617925900346e-10,0.03105376214200433
B073,old,selected_l1_005,proto_sw_3_2__seed_3906224916__global_l1_flow_v3__density_simple__selected_l1_005__Y-2C__nested_s__context_preferred__sample_0115,proto_sw_3_2__seed_3906224916__global_l1_flow_v3__density_simple__selected_l1_005.L2.2,0.4999973886633607,37.45600055699508,0.00018242397071114094,0.02018242397071114,1.4169981842210326e-10,0.03105376214200433
B073,h2,selected_l1_003,proto_sw_3_2__seed_3906224916__global_l1_flow_v3__density_simple__selected_l1_003__Y-C__open_c__context_opposed__sample_0056,proto_sw_3_2__seed_3906224916__global_l1_flow_v3__density_simple__selected_l1_003.L2.1,0.46010994190785137,47.48148124938481,0.003340198526234933,0.023340198526234934,6.972040959948938e-11,
B073,h2,selected_l1_002,proto_sw_3_2__seed_3906224916__global_l1_flow_v3__density_simple__selected_l1_002__Y-C__open_c__context_opposed__sample_0031,proto_sw_3_2__seed_3906224916__global_l1_flow_v3__density_simple__selected_l1_002.L2.1,0.46041352294391574,42.54321097578315,0.0008846326903230797,0.02088463269032308,2.8943149516240326e-10,
B074,old,selected_l1_001,proto_sw_3_2__seed_1462814306__global_l1_flow_v3__density_simple__selected_l1_001__Y-2C__nested_s__context_preferred__sample_0009,proto_sw_3_2__seed_1462814306__global_l1_flow_v3__density_simple__selected_l1_001.L2.1,0.49999766839500326,39.11111201357664,0.0004753431370168107,0.02047534313701681,3.568834781460621e-10,0.0373494029341118
B074,old,selected_l1_001,proto_sw_3_2__seed_1462814306__global_l1_flow_v3__density_simple__selected_l1_001__Y-2C__nested_s__context_preferred__sample_0009,proto_sw_3_2__seed_1462814306__global_l1_flow_v3__density_simple__selected_l1_001.L2.2,0.4999971235502464,37.11999957191943,0.0001381544227068189,0.02013815442270682,4.997817042807837e-10,0.0373494029341118
B074,old,selected_l1_004,proto_sw_3_2__seed_1462814306__global_l1_flow_v3__density_simple__selected_l1_004__Y-2C__nested_s__context_preferred__sample_0084,proto_sw_3_2__seed_1462814306__global_l1_flow_v3__density_simple__selected_l1_004.L2.1,0.4999962482607617,49.251027749981596,0.0007590178178487166,0.020759017817848717,2.4823265270800905e-10,0.02981105759658142
B074,old,selected_l1_004,proto_sw_3_2__seed_1462814306__global_l1_flow_v3__density_simple__selected_l1_004__Y-2C__nested_s__context_preferred__sample_0084,proto_sw_3_2__seed_1462814306__global_l1_flow_v3__density_simple__selected_l1_004.L2.2,0.49999582110474944,47.9840001032485,0.0005479570458681617,0.020547957045868162,4.508400261008367e-10,0.02981105759658142
B074,h2,selected_l1_002,proto_sw_3_2__seed_1462814306__global_l1_flow_v3__density_simple__selected_l1_002__Y-C__compact_c__context_opposed__sample_0027,proto_sw_3_2__seed_1462814306__global_l1_flow_v3__density_simple__selected_l1_002.L2.1,0.46044874133802066,42.740741229961074,0.0002725400053096988,0.0202725400053097,3.5086818941488046e-10,
B074,h2,selected_l1_004,proto_sw_3_2__seed_1462814306__global_l1_flow_v3__density_simple__selected_l1_004__Y-C__compact_c__context_preferred__sample_0076,proto_sw_3_2__seed_1462814306__global_l1_flow_v3__density_simple__selected_l1_004.L2.1,0.4602511252460746,41.55555617845053,0.0009423931658387938,0.020942393165838794,2.4823265270800905e-10,
B075,old,selected_l1_006,proto_sw_3_2__seed_399132903__global_l1_flow_v3__density_medium__selected_l1_006__Y-C__balanced_s__context_opposed__sample_0129,proto_sw_3_2__seed_399132903__global_l1_flow_v3__density_medium__selected_l1_006.L2.1,0.49999656281915017,43.48971148097906,0.0005766712630735638,0.020576671263073564,1.8148171278801869e-10,
B075,old,selected_l1_003,proto_sw_3_2__seed_399132903__global_l1_flow_v3__density_medium__selected_l1_003__Y-C__balanced_s__context_opposed__sample_0054,proto_sw_3_2__seed_399132903__global_l1_flow_v3__density_medium__selected_l1_003.L2.1,0.49999687768184564,41.012348421429465,7.653347300244293e-05,0.020076533473002443,3.629936485749804e-10,
B075,h2,selected_l1_005,proto_sw_3_2__seed_399132903__global_l1_flow_v3__density_medium__selected_l1_005__Y-C__compact_c__context_preferred__sample_0101,proto_sw_3_2__seed_399132903__global_l1_flow_v3__density_medium__selected_l1_005.L2.1,0.4633106531561445,47.21810707635774,0.001489833201695958,0.02148983320169596,3.8885881535202437e-10,
B075,h2,selected_l1_004,proto_sw_3_2__seed_399132903__global_l1_flow_v3__density_medium__selected_l1_004__Y-C__compact_c__context_opposed__sample_0077,proto_sw_3_2__seed_399132903__global_l1_flow_v3__density_medium__selected_l1_004.L2.1,0.45965894814601377,43.333334399726404,0.0006548583392615645,0.020654858339261565,5.459701646596929e-10,
B076,old,selected_l1_006,proto_sw_3_2__seed_3322687601__global_l1_flow_v3__density_medium__selected_l1_006__Y-2C__open_asymmetric__context_preferred__sample_0136,proto_sw_3_2__seed_3322687601__global_l1_flow_v3__density_medium__selected_l1_006.L2.1,0.4614187499981538,40.50205814538038,0.0002435303418031748,0.020243530341803175,3.170407275509987e-10,0.021728879036541235
B076,old,selected_l1_006,proto_sw_3_2__seed_3322687601__global_l1_flow_v3__density_medium__selected_l1_006__Y-2C__open_asymmetric__context_preferred__sample_0136,proto_sw_3_2__seed_3322687601__global_l1_flow_v3__density_medium__selected_l1_006.L2.2,0.4999956214238155,46.23680065739797,0.0002682415379577051,0.020268241537957706,2.487455879702034e-10,0.021728879036541235
B076,old,selected_l1_004,proto_sw_3_2__seed_3322687601__global_l1_flow_v3__density_medium__selected_l1_004__Y-C__balanced_s__context_opposed__sample_0079,proto_sw_3_2__seed_3322687601__global_l1_flow_v3__density_medium__selected_l1_004.L2.1,0.49999553674339603,49.82716113638957,0.0004323569880263986,0.0204323569880264,4.2304346029719687e-10,
B076,h2,selected_l1_005,proto_sw_3_2__seed_3322687601__global_l1_flow_v3__density_medium__selected_l1_005__Y-C__open_c__context_preferred__sample_0105,proto_sw_3_2__seed_3322687601__global_l1_flow_v3__density_medium__selected_l1_005.L2.1,0.46109551840480106,48.13991800445678,0.0021330412941080214,0.022133041294108022,4.327683704250997e-10,
B076,h2,selected_l1_004,proto_sw_3_2__seed_3322687601__global_l1_flow_v3__density_medium__selected_l1_004__Y-C__open_c__context_opposed__sample_0081,proto_sw_3_2__seed_3322687601__global_l1_flow_v3__density_medium__selected_l1_004.L2.1,0.4593218971616456,43.39917724858208,0.0022706959285273207,0.02227069592852732,4.2304346029719687e-10,
B077,old,selected_l1_005,proto_sw_3_2__seed_302128940__global_l1_flow_v3__density_rich__selected_l1_005__Y-2C__open_asymmetric__context_preferred__sample_0123,proto_sw_3_2__seed_302128940__global_l1_flow_v3__density_rich__selected_l1_005.L2.1,0.460498882912494,47.74485509101486,0.0004422005068571745,0.020442200506857175,4.695069383504167e-10,0.042445482172081155
B077,old,selected_l1_005,proto_sw_3_2__seed_302128940__global_l1_flow_v3__density_rich__selected_l1_005__Y-2C__open_asymmetric__context_preferred__sample_0123,proto_sw_3_2__seed_302128940__global_l1_flow_v3__density_rich__selected_l1_005.L2.2,0.4999956774018893,39.47199913213851,1.9963013624620107e-05,0.02001996301362462,7.185524155926706e-11,0.042445482172081155
B077,h2,selected_l1_006,proto_sw_3_2__seed_302128940__global_l1_flow_v3__density_rich__selected_l1_006__Y-C__compact_c__context_preferred__sample_0126,proto_sw_3_2__seed_302128940__global_l1_flow_v3__density_rich__selected_l1_006.L2.1,0.46035400286850947,44.781892737050484,0.003180861768583027,0.023180861768583028,4.4059238673958694e-10,
B078,old,selected_l1_004,proto_sw_3_2__seed_1575422959__global_l1_flow_v3__density_rich__selected_l1_004__Y-C__compact_c__context_preferred__sample_0076,proto_sw_3_2__seed_1575422959__global_l1_flow_v3__density_rich__selected_l1_004.L2.1,0.46131511003650366,44.12345676386984,0.0020281323383406595,0.02202813233834066,2.3698486749077297e-10,
B078,h2,selected_l1_001,proto_sw_3_2__seed_1575422959__global_l1_flow_v3__density_rich__selected_l1_001__Y-C__compact_c__context_preferred__sample_0001,proto_sw_3_2__seed_1575422959__global_l1_flow_v3__density_rich__selected_l1_001.L2.1,0.4599415465003522,43.33333273808803,0.0018024503708290555,0.021802450370829056,3.9041586957729694e-10,
B079,old,selected_l1_001,proto_sw_3_2__seed_1964058663__global_l1_flow_v3__density_simple__selected_l1_001__Y-C__balanced_s__context_preferred__sample_0003,proto_sw_3_2__seed_1964058663__global_l1_flow_v3__density_simple__selected_l1_001.L2.1,0.49999753777036426,35.99999877531344,0.0002557128568774908,0.02025571285687749,3.1720807356955656e-10,
B079,old,selected_l1_002,proto_sw_3_2__seed_1964058663__global_l1_flow_v3__density_simple__selected_l1_002__Y-2C__open_asymmetric__context_preferred__sample_0036,proto_sw_3_2__seed_1964058663__global_l1_flow_v3__density_simple__selected_l1_002.L2.1,0.46020271704164334,41.5555558099826,0.0012521272423829007,0.0212521272423829,3.070978169279929e-10,0.02682550803821131
B079,old,selected_l1_002,proto_sw_3_2__seed_1964058663__global_l1_flow_v3__density_simple__selected_l1_002__Y-2C__open_asymmetric__context_preferred__sample_0036,proto_sw_3_2__seed_1964058663__global_l1_flow_v3__density_simple__selected_l1_002.L2.2,0.4999959448253815,49.775998148773205,0.0009404545184923847,0.020940454518492385,5.335910924278309e-10,0.02682550803821131
B079,h2,selected_l1_001,proto_sw_3_2__seed_1964058663__global_l1_flow_v3__density_simple__selected_l1_001__Y-C__compact_c__context_preferred__sample_0001,proto_sw_3_2__seed_1964058663__global_l1_flow_v3__density_simple__selected_l1_001.L2.1,0.4601725528955418,43.33333227795354,0.0005368792314923224,0.020536879231492323,3.1720807356955656e-10,
B079,h2,selected_l1_005,proto_sw_3_2__seed_1964058663__global_l1_flow_v3__density_simple__selected_l1_005__Y-C__compact_c__context_preferred__sample_0101,proto_sw_3_2__seed_1964058663__global_l1_flow_v3__density_simple__selected_l1_005.L2.1,0.45995691370963687,47.21810680716703,0.0028055828045045403,0.02280558280450454,1.8112531470249448e-10,
B080,old,selected_l1_003,proto_sw_3_2__seed_1548718105__global_l1_flow_v3__density_simple__selected_l1_003__Y-C__compact_c__context_opposed__sample_0052,proto_sw_3_2__seed_1548718105__global_l1_flow_v3__density_simple__selected_l1_003.L2.1,0.4606185646006243,45.703703865669205,0.0011192561175527999,0.0211192561175528,4.358850644524755e-10,
B080,h2,selected_l1_005,proto_sw_3_2__seed_1548718105__global_l1_flow_v3__density_simple__selected_l1_005__Y-C__open_c__context_opposed__sample_0106,proto_sw_3_2__seed_1548718105__global_l1_flow_v3__density_simple__selected_l1_005.L2.1,0.4606568369433393,46.09876507066832,1.325179340931626e-05,0.020013251793409317,5.954817009878784e-10,
B081,old,selected_l1_002,proto_sw_3_2__seed_4182263884__global_l1_flow_v3__density_medium__selected_l1_002__Y-2C__open_asymmetric__context_preferred__sample_0036,proto_sw_3_2__seed_4182263884__global_l1_flow_v3__density_medium__selected_l1_002.L2.1,0.45944316924077383,41.555555059342176,0.0009064884901706476,0.020906488490170648,4.0079904817062014e-10,0.021972921870848337
B081,old,selected_l1_002,proto_sw_3_2__seed_4182263884__global_l1_flow_v3__density_medium__selected_l1_002__Y-2C__open_asymmetric__context_preferred__sample_0036,proto_sw_3_2__seed_4182263884__global_l1_flow_v3__density_medium__selected_l1_002.L2.2,0.49999633324431453,39.35999826569033,0.00018941799028329362,0.020189417990283294,4.986923004340213e-10,0.021972921870848337
B081,h2,selected_l1_001,proto_sw_3_2__seed_4182263884__global_l1_flow_v3__density_medium__selected_l1_001__Y-C__open_c__context_opposed__sample_0006,proto_sw_3_2__seed_4182263884__global_l1_flow_v3__density_medium__selected_l1_001.L2.1,0.4606524842049271,48.66666701838141,0.0030273076136737888,0.02302730761367379,4.865035119367945e-10,
B082,old,selected_l1_005,proto_sw_3_2__seed_2661861881__global_l1_flow_v3__density_medium__selected_l1_005__Y-C__balanced_s__context_opposed__sample_0104,proto_sw_3_2__seed_2661861881__global_l1_flow_v3__density_medium__selected_l1_005.L2.1,0.49999634534205095,40.95473320115026,0.0006432231237420566,0.020643223123742057,3.7189492924378346e-10,
B082,h2,selected_l1_001,proto_sw_3_2__seed_2661861881__global_l1_flow_v3__density_medium__selected_l1_001__Y-C__compact_c__context_preferred__sample_0001,proto_sw_3_2__seed_2661861881__global_l1_flow_v3__density_medium__selected_l1_001.L2.1,0.46162469682973345,43.33333326369612,0.001748568699531973,0.021748568699531973,5.568622921785274e-10,
B083,old,selected_l1_007,proto_sw_3_2__seed_1978891010__global_l1_flow_v3__density_rich__selected_l1_007__Y-C__balanced_s__context_preferred__sample_0153,proto_sw_3_2__seed_1978891010__global_l1_flow_v3__density_rich__selected_l1_007.L2.1,0.4999968413249592,47.0041145556385,0.0008762355620011708,0.02087623556200117,2.9187709201816947e-10,
B083,old,selected_l1_002,proto_sw_3_2__seed_1978891010__global_l1_flow_v3__density_rich__selected_l1_002__Y-C__balanced_s__context_preferred__sample_0028,proto_sw_3_2__seed_1978891010__global_l1_flow_v3__density_rich__selected_l1_002.L2.1,0.49999586312694866,44.81481405441442,9.152654481714081e-05,0.02009152654481714,1.7722412448565277e-10,
B083,h2,selected_l1_006,proto_sw_3_2__seed_1978891010__global_l1_flow_v3__density_rich__selected_l1_006__Y-C__compact_c__context_preferred__sample_0126,proto_sw_3_2__seed_1978891010__global_l1_flow_v3__density_rich__selected_l1_006.L2.1,0.45971226698144746,44.78189333765831,3.777043749239248e-05,0.020037770437492393,2.672931381069729e-10,
B083,h2,selected_l1_001,proto_sw_3_2__seed_1978891010__global_l1_flow_v3__density_rich__selected_l1_001__Y-C__open_c__context_opposed__sample_0006,proto_sw_3_2__seed_1978891010__global_l1_flow_v3__density_rich__selected_l1_001.L2.1,0.4594067794410564,48.66666656932947,0.0011682223468832513,0.02116822234688325,3.3133340456095497e-10,
B084,old,selected_l1_007,proto_sw_3_2__seed_1160715944__global_l1_flow_v3__density_rich__selected_l1_007__Y-C__balanced_s__context_opposed__sample_0154,proto_sw_3_2__seed_1160715944__global_l1_flow_v3__density_rich__selected_l1_007.L2.1,0.49999684103069414,44.46913527327403,0.0005389654338732799,0.02053896543387328,4.203048754387473e-10,
B084,h2,selected_l1_005,proto_sw_3_2__seed_1160715944__global_l1_flow_v3__density_rich__selected_l1_005__Y-C__compact_c__context_opposed__sample_0102,proto_sw_3_2__seed_1160715944__global_l1_flow_v3__density_rich__selected_l1_005.L2.1,0.4607610443084751,46.36214174056241,0.00041877562369717694,0.020418775623697177,4.040320444142966e-10,
B085,old,selected_l1_001,proto_sw_3_2__seed_2781254137__global_l1_flow_v3__density_simple__selected_l1_001__Y-C__balanced_s__context_opposed__sample_0004,proto_sw_3_2__seed_2781254137__global_l1_flow_v3__density_simple__selected_l1_001.L2.1,0.4999961202902125,46.888888551699516,0.0007806242667419971,0.020780624266741998,2.8084671531376125e-10,
B085,old,selected_l1_005,proto_sw_3_2__seed_2781254137__global_l1_flow_v3__density_simple__selected_l1_005__Y-2C__nested_s__context_preferred__sample_0115,proto_sw_3_2__seed_2781254137__global_l1_flow_v3__density_simple__selected_l1_005.L2.1,0.49999607604781504,43.2592608268322,0.0005088286957483333,0.020508828695748334,3.313639044624639e-10,0.02553201890763986
B085,old,selected_l1_005,proto_sw_3_2__seed_2781254137__global_l1_flow_v3__density_simple__selected_l1_005__Y-2C__nested_s__context_preferred__sample_0115,proto_sw_3_2__seed_2781254137__global_l1_flow_v3__density_simple__selected_l1_005.L2.2,0.49999745887841945,43.84000065718806,5.331533236250727e-05,0.020053315332362508,4.5798617643936846e-10,0.02553201890763986
B085,h2,selected_l1_004,proto_sw_3_2__seed_2781254137__global_l1_flow_v3__density_simple__selected_l1_004__Y-C__open_c__context_preferred__sample_0080,proto_sw_3_2__seed_2781254137__global_l1_flow_v3__density_simple__selected_l1_004.L2.1,0.46118931612959285,46.0329225404967,0.0003438565329193996,0.0203438565329194,3.085538662067407e-10,
B085,h2,selected_l1_002,proto_sw_3_2__seed_2781254137__global_l1_flow_v3__density_simple__selected_l1_002__Y-C__compact_c__context_preferred__sample_0026,proto_sw_3_2__seed_2781254137__global_l1_flow_v3__density_simple__selected_l1_002.L2.1,0.45989694082675936,46.0987648232913,0.001639915235474021,0.02163991523547402,3.55460747255486e-10,
B086,old,selected_l1_004,proto_sw_3_2__seed_608345505__global_l1_flow_v3__density_simple__selected_l1_004__Y-C__balanced_s__context_opposed__sample_0079,proto_sw_3_2__seed_608345505__global_l1_flow_v3__density_simple__selected_l1_004.L2.1,0.49999656628860867,36.00000041992744,0.00042741969709048436,0.020427419697090485,3.0230640615214014e-10,
B086,old,selected_l1_001,proto_sw_3_2__seed_608345505__global_l1_flow_v3__density_simple__selected_l1_001__Y-2C__nested_s__context_preferred__sample_0009,proto_sw_3_2__seed_608345505__global_l1_flow_v3__density_simple__selected_l1_001.L2.1,0.49999707691001327,47.92592586918627,0.0004316924584351206,0.02043169245843512,3.790424960931213e-10,0.047020864393247694
B086,old,selected_l1_001,proto_sw_3_2__seed_608345505__global_l1_flow_v3__density_simple__selected_l1_001__Y-2C__nested_s__context_preferred__sample_0009,proto_sw_3_2__seed_608345505__global_l1_flow_v3__density_simple__selected_l1_001.L2.2,0.49999747852310195,40.48000102967836,0.00011579986792428429,0.020115799867924285,4.861206560171851e-10,0.047020864393247694
B086,h2,selected_l1_005,proto_sw_3_2__seed_608345505__global_l1_flow_v3__density_simple__selected_l1_005__Y-C__compact_c__context_preferred__sample_0101,proto_sw_3_2__seed_608345505__global_l1_flow_v3__density_simple__selected_l1_005.L2.1,0.46143861250523466,47.218107742051664,0.00046019326537766886,0.02046019326537767,5.512904280976351e-10,
B086,h2,selected_l1_001,proto_sw_3_2__seed_608345505__global_l1_flow_v3__density_simple__selected_l1_001__Y-C__compact_c__context_opposed__sample_0002,proto_sw_3_2__seed_608345505__global_l1_flow_v3__density_simple__selected_l1_001.L2.1,0.45946002478683357,46.88888908184305,0.0009660540867630178,0.020966054086763018,4.009553910773537e-10,
B087,old,selected_l1_006,proto_sw_3_2__seed_3756345937__global_l1_flow_v3__density_medium__selected_l1_006__Y-C__balanced_s__context_opposed__sample_0129,proto_sw_3_2__seed_3756345937__global_l1_flow_v3__density_medium__selected_l1_006.L2.1,0.49999584555218274,48.90534707771229,0.0004216951431754261,0.020421695143175427,5.445971002134085e-10,
B087,old,selected_l1_005,proto_sw_3_2__seed_3756345937__global_l1_flow_v3__density_medium__selected_l1_005__Y-2C__open_asymmetric__context_preferred__sample_0111,proto_sw_3_2__seed_3756345937__global_l1_flow_v3__density_medium__selected_l1_005.L2.1,0.4599791054965479,53.34156421095334,0.0009403716945720619,0.020940371694572062,2.9670245619040125e-10,0.036946181398050226
B087,old,selected_l1_005,proto_sw_3_2__seed_3756345937__global_l1_flow_v3__density_medium__selected_l1_005__Y-2C__open_asymmetric__context_preferred__sample_0111,proto_sw_3_2__seed_3756345937__global_l1_flow_v3__density_medium__selected_l1_005.L2.2,0.4999962106285073,46.07999946709233,6.623241501614585e-05,0.020066232415016146,3.3680315332329694e-10,0.036946181398050226
B087,h2,selected_l1_006,proto_sw_3_2__seed_3756345937__global_l1_flow_v3__density_medium__selected_l1_006__Y-C__open_c__context_opposed__sample_0131,proto_sw_3_2__seed_3756345937__global_l1_flow_v3__density_medium__selected_l1_006.L2.1,0.46218845021241395,43.860080607704305,0.0009715405742732365,0.020971540574273237,5.445971002134085e-10,
B087,h2,selected_l1_002,proto_sw_3_2__seed_3756345937__global_l1_flow_v3__density_medium__selected_l1_002__Y-C__open_c__context_opposed__sample_0031,proto_sw_3_2__seed_3756345937__global_l1_flow_v3__density_medium__selected_l1_002.L2.1,0.46073655306089256,44.51851815505654,0.0020225093723055913,0.022022509372305592,3.5396562260679616e-10,
B088,old,selected_l1_006,proto_sw_3_2__seed_1989963110__global_l1_flow_v3__density_medium__selected_l1_006__Y-2C__open_asymmetric__context_preferred__sample_0142,proto_sw_3_2__seed_1989963110__global_l1_flow_v3__density_medium__selected_l1_006.L2.1,0.46215708577124226,46.49382666770117,0.0017211044681937036,0.021721104468193704,3.8813367625319994e-10,0.0405308803208915
B088,old,selected_l1_006,proto_sw_3_2__seed_1989963110__global_l1_flow_v3__density_medium__selected_l1_006__Y-2C__open_asymmetric__context_preferred__sample_0142,proto_sw_3_2__seed_1989963110__global_l1_flow_v3__density_medium__selected_l1_006.L2.2,0.49999642210313683,36.291199348778974,0.00020813463423746334,0.020208134634237464,4.6321300018636087e-10,0.0405308803208915
B088,h2,selected_l1_001,proto_sw_3_2__seed_1989963110__global_l1_flow_v3__density_medium__selected_l1_001__Y-C__open_c__context_preferred__sample_0005,proto_sw_3_2__seed_1989963110__global_l1_flow_v3__density_medium__selected_l1_001.L2.1,0.460924165100956,43.33333359488753,0.0021665197053602203,0.02216651970536022,6.668747090927203e-10,
B089,old,selected_l1_007,proto_sw_3_2__seed_548579369__global_l1_flow_v3__density_rich__selected_l1_007__Y-C__balanced_s__context_opposed__sample_0154,proto_sw_3_2__seed_548579369__global_l1_flow_v3__density_rich__selected_l1_007.L2.1,0.499996181723028,37.67078188520176,0.0006091045290991248,0.020609104529099125,1.8122039438139957e-10,
B089,old,selected_l1_003,proto_sw_3_2__seed_548579369__global_l1_flow_v3__density_rich__selected_l1_003__Y-C__balanced_s__context_preferred__sample_0053,proto_sw_3_2__seed_548579369__global_l1_flow_v3__density_rich__selected_l1_003.L2.1,0.4999968788241236,36.34567931639455,0.00036158142872427107,0.02036158142872427,2.1607982522141083e-10,
B089,old,selected_l1_005,proto_sw_3_2__seed_548579369__global_l1_flow_v3__density_rich__selected_l1_005__Y-2C__nested_s__context_preferred__sample_0109,proto_sw_3_2__seed_548579369__global_l1_flow_v3__density_rich__selected_l1_005.L2.1,0.4999964662950496,45.56378617533481,0.0006408745602754402,0.02064087456027544,2.6266470417080993e-10,0.04729454182545898
B089,old,selected_l1_005,proto_sw_3_2__seed_548579369__global_l1_flow_v3__density_rich__selected_l1_005__Y-2C__nested_s__context_preferred__sample_0109,proto_sw_3_2__seed_548579369__global_l1_flow_v3__density_rich__selected_l1_005.L2.2,0.49999647467008096,48.095999798390274,0.0010034938869575606,0.02100349388695756,4.6558185911247514e-10,0.04729454182545898
B089,h2,selected_l1_007,proto_sw_3_2__seed_548579369__global_l1_flow_v3__density_rich__selected_l1_007__Y-C__open_c__context_opposed__sample_0156,proto_sw_3_2__seed_548579369__global_l1_flow_v3__density_rich__selected_l1_007.L2.1,0.46322230272914916,52.353909828462896,0.0014342107764979267,0.021434210776497927,4.455262615083927e-10,
B089,h2,selected_l1_003,proto_sw_3_2__seed_548579369__global_l1_flow_v3__density_rich__selected_l1_003__Y-C__compact_c__context_opposed__sample_0052,proto_sw_3_2__seed_548579369__global_l1_flow_v3__density_rich__selected_l1_003.L2.1,0.4592454873632463,53.60493812909858,0.0004144363210930764,0.020414436321093077,2.1607982522141083e-10,
B089,h2,selected_l1_005,proto_sw_3_2__seed_548579369__global_l1_flow_v3__density_rich__selected_l1_005__Y-C__compact_c__context_opposed__sample_0102,proto_sw_3_2__seed_548579369__global_l1_flow_v3__density_rich__selected_l1_005.L2.1,0.46101663413677546,46.36214021341053,0.0021484900484539556,0.022148490048453956,2.2789917044126811e-10,
B090,old,selected_l1_005,proto_sw_3_2__seed_1105195513__global_l1_flow_v3__density_rich__selected_l1_005__Y-C__compact_c__context_preferred__sample_0101,proto_sw_3_2__seed_1105195513__global_l1_flow_v3__density_rich__selected_l1_005.L2.1,0.45915600885399827,47.21810732359756,0.00023677783499227029,0.02023677783499227,4.753768441333004e-10,
B090,old,selected_l1_002,proto_sw_3_2__seed_1105195513__global_l1_flow_v3__density_rich__selected_l1_002__Y-C__balanced_s__context_preferred__sample_0028,proto_sw_3_2__seed_1105195513__global_l1_flow_v3__density_rich__selected_l1_002.L2.1,0.499996547148507,44.814816008198534,0.00033006971922538986,0.02033006971922539,4.3871282204983625e-10,
B090,old,selected_l1_006,proto_sw_3_2__seed_1105195513__global_l1_flow_v3__density_rich__selected_l1_006__Y-2C__open_asymmetric__context_preferred__sample_0136,proto_sw_3_2__seed_1105195513__global_l1_flow_v3__density_rich__selected_l1_006.L2.1,0.4632887170092918,40.50205742951526,4.739698701440587e-06,0.02000473969870144,4.830990846569276e-10,0.020782353495126672
B090,old,selected_l1_006,proto_sw_3_2__seed_1105195513__global_l1_flow_v3__density_rich__selected_l1_006__Y-2C__open_asymmetric__context_preferred__sample_0136,proto_sw_3_2__seed_1105195513__global_l1_flow_v3__density_rich__selected_l1_006.L2.2,0.49999627555617954,42.742401278675004,0.00018831651063352245,0.020188316510633523,2.454969547688306e-10,0.020782353495126672
B090,h2,selected_l1_004,proto_sw_3_2__seed_1105195513__global_l1_flow_v3__density_rich__selected_l1_004__Y-C__open_c__context_preferred__sample_0080,proto_sw_3_2__seed_1105195513__global_l1_flow_v3__density_rich__selected_l1_004.L2.1,0.4588766520763691,46.03292160557916,0.002441749320363479,0.02244174932036348,4.3593954064243966e-10,
B090,h2,selected_l1_003,proto_sw_3_2__seed_1105195513__global_l1_flow_v3__density_rich__selected_l1_003__Y-C__open_c__context_preferred__sample_0055,proto_sw_3_2__seed_1105195513__global_l1_flow_v3__density_rich__selected_l1_003.L2.1,0.4604950378375109,48.271605409356255,0.0014294487243918554,0.021429448724391856,2.017488125377804e-10,
B090,h2,selected_l1_006,proto_sw_3_2__seed_1105195513__global_l1_flow_v3__density_rich__selected_l1_006__Y-C__open_c__context_opposed__sample_0131,proto_sw_3_2__seed_1105195513__global_l1_flow_v3__density_rich__selected_l1_006.L2.1,0.4593541049577363,43.860083538598175,0.00027238801594538925,0.02027238801594539,3.0593337366467643e-10,
