case_id,matrix_id,method,prototype_id,backbone_variant,density_level,replicate,production_seed,generation_success,error_type,error_message,ordinary_l1_count,selected_l1_only_count,selected_l2_count,branchunit_count,stage3_runtime_seconds,stage4_runtime_seconds,conflict_graph_runtime_seconds,selection_runtime_seconds,render_runtime_seconds,total_runtime_seconds,l1_candidate_count,branchunit_candidate_count,conflict_edge_count,pair_penalty_count,search_node_count,search_node_limit,search_node_limit_reached,case_dir,mechanical_evaluation_success,internal_unit_crossing_count,cross_unit_crossing_count,ordinary_backbone_nonroot_crossing_count,ordinary_support_crossing_count,periodic_crossing_count,minimum_cross_unit_clearance,minimum_full_unit_clearance_required,clearance_violation_count,flower_region_intrusion_curve_count,backbone_seam_position_gap,backbone_seam_tangent_dot,periodic_seam_violation_count,parallel_cotravel_total,parallel_cotravel_peak,l1_layout_crossing_count,l1_layout_periodic_crossing_count,l1_layout_minimum_clearance,l1_layout_parallel_cotravel_total,l1_layout_parallel_cotravel_peak,l1_count,l2_count,branchunit_count_evaluated,ordinary_total_length,ordinary_mean_length,mean_backbone_excursion,vertical_span,occupied_area_ratio,upper_allocation_ratio,lower_allocation_ratio,hierarchy_l1_only_ratio,hierarchy_single_l2_ratio,hierarchy_opposed_l2_ratio,density_resource_D,root_hist_0,root_hist_1,root_hist_2,root_hist_3,root_hist_4,root_hist_5,root_hist_6,root_hist_7,root_gap_q25,root_gap_q50,root_gap_q75,root_gap_max,root_coverage_qcov,root_concentration,mechanical_evaluation_error
A001,A,Ours,proto_sw_1_1,expanded,simple,1,200000,1,,,4,3,1,4,9.18307569999888,1.4163807000004454,3.519416100003582,0.010356200000387616,0.042424300001584925,14.188872499998979,980,100,0,408,177,300000,0,raw_cases/A001,1,0,0,0,0,0,0.14621253416153443,0.027768053,0,0,0.0,0.9999999999999999,0,0.0004438297237636294,0.0004394570837388742,0,0,0.14621253416153443,0.037682454568030946,0.024063270645056214,4,1,4,1.0548725133160932,0.21097450266321865,0.09713314074805668,0.9787655519999999,0.012672468932748537,0.5,0.5,0.75,0.25,0.0,0.224188453,0.0,0.5,0.25,0.0,0.0,0.0,0.0,0.25,0.13636363675,0.181818182,0.29545454525000003,0.545454545,0.454545455,0.5,
A002,A,Ours,proto_sw_1_1,expanded,medium,1,200000,1,,,5,3,3,5,9.109344599997712,1.8028908999986015,2.388515099999495,0.014871100000164006,0.04510469999877387,13.37776269999813,980,125,196,337,1057,300000,0,raw_cases/A002,1,0,0,0,0,0,0.06225744923723244,0.027768053,0,0,0.0,0.9999999999999999,0,0.006515130244890746,0.0035849367856586535,0,0,0.062075140618651534,0.21664312790999735,0.09032089875350093,5,3,5,1.2637073363658673,0.1579634170457334,0.07035823070614428,0.71342179,0.010782163742690058,0.4,0.6,0.6,0.2,0.2,0.386757764,0.2,0.2,0.2,0.0,0.0,0.0,0.2,0.2,0.121212121,0.15151515100000001,0.151515152,0.484848485,0.515151515,0.2,
A003,A,Ours,proto_sw_1_1,expanded,rich,1,200000,1,,,6,4,2,6,9.088044899999659,2.139361599998665,2.5106642999999167,0.013753300001553725,0.04349089999959688,13.811052299999574,980,150,0,358,353,300000,0,raw_cases/A003,1,0,0,0,0,0,0.14335287828573584,0.027768053,0,0,0.0,0.9999999999999999,0,0.0039815892150729245,0.0014841268794531,0,0,0.14335287828573584,0.4598531119458663,0.13527355188209392,6,2,6,1.4242261306934625,0.17802826633668278,0.06812900258506906,0.842992765,0.017166940789473683,0.5,0.5,0.6666666666666666,0.3333333333333333,0.0,0.703446936,0.16666666666666666,0.16666666666666666,0.16666666666666666,0.16666666666666666,0.0,0.0,0.16666666666666666,0.16666666666666666,0.121212121,0.121212121,0.12121212174999998,0.393939394,0.606060606,0.16666666666666666,
A004,A,Ours,proto_sw_1_1,compact,simple,1,200000,1,,,4,3,1,4,8.542028799998661,1.3632791000018187,4.015603800002282,0.01072779999958584,0.04526350000014645,13.994412299998658,1017,100,0,1166,205,300000,0,raw_cases/A004,1,0,0,0,0,0,0.19248178919246647,0.027768053,0,0,0.0,1.0000000000000002,0,0.00828984503382697,0.006231941652731654,0,0,0.19248178919246647,0.05297906403217768,0.045724237857179516,4,1,4,1.0374280545239254,0.20748561090478507,0.07969308905927693,1.050131147,0.015607867324561403,0.5,0.5,0.75,0.25,0.0,0.206744544,0.0,0.25,0.25,0.25,0.0,0.25,0.0,0.0,0.15909090850000002,0.242424242,0.3333333335,0.424242425,0.575757575,0.25,
A005,A,Ours,proto_sw_1_1,compact,medium,1,200000,1,,,5,3,2,5,8.585274799999752,1.7731133999986923,5.65108809999947,0.015063999999256339,0.042497299997194204,16.08133699999962,1017,125,180,1357,1035,300000,0,raw_cases/A005,1,0,0,0,0,0,0.08575964237499716,0.027768053,0,0,0.0,1.0000000000000002,0,0.024144508504717208,0.009566393383069223,0,0,0.08566976936381314,0.37460875489658635,0.17084413075064372,5,2,5,1.2051025397559125,0.17215750567941607,0.07651493265397222,0.9779275090000001,0.01322642543859649,0.6,0.4,0.6,0.4,0.0,0.419564988,0.2,0.2,0.2,0.2,0.0,0.2,0.0,0.0,0.121212121,0.121212121,0.303030303,0.333333334,0.666666666,0.2,
A006,A,Ours,proto_sw_1_1,compact,rich,1,200000,1,,,6,4,2,6,8.528139300000475,2.1173624000002746,7.518558600000688,0.013479699999152217,0.04367399999682675,18.2390919999998,1017,150,24,1406,443,300000,0,raw_cases/A006,1,0,0,0,0,0,0.05441784017574301,0.027768053,0,0,0.0,1.0000000000000002,0,0.01912985701037274,0.008998369215579007,0,0,0.1170938724448233,0.28928910256279294,0.17084413075064372,6,2,6,1.5320393844544042,0.19150492305680053,0.07630490791581764,0.9779275090000001,0.014688413742690058,0.5,0.5,0.6666666666666666,0.3333333333333333,0.0,0.727914523,0.16666666666666666,0.16666666666666666,0.16666666666666666,0.16666666666666666,0.0,0.16666666666666666,0.0,0.16666666666666666,0.121212121,0.121212121,0.18939393999999998,0.303030303,0.696969697,0.16666666666666666,
A007,A,Ours,proto_sw_1_1,swept,simple,1,200000,1,,,4,3,1,4,9.160920399997849,1.477489400000195,4.325028300001577,0.010605200001009507,0.035083300001133466,15.022678400000586,972,100,0,886,146,300000,0,raw_cases/A007,1,0,0,0,0,0,0.1566646820027948,0.027768053,0,0,0.0,1.0000000000000002,0,0.0011350630743975785,0.0008114308877830096,0,0,0.1566646820027948,0.01969217625580676,0.015119508206487752,4,1,4,1.0536359316193111,0.21072718632386223,0.09503873199391218,0.840256067,0.011998583698830409,0.5,0.5,0.75,0.25,0.0,0.147403834,0.0,0.25,0.25,0.25,0.0,0.0,0.0,0.25,0.1439393935,0.196969697,0.3030303035,0.484848485,0.515151515,0.25,
A008,A,Ours,proto_sw_1_1,swept,medium,1,200000,1,,,6,4,2,6,9.095243899999332,2.1734150999982376,5.627548999997089,0.01093820000096457,0.03953639999963343,16.966814700001123,972,150,356,1349,772,300000,0,raw_cases/A008,1,0,0,0,0,0,0.043060991575945194,0.027768053,0,0,0.0,1.0000000000000002,0,0.001936958924379192,0.0013686868905299623,0,0,0.043146571645098865,0.5953045172548553,0.2836728311352965,6,2,6,1.2746570279308393,0.15933212849135492,0.06213151273435238,0.953029779,0.01859466374269006,0.5,0.5,0.6666666666666666,0.3333333333333333,0.0,0.538770955,0.16666666666666666,0.16666666666666666,0.3333333333333333,0.16666666666666666,0.0,0.16666666666666666,0.0,0.0,0.090909091,0.090909091,0.2272727275,0.363636364,0.636363636,0.3333333333333333,
A009,A,Ours,proto_sw_1_1,swept,rich,1,200000,1,,,6,4,2,6,8.763682299999346,2.0409226000010676,3.901922099998046,0.0057849000004353,0.03714310000214027,14.769147900002281,972,150,187,635,423,300000,0,raw_cases/A009,1,0,0,0,0,0,0.04312907590457293,0.027768053,0,0,0.0,1.0000000000000002,0,0.002350034404157117,0.0012072038980596833,0,0,0.043146571645098865,0.39919974798955277,0.2379600890819522,6,2,6,1.4888840121267546,0.18611050151584432,0.08377103968460632,0.9616681169999999,0.018840232090643276,0.5,0.5,0.6666666666666666,0.3333333333333333,0.0,0.655736388,0.16666666666666666,0.16666666666666666,0.3333333333333333,0.0,0.0,0.16666666666666666,0.0,0.16666666666666666,0.0984848485,0.1363636365,0.196969697,0.333333333,0.666666667,0.3333333333333333,
A010,A,Ours,proto_sw_1_1,expanded,simple,2,200001,1,,,4,3,1,4,10.401839300000574,1.356925300002331,1.8248190000012983,0.002044100001512561,0.02661390000139363,13.62527609999961,999,100,0,398,202,300000,0,raw_cases/A010,1,0,0,0,0,0,0.1985994162969509,0.027768053,0,0,0.0,1.0,0,0.008208923590535882,0.008202490627744911,0,0,0.1985994162969509,0.02164172968463739,0.0156501210630023,4,1,4,1.0351257531740505,0.2070251506348101,0.10439657287498336,0.8830286310000001,0.011970029239766082,0.5,0.5,0.75,0.25,0.0,0.226992976,0.25,0.25,0.0,0.25,0.0,0.0,0.0,0.25,0.15151515175,0.151515152,0.25000000025,0.5454545449999999,0.4545454550000001,0.25,
A011,A,Ours,proto_sw_1_1,expanded,medium,2,200001,1,,,4,3,1,4,10.564665900001273,1.3506023000009009,1.9065525000005437,0.0029214999995019753,0.02946949999750359,13.869295599997713,999,100,0,398,202,300000,0,raw_cases/A011,1,0,0,0,0,0,0.1985994162969509,0.027768053,0,0,0.0,1.0,0,0.008208923590535882,0.008202490627744911,0,0,0.1985994162969509,0.02164172968463739,0.0156501210630023,4,1,4,1.0351257531740505,0.2070251506348101,0.10439657287498336,0.8830286310000001,0.011970029239766082,0.5,0.5,0.75,0.25,0.0,0.226992976,0.25,0.25,0.0,0.25,0.0,0.0,0.0,0.25,0.15151515175,0.151515152,0.25000000025,0.5454545449999999,0.4545454550000001,0.25,
A012,A,Ours,proto_sw_1_1,expanded,rich,2,200001,1,,,6,5,1,6,10.59831209999902,2.023108899997169,6.244421600000351,0.0051265000001876615,0.028467000000091502,18.91893390000041,999,150,154,1533,262,300000,0,raw_cases/A012,1,0,0,0,0,0,0.11507165627566172,0.027768053,0,0,0.0,1.0,0,0.0015248604767986308,0.000981674355003487,0,0,0.11510191390192334,0.38987270774476646,0.1792907593233347,6,1,6,1.4278857024683398,0.2039836717811914,0.0816281702276449,0.92388311,0.018114948830409358,0.5,0.5,0.8333333333333334,0.16666666666666666,0.0,0.706598927,0.16666666666666666,0.16666666666666666,0.16666666666666666,0.3333333333333333,0.0,0.0,0.0,0.16666666666666666,0.0984848485,0.121212121,0.12121212175000001,0.45454545399999996,0.545454546,0.3333333333333333,
A013,A,Ours,proto_sw_1_1,compact,simple,2,200001,1,,,4,3,1,4,9.531826600003114,1.3559855000021344,0.707075000002078,0.0021196999987296294,0.027317299998685485,11.640545999998722,1065,100,0,292,134,300000,0,raw_cases/A013,1,0,0,0,0,0,0.0573881789227855,0.027768053,0,0,0.0,1.0000000000000004,0,0.006192073237087981,0.00618255381555939,0,0,0.0573881789227855,0.2764713200805253,0.2644634667767645,4,1,4,1.0608229230680426,0.21216458461360851,0.054961374256786336,1.053171051,0.015876279239766082,0.5,0.5,0.75,0.25,0.0,0.187266904,0.25,0.25,0.25,0.0,0.0,0.0,0.25,0.0,0.1439393935,0.2424242425,0.348484849,0.39393939399999994,0.606060606,0.25,
A014,A,Ours,proto_sw_1_1,compact,medium,2,200001,1,,,5,4,1,5,9.641010499999538,1.6288309000010486,4.198215000000346,0.002739899999141926,0.03191010000227834,15.51783720000094,1065,125,366,1011,440,300000,0,raw_cases/A014,1,0,0,0,0,0,0.04496307499552269,0.027768053,0,0,0.0,1.0000000000000004,0,0.009995098246637992,0.005206850546932429,0,0,0.04483525681908543,0.4064321997093437,0.17240413349886197,5,1,5,1.3013121482665475,0.21688535804442458,0.06523813507855065,1.066146878,0.01644736842105263,0.6,0.4,0.8,0.2,0.0,0.512197061,0.2,0.2,0.2,0.2,0.0,0.2,0.0,0.0,0.121212121,0.121212122,0.33333333299999995,0.333333333,0.666666667,0.2,
A015,A,Ours,proto_sw_1_1,compact,rich,2,200001,1,,,6,5,1,6,9.504562499998428,2.053102800000488,2.6455625999988115,0.0022626000027230475,0.025687000001198612,14.245598699999391,1065,150,24,893,128,300000,0,raw_cases/A015,1,0,0,0,0,0,0.05844860690408663,0.027768053,0,0,0.0,1.0000000000000004,0,0.0024522524286421953,0.0020386035403527395,0,0,0.058445152446209285,0.2271537075333887,0.14341725188665658,6,1,6,1.4182710781323624,0.20261015401890892,0.05979443746168667,1.075097683,0.021010370979532164,0.5,0.5,0.8333333333333334,0.16666666666666666,0.0,0.669604778,0.16666666666666666,0.16666666666666666,0.3333333333333333,0.16666666666666666,0.0,0.0,0.16666666666666666,0.0,0.090909091,0.1060606065,0.25757575774999997,0.303030303,0.696969697,0.3333333333333333,
A016,A,Ours,proto_sw_1_1,swept,simple,2,200001,1,,,4,3,1,4,8.564070299999003,1.2784282000029634,0.931821599999239,0.002289500000188127,0.027089999999589054,10.817731099999946,1031,100,0,70,110,300000,0,raw_cases/A016,1,0,0,1,0,0,0.2348512735675828,0.027768053,0,0,0.0,1.0,0,1.8147671261806854e-06,1.1034747820215798e-06,0,0,0.23503010141915034,0.08442649767967977,0.043192932947551,4,1,4,1.0531486443112026,0.21062972886224052,0.08192854150485666,1.04394045,0.015356588084795321,0.5,0.5,0.75,0.25,0.0,0.171257811,0.25,0.25,0.25,0.0,0.0,0.25,0.0,0.0,0.15151515175000002,0.2424242425,0.34090909075,0.36363636399999993,0.636363636,0.25,
A017,A,Ours,proto_sw_1_1,swept,medium,2,200001,1,,,5,4,1,5,8.92694180000035,1.6502780000009807,1.6096268000001146,0.0030406000005314127,0.028321800000412622,12.235009300002275,1031,125,0,56,291,300000,0,raw_cases/A017,1,0,0,0,0,0,0.096484232585995,0.027768053,0,0,0.0,1.0,0,0.007528167841465406,0.006563718977118288,0,0,0.09659778399048358,0.3054808662685734,0.2531842317694944,5,1,5,1.1485700125872247,0.1914283354312041,0.06325164818842315,0.997820809,0.01719549524853801,0.6,0.4,0.8,0.2,0.0,0.346241007,0.2,0.2,0.2,0.0,0.0,0.2,0.0,0.2,0.151515151,0.151515152,0.212121212,0.36363636399999993,0.636363636,0.2,
A018,A,Ours,proto_sw_1_1,swept,rich,2,200001,1,,,6,5,1,6,8.829466899998806,1.9402090000003227,3.7021935999982816,0.002283099998749094,0.026238300000841264,14.51425769999696,1031,150,0,567,152,300000,0,raw_cases/A018,1,0,0,0,0,0,0.1931179926758978,0.027768053,0,0,0.0,1.0,0,0.003182991964871341,0.0020993533980473867,0,0,0.193123734727546,0.2699130512376719,0.1066098979266607,6,1,6,1.4251628524780569,0.20359469321115098,0.07100117727024821,0.9903202470000001,0.018023574561403508,0.5,0.5,0.8333333333333334,0.16666666666666666,0.0,0.670637291,0.16666666666666666,0.16666666666666666,0.16666666666666666,0.16666666666666666,0.0,0.16666666666666666,0.0,0.16666666666666666,0.121212121,0.1212121215,0.212121212,0.30303030299999995,0.6969696970000001,0.16666666666666666,
A019,A,Ours,proto_sw_1_1,expanded,simple,3,200002,1,,,4,3,1,4,10.170274599997356,1.327410100002453,2.6362384999993083,0.0019572999990487006,0.024447200001304736,14.17556649999824,964,100,0,281,171,300000,0,raw_cases/A019,1,0,0,0,0,0,0.12219942965952355,0.027768053,0,0,0.0,1.0,0,0.0012044761905003537,0.0006438361833434282,0,0,0.12219942965952355,0.05781774743634935,0.03975535274694988,4,1,4,1.0249071049040415,0.2049814209808083,0.08883502168227948,0.981632514,0.011524579678362573,0.5,0.5,0.75,0.25,0.0,0.223576504,0.25,0.25,0.0,0.25,0.0,0.0,0.0,0.25,0.15151515175,0.166666667,0.26515151524999997,0.5151515149999999,0.4848484850000001,0.25,
A020,A,Ours,proto_sw_1_1,expanded,medium,3,200002,1,,,5,3,2,5,10.061646599999222,1.6065224000012677,2.9473403000010876,0.004678799999965122,0.02927840000120341,14.665005900002143,964,125,36,250,407,300000,0,raw_cases/A020,1,0,0,0,0,0,0.03794115662732227,0.027768053,0,0,0.0,1.0,0,0.0018273930625275704,0.0009002347259294943,0,0,0.10117544738905494,0.1683810267032607,0.07236790002959805,5,2,5,1.2711380541892943,0.1815911505984706,0.09014353264835868,0.9516311919999999,0.012815241228070175,0.6,0.4,0.6,0.4,0.0,0.422110041,0.2,0.2,0.2,0.2,0.0,0.0,0.0,0.2,0.121212121,0.121212121,0.151515152,0.5151515149999999,0.4848484850000001,0.2,
A021,A,Ours,proto_sw_1_1,expanded,rich,3,200002,1,,,6,4,3,6,9.842659699999786,1.9769762000032642,3.0235035000005155,0.005807100002130028,0.03433229999791365,14.900318399999378,964,150,44,620,1146,300000,0,raw_cases/A021,1,0,0,0,0,0,0.07195963436229114,0.027768053,0,0,0.0,1.0,0,0.018508957145208116,0.011471371949388508,0,0,0.07190672583764426,0.3809338335026306,0.10482446578094301,6,3,6,1.5376963184288286,0.17085514649209207,0.07610914948871218,0.8952652099999999,0.02284356725146199,0.5,0.5,0.6666666666666666,0.16666666666666666,0.16666666666666666,0.693800156,0.16666666666666666,0.16666666666666666,0.3333333333333333,0.16666666666666666,0.0,0.0,0.0,0.16666666666666666,0.090909091,0.10606060599999995,0.12121212099999998,0.48484848500000005,0.5151515149999999,0.3333333333333333,
A022,A,Ours,proto_sw_1_1,compact,simple,3,200002,1,,,4,3,1,4,9.07436890000099,1.3046848000012687,1.0789573999973072,0.002433600002405001,0.023414499999489635,11.496957999999722,1096,100,14,312,88,300000,0,raw_cases/A022,1,0,0,0,0,0,0.09433022572165237,0.027768053,0,0,0.0,1.0000000000000002,0,0.0008139732390267233,0.000549380658065135,0,0,0.09451383335603464,0.08001863953657921,0.06824975910300259,4,1,4,1.030659598735267,0.2061319197470534,0.056992579643633204,1.0450408489999998,0.017281158625730993,0.5,0.5,0.75,0.25,0.0,0.206715584,0.25,0.0,0.25,0.25,0.0,0.25,0.0,0.0,0.14393939425,0.24242424249999997,0.34848484825,0.393939394,0.606060606,0.25,
A023,A,Ours,proto_sw_1_1,compact,medium,3,200002,1,,,5,3,2,5,9.188117199999397,1.616667000002053,6.169875999999931,0.005013100002543069,0.028223799999977928,17.02225570000155,1096,125,294,2418,869,300000,0,raw_cases/A023,1,0,0,0,0,0,0.04826112844017304,0.027768053,0,0,0.0,1.0000000000000002,0,0.016296553200494453,0.010352378385408886,0,0,0.04826112844017304,0.4152158277594997,0.1755993454729676,5,2,5,1.3518727223182871,0.19312467461689817,0.0675208543315514,1.0536463909999998,0.016544453581871343,0.6,0.4,0.6,0.4,0.0,0.495169429,0.2,0.2,0.2,0.2,0.0,0.0,0.2,0.0,0.121212121,0.15151515100000001,0.3030303029999999,0.33333333400000004,0.666666666,0.2,
A024,A,Ours,proto_sw_1_1,compact,rich,3,200002,1,,,6,4,2,6,9.037116200001037,2.027538899998035,6.20465879999756,0.003640300001279684,0.031000000002677552,17.325059999999212,1096,150,294,1474,179,300000,0,raw_cases/A024,1,0,0,0,0,0,0.04826112844017304,0.027768053,0,0,0.0,1.0000000000000002,0,0.003161557679449687,0.0015745832147525552,0,0,0.04826112844017304,0.237811266270056,0.10742645504130684,6,2,6,1.4653195052387593,0.18316493815484491,0.06918810205421928,1.0089627509999999,0.01979966191520468,0.5,0.5,0.6666666666666666,0.3333333333333333,0.0,0.675683568,0.16666666666666666,0.16666666666666666,0.3333333333333333,0.16666666666666666,0.0,0.16666666666666666,0.0,0.0,0.090909091,0.106060606,0.21212121174999998,0.363636364,0.636363636,0.3333333333333333,
A025,A,Ours,proto_sw_1_1,swept,simple,3,200002,1,,,4,3,1,4,8.243171999998594,1.2495238999981666,2.370791299999837,0.0018698999992921017,0.02722449999782839,11.910765199998423,987,100,92,399,137,300000,0,raw_cases/A025,1,0,0,0,0,0,0.05106796320150723,0.027768053,0,0,0.0,1.0000000000000002,0,0.0006202803158086747,0.00037025382505485914,0,0,0.05116813198838844,0.1750328183530995,0.14305693984795378,4,1,4,1.0443350749121458,0.20886701498242916,0.09608759470423746,1.054454512,0.0152937682748538,0.5,0.5,0.75,0.25,0.0,0.161745486,0.25,0.25,0.25,0.0,0.0,0.25,0.0,0.0,0.1136363635,0.24242424249999997,0.37878787899999994,0.424242424,0.575757576,0.25,
A026,A,Ours,proto_sw_1_1,swept,medium,3,200002,1,,,5,3,2,5,8.266632899998513,1.6232612000021618,2.794315999999526,0.006413099999917904,0.030039500001294073,12.736823399998684,987,125,180,521,1885,300000,0,raw_cases/A026,1,0,0,0,0,0,0.06307739141609672,0.027768053,0,0,0.0,1.0000000000000002,0,0.005401947784405764,0.00403663835353328,0,0,0.06622167230135216,0.4426618345358331,0.16219962091065723,5,2,5,1.4395311382827862,0.20564730546896945,0.07144247415947466,0.951242622,0.020484968932748537,0.6,0.4,0.6,0.4,0.0,0.50640804,0.2,0.2,0.2,0.2,0.0,0.2,0.0,0.0,0.121212121,0.121212121,0.33333333299999995,0.333333334,0.666666666,0.2,
A027,A,Ours,proto_sw_1_1,swept,rich,3,200002,1,,,6,4,2,6,8.222988700003043,1.9809126000000106,2.609758899998269,0.009645000001910375,0.026047499999549473,12.865669299997535,987,150,0,752,4150,300000,0,raw_cases/A027,1,0,0,0,0,0,0.06612121159877103,0.027768053,0,0,0.0,1.0000000000000002,0,0.008181849352216239,0.004505878239097428,0,0,0.06622167230135216,0.4036915811916675,0.11944184313348889,6,2,6,1.7106071073425764,0.21382588841782205,0.05818289205221328,0.951242622,0.02403143274853801,0.5,0.5,0.6666666666666666,0.3333333333333333,0.0,0.790830052,0.16666666666666666,0.16666666666666666,0.16666666666666666,0.16666666666666666,0.0,0.16666666666666666,0.0,0.16666666666666666,0.12121212099999992,0.121212121,0.18939394000000007,0.33333333299999995,0.6666666670000001,0.16666666666666666,
A028,A,Ours,proto_sw_1_1,expanded,simple,4,200003,1,,,4,3,1,4,9.438971600000514,1.3270482999978412,1.271623799999361,0.0016455000004498288,0.022770400002627866,12.074351399998704,1000,100,5,178,118,300000,0,raw_cases/A028,1,0,0,0,0,0,0.11335550871846219,0.027768053,0,0,0.0,1.0000000000000002,0,0.010395518050898292,0.009581866966957004,0,0,0.11328113115465714,0.25662141433143637,0.19761393878033315,4,1,4,1.0540567577307507,0.21081135154615013,0.08600948635450856,0.892781448,0.010964912280701754,0.5,0.5,0.75,0.25,0.0,0.232051121,0.25,0.25,0.0,0.25,0.0,0.0,0.0,0.25,0.14393939425,0.166666667,0.27272727274999997,0.5454545449999999,0.4545454550000001,0.25,
A029,A,Ours,proto_sw_1_1,expanded,medium,4,200003,1,,,5,3,3,5,9.490941300002305,1.6553182000025117,3.0923333000027924,0.003685899999254616,0.03130249999958323,14.287417399998958,1000,125,32,333,455,300000,0,raw_cases/A029,1,0,0,0,0,0,0.05591445766899123,0.027768053,0,0,0.0,1.0000000000000002,0,0.0053589565356238125,0.003745482404910384,0,0,0.05591181260034316,0.5693213402278307,0.24031199027774117,5,3,5,1.2726394460512243,0.15907993075640303,0.07158574592831213,0.875690247,0.01396313048245614,0.6,0.4,0.6,0.2,0.2,0.395850312,0.2,0.2,0.2,0.2,0.0,0.0,0.0,0.2,0.121212121,0.121212121,0.121212122,0.5454545449999999,0.4545454550000001,0.2,
A030,A,Ours,proto_sw_1_1,expanded,rich,4,200003,1,,,6,4,2,6,9.523459500000172,1.951097999997728,2.1438789999992878,0.005330200001480989,0.04607489999762038,13.687569799996709,1000,150,14,309,493,300000,0,raw_cases/A030,1,0,0,0,0,0,0.04925888188477279,0.027768053,0,0,0.0,1.0000000000000002,0,0.040533073046093,0.01367814361963759,0,0,0.049361018061997844,0.4148105506743516,0.19761393878033315,6,2,6,1.5625239854833548,0.19531549818541938,0.07548674756695781,0.894063673,0.01998812134502924,0.5,0.5,0.6666666666666666,0.3333333333333333,0.0,0.701723501,0.16666666666666666,0.16666666666666666,0.16666666666666666,0.3333333333333333,0.0,0.0,0.0,0.16666666666666666,0.090909091,0.10606060600000002,0.14393939425,0.45454545399999996,0.545454546,0.3333333333333333,
A031,A,Ours,proto_sw_1_1,compact,simple,4,200003,1,,,4,3,1,4,9.505038199997216,1.2833045000006678,0.3237619999999879,0.0016319000023941044,0.03236249999827123,11.163043599997764,1096,100,0,52,70,300000,0,raw_cases/A031,1,0,0,0,0,0,0.21823589526750803,0.027768053,0,0,0.0,1.0,0,0.00019809429685644514,0.00010276675498693182,0,0,0.21827509913704815,0.1610367783877812,0.09566319021923723,4,1,4,1.0585808322445802,0.21171616644891605,0.0776616420954861,1.0461432160000002,0.014277229532163743,0.5,0.5,0.75,0.25,0.0,0.217702547,0.25,0.0,0.25,0.25,0.0,0.25,0.0,0.0,0.15151515175000002,0.2272727275,0.32575757575,0.393939394,0.606060606,0.25,
A032,A,Ours,proto_sw_1_1,compact,medium,4,200003,1,,,6,4,2,6,9.34766479999962,1.8882419000001391,1.8975945999991382,0.002328399998077657,0.033794099999795435,13.183119299999817,1096,150,176,521,325,300000,0,raw_cases/A032,1,0,0,0,0,0,0.0391901972242998,0.027768053,0,0,0.0,1.0,0,0.0027009114014290288,0.0007009988697460915,0,0,0.03906393825048451,0.9006757464757126,0.24838831747273216,6,2,6,1.3422948228594282,0.16778685285742853,0.046417346540145225,1.048989946,0.01862892909356725,0.5,0.5,0.6666666666666666,0.3333333333333333,0.0,0.57953018,0.16666666666666666,0.3333333333333333,0.16666666666666666,0.16666666666666666,0.0,0.16666666666666666,0.0,0.0,0.090909091,0.09090909100000001,0.24999999999999997,0.333333333,0.666666667,0.3333333333333333,
A033,A,Ours,proto_sw_1_1,compact,rich,4,200003,1,,,6,4,2,6,9.262077800001862,1.9407706999991206,1.5726819999981672,0.003836700001556892,0.03097890000208281,12.825130999997782,1096,150,129,341,332,300000,0,raw_cases/A033,1,0,0,0,0,0,0.031347369237563386,0.027768053,0,0,0.0,1.0,0,0.0024689441798985065,0.0008451431453174737,0,0,0.031335595620820174,0.5999199283281583,0.24838831747273216,6,2,6,1.4957689193076436,0.18697111491345547,0.059937112164720655,1.048989946,0.01981108369883041,0.5,0.5,0.6666666666666666,0.3333333333333333,0.0,0.697868981,0.16666666666666666,0.3333333333333333,0.16666666666666666,0.16666666666666666,0.0,0.16666666666666666,0.0,0.0,0.090909091,0.10606060599999999,0.234848485,0.333333333,0.666666667,0.3333333333333333,
A034,A,Ours,proto_sw_1_1,swept,simple,4,200003,1,,,4,3,1,4,8.607230600002367,1.2825991999998223,2.157248299998173,0.00284280000050785,0.029925300001195865,12.094205299999885,995,100,0,114,163,300000,0,raw_cases/A034,1,0,0,0,0,0,0.2946006838040228,0.027768053,0,0,0.0,1.0,0,0.003578762104955247,0.0018926842703080177,0,0,0.2946006838040228,0.03373542668367112,0.023561107899419897,4,1,4,1.0530631128830636,0.21061262257661273,0.0937090673778841,1.062775555,0.01149031432748538,0.5,0.5,0.75,0.25,0.0,0.246581515,0.25,0.0,0.25,0.0,0.0,0.25,0.0,0.25,0.18181818200000002,0.212121212,0.28030303,0.39393939399999994,0.606060606,0.25,
A035,A,Ours,proto_sw_1_1,swept,medium,4,200003,1,,,5,3,2,5,8.643667699998332,1.6502723000012338,2.135245000001305,0.001907900001242524,0.024937099999078782,12.471592800000508,995,125,0,58,110,300000,0,raw_cases/A035,1,0,0,0,0,0,0.1656780796220258,0.027768053,0,0,0.0,1.0,0,0.008773397304874935,0.008759360817383068,0,0,0.1656780796220258,0.21815701670354679,0.13951900714867474,5,2,5,1.220880714369088,0.17441153062415543,0.08527419810676425,1.099699493,0.015642132675438597,0.4,0.6,0.6,0.4,0.0,0.423329476,0.2,0.2,0.2,0.0,0.0,0.2,0.0,0.2,0.151515151,0.151515152,0.242424242,0.333333334,0.666666666,0.2,
A036,A,Ours,proto_sw_1_1,swept,rich,4,200003,1,,,6,4,3,6,8.650948399998015,1.9375232999991567,2.6128504000007524,0.004883799996605376,0.03601859999980661,13.262110000003304,995,150,50,343,488,300000,0,raw_cases/A036,1,0,0,0,0,0,0.036254752689562186,0.027768053,0,0,0.0,1.0,0,0.0293328238898292,0.008952225167064528,0,0,0.036254752689562186,0.5841371175042923,0.17297755008163349,6,3,6,1.680834698232889,0.18675941091476547,0.07895739577374099,1.097944895,0.01929139254385965,0.5,0.5,0.6666666666666666,0.16666666666666666,0.16666666666666666,0.699865824,0.16666666666666666,0.16666666666666666,0.3333333333333333,0.0,0.0,0.16666666666666666,0.0,0.16666666666666666,0.0984848485,0.1212121215,0.212121212,0.333333334,0.666666666,0.3333333333333333,
A037,A,Ours,proto_sw_1_1,expanded,simple,5,200004,1,,,4,3,1,4,9.622735100001591,1.2769995000016934,2.325395699997898,0.002043600001343293,0.026804999997693812,13.267053400002624,966,100,485,624,161,300000,0,raw_cases/A037,1,0,0,0,0,0,0.048027088680774994,0.027768053,0,0,0.0,1.0,0,0.001597699939598514,0.0010485156286046701,0,0,0.04789252378465418,0.1860877168926325,0.16123510728195609,4,1,4,1.0469475822697318,0.20938951645394638,0.06987894665529897,0.5736034369999999,0.015887701023391813,0.5,0.5,0.75,0.25,0.0,0.185505266,0.25,0.0,0.5,0.0,0.0,0.0,0.0,0.25,0.13636363675,0.16666666649999995,0.28030302974999993,0.575757576,0.424242424,0.5,
A038,A,Ours,proto_sw_1_1,expanded,medium,5,200004,1,,,4,3,2,4,9.34859040000083,1.2893456000019796,3.2102349999986473,0.003689099998155143,0.024106600001687184,13.893391199999314,966,100,52,1091,294,300000,0,raw_cases/A038,1,0,0,0,0,0,0.10839654420608724,0.027768053,0,0,0.0,1.0,0,0.012794840203173773,0.010621961434174551,0,0,0.1083515306326874,0.09506239010023806,0.08462815513599335,4,2,4,1.1719044405464467,0.19531740675774112,0.10285133501517689,0.71603324,0.01539656432748538,0.5,0.5,0.75,0.0,0.25,0.228551404,0.25,0.25,0.25,0.0,0.0,0.0,0.0,0.25,0.14393939425,0.166666667,0.27272727274999997,0.5454545449999999,0.4545454550000001,0.25,
A039,A,Ours,proto_sw_1_1,expanded,rich,5,200004,1,,,6,4,2,6,9.584435199998552,1.871447800000169,5.966542300000583,0.023693499999353662,0.03636039999764762,17.500136599999678,966,150,206,1780,12734,300000,0,raw_cases/A039,1,0,0,0,0,0,0.03323752628549428,0.027768053,0,0,0.0,1.0,0,0.01890359621691158,0.008715328524186088,0,0,0.0332727822851705,0.728858367281932,0.2852490691648422,6,2,6,1.4717558840808396,0.18396948551010495,0.0737690126245711,0.7170184420000001,0.016190378289473683,0.5,0.5,0.6666666666666666,0.3333333333333333,0.0,0.661537693,0.16666666666666666,0.16666666666666666,0.3333333333333333,0.16666666666666666,0.0,0.0,0.16666666666666666,0.0,0.090909091,0.106060606,0.16666666675,0.42424242399999995,0.575757576,0.3333333333333333,
A040,A,Ours,proto_sw_1_1,compact,simple,5,200004,1,,,4,3,1,4,8.251505399999587,1.296794800000498,1.0601078999970923,0.0022559000026376452,0.023067900001478847,10.649654799999553,1031,100,0,194,168,300000,0,raw_cases/A040,1,0,0,0,0,0,0.11490606272527944,0.027768053,0,0,0.0,1.0,0,0.0004789567390121881,0.0003972894953511603,0,0,0.11490606272527944,0.2397935718619928,0.1540570309414263,4,1,4,1.0406692376541784,0.2081338475308357,0.06314867247293796,1.0349503740000001,0.016618695175438597,0.5,0.5,0.75,0.25,0.0,0.223977047,0.25,0.25,0.25,0.0,0.0,0.25,0.0,0.0,0.113636364,0.24242424299999996,0.37878787899999994,0.424242424,0.575757576,0.25,
A041,A,Ours,proto_sw_1_1,compact,medium,5,200004,1,,,5,3,3,5,8.394382399997994,1.6758033000005526,3.188258300000598,0.006685299998935079,0.028246199999557575,13.308987300002627,1031,125,431,668,5320,300000,0,raw_cases/A041,1,0,0,0,0,0,0.052197194862112745,0.027768053,0,0,0.0,1.0,0,0.007034420360160751,0.006924455686363999,0,0,0.052247576861202516,0.5039399908455985,0.24839017922724413,5,3,5,1.199434607426463,0.14992932592830788,0.06287051637213627,1.070215903,0.019160042032163743,0.6,0.4,0.6,0.2,0.2,0.43090425,0.2,0.2,0.2,0.2,0.0,0.2,0.0,0.0,0.090909091,0.12121212199999999,0.30303030299999995,0.393939394,0.606060606,0.2,
A042,A,Ours,proto_sw_1_1,compact,rich,5,200004,1,,,6,4,2,6,8.357144499997958,1.9484900000024936,3.1829432000013185,0.003948199999285862,0.029138499998225598,13.535397799998464,1031,150,534,657,1408,300000,0,raw_cases/A042,1,0,0,0,0,0,0.052197194862112745,0.027768053,0,0,0.0,1.0,0,0.012332610536100925,0.008769315983142033,0,0,0.052247576861202516,0.5250413614823313,0.24839017922724413,6,2,6,1.4956831389298135,0.1869603923662267,0.05605959897721349,1.0349503740000001,0.022135416666666668,0.5,0.5,0.6666666666666666,0.3333333333333333,0.0,0.697409439,0.16666666666666666,0.3333333333333333,0.16666666666666666,0.16666666666666666,0.0,0.16666666666666666,0.0,0.0,0.090909091,0.090909091,0.22727272749999994,0.363636364,0.636363636,0.3333333333333333,
A043,A,Ours,proto_sw_1_1,swept,simple,5,200004,1,,,4,3,1,4,8.362275399998907,1.2686872000012954,0.7464915999989898,0.0022202000000106636,0.024988099998154212,10.417574699997203,1027,100,0,101,113,300000,0,raw_cases/A043,1,0,0,0,0,0,0.16228591115688928,0.027768053,0,0,0.0,1.0,0,0.0016773344571491965,0.0010047296799395075,0,0,0.16228591115688928,0.14150094965898632,0.068599828628758,4,1,4,1.0382009519941096,0.20764019039882192,0.07704591515157201,0.9757990899999999,0.016721491228070175,0.5,0.5,0.75,0.25,0.0,0.175900468,0.25,0.25,0.25,0.0,0.0,0.25,0.0,0.0,0.113636364,0.24242424299999996,0.37878787899999994,0.424242424,0.575757576,0.25,
A044,A,Ours,proto_sw_1_1,swept,medium,5,200004,1,,,6,4,3,6,8.332737699998688,1.9449734000008903,3.621269299997948,0.0039770000003045425,0.02958240000225487,13.95315219999975,1027,150,41,731,480,300000,0,raw_cases/A044,1,0,0,0,0,0,0.07453717651327883,0.027768053,0,0,0.0,1.0,0,0.00840971594917328,0.003955885987502309,0,0,0.07455698085064795,0.22373010126776913,0.10438125967707819,6,3,6,1.3978420945079602,0.15531578827866224,0.05914918029743846,0.8825295089999999,0.017635233918128657,0.5,0.5,0.6666666666666666,0.16666666666666666,0.16666666666666666,0.543604527,0.16666666666666666,0.16666666666666666,0.16666666666666666,0.16666666666666666,0.0,0.16666666666666666,0.0,0.16666666666666666,0.12121212099999992,0.136363636,0.21969697000000007,0.27272727299999994,0.7272727270000001,0.16666666666666666,
A045,A,Ours,proto_sw_1_1,swept,rich,5,200004,1,,,6,4,2,6,8.590117799998552,1.8736940000017057,4.972053099998448,0.003637400001025526,0.030540600000676932,15.484896200003277,1027,150,0,646,643,300000,0,raw_cases/A045,1,0,0,0,0,0,0.11328059144392943,0.027768053,0,0,0.0,1.0,0,0.006513364429063274,0.002159871638162282,0,0,0.11328059144392943,0.34832368497284194,0.09823729836473405,6,2,6,1.556800396198653,0.19460004952483156,0.08887863607489971,0.9280399049999999,0.020347907529239765,0.5,0.5,0.6666666666666666,0.3333333333333333,0.0,0.66423189,0.16666666666666666,0.16666666666666666,0.16666666666666666,0.16666666666666666,0.0,0.16666666666666666,0.0,0.16666666666666666,0.121212121,0.1515151515,0.2045454545,0.27272727299999994,0.7272727270000001,0.16666666666666666,
A046,A,Ours,proto_sw_1_1,expanded,simple,6,200005,1,,,4,3,1,4,8.340247799998906,1.2643860999996832,1.9488514000004216,0.0016980999971565325,0.028500200001872145,11.596132700000453,981,100,0,333,105,300000,0,raw_cases/A046,1,0,0,0,0,0,0.2502988153318018,0.027768053,0,0,0.0,1.0,0,0.0012986514757195203,0.000683418773830931,0,0,0.2502988153318018,0.14382725210321562,0.12185276954483322,4,1,4,1.063673115581398,0.2127346231162796,0.0906512360756456,0.9286314689999999,0.014111613669590644,0.5,0.5,0.75,0.25,0.0,0.244024205,0.25,0.25,0.25,0.0,0.0,0.0,0.0,0.25,0.15151515100000001,0.1515151515,0.2500000005,0.545454546,0.454545454,0.25,
A047,A,Ours,proto_sw_1_1,expanded,medium,6,200005,1,,,5,3,2,5,8.417991500002245,1.5968075999990106,2.1137168999994174,0.002456900001561735,0.026916200000414392,12.173413000000437,981,125,0,377,205,300000,0,raw_cases/A047,1,0,0,0,0,0,0.18037127563998792,0.027768053,0,0,0.0,1.0,0,0.005085002290578073,0.0024310564726151406,0,0,0.18037127563998792,0.15312350654797208,0.12185276954483322,5,2,5,1.3125996950841337,0.18751424215487625,0.0946368652446812,0.9305306420000001,0.016453079312865496,0.4,0.6,0.6,0.4,0.0,0.424379794,0.2,0.2,0.2,0.2,0.0,0.0,0.0,0.2,0.15151515100000001,0.15151515100000001,0.151515152,0.454545455,0.545454545,0.2,
A048,A,Ours,proto_sw_1_1,expanded,rich,6,200005,1,,,6,4,2,6,8.577413400002115,1.909551199998532,2.4481388999993214,0.006309299998974893,0.033232900001166854,12.991830300001311,981,150,170,894,4044,300000,0,raw_cases/A048,1,0,0,0,0,0,0.050372648038300064,0.027768053,0,0,0.0,1.0,0,0.017873188035134248,0.006602496011890435,0,0,0.050426780031290426,0.5232581206125759,0.2595138938224459,6,2,6,1.6366903355929505,0.2045862919491188,0.09040641598361444,0.8615083849999999,0.020839044225146198,0.5,0.5,0.6666666666666666,0.3333333333333333,0.0,0.728681108,0.16666666666666666,0.16666666666666666,0.3333333333333333,0.16666666666666666,0.0,0.0,0.0,0.16666666666666666,0.09090909099999998,0.090909091,0.15909090925,0.454545455,0.545454545,0.3333333333333333,
A049,A,Ours,proto_sw_1_1,compact,simple,6,200005,1,,,4,3,2,4,7.725696999998036,1.2689683999997214,4.19018270000015,0.00429479999729665,0.02656109999952605,13.2315978000006,1065,100,249,919,111,300000,0,raw_cases/A049,1,0,0,0,0,0,0.04402527784186455,0.027768053,0,0,0.0,1.0000000000000002,0,4.996589174751777e-05,3.0574298761570126e-05,0,0,0.04402527784186455,0.13905463640269403,0.07873144427048571,4,2,4,1.0429892295736924,0.17383153826228206,0.06918797854097199,1.014582211,0.013197870979532164,0.5,0.5,0.75,0.0,0.25,0.199472098,0.25,0.25,0.25,0.0,0.0,0.25,0.0,0.0,0.1439393935,0.2424242425,0.348484849,0.393939394,0.606060606,0.25,
A050,A,Ours,proto_sw_1_1,compact,medium,6,200005,1,,,5,3,2,5,7.729971500000829,1.5829402999988815,3.235241999998834,0.004773000000568572,0.029906799998570932,12.600460800000292,1065,125,129,1053,480,300000,0,raw_cases/A050,1,0,0,0,0,0,0.0683167315199957,0.027768053,0,0,0.0,1.0000000000000002,0,0.0042570189353627495,0.0028289248871578958,0,0,0.0683167315199957,0.5328053652169634,0.16222302382749929,5,2,5,1.366256125145763,0.19517944644939472,0.07316715500013168,0.9906412960000001,0.024094252558479533,0.6,0.4,0.6,0.4,0.0,0.480038245,0.2,0.2,0.2,0.2,0.0,0.2,0.0,0.0,0.090909091,0.121212121,0.333333333,0.363636364,0.636363636,0.2,
A051,A,Ours,proto_sw_1_1,compact,rich,6,200005,1,,,6,4,2,6,7.803516500000114,1.9707533000000694,2.3920854999996664,0.0030245999987528194,0.03252459999930579,12.216733799999929,1065,150,0,491,112,300000,0,raw_cases/A051,1,0,0,0,0,0,0.10439130451616511,0.027768053,0,0,0.0,1.0000000000000002,0,0.015354184995092505,0.012431866820121951,0,0,0.10439130451616511,0.24834469286557337,0.07811595246329407,6,2,6,1.567296380995495,0.1959120476244369,0.06967729613305049,1.049780832,0.02354029605263158,0.5,0.5,0.6666666666666666,0.3333333333333333,0.0,0.654976625,0.16666666666666666,0.16666666666666666,0.3333333333333333,0.16666666666666666,0.0,0.16666666666666666,0.0,0.0,0.090909091,0.090909091,0.25,0.333333333,0.666666667,0.3333333333333333,
A052,A,Ours,proto_sw_1_1,swept,simple,6,200005,1,,,4,3,1,4,7.717959300000075,1.3289325000005192,2.5020538000026136,0.004187800001091091,0.033259399999224115,11.60497640000176,1002,100,237,500,109,300000,0,raw_cases/A052,1,0,0,0,0,0,0.05727555948764208,0.027768053,0,0,0.0,0.9999999999999999,0,0.0015844470554730653,0.0010574745799521372,0,0,0.05721244027004243,0.07661533218035899,0.04714663262946626,4,1,4,1.0585202201076354,0.21170404402152707,0.0684627550096179,0.9541631070000001,0.013860334429824562,0.5,0.5,0.75,0.25,0.0,0.203344197,0.25,0.25,0.25,0.0,0.0,0.25,0.0,0.0,0.121212121,0.2424242425,0.3712121215,0.393939394,0.606060606,0.25,
A053,A,Ours,proto_sw_1_1,swept,medium,6,200005,1,,,6,4,2,6,7.6506326000017,1.8918207999995502,2.8282839999992575,0.002645799999299925,0.033692699998937314,12.423600100002659,1002,150,2,535,247,300000,0,raw_cases/A053,1,0,0,0,0,0,0.08443204453523116,0.027768053,0,0,0.0,0.9999999999999999,0,0.016113103041777516,0.010587660898314638,0,0,0.0844429699167855,0.24919489032790676,0.10954964064404911,6,2,6,1.4867188298203164,0.18583985372753956,0.07963031874467955,0.953213214,0.018800255847953216,0.5,0.5,0.6666666666666666,0.3333333333333333,0.0,0.650323703,0.16666666666666666,0.16666666666666666,0.16666666666666666,0.16666666666666666,0.0,0.16666666666666666,0.0,0.16666666666666666,0.12121212125,0.1363636365,0.17424242425,0.333333333,0.666666667,0.16666666666666666,
A054,A,Ours,proto_sw_1_1,swept,rich,6,200005,1,,,6,4,2,6,7.650453000002017,2.139998899998318,5.655339600001753,0.00558400000227266,0.027814999997644918,15.495063400001527,1002,150,237,1173,297,300000,0,raw_cases/A054,1,0,0,0,0,0,0.05727555948764208,0.027768053,0,0,0.0,0.9999999999999999,0,0.010693765215540413,0.00497541798572772,0,0,0.05721244027004243,0.3510080288034339,0.12040169746626937,6,2,6,1.5648897795724943,0.19561122244656182,0.0928153042136651,0.954339225,0.019371345029239765,0.5,0.5,0.6666666666666666,0.3333333333333333,0.0,0.693394797,0.16666666666666666,0.16666666666666666,0.16666666666666666,0.16666666666666666,0.0,0.16666666666666666,0.0,0.16666666666666666,0.0984848485,0.1515151515,0.2045454545,0.303030303,0.696969697,0.16666666666666666,
A055,A,Ours,proto_sw_1_1,expanded,simple,7,200006,1,,,4,3,1,4,10.347096299999976,1.2248628999986977,1.0164325000005192,0.0025185000013152603,0.025493500001175562,12.630232100000285,994,100,0,184,87,300000,0,raw_cases/A055,1,0,0,0,0,0,0.20484975099467512,0.027768053,0,0,0.0,1.0,0,0.0008028802004638707,0.0007607379480271564,0,0,0.20484975099467512,0.19568301650318295,0.16884176233033998,4,1,4,1.0463177886618273,0.20926355773236546,0.09088754308034172,0.8164869880000001,0.01216419956140351,0.5,0.5,0.75,0.25,0.0,0.233722985,0.25,0.25,0.25,0.0,0.0,0.0,0.0,0.25,0.1439393935,0.1515151515,0.257575758,0.575757576,0.424242424,0.25,
A056,A,Ours,proto_sw_1_1,expanded,medium,7,200006,1,,,4,3,1,4,10.17174309999973,1.26533500000005,1.9721951999999874,0.0029343000023800414,0.02396270000099321,13.456242099997326,994,100,0,243,140,300000,0,raw_cases/A056,1,0,0,0,0,0,0.21714170641724934,0.027768053,0,0,0.0,1.0,0,0.0020694389783075437,0.002012104038252732,0,0,0.2171504876446247,0.1360459990856575,0.10973983238569592,4,1,4,1.1821235993057777,0.23642471986115554,0.11030799315330304,0.9347876019999999,0.011970029239766082,0.5,0.5,0.75,0.25,0.0,0.329405246,0.25,0.25,0.25,0.0,0.0,0.0,0.0,0.25,0.15151515100000001,0.1515151515,0.2500000005,0.545454546,0.454545454,0.25,
A057,A,Ours,proto_sw_1_1,expanded,rich,7,200006,1,,,6,5,1,6,10.188745100000233,1.9014917999993486,5.357374899998831,0.004262300000846153,0.0302068999990297,17.496010200000455,994,150,335,1346,492,300000,0,raw_cases/A057,1,0,0,0,0,0,0.054153133746273716,0.027768053,0,0,0.0,1.0,0,0.008012966636799535,0.0037268974763345563,0,0,0.054078243766002114,0.7892563907486273,0.2256616166395431,6,1,6,1.4416955453374678,0.20595650647678113,0.08198490770901837,0.71460708,0.01556218019005848,0.5,0.5,0.8333333333333334,0.16666666666666666,0.0,0.666942347,0.16666666666666666,0.16666666666666666,0.16666666666666666,0.16666666666666666,0.0,0.0,0.16666666666666666,0.16666666666666666,0.0984848485,0.12121212149999999,0.14393939375,0.424242424,0.575757576,0.16666666666666666,
A058,A,Ours,proto_sw_1_1,compact,simple,7,200006,1,,,4,3,1,4,8.800885799999378,1.3240587000000232,4.892815499999415,0.002621499999804655,0.025287700002081692,15.063885100000334,1091,100,0,1230,176,300000,0,raw_cases/A058,1,0,0,0,0,0,0.13255661236028704,0.027768053,0,0,0.0,1.0,0,0.00010853576634527315,6.397971410805806e-05,0,0,0.15389001643244113,0.07486909269764759,0.04432679119454761,4,1,4,1.0248954543734612,0.20497909087469224,0.06813921196363192,1.069298907,0.01510530884502924,0.5,0.5,0.75,0.25,0.0,0.221842629,0.0,0.5,0.0,0.25,0.0,0.25,0.0,0.0,0.14393939425,0.2424242425,0.34848484825000003,0.393939394,0.606060606,0.5,
A059,A,Ours,proto_sw_1_1,compact,medium,7,200006,1,,,5,4,1,5,8.75857460000043,1.5981442000011157,3.849074900001142,0.004235299998981645,0.03133960000195657,14.256680400001642,1091,125,120,557,463,300000,0,raw_cases/A059,1,0,0,0,0,0,0.08956098838200338,0.027768053,0,0,0.0,1.0,0,4.61827869897237e-05,1.8459481125179902e-05,0,0,0.08956098838200338,0.6071127172622339,0.23718512751978535,5,1,5,1.0940474906012194,0.18234124843353658,0.06725866403074135,1.0479238260000001,0.015744928728070175,0.6,0.4,0.8,0.2,0.0,0.42135944,0.2,0.2,0.2,0.2,0.0,0.2,0.0,0.0,0.121212121,0.12121212199999998,0.333333333,0.333333333,0.666666667,0.2,
A060,A,Ours,proto_sw_1_1,compact,rich,7,200006,1,,,6,5,2,6,8.773158500000136,1.9971608000014385,7.0856529000011506,0.007138100001611747,0.03446460000122897,17.915508599999157,1091,150,120,685,681,300000,0,raw_cases/A060,1,0,0,0,0,0,0.08956098838200338,0.027768053,0,0,0.0,1.0,0,0.011132608153576138,0.007119962172506276,0,0,0.08956098838200338,0.6922329702836284,0.23718512751978535,6,2,6,1.5679852078522072,0.19599815098152593,0.08630148621573704,1.0479238260000001,0.017635233918128657,0.5,0.5,0.8333333333333334,0.0,0.16666666666666666,0.745699615,0.16666666666666666,0.16666666666666666,0.16666666666666666,0.16666666666666666,0.0,0.16666666666666666,0.0,0.16666666666666666,0.121212121,0.12121212149999999,0.1893939395,0.333333333,0.666666667,0.16666666666666666,
A061,A,Ours,proto_sw_1_1,swept,simple,7,200006,1,,,4,3,1,4,8.309329499999876,1.3048362999979872,0.5435787999995227,0.0019023999993805774,0.027147000000695698,10.206928999999946,1061,100,0,133,87,300000,0,raw_cases/A061,1,0,0,0,0,0,0.17092161725181,0.027768053,0,0,0.0,1.0000000000000002,0,4.702040843483528e-05,4.624718342150546e-05,0,0,0.17092161725181,0.05484777771578399,0.028127869262159006,4,1,4,0.9771901051013716,0.19543802102027433,0.05189032111901658,0.9041728310000001,0.015585023757309942,0.5,0.5,0.75,0.25,0.0,0.149453252,0.0,0.25,0.25,0.0,0.0,0.25,0.0,0.25,0.1742424245,0.227272727,0.3030303025,0.393939394,0.606060606,0.25,
A062,A,Ours,proto_sw_1_1,swept,medium,7,200006,1,,,6,5,1,6,8.258772400000453,1.8624548000007053,5.427377400003024,0.004072399999131449,0.03286410000146134,15.606668899999931,1061,150,8,1477,253,300000,0,raw_cases/A062,1,0,0,0,0,0,0.09244583883939196,0.027768053,0,0,0.0,1.0000000000000002,0,0.00185298951083831,0.0014494139242500672,0,0,0.09244587263607906,0.46189363639183345,0.1360325542440394,6,1,6,1.2847390843511488,0.18353415490730698,0.07461690329994651,1.012563949,0.017852247807017545,0.5,0.5,0.8333333333333334,0.16666666666666666,0.0,0.553886338,0.16666666666666666,0.16666666666666666,0.16666666666666666,0.16666666666666666,0.0,0.16666666666666666,0.0,0.16666666666666666,0.0984848485,0.1363636365,0.242424242,0.272727273,0.727272727,0.16666666666666666,
A063,A,Ours,proto_sw_1_1,swept,rich,7,200006,1,,,6,5,1,6,8.383560099999158,1.959890300000552,4.417233100000885,0.002764799999567913,0.03309399999852758,14.81459890000042,1061,150,69,722,224,300000,0,raw_cases/A063,1,0,0,0,0,0,0.15161135016834015,0.027768053,0,0,0.0,1.0000000000000002,0,4.2765206782126633e-05,2.5011989766085028e-05,0,0,0.15161135016834015,0.3949646474465567,0.09396245571688104,6,1,6,1.4263625204458996,0.20376607434941424,0.08478596299255504,1.128350095,0.016761467470760235,0.5,0.5,0.8333333333333334,0.16666666666666666,0.0,0.717280728,0.16666666666666666,0.16666666666666666,0.16666666666666666,0.16666666666666666,0.0,0.16666666666666666,0.0,0.16666666666666666,0.121212121,0.12121212149999999,0.2348484845,0.272727273,0.727272727,0.16666666666666666,
A064,A,Ours,proto_sw_1_1,expanded,simple,8,200007,1,,,4,3,2,4,7.645658600002207,1.3221917000009853,2.2103461000006064,0.0027575999993132427,0.032559700001002057,11.229874500000733,966,100,0,174,139,300000,0,raw_cases/A064,1,0,0,0,0,0,0.054470041833602045,0.027768053,0,0,0.0,1.0,0,0.009060649348305595,0.007870795103045334,0,0,0.11745712702057413,0.019811103423047177,0.009803192199191582,4,2,4,1.1648451510698794,0.19414085851164656,0.10626566993716528,0.939316123,0.015784904970760235,0.5,0.5,0.75,0.0,0.25,0.235356077,0.25,0.0,0.25,0.25,0.0,0.0,0.0,0.25,0.15151515175,0.166666667,0.26515151525,0.515151515,0.484848485,0.25,
A065,A,Ours,proto_sw_1_1,expanded,medium,8,200007,1,,,4,3,2,4,7.6852005000000645,1.298376400001871,2.2073070999977062,0.0027350000018486753,0.029395499997917796,11.239086199999292,966,100,0,174,139,300000,0,raw_cases/A065,1,0,0,0,0,0,0.054470041833602045,0.027768053,0,0,0.0,1.0,0,0.009060649348305595,0.007870795103045334,0,0,0.11745712702057413,0.019811103423047177,0.009803192199191582,4,2,4,1.1648451510698794,0.19414085851164656,0.10626566993716528,0.939316123,0.015784904970760235,0.5,0.5,0.75,0.0,0.25,0.235356077,0.25,0.0,0.25,0.25,0.0,0.0,0.0,0.25,0.15151515175,0.166666667,0.26515151525,0.515151515,0.484848485,0.25,
A066,A,Ours,proto_sw_1_1,expanded,rich,8,200007,1,,,6,5,1,6,7.7617886000007275,1.9938889000004565,8.100217600000178,0.004590500000631437,0.034650800000235904,17.914020600001095,966,150,84,913,366,300000,0,raw_cases/A066,1,0,0,0,0,0,0.1223908232350502,0.027768053,0,0,0.0,1.0,0,0.002121669109817246,0.001038083684860209,0,0,0.122391326318712,0.2876643192949845,0.12642399196838458,6,1,6,1.5439084561905583,0.22055835088436546,0.09322309746857074,1.235123647,0.02077622441520468,0.5,0.5,0.8333333333333334,0.16666666666666666,0.0,0.74225032,0.16666666666666666,0.16666666666666666,0.16666666666666666,0.16666666666666666,0.0,0.0,0.16666666666666666,0.16666666666666666,0.09848484850000001,0.121212121,0.12121212174999998,0.454545454,0.545454546,0.16666666666666666,
A067,A,Ours,proto_sw_1_1,compact,simple,8,200007,1,,,4,3,1,4,8.91316359999837,1.3206094999986817,0.6861219000020355,0.0013400999996520113,0.02742710000165971,10.965536499999871,1125,100,0,227,97,300000,0,raw_cases/A067,1,0,0,0,0,0,0.1774094347641429,0.027768053,0,0,0.0,1.0,0,0.003758840073279538,0.0030904980418183492,0,0,0.1774094347641429,0.1696751030164601,0.11711904827078112,4,1,4,1.0333485168604994,0.2066697033720999,0.04746458875875614,1.074727955,0.012615360014619883,0.5,0.5,0.75,0.25,0.0,0.196208566,0.25,0.25,0.25,0.0,0.0,0.25,0.0,0.0,0.14393939375,0.242424242,0.34848484825000003,0.393939394,0.606060606,0.25,
A068,A,Ours,proto_sw_1_1,compact,medium,8,200007,1,,,5,4,1,5,8.917799800001376,1.6516774999981862,2.503067000001465,0.0027520000003278255,0.031208099997456884,13.125088400000095,1125,125,9,733,136,300000,0,raw_cases/A068,1,0,0,0,0,0,0.06560806722644195,0.027768053,0,0,0.0,1.0,0,0.01854899456373887,0.018147401538784066,0,0,0.06560806722644195,0.5979627546415058,0.28322996007041895,5,1,5,1.1664948187039754,0.19441580311732923,0.07336426103027396,1.100056524,0.020924707602339183,0.4,0.6,0.8,0.2,0.0,0.414946675,0.2,0.2,0.4,0.0,0.0,0.2,0.0,0.0,0.090909091,0.090909091,0.363636364,0.363636364,0.636363636,0.4,
A069,A,Ours,proto_sw_1_1,compact,rich,8,200007,1,,,6,5,1,6,9.05999570000131,2.0303888999987976,2.50218550000136,0.004058700000314275,0.030498100000841077,13.645029999999679,1125,150,4,503,137,300000,0,raw_cases/A069,1,0,0,0,0,0,0.07144138676248837,0.027768053,0,0,0.0,1.0,0,0.005830309183583387,0.004568598222002275,0,0,0.07150916583385665,0.327236033012144,0.13532027543355907,6,1,6,1.4271266650960877,0.20387523787086967,0.06088792215633428,1.076212789,0.02133018092105263,0.5,0.5,0.8333333333333334,0.16666666666666666,0.0,0.657116357,0.16666666666666666,0.3333333333333333,0.16666666666666666,0.16666666666666666,0.0,0.16666666666666666,0.0,0.0,0.090909091,0.090909091,0.2272727275,0.363636363,0.636363637,0.3333333333333333,
A070,A,Ours,proto_sw_1_1,swept,simple,8,200007,1,,,4,3,2,4,8.326071199997386,1.3392057999990357,4.22636550000243,0.0028514000005088747,0.030397800001082942,13.93771740000011,1038,100,556,560,189,300000,0,raw_cases/A070,1,0,0,0,0,0,0.044047982691794746,0.027768053,0,0,0.0,0.9999999999999999,0,0.0005546742984077729,0.00031005939725036076,0,0,0.043861731204032896,0.06745730700788058,0.061633431901561064,4,2,4,1.1664425815291386,0.1944070969215231,0.09445469242951464,0.990292464,0.019388477704678362,0.5,0.5,0.75,0.0,0.25,0.123032368,0.25,0.0,0.5,0.0,0.0,0.25,0.0,0.0,0.1363636365,0.24242424299999998,0.3560606065,0.424242424,0.575757576,0.5,
A071,A,Ours,proto_sw_1_1,swept,medium,8,200007,1,,,6,5,1,6,8.163270099998044,1.9763386999984505,5.466019100000267,0.004109899997274624,0.03167060000123456,15.660364800001844,1038,150,30,270,443,300000,0,raw_cases/A071,1,0,0,0,0,0,0.0619537592037447,0.027768053,0,0,0.0,0.9999999999999999,0,0.0018901488583892572,0.0008406673180040225,0,0,0.06205432479992909,0.3369904156761219,0.19949993792496834,6,1,6,1.2713517030602708,0.18162167186575298,0.06932523758684064,1.036256267,0.014774077119883041,0.5,0.5,0.8333333333333334,0.16666666666666666,0.0,0.482149246,0.16666666666666666,0.16666666666666666,0.3333333333333333,0.0,0.0,0.16666666666666666,0.0,0.16666666666666666,0.09848484875,0.1363636365,0.19696969675,0.333333334,0.666666666,0.3333333333333333,
A072,A,Ours,proto_sw_1_1,swept,rich,8,200007,1,,,6,5,1,6,8.130400399997598,1.9770394999977725,4.867267500001617,0.0029949999989185017,0.024556200001825346,15.01834659999804,1038,150,30,209,195,300000,0,raw_cases/A072,1,0,0,0,0,0,0.0619537592037447,0.027768053,0,0,0.0,0.9999999999999999,0,0.0017203145673924019,0.0008406673180040225,0,0,0.06205432479992909,0.5105505871929406,0.19822575153254995,6,1,6,1.4270388433569714,0.20386269190813877,0.07620250066586666,1.1465600519999999,0.018726014254385966,0.5,0.5,0.8333333333333334,0.16666666666666666,0.0,0.632469734,0.16666666666666666,0.3333333333333333,0.16666666666666666,0.0,0.0,0.16666666666666666,0.0,0.16666666666666666,0.090909091,0.121212121,0.19696969675,0.363636364,0.636363636,0.3333333333333333,
A073,A,Ours,proto_sw_1_1,expanded,simple,9,200008,1,,,4,3,1,4,8.547542799999064,1.3017605999993975,2.6488107000004675,0.0018916000008175615,0.028394400000252062,12.541523299998516,972,100,0,362,116,300000,0,raw_cases/A073,1,0,0,0,0,0,0.10987064796725685,0.027768053,0,0,0.0,1.0,0,0.002205801304387433,0.0013909999001321296,0,0,0.10987064796725685,0.35558862370666844,0.1949097626412638,4,1,4,1.03978465458068,0.20795693091613598,0.07713740660729103,0.830331127,0.014431423611111112,0.5,0.5,0.75,0.25,0.0,0.229354746,0.25,0.0,0.25,0.25,0.0,0.0,0.0,0.25,0.15909090925,0.181818182,0.27272727275,0.545454545,0.454545455,0.25,
A074,A,Ours,proto_sw_1_1,expanded,medium,9,200008,1,,,5,4,1,5,8.541267399999924,1.6364150999979756,2.1022488999988127,0.004015400001662783,0.023209099999803584,12.324305699999968,972,125,32,426,306,300000,0,raw_cases/A074,1,0,0,0,0,0,0.11118201271751484,0.027768053,0,0,0.0,1.0,0,0.0034630606002655677,0.002195366569714044,0,0,0.11118201271751484,0.2316554175239887,0.14840176871952315,5,1,5,1.1687104344544372,0.19478507240907286,0.073192067775973,0.890711328,0.014442845394736841,0.4,0.6,0.8,0.2,0.0,0.398212645,0.2,0.2,0.2,0.2,0.0,0.0,0.0,0.2,0.090909091,0.121212121,0.15151515200000001,0.545454545,0.454545455,0.2,
A075,A,Ours,proto_sw_1_1,expanded,rich,9,200008,1,,,6,5,1,6,8.502833400001691,1.9924247999988438,4.927306699999463,0.0054273000023385976,0.027116500001284294,15.47244579999824,972,150,89,962,398,300000,0,raw_cases/A075,1,0,0,0,0,0,0.059527113828898526,0.027768053,0,0,0.0,1.0,0,0.01829901612227554,0.007588385338643633,0,0,0.06030708079399462,0.5170202152941851,0.26775488694231697,6,1,6,1.4228587402287263,0.20326553431838948,0.08214408577387602,0.8674565649999999,0.020090917397660817,0.5,0.5,0.8333333333333334,0.16666666666666666,0.0,0.670024354,0.16666666666666666,0.3333333333333333,0.16666666666666666,0.16666666666666666,0.0,0.0,0.0,0.16666666666666666,0.090909091,0.09090909100000001,0.1136363635,0.515151515,0.484848485,0.3333333333333333,
A076,A,Ours,proto_sw_1_1,compact,simple,9,200008,1,,,4,3,1,4,9.463177800000267,1.2850225000001956,1.5143295000016224,0.0016399999985878821,0.02524990000165417,12.30230930000107,1099,100,0,402,97,300000,0,raw_cases/A076,1,0,0,0,0,0,0.13225561797736235,0.027768053,0,0,0.0,1.0,0,0.0005790171426086131,0.0004638778718045592,0,0,0.13225561797736235,0.08286538344573119,0.07548493459111329,4,1,4,1.0602229291167051,0.21204458582334101,0.0855090928823928,1.045850578,0.016424524853801168,0.5,0.5,0.75,0.25,0.0,0.210407388,0.25,0.25,0.25,0.0,0.0,0.25,0.0,0.0,0.136363636,0.2575757575,0.3712121215,0.393939394,0.606060606,0.25,
A077,A,Ours,proto_sw_1_1,compact,medium,9,200008,1,,,5,4,1,5,9.683903799999825,1.7098304999999527,1.7302568000013707,0.02112969999870984,0.03154220000214991,13.202751999997417,1099,125,14,410,102,300000,0,raw_cases/A077,1,0,0,0,0,0,0.0862597532509098,0.027768053,0,0,0.0,1.0,0,0.010180763543494644,0.005080225344288706,0,0,0.08624405240419922,0.21717308521701764,0.15842517186818605,5,1,5,1.156774856362573,0.19279580939376217,0.07158189542407524,1.027899832,0.016213221856725146,0.4,0.6,0.8,0.2,0.0,0.393125421,0.2,0.2,0.2,0.2,0.0,0.2,0.0,0.0,0.09090909100000001,0.121212121,0.333333333,0.363636364,0.636363636,0.2,
A078,A,Ours,proto_sw_1_1,compact,rich,9,200008,1,,,5,4,1,5,9.596550800000841,1.7329672999985632,2.3005144000017026,0.003467599999567028,0.0316897999982757,13.68541489999916,1099,125,107,842,263,300000,0,raw_cases/A078,1,0,0,0,0,0,0.057707449802805,0.027768053,0,0,0.0,1.0,0,0.007782951539988656,0.0067905898540284405,0,0,0.05758967024825045,0.3514342115607578,0.1894261412537663,5,1,5,1.413293371988884,0.23554889533148068,0.09687247420261154,1.011586707,0.017555281432748537,0.6,0.4,0.8,0.2,0.0,0.606214669,0.2,0.2,0.2,0.2,0.0,0.2,0.0,0.0,0.121212121,0.121212122,0.333333333,0.333333333,0.666666667,0.2,
A079,A,Ours,proto_sw_1_1,swept,simple,9,200008,1,,,4,3,1,4,8.525596200001019,1.4148887999981525,0.7751105000024836,0.0014668000003439374,0.026731300000392366,10.7597448000015,1045,100,0,260,131,300000,0,raw_cases/A079,1,0,0,0,0,0,0.16705667195856727,0.027768053,0,0,0.0,1.0000000000000002,0,0.00011288869813456786,8.089543091869008e-05,0,0,0.16705667195856727,0.2234409004692749,0.10782040066440997,4,1,4,1.037277621296671,0.2074555242593342,0.09083128127887644,0.947701227,0.015876279239766082,0.5,0.5,0.75,0.25,0.0,0.190142782,0.25,0.25,0.25,0.0,0.0,0.25,0.0,0.0,0.12121212100000002,0.2424242425,0.3712121215,0.393939394,0.606060606,0.25,
A080,A,Ours,proto_sw_1_1,swept,medium,9,200008,1,,,5,4,1,5,8.593037599999661,1.6792875999999524,3.563798399998632,0.002398700002231635,0.028970200000912882,13.880531799997698,1045,125,355,702,226,300000,0,raw_cases/A080,1,0,0,0,0,0,0.07158403510866095,0.027768053,0,0,0.0,1.0000000000000002,0,0.003943146167347809,0.003875434091913416,0,0,0.07158403510866095,0.1571316305244677,0.07629509992656468,5,1,5,1.0878128186504346,0.1813021364417391,0.07303424350392916,0.88316212,0.01316360562865497,0.6,0.4,0.8,0.2,0.0,0.395836965,0.2,0.2,0.2,0.2,0.0,0.2,0.0,0.0,0.121212121,0.121212122,0.303030303,0.363636363,0.636363637,0.2,
A081,A,Ours,proto_sw_1_1,swept,rich,9,200008,1,,,6,5,1,6,8.596162100002402,2.024574600000051,5.213992699998926,0.0029398000006040093,0.03353319999951054,15.88677319999988,1045,150,355,754,265,300000,0,raw_cases/A081,1,0,0,0,0,0,0.07158403510866095,0.027768053,0,0,0.0,1.0000000000000002,0,0.003981751294234498,0.003875434091913416,0,0,0.07158403510866095,0.27205036929727516,0.11364899552454018,6,1,6,1.3514383848041458,0.19306262640059227,0.06933813424649386,0.88316212,0.017886513157894735,0.5,0.5,0.8333333333333334,0.16666666666666666,0.0,0.677644422,0.16666666666666666,0.16666666666666666,0.16666666666666666,0.16666666666666666,0.0,0.16666666666666666,0.0,0.16666666666666666,0.121212121,0.1212121215,0.212121212,0.303030303,0.696969697,0.16666666666666666,
A082,A,Ours,proto_sw_1_1,expanded,simple,10,200009,1,,,4,3,1,4,8.779081799999403,1.3612252000020817,1.7102004999978817,0.00236169999698177,0.025533399999403628,11.894584199999372,952,100,0,433,54,300000,0,raw_cases/A082,1,0,0,0,0,0,0.14576258833941116,0.027768053,0,0,0.0,0.9999999999999999,0,0.0038723298128769765,0.003556245670178817,0,0,0.14576258833941116,0.15334243614845713,0.13796846633310128,4,1,4,1.03340659790565,0.20668131958112998,0.059987401336812386,0.822290253,0.015173839546783625,0.5,0.5,0.75,0.25,0.0,0.19229698,0.25,0.25,0.0,0.25,0.0,0.0,0.0,0.25,0.151515151,0.1515151515,0.2500000005,0.545454546,0.454545454,0.25,
A083,A,Ours,proto_sw_1_1,expanded,medium,10,200009,1,,,5,3,2,5,8.739267799999652,1.6058594999994966,2.1659694999980275,0.0031059999964782037,0.027669799997966038,12.556049599999824,952,125,24,557,314,300000,0,raw_cases/A083,1,0,0,0,0,0,0.12013562722367511,0.027768053,0,0,0.0,0.9999999999999999,0,0.006119734004625694,0.004606932957883391,0,0,0.12842353156549266,0.18425946380455974,0.13796846633310128,5,2,5,1.2064915214389003,0.1723559316341286,0.058875057933919235,0.822290253,0.01803499634502924,0.4,0.6,0.6,0.4,0.0,0.372915051,0.2,0.2,0.0,0.4,0.0,0.0,0.0,0.2,0.1515151509999999,0.15151515100000001,0.151515152,0.45454545500000004,0.5454545449999999,0.4,
A084,A,Ours,proto_sw_1_1,expanded,rich,10,200009,1,,,6,4,2,6,8.93779849999919,1.9322027000016533,1.929886300000362,0.008894999999029096,0.03542889999880572,12.864670200000546,952,150,183,429,3178,300000,0,raw_cases/A084,1,0,0,0,0,0,0.033074012121620124,0.027768053,0,0,0.0,0.9999999999999999,0,0.03117893964499924,0.02050768563210548,0,0,0.033074012121620124,0.5725885254359718,0.27513495575070573,6,2,6,1.5478179305273878,0.19347724131592348,0.05847928322239472,0.951516833,0.026715551900584795,0.5,0.5,0.6666666666666666,0.3333333333333333,0.0,0.672453596,0.16666666666666666,0.16666666666666666,0.16666666666666666,0.3333333333333333,0.0,0.0,0.0,0.16666666666666666,0.090909091,0.106060606,0.14393939349999993,0.45454545500000004,0.5454545449999999,0.3333333333333333,
A085,A,Ours,proto_sw_1_1,compact,simple,10,200009,1,,,4,3,1,4,8.76502850000179,1.3225576999975601,0.8105493999973987,0.0012573999993037432,0.026633000001311302,10.938617600000725,1044,100,0,309,41,300000,0,raw_cases/A085,1,0,0,0,0,0,0.10254090479974598,0.027768053,0,0,0.0,1.0000000000000002,0,0.00036789282868529365,0.0003351269619295162,0,0,0.10254090479974598,0.24182718522287455,0.20777119402780028,4,1,4,1.0386314228974403,0.20772628457948805,0.045664336890187576,1.08290019,0.01842904788011696,0.5,0.5,0.75,0.25,0.0,0.149536271,0.25,0.25,0.25,0.0,0.0,0.25,0.0,0.0,0.12121212175000001,0.2424242425,0.37121212075,0.39393939399999994,0.606060606,0.25,
A086,A,Ours,proto_sw_1_1,compact,medium,10,200009,1,,,5,3,2,5,8.755797600002552,1.7357658999972045,2.5557120999983454,0.0053270999997039326,0.02677449999828241,13.094835100000637,1044,125,160,683,713,300000,0,raw_cases/A086,1,0,0,0,0,0,0.07648953985698126,0.027768053,0,0,0.0,1.0000000000000002,0,0.005115374472479856,0.004906546528340894,0,0,0.07632095321494027,0.13098510488704115,0.06342556751328587,5,2,5,1.2205896934586735,0.17436995620838194,0.060604762725389096,1.056204152,0.01773231907894737,0.4,0.6,0.6,0.4,0.0,0.383390486,0.2,0.2,0.2,0.2,0.0,0.2,0.0,0.0,0.09090909100000001,0.121212121,0.333333333,0.36363636399999993,0.636363636,0.2,
A087,A,Ours,proto_sw_1_1,compact,rich,10,200009,1,,,6,4,2,6,8.93815800000084,1.945709599996917,4.980811299999914,0.0052007000012963545,0.026968599999236176,15.918811700001243,1044,150,192,1590,451,300000,0,raw_cases/A087,1,0,0,0,0,0,0.051319329681371983,0.027768053,0,0,0.0,1.0000000000000002,0,0.014728439558336595,0.010264847400254143,0,0,0.05117116898122984,0.4636015920575992,0.16184731139285138,6,2,6,1.59388722125536,0.19923590265692,0.08112415273789832,1.0779047620000002,0.024802403143274854,0.5,0.5,0.6666666666666666,0.3333333333333333,0.0,0.752919983,0.16666666666666666,0.16666666666666666,0.16666666666666666,0.16666666666666666,0.0,0.16666666666666666,0.16666666666666666,0.0,0.090909091,0.106060606,0.25757575749999995,0.303030303,0.696969697,0.16666666666666666,
A088,A,Ours,proto_sw_1_1,swept,simple,10,200009,1,,,4,3,1,4,7.8012750999987475,1.2312930999978562,2.4359154000012495,0.001761600000463659,0.023503899999923306,11.507014499999059,964,100,16,317,161,300000,0,raw_cases/A088,1,0,0,0,0,0,0.11731378159695505,0.027768053,0,0,0.0,1.0000000000000002,0,0.0008646072447833434,0.0005282770901377515,0,0,0.11731378159695505,0.36577563419112613,0.20306578311797105,4,1,4,1.192805353672289,0.2385610707344578,0.0785126245242572,0.9415717030000001,0.018531843932748537,0.5,0.5,0.75,0.25,0.0,0.234037932,0.25,0.25,0.25,0.0,0.0,0.25,0.0,0.0,0.11363636350000003,0.2575757575,0.39393939399999994,0.393939394,0.606060606,0.25,
A089,A,Ours,proto_sw_1_1,swept,medium,10,200009,1,,,5,3,2,5,7.714987600000313,1.6177740999992238,7.38573550000001,0.0110785000033502,0.03094039999996312,16.776814900000318,964,125,317,1441,2688,300000,0,raw_cases/A089,1,0,0,0,0,0,0.054239965999325165,0.027768053,0,0,0.0,1.0000000000000002,0,0.011160477159147178,0.005783752975397798,0,0,0.05408265062211168,0.2596995396627097,0.11213479780254816,5,2,5,1.5668708899024189,0.22383869855748842,0.06436570623791191,0.9415717030000001,0.020473547149122806,0.6,0.4,0.6,0.4,0.0,0.53299923,0.2,0.2,0.2,0.2,0.0,0.2,0.0,0.0,0.12121212099999999,0.12121212100000003,0.30303030299999995,0.363636364,0.636363636,0.2,
A090,A,Ours,proto_sw_1_1,swept,rich,10,200009,1,,,6,4,2,6,7.777774299996963,1.880381099999795,3.280554099997971,0.0026637000009941403,0.02918399999907706,12.98702559999947,964,150,154,574,391,300000,0,raw_cases/A090,1,0,0,0,0,0,0.0650640523943759,0.027768053,0,0,0.0,1.0000000000000002,0,0.010507939488963967,0.00321481577774501,0,0,0.06485722391425673,0.27110342608998483,0.07873076440655398,6,2,6,1.562356197426321,0.19529452467829014,0.06516665681877172,0.9211255769999999,0.02384297331871345,0.5,0.5,0.6666666666666666,0.3333333333333333,0.0,0.71058488,0.16666666666666666,0.16666666666666666,0.16666666666666666,0.16666666666666666,0.0,0.16666666666666666,0.0,0.16666666666666666,0.121212121,0.13636363599999995,0.17424242425000006,0.3333333339999999,0.666666666,0.16666666666666666,
A091,A,Ours,proto_sw_1_3,expanded,simple,1,200000,1,,,4,3,1,4,28.82505350000065,1.2867992999999842,1.5617982000003394,0.0016326999975717627,0.028810699997848133,31.722734399998444,822,100,0,631,101,300000,0,raw_cases/A091,1,0,0,0,0,0,0.1080709799733872,0.041459216,0,0,0.0,1.0,0,0.001250200858207956,0.0011791145467402572,0,0,0.13505513563039565,0.26643422019590396,0.1063511604456568,4,1,4,0.898734944923213,0.1797469889846426,0.06362001292305311,0.6328175859999999,0.015556469298245614,0.5,0.5,0.75,0.25,0.0,0.206027613,0.25,0.25,0.0,0.0,0.0,0.0,0.25,0.25,0.13636363599999998,0.1515151515,0.2651515155,0.606060606,0.393939394,0.25,
A092,A,Ours,proto_sw_1_3,expanded,medium,1,200000,1,,,5,3,2,5,16.99992889999703,1.6074418999996851,1.2267006000001857,0.008378300000913441,0.02968689999761409,19.889381799999683,822,125,12,600,1824,300000,0,raw_cases/A092,1,0,0,0,0,0,0.09855453186316053,0.041459216,0,0,0.0,1.0,0,0.007584781953278136,0.0041697536574388004,0,0,0.0985879745058604,0.31014021007422987,0.10680460497703949,5,2,5,1.144692877482179,0.16352755392602555,0.06602049302830101,0.8355868480000002,0.0203421966374269,0.6,0.4,0.6,0.4,0.0,0.43531956,0.2,0.2,0.0,0.0,0.0,0.0,0.2,0.4,0.090909091,0.090909091,0.151515151,0.575757576,0.424242424,0.4,
A093,A,Ours,proto_sw_1_3,expanded,rich,1,200000,1,,,6,4,2,6,17.026363900000433,1.9080159000004642,2.3294176000017615,0.004430500001035398,0.03154259999791975,21.315770299999713,822,150,334,801,410,300000,0,raw_cases/A093,1,0,0,0,0,0,0.0632275555612648,0.041459216,0,0,0.0,1.0,0,0.005005465681618483,0.003678865317545544,0,0,0.06328633675285497,0.29349858441813903,0.18624040276754994,6,2,6,1.4655482230859804,0.18319352788574755,0.07152354245523099,0.7559193930000001,0.021861293859649123,0.5,0.5,0.6666666666666666,0.3333333333333333,0.0,0.76656466,0.16666666666666666,0.16666666666666666,0.0,0.0,0.16666666666666666,0.16666666666666666,0.16666666666666666,0.16666666666666666,0.12121212125,0.1363636365,0.17424242350000002,0.333333334,0.666666666,0.16666666666666666,
A094,A,Ours,proto_sw_1_3,compact,simple,1,200000,1,,,4,3,1,4,26.2556783,1.2999266000006173,1.299210300003324,0.0018747000030998606,0.024306400002387818,28.89473850000286,1092,100,0,556,171,300000,0,raw_cases/A094,1,0,0,0,0,0,0.2530170671237305,0.041459216,0,0,0.0,1.0,0,0.004422541391527375,0.004408560485732919,0,0,0.2530170671237305,0.01815797042248542,0.014711019405877171,4,1,4,1.061468121621446,0.21229362432428922,0.09139341253665713,0.937295967,0.016430235745614034,0.5,0.5,0.75,0.25,0.0,0.301348033,0.25,0.25,0.0,0.0,0.0,0.25,0.0,0.25,0.181818182,0.181818182,0.25,0.454545454,0.545454546,0.25,
A095,A,Ours,proto_sw_1_3,compact,medium,1,200000,1,,,6,4,2,6,25.928353200000856,1.9188740999998117,1.122847599999659,0.005379900001571514,0.025102600000536768,29.015820900000108,1092,150,0,265,865,300000,0,raw_cases/A095,1,0,0,0,0,0,0.11238341046063133,0.041459216,0,0,0.0,1.0,0,0.002150884513252964,0.001297067521518866,0,0,0.11239143471782606,0.16366247599976164,0.04689254308905958,6,2,6,1.0670451163160657,0.1333806395395082,0.0571775816177185,0.791065351,0.016698647660818713,0.5,0.5,0.6666666666666666,0.3333333333333333,0.0,0.501634949,0.16666666666666666,0.16666666666666666,0.16666666666666666,0.0,0.0,0.16666666666666666,0.16666666666666666,0.16666666666666666,0.09848484850000003,0.136363636,0.15151515175,0.393939394,0.606060606,0.16666666666666666,
A096,A,Ours,proto_sw_1_3,compact,rich,1,200000,1,,,6,4,2,6,26.32980359999783,1.9673576999994111,3.4073066000019026,0.009362299999338575,0.034333999999944353,31.767697899998893,1092,150,36,1051,1591,300000,0,raw_cases/A096,1,0,0,0,0,0,0.10783307915949909,0.041459216,0,0,0.0,1.0,0,0.01184920427492686,0.0055519348119656906,0,0,0.10787790990010482,0.21927803344471888,0.10937528558575327,6,2,6,1.39365833901077,0.17420729237634625,0.07943242790208455,0.791065351,0.0209875274122807,0.5,0.5,0.6666666666666666,0.3333333333333333,0.0,0.65556691,0.16666666666666666,0.16666666666666666,0.16666666666666666,0.0,0.0,0.16666666666666666,0.16666666666666666,0.16666666666666666,0.09848484850000003,0.136363636,0.15151515175,0.393939394,0.606060606,0.16666666666666666,
A097,A,Ours,proto_sw_1_3,swept,simple,1,200000,1,,,4,3,1,4,23.587890899998456,1.2641036999993958,1.5517094999995606,0.0026795999983733054,0.029170699999667704,26.449309399999038,856,100,0,575,150,300000,0,raw_cases/A097,1,0,0,0,0,0,0.24526217179950843,0.041459216,0,0,0.0,1.0,0,0.0004433451511000302,0.00028753090757698105,0,0,0.24526217179950843,0.022649767075310925,0.0182005687512154,4,1,4,1.0222132642725397,0.20444265285450794,0.09561546646641822,0.891052116,0.016772889254385966,0.5,0.5,0.75,0.25,0.0,0.320951469,0.25,0.25,0.0,0.0,0.0,0.25,0.0,0.25,0.181818182,0.181818182,0.25,0.454545454,0.545454546,0.25,
A098,A,Ours,proto_sw_1_3,swept,medium,1,200000,1,,,6,4,2,6,23.11295489999975,1.8489608999989287,2.480093599999236,0.007286500000191154,0.027513000000908505,27.49309279999943,856,150,56,847,1186,300000,0,raw_cases/A098,1,0,0,0,0,0,0.10531738366467416,0.041459216,0,0,0.0,1.0,0,0.010911172421563305,0.006812187076081267,0,0,0.10540943859690015,0.519911550171864,0.20191220880438734,6,2,6,1.278678738888928,0.159834842361116,0.06660074357737716,0.552526617,0.019068667763157895,0.5,0.5,0.6666666666666666,0.3333333333333333,0.0,0.565514204,0.16666666666666666,0.16666666666666666,0.16666666666666666,0.0,0.16666666666666666,0.0,0.16666666666666666,0.16666666666666666,0.10606060600000002,0.1515151515,0.196969697,0.303030303,0.696969697,0.16666666666666666,
A099,A,Ours,proto_sw_1_3,swept,rich,1,200000,1,,,6,4,2,6,23.65501800000129,1.9021927999965556,1.6876685000024736,0.004899600000499049,0.026654900000721682,27.289377199998853,856,150,4,695,433,300000,0,raw_cases/A099,1,0,0,0,0,0,0.11100850484673216,0.041459216,0,0,0.0,1.0,0,0.0037154832819043587,0.0024374267756602577,0,0,0.11100850484673216,0.3095321694454498,0.15582815513186046,6,2,6,1.3791234336170224,0.1723904292021278,0.08557540708082768,0.960025963,0.021290204678362575,0.5,0.5,0.6666666666666666,0.3333333333333333,0.0,0.73908549,0.16666666666666666,0.16666666666666666,0.16666666666666666,0.0,0.0,0.16666666666666666,0.16666666666666666,0.16666666666666666,0.09848484850000003,0.136363636,0.15151515175,0.393939394,0.606060606,0.16666666666666666,
A100,A,Ours,proto_sw_1_3,expanded,simple,2,200001,1,,,4,3,2,4,16.95377240000016,1.2586965999980748,0.3892690000029688,0.0014486000000033528,0.023686100001214072,18.644142200002534,869,100,0,114,73,300000,0,raw_cases/A100,1,0,0,0,0,0,0.13015623455230788,0.041459216,0,0,0.0,1.0,0,0.005927001911946751,0.004138217037134884,0,0,0.13015623455230788,0.18317370626965554,0.07819282470649588,4,2,4,1.0700584247103664,0.17834307078506106,0.09938702681500478,0.7239606220000001,0.018560398391812866,0.5,0.5,0.75,0.0,0.25,0.226740794,0.25,0.25,0.0,0.0,0.0,0.0,0.25,0.25,0.121212121,0.1363636365,0.2651515155,0.606060606,0.393939394,0.25,
A101,A,Ours,proto_sw_1_3,expanded,medium,2,200001,1,,,5,4,1,5,16.90751739999905,1.6288027000009606,0.554056999997556,0.0028711999984807335,0.03230270000130986,19.144406899999012,869,125,0,189,100,300000,0,raw_cases/A101,1,0,0,0,0,0,0.13230966676352476,0.041459216,0,0,0.0,1.0,0,0.0004213096712159408,0.00040595544489525757,0,0,0.13233881477868728,0.040591830883847047,0.02771850710102358,5,1,5,1.0772217767879377,0.1795369627979896,0.08249320330122915,0.702015761,0.01944558662280702,0.4,0.6,0.8,0.2,0.0,0.432010651,0.2,0.2,0.0,0.0,0.2,0.0,0.2,0.2,0.151515151,0.151515152,0.242424242,0.363636364,0.636363636,0.2,
A102,A,Ours,proto_sw_1_3,expanded,rich,2,200001,1,,,6,5,1,6,16.96221610000066,2.161396399998921,0.9282231999968644,0.0016765999971539713,0.03210880000187899,20.101706299999933,869,150,0,400,93,300000,0,raw_cases/A102,1,0,0,0,0,0,0.05835182078863133,0.041459216,0,0,0.0,1.0,0,0.0003173014529848924,0.000180944077768406,0,0,0.05840982571550206,0.4373221657106434,0.20350365474006923,6,1,6,1.236947208994701,0.17670674414210014,0.061844344590450795,0.7098839290000001,0.0224609375,0.5,0.5,0.8333333333333334,0.16666666666666666,0.0,0.71425834,0.16666666666666666,0.16666666666666666,0.0,0.0,0.16666666666666666,0.16666666666666666,0.16666666666666666,0.16666666666666666,0.12121212099999999,0.121212121,0.16666666675,0.363636364,0.636363636,0.16666666666666666,
A103,A,Ours,proto_sw_1_3,compact,simple,2,200001,1,,,4,3,1,4,29.767650100002356,1.302806399999099,2.006074600001739,0.0030722999981662724,0.030556300000171177,33.12551679999888,1112,100,47,437,280,300000,0,raw_cases/A103,1,0,0,0,0,0,0.04546900411264786,0.041459216,0,0,0.0,0.9999999999999999,0,0.0007937807263569406,0.0007624769911145033,0,0,0.045612922431240634,0.054953635928110256,0.03931374904530501,4,1,4,1.0450881750679555,0.2090176350135911,0.08502601316822415,0.879704247,0.013866045321637427,0.5,0.5,0.75,0.25,0.0,0.273160005,0.25,0.0,0.25,0.0,0.0,0.0,0.25,0.25,0.16666666675,0.181818182,0.26515151525,0.515151515,0.484848485,0.25,
A104,A,Ours,proto_sw_1_3,compact,medium,2,200001,1,,,5,4,1,5,29.85862249999991,1.5291115999971225,1.5277298999972118,0.002946100001281593,0.029203899997810367,32.965876400001434,1112,125,37,705,177,300000,0,raw_cases/A104,1,0,0,0,0,0,0.10083131898851047,0.041459216,0,0,0.0,0.9999999999999999,0,0.005969134606002251,0.0034086714420464375,0,0,0.10093663906058883,0.1472643764920322,0.0650791068170249,5,1,5,1.0014540560841163,0.16690900934735273,0.061098177278244674,0.690100059,0.018012152777777776,0.6,0.4,0.8,0.2,0.0,0.419713584,0.2,0.2,0.0,0.0,0.0,0.0,0.4,0.2,0.090909091,0.090909091,0.181818182,0.545454545,0.454545455,0.4,
A105,A,Ours,proto_sw_1_3,compact,rich,2,200001,1,,,6,5,1,6,29.68590200000108,1.8819333999999799,1.2339462999989337,0.0021402000020316336,0.025148999997327337,32.843705999999656,1112,150,33,316,339,300000,0,raw_cases/A105,1,0,0,0,0,0,0.09532013080635054,0.041459216,0,0,0.0,0.9999999999999999,0,0.0013414040981203491,0.0011451538744835792,0,0,0.09532013080635054,0.5351458252697036,0.13667847497961047,6,1,6,1.3115640437993374,0.18736629197133392,0.07742266945988045,0.9273623080000001,0.023620248538011698,0.5,0.5,0.8333333333333334,0.16666666666666666,0.0,0.716748505,0.16666666666666666,0.16666666666666666,0.16666666666666666,0.0,0.0,0.16666666666666666,0.16666666666666666,0.16666666666666666,0.0984848485,0.1363636365,0.151515152,0.393939394,0.606060606,0.16666666666666666,
A106,A,Ours,proto_sw_1_3,swept,simple,2,200001,1,,,4,3,1,4,28.622571700001572,1.2581290999987687,0.7657672000023013,0.00228909999714233,0.02238500000021304,30.68747430000076,814,100,124,292,138,300000,0,raw_cases/A106,1,0,0,0,0,0,0.0568115391333922,0.041459216,0,0,0.0,1.0,0,0.001170380098481127,0.001142122712614553,0,0,0.0568774847415085,0.3069227912023814,0.14521825059837343,4,1,4,0.9404029598408639,0.18808059196817278,0.07198118299765932,0.728202149,0.016201800073099414,0.5,0.5,0.75,0.25,0.0,0.203368932,0.25,0.25,0.0,0.0,0.0,0.0,0.25,0.25,0.15151515175,0.151515152,0.25000000025,0.545454545,0.454545455,0.25,
A107,A,Ours,proto_sw_1_3,swept,medium,2,200001,1,,,5,4,1,5,28.76695390000168,1.537060599999677,1.2716680000012275,0.0017112000023189466,0.02387050000106683,31.62136610000016,814,125,181,379,121,300000,0,raw_cases/A107,1,0,0,0,0,0,0.0568115391333922,0.041459216,0,0,0.0,1.0,0,0.0017833423987770006,0.001142122712614553,0,0,0.0568774847415085,0.31060203056814883,0.14521825059837343,5,1,5,1.0675460638425716,0.17792434397376192,0.06733122877201739,0.728202149,0.018611796418128657,0.6,0.4,0.8,0.2,0.0,0.402703932,0.2,0.2,0.0,0.0,0.2,0.0,0.2,0.2,0.151515152,0.151515152,0.242424242,0.303030303,0.696969697,0.2,
A108,A,Ours,proto_sw_1_3,swept,rich,2,200001,1,,,6,5,1,6,28.475118599999405,1.9625040999999328,0.7727320999983931,0.002024000001256354,0.029847000001609558,31.25779490000059,814,150,0,265,116,300000,0,raw_cases/A108,1,0,0,0,0,0,0.04700177855101736,0.041459216,0,0,0.0,1.0,0,9.678543455995863e-05,6.889100830181936e-05,0,0,0.04700177855101736,0.5299502006716569,0.18460218914006502,6,1,6,1.2666869778306158,0.18095528254723084,0.07449282063548908,0.827190877,0.022849278143274854,0.5,0.5,0.8333333333333334,0.16666666666666666,0.0,0.739802772,0.16666666666666666,0.16666666666666666,0.0,0.0,0.16666666666666666,0.16666666666666666,0.16666666666666666,0.16666666666666666,0.121212121,0.1363636365,0.196969697,0.303030303,0.696969697,0.16666666666666666,
A109,A,Ours,proto_sw_1_3,expanded,simple,3,200002,1,,,4,3,1,4,13.260790899999847,1.319638599998143,0.8362484999997832,0.0015277999991667457,0.024212500000430737,15.455746999999974,860,100,60,284,144,300000,0,raw_cases/A109,1,0,0,0,0,0,0.08192999567195364,0.041459216,0,0,0.0,1.0,0,0.0029103564333635757,0.0021013888661577523,0,0,0.08192999567195364,0.21280058406296518,0.1132603968106501,4,1,4,0.9577003313083838,0.19154006626167677,0.08120633205985776,0.678473555,0.015630710891812866,0.5,0.5,0.75,0.25,0.0,0.259692218,0.25,0.25,0.0,0.0,0.0,0.25,0.0,0.25,0.15151515100000001,0.1515151515,0.2500000005,0.545454546,0.454545454,0.25,
A110,A,Ours,proto_sw_1_3,expanded,medium,3,200002,1,,,5,3,2,5,13.071143500001199,1.5341864000001806,0.9063100999992457,0.003234100000554463,0.024460399999952642,15.558164399997622,860,125,0,316,909,300000,0,raw_cases/A110,1,0,0,0,0,0,0.11389765969691772,0.041459216,0,0,0.0,1.0,0,0.003455794293512656,0.0015333104298427623,0,0,0.11393986980353042,0.33075629734705325,0.18918879621618342,5,2,5,1.1825221526601544,0.16893173609430776,0.08563790727360439,0.750615415,0.021010370979532164,0.6,0.4,0.6,0.4,0.0,0.48076793,0.2,0.2,0.0,0.0,0.0,0.2,0.2,0.2,0.12121212099999999,0.121212121,0.121212121,0.545454546,0.454545454,0.2,
A111,A,Ours,proto_sw_1_3,expanded,rich,3,200002,1,,,6,4,2,6,13.046334700000443,1.9460269999981392,3.1942047999982606,0.009037200001330348,0.02892219999921508,18.23975209999844,860,150,0,1112,2340,300000,0,raw_cases/A111,1,0,0,0,0,0,0.10540670636031955,0.041459216,0,0,0.0,1.0,0,0.0015315598729708476,0.0006477833836340919,0,0,0.10545023913454493,0.28259943048972014,0.10335880156258608,6,2,6,1.3924084822480889,0.17405106028101108,0.07561796502619365,0.729585182,0.024802403143274854,0.5,0.5,0.6666666666666666,0.3333333333333333,0.0,0.807295903,0.16666666666666666,0.16666666666666666,0.0,0.0,0.16666666666666666,0.0,0.16666666666666666,0.3333333333333333,0.090909091,0.106060606,0.21212121175,0.36363636400000005,0.636363636,0.3333333333333333,
A112,A,Ours,proto_sw_1_3,compact,simple,3,200002,1,,,4,3,1,4,25.433199000002787,1.2572627999979886,0.17001879999952507,0.0010435999975015875,0.023578899999847636,26.90232130000004,1083,100,0,49,70,300000,0,raw_cases/A112,1,0,0,0,0,0,0.10894512794384971,0.041459216,0,0,0.0,1.0,0,8.490688344870847e-05,4.912045049297102e-05,0,0,0.10894512794384971,0.15050471611151778,0.13288657656392786,4,1,4,0.94396503407879,0.188793006815758,0.048697799653927995,0.764090743,0.016927083333333332,0.5,0.5,0.75,0.25,0.0,0.18764259,0.25,0.0,0.25,0.0,0.0,0.25,0.0,0.25,0.17424242425,0.181818182,0.25757575775,0.48484848500000005,0.5151515149999999,0.25,
A113,A,Ours,proto_sw_1_3,compact,medium,3,200002,1,,,6,4,2,6,25.343498199999885,1.9767888000023959,1.1656130000010307,0.004209599999740021,0.0326801000010164,28.541989999997895,1083,150,0,378,467,300000,0,raw_cases/A113,1,0,0,0,0,0,0.10894512794384971,0.041459216,0,0,0.0,1.0,0,0.005497991094709775,0.0023191676272500544,0,0,0.10894512794384971,0.3478428311965009,0.13288657656392786,6,2,6,1.2368103597636009,0.1546012949704501,0.056852339796439555,0.708387608,0.021815606725146198,0.5,0.5,0.6666666666666666,0.3333333333333333,0.0,0.562525034,0.16666666666666666,0.0,0.16666666666666666,0.0,0.16666666666666666,0.16666666666666666,0.16666666666666666,0.16666666666666666,0.106060606,0.1666666665,0.2045454545,0.27272727300000005,0.7272727269999999,0.16666666666666666,
A114,A,Ours,proto_sw_1_3,compact,rich,3,200002,1,,,6,4,2,6,25.281788000000233,1.9314432999999553,4.657236600000033,0.008510299998306436,0.027741199999582022,31.921408100002736,1083,150,0,1090,2826,300000,0,raw_cases/A114,1,0,0,0,0,0,0.11717873272122968,0.041459216,0,0,0.0,1.0,0,0.0045116004635409645,0.0030125484035349957,0,0,0.11717873272122968,0.27792549421173496,0.13194978744687194,6,2,6,1.3686917426723912,0.17108646783404888,0.07574117145034145,0.9085070209999999,0.022278188961988302,0.5,0.5,0.6666666666666666,0.3333333333333333,0.0,0.706435985,0.16666666666666666,0.16666666666666666,0.16666666666666666,0.0,0.0,0.16666666666666666,0.16666666666666666,0.16666666666666666,0.0984848485,0.121212121,0.14393939425,0.42424242500000003,0.5757575749999999,0.16666666666666666,
A115,A,Ours,proto_sw_1_3,swept,simple,3,200002,1,,,4,3,1,4,22.895038800001203,1.2247538000010536,1.8299112999993667,0.003321000000141794,0.030621600002632476,26.00165299999935,813,100,0,304,163,300000,0,raw_cases/A115,1,0,0,0,0,0,0.1512533496051397,0.041459216,0,0,0.0,1.0000000000000002,0,0.001802655801125306,0.0011952825452286968,0,0,0.15128781902086763,0.015401249439135704,0.005829760075592452,4,1,4,0.9412081891230071,0.1882416378246014,0.08158386409132018,0.8421371139999999,0.01391173245614035,0.5,0.5,0.75,0.25,0.0,0.234711697,0.25,0.0,0.25,0.0,0.0,0.0,0.25,0.25,0.16666666675,0.181818182,0.26515151525,0.5151515150000001,0.4848484849999999,0.25,
A116,A,Ours,proto_sw_1_3,swept,medium,3,200002,1,,,5,3,2,5,23.055318499998975,1.636118100002932,1.6319187999979476,0.0034446999998181127,0.03341329999966547,26.37303199999951,813,125,91,822,885,300000,0,raw_cases/A116,1,0,0,0,0,0,0.07129995781756104,0.041459216,0,0,0.0,1.0000000000000002,0,0.01300218880724359,0.005716338163370309,0,0,0.071385786053199,0.49026735042509784,0.20384242907794392,5,2,5,1.4097515576992103,0.20139307967131576,0.08029595886530158,0.609216672,0.01991387975146199,0.4,0.6,0.6,0.4,0.0,0.511020914,0.2,0.0,0.2,0.0,0.0,0.2,0.2,0.2,0.121212121,0.121212121,0.181818182,0.48484848500000005,0.5151515149999999,0.2,
A117,A,Ours,proto_sw_1_3,swept,rich,3,200002,1,,,6,4,2,6,23.377381400001468,2.0944853000000876,1.5045143999996071,0.0034707000013440847,0.026245600001857383,27.020497699999396,813,150,77,812,1324,300000,0,raw_cases/A117,1,0,0,0,0,0,0.07129995781756104,0.041459216,0,0,0.0,1.0000000000000002,0,0.005094498506738373,0.0023620903129780834,0,0,0.071385786053199,0.6189554195225471,0.20384242907794392,6,2,6,1.4451012306418005,0.18063765383022506,0.06242002642992522,0.590496308,0.02074766995614035,0.5,0.5,0.6666666666666666,0.3333333333333333,0.0,0.719293281,0.16666666666666666,0.0,0.16666666666666666,0.0,0.16666666666666666,0.16666666666666666,0.16666666666666666,0.16666666666666666,0.121212121,0.1515151515,0.2045454545,0.27272727300000005,0.7272727269999999,0.16666666666666666,
A118,A,Ours,proto_sw_1_3,expanded,simple,4,200003,1,,,4,3,1,4,19.2036334000004,1.3219951999999466,0.7865812000018195,0.002289500000188127,0.025790700001380173,21.35826299999826,857,100,29,273,148,300000,0,raw_cases/A118,1,0,0,0,0,0,0.06966857849638983,0.041459216,0,0,0.0,1.0,0,0.0012303947677389313,0.001224626452504399,0,0,0.06966857849638983,0.30515214759888826,0.19405153933425226,4,1,4,0.9620978271636773,0.19241956543273547,0.06648131061927695,0.666383854,0.017132675438596492,0.5,0.5,0.75,0.25,0.0,0.211266405,0.25,0.25,0.0,0.0,0.0,0.0,0.25,0.25,0.136363636,0.15151515150000006,0.26515151550000005,0.606060606,0.393939394,0.25,
A119,A,Ours,proto_sw_1_3,expanded,medium,4,200003,1,,,5,3,2,5,33.046034099999815,1.5569310999999288,0.574700599998323,0.0019786999982898124,0.02846470000076806,35.22137239999938,857,125,40,226,269,300000,0,raw_cases/A119,1,0,0,0,0,0,0.07374598371425252,0.041459216,0,0,0.0,1.0,0,0.0030888962008686336,0.002571609743443277,0,0,0.07374598371425252,0.22332889815207121,0.15409755778867085,5,2,5,1.1493856597509398,0.1641979513929914,0.07281425338140425,0.7237552349999999,0.019439875730994153,0.6,0.4,0.6,0.4,0.0,0.460394782,0.2,0.2,0.0,0.0,0.0,0.2,0.0,0.4,0.090909091,0.15151515100000001,0.1515151520000001,0.5151515149999999,0.4848484850000001,0.4,
A120,A,Ours,proto_sw_1_3,expanded,rich,4,200003,1,,,6,4,2,6,33.29562149999765,1.8899588999993284,0.6870719999969879,0.0018922000017482787,0.02753870000015013,35.919258300000365,857,150,16,216,242,300000,0,raw_cases/A120,1,0,0,0,0,0,0.07374598371425252,0.041459216,0,0,0.0,1.0,0,0.0032492938330804318,0.002571609743443277,0,0,0.07374598371425252,0.23784257328274974,0.15409755778867085,6,2,6,1.2658273501937767,0.15822841877422208,0.0692277421698555,0.7237552349999999,0.021689967105263157,0.5,0.5,0.6666666666666666,0.3333333333333333,0.0,0.670821619,0.16666666666666666,0.16666666666666666,0.0,0.0,0.16666666666666666,0.16666666666666666,0.0,0.3333333333333333,0.10606060599999997,0.15151515099999996,0.15151515175000008,0.36363636400000005,0.636363636,0.3333333333333333,
A121,A,Ours,proto_sw_1_3,compact,simple,4,200003,1,,,4,3,1,4,29.512868900001195,1.231253400001151,0.5760497000010218,0.0021368999987316784,0.025684000000183005,31.36407539999709,1089,100,0,136,81,300000,0,raw_cases/A121,1,0,0,0,0,0,0.18332776400020492,0.041459216,0,0,0.0,0.9999999999999999,0,0.004218465270540889,0.0039843194695540545,0,0,0.1834947125235792,0.06469472506688172,0.05165735515657594,4,1,4,0.952598876590812,0.1905197753181624,0.06888011724560497,0.833198705,0.017001324926900586,0.5,0.5,0.75,0.25,0.0,0.214730674,0.25,0.25,0.0,0.0,0.0,0.25,0.0,0.25,0.181818182,0.181818182,0.25,0.454545454,0.545454546,0.25,
A122,A,Ours,proto_sw_1_3,compact,medium,4,200003,1,,,6,4,3,6,29.65511450000122,1.907536099999561,0.730789500001265,0.0020232999995641876,0.026671399999031564,32.33753079999951,1089,150,28,153,272,300000,0,raw_cases/A122,1,0,0,0,0,0,0.06614737218589327,0.041459216,0,0,0.0,0.9999999999999999,0,0.008371136995652066,0.0033077812492640145,0,0,0.06614801309925465,0.44411812027237846,0.10621601268630869,6,3,6,1.4996506124828013,0.16662784583142237,0.06527501829710919,0.87746973,0.025521975511695907,0.5,0.5,0.6666666666666666,0.16666666666666666,0.16666666666666666,0.710702785,0.16666666666666666,0.16666666666666666,0.16666666666666666,0.0,0.0,0.16666666666666666,0.16666666666666666,0.16666666666666666,0.09848484849999997,0.13636363599999995,0.15151515175000008,0.39393939400000005,0.606060606,0.16666666666666666,
A123,A,Ours,proto_sw_1_3,compact,rich,4,200003,1,,,6,4,3,6,29.231641900001705,1.8883725000014238,0.7270560000033583,0.002477300000464311,0.03268770000067889,31.896128199998202,1089,150,28,153,272,300000,0,raw_cases/A123,1,0,0,0,0,0,0.06614737218589327,0.041459216,0,0,0.0,0.9999999999999999,0,0.008371136995652066,0.0033077812492640145,0,0,0.06614801309925465,0.44411812027237846,0.10621601268630869,6,3,6,1.4996506124828013,0.16662784583142237,0.06527501829710919,0.87746973,0.025521975511695907,0.5,0.5,0.6666666666666666,0.16666666666666666,0.16666666666666666,0.710702785,0.16666666666666666,0.16666666666666666,0.16666666666666666,0.0,0.0,0.16666666666666666,0.16666666666666666,0.16666666666666666,0.09848484849999997,0.13636363599999995,0.15151515175000008,0.39393939400000005,0.606060606,0.16666666666666666,
A124,A,Ours,proto_sw_1_3,swept,simple,4,200003,1,,,4,3,1,4,23.80548970000018,1.269817400003376,0.3529331000027014,0.0031061999980011024,0.031341099998826394,25.481082199999946,820,100,0,213,133,300000,0,raw_cases/A124,1,0,0,0,0,0,0.104093207094849,0.041459216,0,0,0.0,1.0000000000000002,0,4.761800491916457e-05,3.5843339652171035e-05,0,0,0.10409320709484902,0.23753681868954793,0.12965828588432898,4,1,4,0.9140028565598424,0.18280057131196847,0.06281999890345455,0.792206145,0.016304596125730993,0.5,0.5,0.75,0.25,0.0,0.232195235,0.25,0.25,0.0,0.0,0.0,0.0,0.25,0.25,0.13636363649999997,0.166666667,0.2803030305,0.575757576,0.424242424,0.25,
A125,A,Ours,proto_sw_1_3,swept,medium,4,200003,1,,,5,3,2,5,23.76597920000131,1.591862700002821,0.2586697999977332,0.002658299999893643,0.026567199998680735,25.663893999997526,820,125,0,96,88,300000,0,raw_cases/A125,1,0,0,0,0,0,0.13441200638639422,0.041459216,0,0,0.0,1.0000000000000002,0,0.006701894970710534,0.002348041468247164,0,0,0.13441200638639422,0.40351459784952937,0.1550642807222963,5,2,5,1.1560379539304506,0.16514827913292152,0.06829321285225771,0.652879736,0.019359923245614034,0.6,0.4,0.6,0.4,0.0,0.436188054,0.2,0.2,0.0,0.0,0.2,0.0,0.2,0.2,0.15151515100000001,0.1515151520000001,0.242424242,0.33333333400000004,0.666666666,0.2,
A126,A,Ours,proto_sw_1_3,swept,rich,4,200003,1,,,6,4,2,6,23.714561499997217,1.8945434000015666,0.7420657000002393,0.00436239999908139,0.029247900001792004,26.40259590000278,820,150,51,243,764,300000,0,raw_cases/A126,1,0,0,0,0,0,0.048254302833349194,0.041459216,0,0,0.0,1.0000000000000002,0,0.003176680804277229,0.0011548427623328267,0,0,0.04822154170199924,0.5169239459693172,0.16219648829669414,6,2,6,1.363042261733782,0.1703802827167228,0.040378316562861505,0.814219674,0.02433982090643275,0.5,0.5,0.6666666666666666,0.3333333333333333,0.0,0.681120117,0.16666666666666666,0.16666666666666666,0.0,0.0,0.16666666666666666,0.16666666666666666,0.0,0.3333333333333333,0.106060606,0.15151515150000006,0.17424242374999996,0.33333333400000004,0.666666666,0.3333333333333333,
A127,A,Ours,proto_sw_1_3,expanded,simple,5,200004,1,,,4,3,2,4,16.19301700000142,1.3176681000004464,1.2514422999993258,0.0014965000009397045,0.028788600000552833,18.80578090000199,860,100,0,270,91,300000,0,raw_cases/A127,1,0,0,0,0,0,0.1365175721055237,0.041459216,0,0,0.0,1.0,0,0.0015212687970453497,0.0008685841377771038,0,0,0.1369378163873172,0.02838215912919717,0.024356956315588218,4,2,4,1.0756326624973296,0.1792721104162216,0.07567656509615027,0.7964087189999999,0.019040113304093567,0.5,0.5,0.75,0.0,0.25,0.243624928,0.25,0.25,0.0,0.0,0.0,0.0,0.25,0.25,0.136363636,0.1515151515,0.2651515155,0.606060606,0.393939394,0.25,
A128,A,Ours,proto_sw_1_3,expanded,medium,5,200004,1,,,5,3,2,5,16.39952059999996,1.6923478999997315,2.548686899997847,0.007421599999361206,0.0320257000021229,20.69303680000303,860,125,0,620,1239,300000,0,raw_cases/A128,1,0,0,0,0,0,0.11924145809712965,0.041459216,0,0,0.0,1.0,0,0.004976782021837516,0.0020152848654391956,0,0,0.11951513908806394,0.04894848431997157,0.01849565629548233,5,2,5,1.180829136527251,0.16868987664675014,0.09871948268406218,0.844588077,0.01814921418128655,0.6,0.4,0.6,0.4,0.0,0.448968928,0.2,0.2,0.0,0.0,0.2,0.0,0.2,0.2,0.121212121,0.15151515100000001,0.272727273,0.363636364,0.636363636,0.2,
A129,A,Ours,proto_sw_1_3,expanded,rich,5,200004,1,,,6,4,2,6,16.56220100000064,1.9707908000018506,2.880584099999396,0.0036489999984041788,0.033736299999873154,21.465737000002264,860,150,0,711,412,300000,0,raw_cases/A129,1,0,0,0,0,0,0.11924145809712965,0.041459216,0,0,0.0,1.0,0,0.004573692688808828,0.0020152848654391956,0,0,0.11951513908806394,0.14875857777835,0.05689518660687387,6,2,6,1.2549443022348017,0.1568680377793502,0.0792549549288103,0.8293303360000001,0.019679733187134504,0.5,0.5,0.6666666666666666,0.3333333333333333,0.0,0.653280426,0.16666666666666666,0.16666666666666666,0.0,0.0,0.16666666666666666,0.0,0.3333333333333333,0.16666666666666666,0.0984848485,0.136363636,0.17424242425,0.363636364,0.636363636,0.3333333333333333,
A130,A,Ours,proto_sw_1_3,compact,simple,5,200004,1,,,4,3,1,4,32.818181300001015,1.2530000000006112,1.2058412999977008,0.00229149999722722,0.023468200000934303,35.31702330000189,1186,100,0,361,155,300000,0,raw_cases/A130,1,0,0,0,0,0,0.16319287688641523,0.041459216,0,0,0.0,0.9999999999999998,0,4.300689900304411e-05,4.089065748960857e-05,0,0,0.16319287688641523,0.2173958050190418,0.18256174180203355,4,1,4,0.9679628582272618,0.19359257164545235,0.07834986151770137,0.782584887,0.017252604166666668,0.5,0.5,0.75,0.25,0.0,0.226985022,0.25,0.25,0.0,0.0,0.0,0.0,0.25,0.25,0.1439393935,0.1666666665,0.272727273,0.545454546,0.454545454,0.25,
A131,A,Ours,proto_sw_1_3,compact,medium,5,200004,1,,,5,3,3,5,32.86077430000296,1.679212600000028,3.4041976000007708,0.006102799998188857,0.02728690000003553,37.99124529999972,1186,125,0,566,268,300000,0,raw_cases/A131,1,0,0,0,0,0,0.14969933135986366,0.041459216,0,0,0.0,0.9999999999999998,0,0.006945656588675296,0.0017448694739631055,0,0,0.14969933135986366,0.2751283105526205,0.12000112511536198,5,3,5,1.316633115387413,0.1645791394234266,0.08459901368301354,0.8628254720000001,0.021261650219298246,0.4,0.6,0.6,0.2,0.2,0.410691602,0.2,0.2,0.2,0.0,0.0,0.0,0.2,0.2,0.15151515100000001,0.15151515100000001,0.151515152,0.424242425,0.575757575,0.2,
A132,A,Ours,proto_sw_1_3,compact,rich,5,200004,1,,,6,4,2,6,32.611315999998624,1.9371665999969991,2.960505999999441,0.008464599999570055,0.026211899999907473,37.561508500002674,1186,150,32,537,571,300000,0,raw_cases/A132,1,0,0,0,0,0,0.1051310028807276,0.041459216,0,0,0.0,0.9999999999999998,0,0.0016908190224807194,0.0005505124738242425,0,0,0.10523747789598968,0.23307043253494916,0.20171407005661757,6,2,6,1.3409358636201967,0.16761698295252456,0.07256414018014838,0.947026556,0.024065698099415205,0.5,0.5,0.6666666666666666,0.3333333333333333,0.0,0.69337314,0.16666666666666666,0.16666666666666666,0.16666666666666666,0.0,0.0,0.0,0.3333333333333333,0.16666666666666666,0.0984848485,0.121212121,0.1439393935,0.424242425,0.575757575,0.3333333333333333,
A133,A,Ours,proto_sw_1_3,swept,simple,5,200004,1,,,4,3,1,4,26.87738420000096,1.2906240999982401,1.5001006000020425,0.00142529999720864,0.028191299999889452,29.711732600000687,848,100,0,357,52,300000,0,raw_cases/A133,1,0,0,0,0,0,0.11403320899984086,0.041459216,0,0,0.0,1.0000000000000002,0,0.0004001945633944474,0.00030560123093700234,0,0,0.11412309771580177,0.010908719806876615,0.008918620897515953,4,1,4,0.9045041297251035,0.18090082594502072,0.07232757190828576,0.832836141,0.01600762975146199,0.5,0.5,0.75,0.25,0.0,0.250910744,0.25,0.25,0.0,0.0,0.0,0.0,0.25,0.25,0.1136363635,0.1515151515,0.287878788,0.606060606,0.393939394,0.25,
A134,A,Ours,proto_sw_1_3,swept,medium,5,200004,1,,,6,4,2,6,43.87856049999755,1.9493423999992956,2.9589835999977367,0.00417129999914323,0.03441730000122334,48.84025529999781,848,150,139,1084,982,300000,0,raw_cases/A134,1,0,0,0,0,0,0.06397925822525921,0.041459216,0,0,0.0,1.0000000000000002,0,0.005091569659245561,0.003170392126327696,0,0,0.06407653160059576,0.8485755752320462,0.1956054498197517,6,2,6,1.2365087664224874,0.15456359580281093,0.07030127865735891,0.64942502,0.01851471125730994,0.5,0.5,0.6666666666666666,0.3333333333333333,0.0,0.597481657,0.16666666666666666,0.16666666666666666,0.16666666666666666,0.0,0.0,0.0,0.3333333333333333,0.16666666666666666,0.090909091,0.106060606,0.1439393935,0.454545455,0.545454545,0.3333333333333333,
A135,A,Ours,proto_sw_1_3,swept,rich,5,200004,1,,,6,4,2,6,27.15852079999968,1.8654741999998805,2.9094131999991077,0.002290300002641743,0.02442680000240216,31.980793900002027,848,150,192,485,191,300000,0,raw_cases/A135,1,0,0,0,0,0,0.09796829571552683,0.041459216,0,0,0.0,1.0000000000000002,0,0.010634109185427015,0.002492702102152576,0,0,0.09798629423286687,0.4191635312006156,0.1758405722926525,6,2,6,1.3769586489738614,0.1721198311217327,0.0788338950513085,0.8394518470000001,0.022089729532163743,0.5,0.5,0.6666666666666666,0.3333333333333333,0.0,0.733237508,0.16666666666666666,0.16666666666666666,0.16666666666666666,0.0,0.0,0.16666666666666666,0.16666666666666666,0.16666666666666666,0.0984848485,0.12121212149999999,0.14393939375,0.424242424,0.575757576,0.16666666666666666,
A136,A,Ours,proto_sw_1_3,expanded,simple,6,200005,1,,,4,3,1,4,16.85353699999905,1.3427407999988645,0.8295163000002503,0.0015297000027203467,0.028475399998569628,19.068070299999818,819,100,0,367,151,300000,0,raw_cases/A136,1,0,0,0,0,0,0.12160863360948516,0.041459216,0,0,0.0,1.0,0,0.002912239944211639,0.0012625825919433088,0,0,0.12162525982217326,0.1940793657537137,0.15846342049344234,4,1,4,0.9849241313645745,0.1969848262729149,0.09607460602672986,0.671255155,0.017543859649122806,0.5,0.5,0.75,0.25,0.0,0.254076666,0.25,0.25,0.0,0.0,0.0,0.0,0.25,0.25,0.136363636,0.1515151515,0.2651515155,0.606060606,0.393939394,0.25,
A137,A,Ours,proto_sw_1_3,expanded,medium,6,200005,1,,,5,3,2,5,17.071595000001253,1.5703901000015321,0.6705604999988282,0.003800099999352824,0.03036689999862574,19.36551359999794,819,125,0,281,450,300000,0,raw_cases/A137,1,0,0,0,0,0,0.17627583523773138,0.041459216,0,0,0.0,1.0,0,0.007468204845862421,0.0038041133586841952,0,0,0.17627583523773138,0.2012471858332759,0.19310844815368314,5,2,5,1.1162479534924474,0.15946399335606393,0.06701368591211802,0.7407749,0.019931012426900586,0.6,0.4,0.6,0.4,0.0,0.392137966,0.2,0.2,0.0,0.0,0.2,0.0,0.2,0.2,0.15151515100000001,0.151515152,0.24242424299999998,0.333333333,0.666666667,0.2,
A138,A,Ours,proto_sw_1_3,expanded,rich,6,200005,1,,,6,4,2,6,16.970400099999097,1.949371800001245,1.4800756000004185,0.0070727999991504475,0.02953669999988051,20.454752699999517,819,150,0,608,947,300000,0,raw_cases/A138,1,0,0,0,0,0,0.11339833173039944,0.041459216,0,0,0.0,1.0,0,0.007258439143687341,0.004892537579866088,0,0,0.11786170399962494,0.2305911739505613,0.07831921363197286,6,2,6,1.4176685579360344,0.17720856974200433,0.07630093955580164,0.7407749,0.02519074378654971,0.5,0.5,0.6666666666666666,0.3333333333333333,0.0,0.716143996,0.16666666666666666,0.16666666666666666,0.0,0.0,0.16666666666666666,0.16666666666666666,0.16666666666666666,0.16666666666666666,0.0984848485,0.1515151515,0.181818182,0.333333333,0.666666667,0.16666666666666666,
A139,A,Ours,proto_sw_1_3,compact,simple,6,200005,1,,,4,3,2,4,58.26783699999942,1.277224399997067,0.9851208000000042,0.00245109999741544,0.027658300001348834,60.57892360000187,1118,100,0,180,129,300000,0,raw_cases/A139,1,0,0,0,0,0,0.1607538458228852,0.041459216,0,0,0.0,1.0000000000000002,0,0.0029842178663922383,0.0029292872781882875,0,0,0.1607538458228852,0.008068310731530075,0.006279944985220263,4,2,4,1.066920827194356,0.177820137865726,0.07305522510937386,0.9535987800000001,0.01844046966374269,0.5,0.5,0.75,0.0,0.25,0.242712073,0.25,0.0,0.25,0.0,0.0,0.0,0.25,0.25,0.16666666675,0.181818182,0.26515151524999997,0.5151515149999999,0.4848484850000001,0.25,
A140,A,Ours,proto_sw_1_3,compact,medium,6,200005,1,,,6,4,2,6,31.682666500000778,1.9174582000014198,1.8184118999997736,0.0024589000022388063,0.02974009999888949,35.465234000002965,1118,150,129,512,250,300000,0,raw_cases/A140,1,0,0,0,0,0,0.10396940895021146,0.041459216,0,0,0.0,1.0000000000000002,0,0.0036421110235038776,0.0020856403471799273,0,0,0.10399891967564108,0.4590492801490187,0.17607364333832673,6,2,6,1.2798560183522603,0.1599820022940325,0.0742604747320048,0.8250007069999999,0.022278188961988302,0.5,0.5,0.6666666666666666,0.3333333333333333,0.0,0.590033023,0.16666666666666666,0.16666666666666666,0.16666666666666666,0.0,0.0,0.16666666666666666,0.16666666666666666,0.16666666666666666,0.106060606,0.15151515100000001,0.15151515175,0.363636364,0.636363636,0.16666666666666666,
A141,A,Ours,proto_sw_1_3,compact,rich,6,200005,1,,,6,4,2,6,58.34031689999756,1.9232406000010087,4.979323299998214,0.008217700000386685,0.02633820000119158,65.29120989999865,1118,150,370,1703,2719,300000,0,raw_cases/A141,1,0,0,0,0,0,0.09036790531362163,0.041459216,0,0,0.0,1.0000000000000002,0,0.00284324117478559,0.0012548418673872963,0,0,0.10399891967564108,0.4594942643363767,0.1927143163190069,6,2,6,1.428622887503211,0.17857786093790137,0.07036295304670898,0.8442850169999999,0.021153143274853802,0.5,0.5,0.6666666666666666,0.3333333333333333,0.0,0.698630789,0.16666666666666666,0.16666666666666666,0.16666666666666666,0.0,0.0,0.16666666666666666,0.16666666666666666,0.16666666666666666,0.106060606,0.15151515100000001,0.15151515175,0.363636364,0.636363636,0.16666666666666666,
A142,A,Ours,proto_sw_1_3,swept,simple,6,200005,1,,,4,3,1,4,27.27845999999772,1.2815207000021474,0.6917687999994087,0.0015175000007729977,0.030984799999714596,29.297103199998674,885,100,0,190,102,300000,0,raw_cases/A142,1,0,0,0,0,0,0.1859399783918092,0.041459216,0,0,0.0,1.0000000000000002,0,0.004925028581246434,0.004738267086239391,0,0,0.1860306868971449,0.013261166331656684,0.008775483007085754,4,1,4,0.957567534687756,0.1915135069375512,0.079279592797288,0.8758048380000001,0.014962536549707603,0.5,0.5,0.75,0.25,0.0,0.230514111,0.25,0.0,0.25,0.0,0.0,0.0,0.25,0.25,0.1742424245,0.181818182,0.2575757575,0.48484848399999997,0.515151516,0.25,
A143,A,Ours,proto_sw_1_3,swept,medium,6,200005,1,,,5,3,2,5,27.391360700003133,1.5982750000002852,1.586321599999792,0.005693700000847457,0.02421630000026198,30.620540100000653,885,125,112,627,711,300000,0,raw_cases/A143,1,0,0,0,0,0,0.09960646364131845,0.041459216,0,0,0.0,1.0000000000000002,0,0.00117474597860401,0.0005467710247965401,0,0,0.09982703393337405,0.32895560337906404,0.19615917325594348,5,2,5,1.13916292955146,0.1627375613644943,0.08178666486218134,0.8566786000000001,0.020250822368421052,0.6,0.4,0.6,0.4,0.0,0.441993534,0.2,0.2,0.0,0.0,0.0,0.2,0.2,0.2,0.15151515100000001,0.15151515100000001,0.151515152,0.454545455,0.545454545,0.2,
A144,A,Ours,proto_sw_1_3,swept,rich,6,200005,1,,,6,4,2,6,47.35550650000005,1.9273844999988796,3.166503099997499,0.008313700000144308,0.034563799999887124,52.50800150000214,885,150,70,766,920,300000,0,raw_cases/A144,1,0,0,0,0,0,0.09515988720015937,0.041459216,0,0,0.0,1.0000000000000002,0,0.0041037114117506625,0.003059753476703824,0,0,0.09515988720015937,0.388108225227316,0.19615917325594348,6,2,6,1.362403226685974,0.17030040333574675,0.08080915833036453,0.9450807040000001,0.0236031158625731,0.5,0.5,0.6666666666666666,0.3333333333333333,0.0,0.742818285,0.16666666666666666,0.16666666666666666,0.16666666666666666,0.0,0.0,0.16666666666666666,0.16666666666666666,0.16666666666666666,0.106060606,0.15151515100000001,0.15151515175,0.39393939399999994,0.606060606,0.16666666666666666,
A145,A,Ours,proto_sw_1_3,expanded,simple,7,200006,1,,,4,3,1,4,15.703659700000571,1.2045011000009254,0.683135700001003,0.001392500002111774,0.0252306000002136,17.63330330000099,868,100,0,305,92,300000,0,raw_cases/A145,1,0,0,0,0,0,0.15726678274792025,0.041459216,0,0,0.0,1.0000000000000002,0,0.0008769344808547157,0.0008681630000623594,0,0,0.16849276453111742,0.006414575176046386,0.003640150563940483,4,1,4,0.7783255265462775,0.1556651053092555,0.05757312818671343,0.7232356019999999,0.014100191885964912,0.5,0.5,0.75,0.25,0.0,0.212537039,0.25,0.0,0.0,0.0,0.25,0.25,0.0,0.25,0.14393939425,0.166666667,0.27272727274999997,0.545454545,0.454545455,0.25,
A146,A,Ours,proto_sw_1_3,expanded,medium,7,200006,1,,,5,4,1,5,15.596435200000997,1.6289097999979276,1.3515263000008417,0.0018933000028482638,0.024348199996893527,18.618204099999275,868,125,59,607,160,300000,0,raw_cases/A146,1,0,0,0,0,0,0.05305187528525039,0.041459216,0,0,0.0,1.0000000000000002,0,0.0008731056104939452,0.0004383868000096232,0,0,0.053068345325762274,0.27692451273919577,0.132765740052468,5,1,5,1.0532695922817603,0.17554493204696006,0.07728639529698593,0.6756602030000001,0.018954449926900586,0.4,0.6,0.8,0.2,0.0,0.473519964,0.2,0.2,0.0,0.0,0.2,0.2,0.2,0.0,0.151515152,0.181818182,0.181818182,0.363636363,0.636363637,0.2,
A147,A,Ours,proto_sw_1_3,expanded,rich,7,200006,1,,,6,5,1,6,15.688855199998216,1.8731206999982533,2.097988000001351,0.003446900002018083,0.02539510000133305,19.702224299999216,868,150,186,844,287,300000,0,raw_cases/A147,1,0,0,0,0,0,0.05305187528525039,0.041459216,0,0,0.0,1.0000000000000002,0,0.0014175917465829668,0.0006145593871696959,0,0,0.053068345325762274,0.7895704945915595,0.19158569917132562,6,1,6,1.2829067237782337,0.18327238911117624,0.06618748638615808,0.741838334,0.023020604897660817,0.5,0.5,0.8333333333333334,0.16666666666666666,0.0,0.740907603,0.16666666666666666,0.16666666666666666,0.0,0.0,0.16666666666666666,0.16666666666666666,0.16666666666666666,0.16666666666666666,0.0984848485,0.1363636365,0.1742424245,0.363636363,0.636363637,0.16666666666666666,
A148,A,Ours,proto_sw_1_3,compact,simple,7,200006,1,,,4,3,2,4,33.402728100001696,1.2952159000014944,0.7701302999994368,0.0023698999975749757,0.025229799997759983,35.509160699999484,1326,100,0,267,114,300000,0,raw_cases/A148,1,0,0,0,0,0,0.22403838671265752,0.041459216,0,0,0.0,1.0,0,0.004496168842834539,0.003485666371726897,0,0,0.22739045179356454,0.17671074455299907,0.16322405261858963,4,2,4,1.0951632064872694,0.18252720108121157,0.10696955077212322,0.8816542719999999,0.01316360562865497,0.5,0.5,0.75,0.0,0.25,0.22381893,0.25,0.25,0.0,0.0,0.0,0.0,0.25,0.25,0.15151515175,0.151515152,0.25000000025,0.545454545,0.454545455,0.25,
A149,A,Ours,proto_sw_1_3,compact,medium,7,200006,1,,,6,5,1,6,33.52260209999804,1.900203999997757,2.375641300001007,0.0031195000010484364,0.034369800003332784,37.854157300000224,1326,150,198,567,201,300000,0,raw_cases/A149,1,0,0,0,0,0,0.04666267293931442,0.041459216,0,0,0.0,1.0,0,0.0002638288020724727,0.00016283526817194297,0,0,0.04666267293931442,0.31386875793655566,0.10790487346658036,6,1,6,1.2929402577725222,0.1847057511103603,0.05397928398680318,0.9250034619999999,0.02021655701754386,0.5,0.5,0.8333333333333334,0.16666666666666666,0.0,0.649721078,0.16666666666666666,0.16666666666666666,0.16666666666666666,0.0,0.0,0.16666666666666666,0.16666666666666666,0.16666666666666666,0.0984848485,0.121212121,0.14393939425000002,0.424242424,0.575757576,0.16666666666666666,
A150,A,Ours,proto_sw_1_3,compact,rich,7,200006,1,,,6,5,1,6,33.55904440000086,1.982185599998047,2.2870957999984967,0.002733100001933053,0.030194499999197433,37.87941359999968,1326,150,0,412,187,300000,0,raw_cases/A150,1,0,0,0,0,0,0.11372870362712882,0.041459216,0,0,0.0,1.0,0,0.0029334157542422763,0.002404847272835511,0,0,0.11372870362712882,0.1714973125960199,0.11971980887766963,6,1,6,1.262665541793448,0.1803807916847783,0.07158369247004474,0.8751971439999999,0.022746482090643276,0.5,0.5,0.8333333333333334,0.16666666666666666,0.0,0.726410308,0.16666666666666666,0.16666666666666666,0.16666666666666666,0.0,0.0,0.16666666666666666,0.16666666666666666,0.16666666666666666,0.0984848485,0.136363636,0.15151515175000002,0.393939394,0.606060606,0.16666666666666666,
A151,A,Ours,proto_sw_1_3,swept,simple,7,200006,1,,,4,3,1,4,27.623023699998157,1.2234427999974287,1.1795910999971966,0.001726099999359576,0.02734700000291923,30.068347399999766,819,100,12,298,88,300000,0,raw_cases/A151,1,0,0,0,0,0,0.15514712836666328,0.041459216,0,0,0.0,0.9999999999999999,0,0.0008734261794275108,0.000606756375454896,0,0,0.15514712836666325,0.1876320783239156,0.0996794645004609,4,1,4,0.9517912655922827,0.19035825311845653,0.0672504567661042,0.7243361629999999,0.016961348684210526,0.5,0.5,0.75,0.25,0.0,0.236392587,0.25,0.25,0.0,0.0,0.0,0.0,0.25,0.25,0.15151515175,0.151515152,0.25000000025,0.545454545,0.454545455,0.25,
A152,A,Ours,proto_sw_1_3,swept,medium,7,200006,1,,,5,4,1,5,27.131759500000044,1.5427565999998478,1.4076947000030486,0.0020279999989725184,0.022935000000870787,30.12188480000259,819,125,14,378,173,300000,0,raw_cases/A152,1,0,0,0,0,0,0.15514712836666328,0.041459216,0,0,0.0,0.9999999999999999,0,0.0017181580605002552,0.0017019779345301966,0,0,0.15514712836666325,0.19569552494774545,0.0996794645004609,5,1,5,1.0767211422076466,0.17945352370127443,0.06996853484950762,0.7243361629999999,0.019257127192982455,0.4,0.6,0.8,0.2,0.0,0.44653559,0.2,0.2,0.0,0.0,0.2,0.0,0.2,0.2,0.151515152,0.15151515200000001,0.242424242,0.303030303,0.696969697,0.2,
A153,A,Ours,proto_sw_1_3,swept,rich,7,200006,1,,,6,5,1,6,27.147684600000503,1.8835012000017741,1.9248388999985764,0.002915100001700921,0.024157399999239715,30.99601089999851,819,150,0,760,303,300000,0,raw_cases/A153,1,0,0,0,0,0,0.09968056803451923,0.041459216,0,0,0.0,0.9999999999999999,0,0.002511122458496034,0.001082200057330116,0,0,0.09968056803451923,0.3581828441502515,0.16140265024452272,6,1,6,1.2078290213024896,0.1725470030432128,0.07366329267786942,0.7065469249999999,0.018497578581871343,0.5,0.5,0.8333333333333334,0.16666666666666666,0.0,0.653575051,0.16666666666666666,0.16666666666666666,0.0,0.0,0.16666666666666666,0.0,0.3333333333333333,0.16666666666666666,0.0984848485,0.1363636365,0.2196969695,0.303030303,0.696969697,0.3333333333333333,
A154,A,Ours,proto_sw_1_3,expanded,simple,8,200007,1,,,4,3,1,4,15.956261899998935,1.243870700000116,0.5710985000005167,0.001255800001672469,0.02892299999803072,17.81671209999695,870,100,40,342,114,300000,0,raw_cases/A154,1,0,0,0,0,0,0.08359253219278345,0.041459216,0,0,0.0,1.0000000000000002,0,0.00560957889771968,0.0024172504644052483,0,0,0.08376829425873196,0.2918412723442404,0.16851256720245525,4,1,4,1.0194794041536586,0.2038958808307317,0.07962354862646494,0.38431583399999997,0.013974552266081871,0.5,0.5,0.75,0.25,0.0,0.248825036,0.25,0.0,0.0,0.0,0.25,0.0,0.25,0.25,0.121212121,0.1818181815,0.3106060605,0.515151516,0.484848484,0.25,
A155,A,Ours,proto_sw_1_3,expanded,medium,8,200007,1,,,5,4,1,5,15.871031400001812,1.643625199998496,2.0986382000010053,0.0030941000004531816,0.026475700000446523,19.660313899999892,870,125,55,1009,154,300000,0,raw_cases/A155,1,0,0,0,0,0,0.09977307324048962,0.041459216,0,0,0.0,1.0000000000000002,0,0.0010038528367952273,0.0009881692296979997,0,0,0.09986361941794045,0.2221030428192582,0.1724872912742663,5,1,5,1.0033235230672135,0.16722058717786892,0.06630311411620544,0.7155203720000001,0.014437134502923976,0.6,0.4,0.8,0.2,0.0,0.46130226,0.2,0.0,0.0,0.0,0.2,0.2,0.0,0.4,0.090909091,0.15151515100000001,0.151515152,0.515151516,0.484848484,0.4,
A156,A,Ours,proto_sw_1_3,expanded,rich,8,200007,1,,,6,5,1,6,15.920703200001299,1.8507259999969392,4.058737999999721,0.004037599999719532,0.028376700000080746,21.875436000002082,870,150,55,1317,328,300000,0,raw_cases/A156,1,0,0,0,0,0,0.09977307324048962,0.041459216,0,0,0.0,1.0000000000000002,0,0.0031493205834870015,0.0029301771616326044,0,0,0.09986361941794045,0.2616959612299134,0.1724872912742663,6,1,6,1.2889742473259558,0.18413917818942224,0.07844497747111233,0.833745717,0.019651178728070175,0.5,0.5,0.8333333333333334,0.16666666666666666,0.0,0.74568598,0.16666666666666666,0.16666666666666666,0.0,0.0,0.16666666666666666,0.16666666666666666,0.0,0.3333333333333333,0.106060606,0.1515151515,0.151515152,0.363636364,0.636363636,0.3333333333333333,
A157,A,Ours,proto_sw_1_3,compact,simple,8,200007,1,,,4,3,1,4,31.474268000001757,1.2109014999987266,2.05764050000289,0.0023836000000301283,0.026220700001431396,34.788300700001855,1336,100,72,484,116,300000,0,raw_cases/A157,1,0,0,0,0,0,0.09917167339528489,0.041459216,0,0,0.0,1.0,0,0.00023966239631532607,0.0002124141599924305,0,0,0.09920656158389547,0.1845778514458401,0.14643139268926572,4,1,4,0.9711245648245364,0.19422491296490726,0.042401039665890906,0.823297607,0.017355400219298246,0.5,0.5,0.75,0.25,0.0,0.212736305,0.25,0.25,0.0,0.0,0.0,0.0,0.25,0.25,0.15151515175,0.166666667,0.26515151525,0.515151515,0.484848485,0.25,
A158,A,Ours,proto_sw_1_3,compact,medium,8,200007,1,,,6,5,1,6,31.3756386999994,1.9238588999978674,3.1929822000020067,0.002979500000947155,0.030143600000883453,36.53891989999829,1336,150,130,1031,198,300000,0,raw_cases/A158,1,0,0,0,0,0,0.08564629729033972,0.041459216,0,0,0.0,1.0,0,0.0025628753846044677,0.0010311870729746231,0,0,0.08564629729033972,0.5110896574612713,0.19156186934780026,6,1,6,1.1925990739506238,0.17037129627866054,0.0742495921321833,0.904206381,0.02155861659356725,0.5,0.5,0.8333333333333334,0.16666666666666666,0.0,0.592679798,0.16666666666666666,0.16666666666666666,0.16666666666666666,0.0,0.0,0.16666666666666666,0.16666666666666666,0.16666666666666666,0.0984848485,0.136363636,0.15151515175,0.393939394,0.606060606,0.16666666666666666,
A159,A,Ours,proto_sw_1_3,compact,rich,8,200007,1,,,6,5,1,6,31.301082400001178,1.8962558999992325,2.4302056000015,0.0034873000004154164,0.029488000000128523,35.68282899999758,1336,150,51,494,247,300000,0,raw_cases/A159,1,0,0,0,0,0,0.08457509860903208,0.041459216,0,0,0.0,1.0,0,0.0007333453304499409,0.00026454064124389984,0,0,0.08466049345207491,0.3427932170457255,0.15299271915296928,6,1,6,1.3057511077485238,0.18653587253550338,0.0845312883861379,1.0406345689999998,0.023243329678362575,0.5,0.5,0.8333333333333334,0.16666666666666666,0.0,0.731485993,0.16666666666666666,0.16666666666666666,0.16666666666666666,0.0,0.0,0.16666666666666666,0.16666666666666666,0.16666666666666666,0.0984848485,0.136363636,0.15151515175,0.393939394,0.606060606,0.16666666666666666,
A160,A,Ours,proto_sw_1_3,swept,simple,8,200007,1,,,4,3,1,4,28.0517918000005,1.279900199999247,1.4886998000001768,0.0025106000030064024,0.02422870000009425,30.861365400000068,814,100,0,409,133,300000,0,raw_cases/A160,1,0,0,0,0,0,0.17449297513202688,0.041459216,0,0,0.0,1.0000000000000004,0,0.0009520084704553433,0.0007132883256838666,0,0,0.17450940890833191,0.16267446036067915,0.14140689098822462,4,1,4,0.9239072057422609,0.18478144114845219,0.055310919090850154,0.715533722,0.01648734466374269,0.5,0.5,0.75,0.25,0.0,0.196149075,0.25,0.25,0.0,0.0,0.0,0.0,0.25,0.25,0.1439393935,0.1515151515,0.257575758,0.575757576,0.424242424,0.25,
A161,A,Ours,proto_sw_1_3,swept,medium,8,200007,1,,,5,4,1,5,27.76842680000118,1.5882486999980756,2.3713406000024406,0.0039146999988588504,0.029446799999277573,31.778995199998462,814,125,296,540,231,300000,0,raw_cases/A161,1,0,0,0,0,0,0.0493495542981828,0.041459216,0,0,0.0,1.0000000000000004,0,0.0011645925209633054,0.0008595725179907336,0,0,0.0493495542981828,0.2144433673512883,0.13883175528686753,5,1,5,1.0583401558045613,0.1763900259674269,0.07171025250487224,0.7532340389999999,0.019000137061403508,0.6,0.4,0.8,0.2,0.0,0.417359377,0.2,0.2,0.0,0.0,0.0,0.2,0.2,0.2,0.121212121,0.12121212199999998,0.151515152,0.515151515,0.484848485,0.2,
A162,A,Ours,proto_sw_1_3,swept,rich,8,200007,1,,,6,5,1,6,42.04360430000088,1.9979390000007697,2.9527501999982633,0.003144800000882242,0.024479299998347415,47.036701999997604,814,150,372,733,69,300000,0,raw_cases/A162,1,0,0,0,0,0,0.0493495542981828,0.041459216,0,0,0.0,1.0000000000000004,0,0.0029785804118192738,0.0020341592167907006,0,0,0.0493495542981828,0.3319768246462337,0.13883175528686753,6,1,6,1.3194979020309634,0.18849970029013763,0.07978477955651066,0.719299937,0.023671646564327485,0.5,0.5,0.8333333333333334,0.16666666666666666,0.0,0.729774564,0.16666666666666666,0.16666666666666666,0.0,0.0,0.16666666666666666,0.16666666666666666,0.16666666666666666,0.16666666666666666,0.12121212125,0.13636363699999998,0.1742424245,0.333333333,0.666666667,0.16666666666666666,
A163,A,Ours,proto_sw_1_3,expanded,simple,9,200008,1,,,4,3,1,4,15.278349000000162,1.2489524000011443,0.7389000000002852,0.0019706000020960346,0.025461700002779253,17.307881700002326,862,100,0,258,97,300000,0,raw_cases/A163,1,0,0,0,0,0,0.09382798206635502,0.041459216,0,0,0.0,0.9999999999999999,0,0.003354232458852734,0.0021222692757533602,0,0,0.09382838332655372,0.020442753707365008,0.006852570510594711,4,1,4,0.9383883231196342,0.18767766462392682,0.07938954443423592,0.761754641,0.014722679093567252,0.5,0.5,0.75,0.25,0.0,0.22632061,0.25,0.25,0.0,0.0,0.0,0.0,0.25,0.25,0.136363636,0.1515151515,0.2651515155,0.606060606,0.393939394,0.25,
A164,A,Ours,proto_sw_1_3,expanded,medium,9,200008,1,,,5,4,1,5,15.466011600001366,1.615480699998443,1.1245936999985133,0.002732799999648705,0.024037999999563908,18.24973559999853,862,125,0,406,166,300000,0,raw_cases/A164,1,0,0,0,0,0,0.1686946626671974,0.041459216,0,0,0.0,0.9999999999999999,0,0.002812165687500051,0.0017455088161639574,0,0,0.1686946626671974,0.23511832199080002,0.19432539762293954,5,1,5,1.0935129039147573,0.18225215065245956,0.07589489693984115,0.750498187,0.019662600511695907,0.6,0.4,0.8,0.2,0.0,0.44342566,0.2,0.2,0.0,0.0,0.2,0.0,0.2,0.2,0.15151515100000001,0.151515152,0.242424242,0.333333334,0.666666666,0.2,
A165,A,Ours,proto_sw_1_3,expanded,rich,9,200008,1,,,6,5,1,6,15.380817899997055,1.904731200000242,1.8107278999996197,0.00289859999975306,0.024002599999221275,19.14223579999816,862,150,0,664,209,300000,0,raw_cases/A165,1,0,0,0,0,0,0.11229196334217223,0.041459216,0,0,0.0,0.9999999999999999,0,0.004019601953261275,0.0021222692757533602,0,0,0.11241255814004762,0.11388090303115297,0.06601505813666024,6,1,6,1.188548533610563,0.16979264765865185,0.07314603411745102,0.767127419,0.020759091739766082,0.5,0.5,0.8333333333333334,0.16666666666666666,0.0,0.663354169,0.16666666666666666,0.16666666666666666,0.0,0.0,0.16666666666666666,0.16666666666666666,0.16666666666666666,0.16666666666666666,0.12121212125,0.1363636365,0.17424242350000002,0.333333334,0.666666666,0.16666666666666666,
A166,A,Ours,proto_sw_1_3,compact,simple,9,200008,1,,,4,3,1,4,30.41464300000007,1.2534478999987186,1.0928055999975186,0.0022824000006949063,0.023578399999678368,32.807144999998854,1155,100,31,275,101,300000,0,raw_cases/A166,1,0,0,0,0,0,0.13637110509749564,0.041459216,0,0,0.0,1.0,0,0.00023858216486927,0.00023813586150325905,0,0,0.13637110509749564,0.14338769968494613,0.10982732196426799,4,1,4,0.9065630966141588,0.18131261932283177,0.06460152658675211,0.8842251259999999,0.01617895650584795,0.5,0.5,0.75,0.25,0.0,0.23547335,0.25,0.25,0.0,0.0,0.0,0.25,0.0,0.25,0.1742424245,0.181818182,0.2575757575,0.484848484,0.515151516,0.25,
A167,A,Ours,proto_sw_1_3,compact,medium,9,200008,1,,,6,5,2,6,30.4296918,1.9275704000028782,2.8768187999994552,0.0031579999995301478,0.026265299999067793,35.27956859999904,1155,150,200,895,363,300000,0,raw_cases/A167,1,0,0,0,0,0,0.1168474580064571,0.041459216,0,0,0.0,1.0,0,0.0007165749250138337,0.000535935212959497,0,0,0.1168474580064571,0.3310259597551231,0.17674677700117822,6,2,6,1.1901514632310435,0.14876893290388044,0.05272575903105749,0.79575192,0.021267361111111112,0.5,0.5,0.8333333333333334,0.0,0.16666666666666666,0.569437076,0.16666666666666666,0.16666666666666666,0.16666666666666666,0.0,0.0,0.16666666666666666,0.16666666666666666,0.16666666666666666,0.121212121,0.121212121,0.14393939425,0.393939394,0.606060606,0.16666666666666666,
A168,A,Ours,proto_sw_1_3,compact,rich,9,200008,1,,,6,5,1,6,30.3402634999984,1.8870590000005905,3.049775599996792,0.004380399997899076,0.03427409999858355,35.335439999998925,1155,150,372,1091,195,300000,0,raw_cases/A168,1,0,0,0,0,0,0.09033378825306977,0.041459216,0,0,0.0,1.0,0,0.001848391016694381,0.000722471891119791,0,0,0.0903391524560564,0.2910596286552325,0.11209346139789589,6,1,6,1.3030903629575603,0.18615576613679433,0.07855720170942446,0.9151942519999999,0.017292580409356724,0.5,0.5,0.8333333333333334,0.16666666666666666,0.0,0.701441344,0.16666666666666666,0.16666666666666666,0.0,0.0,0.0,0.16666666666666666,0.16666666666666666,0.3333333333333333,0.090909091,0.090909091,0.13636363675,0.484848484,0.515151516,0.3333333333333333,
A169,A,Ours,proto_sw_1_3,swept,simple,9,200008,1,,,4,3,1,4,27.21848339999997,1.2989345000023604,0.8477177999993728,0.002347699999518227,0.026577599997835932,29.40694070000245,888,100,7,247,112,300000,0,raw_cases/A169,1,0,0,0,0,0,0.13424456322225523,0.041459216,0,0,0.0,1.0000000000000002,0,0.0002017533541104764,0.00020079821883323734,0,0,0.13424456322225523,0.17646038393546248,0.12443723802920059,4,1,4,0.9065630958152319,0.18131261916304636,0.06438448234853074,0.828915062,0.016161823830409358,0.5,0.5,0.75,0.25,0.0,0.238460528,0.25,0.25,0.0,0.0,0.0,0.25,0.0,0.25,0.1742424245,0.181818182,0.2575757575,0.484848484,0.515151516,0.25,
A170,A,Ours,proto_sw_1_3,swept,medium,9,200008,1,,,5,4,1,5,27.074223299998266,1.5869807999988552,1.4611141000023053,0.0028366999977151863,0.0281963999987056,30.171430800000962,888,125,0,514,141,300000,0,raw_cases/A170,1,0,0,0,0,0,0.10529494144934703,0.041459216,0,0,0.0,1.0000000000000002,0,0.005997486523545605,0.005931996249997924,0,0,0.10529494144934703,0.1534455459131082,0.10936495610293834,5,1,5,1.0694734144520068,0.17824556907533448,0.073259012118846,0.8599639619999999,0.018320540935672515,0.6,0.4,0.8,0.2,0.0,0.421207327,0.2,0.2,0.0,0.0,0.0,0.2,0.2,0.2,0.12121212199999998,0.15151515100000001,0.151515152,0.484848484,0.515151516,0.2,
A171,A,Ours,proto_sw_1_3,swept,rich,9,200008,1,,,6,5,1,6,27.204083999997238,1.9297106000012718,2.4075234000010823,0.002908999998908257,0.03071480000289739,31.589541100001952,888,150,72,773,280,300000,0,raw_cases/A171,1,0,0,0,0,0,0.10949072362657013,0.041459216,0,0,0.0,1.0000000000000002,0,0.0027541932006852417,0.001011432669019181,0,0,0.10949072362657013,0.45981807870747765,0.1997662105332522,6,1,6,1.3162168187459733,0.1880309741065676,0.08055749399205094,0.9104732579999999,0.020108050073099414,0.5,0.5,0.8333333333333334,0.16666666666666666,0.0,0.718629715,0.16666666666666666,0.16666666666666666,0.16666666666666666,0.0,0.0,0.16666666666666666,0.16666666666666666,0.16666666666666666,0.121212121,0.121212121,0.12121212174999998,0.424242424,0.575757576,0.16666666666666666,
A172,A,Ours,proto_sw_1_3,expanded,simple,10,200009,1,,,4,3,1,4,17.032233400001132,1.2869967000006,0.8235590000003867,0.001719500000035623,0.027040600001782877,19.18939390000014,868,100,0,440,206,300000,0,raw_cases/A172,1,0,0,0,0,0,0.12655264352945716,0.041459216,0,0,0.0,1.0,0,0.0019245438786612296,0.0013455830641956395,0,0,0.12664204876818502,0.07188872124440167,0.030017721219260485,4,1,4,1.0339710452620738,0.20679420905241477,0.08970816720679006,0.721278214,0.014260096856725146,0.5,0.5,0.75,0.25,0.0,0.292912883,0.25,0.25,0.0,0.0,0.0,0.0,0.25,0.25,0.121212121,0.1363636365,0.26515151550000005,0.606060606,0.393939394,0.25,
A173,A,Ours,proto_sw_1_3,expanded,medium,10,200009,1,,,6,4,2,6,28.441703600001347,1.866858500001399,1.1583049000000756,0.0025788999992073514,0.028456899999582674,31.511191199999303,868,150,80,562,889,300000,0,raw_cases/A173,1,0,0,0,0,0,0.04507746371573785,0.041459216,0,0,0.0,1.0,0,0.009129648363197643,0.0072582699674384995,0,0,0.04516632841440653,0.37428979779285665,0.13023659971011428,6,2,6,1.1794202975387016,0.1474275371923377,0.042748906696752666,0.40095151100000004,0.018800255847953216,0.5,0.5,0.6666666666666666,0.3333333333333333,0.0,0.542453701,0.16666666666666666,0.16666666666666666,0.0,0.0,0.16666666666666666,0.16666666666666666,0.16666666666666666,0.16666666666666666,0.09848484874999999,0.1363636365,0.17424242425,0.363636363,0.636363637,0.16666666666666666,
A174,A,Ours,proto_sw_1_3,expanded,rich,10,200009,1,,,6,4,2,6,28.524479299998347,1.8420909000014944,2.4635293999999703,0.00389030000224011,0.03354830000171205,32.8825934000015,868,150,0,684,688,300000,0,raw_cases/A174,1,0,0,0,0,0,0.14632013105099162,0.041459216,0,0,0.0,1.0,0,0.003435504906799436,0.0019080386654378972,0,0,0.14636499283631965,0.24766103920739396,0.1595868146782927,6,2,6,1.2373524680504155,0.15466905850630192,0.0666836773717642,0.799579895,0.02154719480994152,0.5,0.5,0.6666666666666666,0.3333333333333333,0.0,0.646455789,0.16666666666666666,0.16666666666666666,0.0,0.0,0.16666666666666666,0.16666666666666666,0.16666666666666666,0.16666666666666666,0.12121212125,0.12121212199999999,0.166666667,0.363636363,0.636363637,0.16666666666666666,
A175,A,Ours,proto_sw_1_3,compact,simple,10,200009,1,,,4,3,1,4,35.876873199998954,1.2973869999987073,1.4634793999975955,0.003012799999851268,0.028555500000948086,38.68535669999983,1127,100,258,490,151,300000,0,raw_cases/A175,1,0,0,0,0,0,0.04989134177856956,0.041459216,0,0,0.0,1.0,0,0.000411196160763796,0.00038424443920751823,0,0,0.050086862261700026,0.18485119968369254,0.0986633512201232,4,1,4,1.028574722954221,0.20571494459084422,0.07391642339935081,0.8491099950000001,0.015802037646198832,0.5,0.5,0.75,0.25,0.0,0.242195231,0.25,0.0,0.25,0.0,0.0,0.25,0.0,0.25,0.17424242425,0.181818182,0.25757575774999997,0.484848485,0.515151515,0.25,
A176,A,Ours,proto_sw_1_3,compact,medium,10,200009,1,,,6,4,2,6,36.063675299999886,1.9055063000014343,2.447657900000195,0.00667069999690284,0.02958510000098613,40.47058079999988,1127,150,27,705,810,300000,0,raw_cases/A176,1,0,0,0,0,0,0.07449544035852285,0.041459216,0,0,0.0,1.0,0,0.002434239260045815,0.0009264778274728569,0,0,0.07455277454345514,0.515079543748603,0.17269723573285475,6,2,6,1.329082077221061,0.16613525965263262,0.06549845364695739,0.786996809,0.02128449378654971,0.5,0.5,0.6666666666666666,0.3333333333333333,0.0,0.644955259,0.16666666666666666,0.16666666666666666,0.16666666666666666,0.0,0.0,0.0,0.3333333333333333,0.16666666666666666,0.090909091,0.10606060649999999,0.14393939449999998,0.454545454,0.545454546,0.3333333333333333,
A177,A,Ours,proto_sw_1_3,compact,rich,10,200009,1,,,6,4,2,6,35.74928469999941,1.904735799998889,2.863068899998325,0.007484599998861086,0.02643800000078045,40.568104400001175,1127,150,0,495,733,300000,0,raw_cases/A177,1,0,0,0,0,0,0.07449544035852285,0.041459216,0,0,0.0,1.0,0,0.001977165311598497,0.0006745315542267998,0,0,0.07455277454345514,0.2877093773149664,0.17269723573285475,6,2,6,1.408301106051262,0.17603763825640775,0.07207203508705554,0.912255736,0.024825246710526317,0.5,0.5,0.6666666666666666,0.3333333333333333,0.0,0.687038616,0.16666666666666666,0.16666666666666666,0.16666666666666666,0.0,0.0,0.0,0.3333333333333333,0.16666666666666666,0.090909091,0.10606060649999999,0.14393939449999998,0.454545454,0.545454546,0.3333333333333333,
A178,A,Ours,proto_sw_1_3,swept,simple,10,200009,1,,,4,3,1,4,26.32591229999889,1.243033100003231,1.5150457999989158,0.0025912000019161496,0.026438199998665368,29.131054699999368,822,100,0,682,98,300000,0,raw_cases/A178,1,0,0,0,0,0,0.19410465369563612,0.041459216,0,0,0.0,1.0,0,0.00021945711262913483,0.0002100948404674296,0,0,0.19410465369563623,0.0357178084441675,0.01693393097115211,4,1,4,0.945858137999071,0.1891716275998142,0.0754488617261734,0.753705362,0.01682999817251462,0.5,0.5,0.75,0.25,0.0,0.243575323,0.25,0.25,0.0,0.0,0.0,0.0,0.25,0.25,0.15151515175,0.151515152,0.25000000025,0.545454545,0.454545455,0.25,
A179,A,Ours,proto_sw_1_3,swept,medium,10,200009,1,,,6,4,2,6,42.27600049999819,1.8945954000009806,2.671007799999643,0.003944299998693168,0.029554699998698197,46.890240099997754,822,150,110,900,483,300000,0,raw_cases/A179,1,0,0,0,0,0,0.041553754106952556,0.041459216,0,0,0.0,1.0,0,0.0017226879273554913,0.0012682435286146888,0,0,0.04155498684742647,0.097672099023004,0.05086706238297906,6,2,6,1.2086771332324595,0.15108464165405744,0.06591574371926182,0.734410809,0.021701388888888888,0.5,0.5,0.6666666666666666,0.3333333333333333,0.0,0.581850358,0.16666666666666666,0.16666666666666666,0.16666666666666666,0.0,0.16666666666666666,0.0,0.16666666666666666,0.16666666666666666,0.15151515125,0.151515152,0.196969697,0.242424242,0.757575758,0.16666666666666666,
A180,A,Ours,proto_sw_1_3,swept,rich,10,200009,1,,,6,4,2,6,42.22952829999849,1.9622458999983792,2.8366556000000855,0.004476600002817577,0.029404600001726067,47.07568099999844,822,150,1,613,1076,300000,0,raw_cases/A180,1,0,0,0,0,0,0.04210257013944937,0.041459216,0,0,0.0,1.0,0,0.004493266887571201,0.0025808766959647656,0,0,0.04210257013944937,0.31540293502624267,0.15351641439263597,6,2,6,1.3512337978267048,0.1689042247283381,0.07441252042431307,0.8313382949999999,0.023003472222222224,0.5,0.5,0.6666666666666666,0.3333333333333333,0.0,0.678472557,0.16666666666666666,0.16666666666666666,0.16666666666666666,0.0,0.0,0.0,0.3333333333333333,0.16666666666666666,0.090909091,0.106060606,0.14393939425,0.454545454,0.545454546,0.3333333333333333,
A181,A,Ours,proto_sw_2_3,expanded,simple,1,200000,1,,,5,3,2,5,21.149360100000195,1.4268456999998307,6.72774919999938,0.008337800001754658,0.025283099999796832,29.35153949999949,1512,170,743,1792,1318,300000,0,raw_cases/A181,1,0,0,0,0,0,0.03353576721637434,0.02,0,0,0.0,1.0000000000000002,0,0.03693955571152905,0.01456755148235643,0,0,0.03353576721637434,0.7653937366600214,0.27048977543627,5,2,5,1.2578780892770929,0.17969686989672756,0.08848840713502636,0.501278694,0.02239811769005848,0.4,0.6,0.6,0.4,0.0,0.247181182,0.2,0.0,0.2,0.0,0.0,0.2,0.2,0.2,0.121212121,0.181818182,0.21212121299999998,0.393939394,0.606060606,0.2,
A182,A,Ours,proto_sw_2_3,expanded,medium,1,200000,1,,,6,4,2,6,21.424393000001146,1.699738299997989,5.868389499999466,0.004619100000127219,0.026310100001865067,29.03856359999918,1512,204,0,1455,689,300000,0,raw_cases/A182,1,0,0,0,0,0,0.06850089538856315,0.02,0,0,0.0,1.0000000000000002,0,0.0222594454097534,0.009279523443530386,0,0,0.08274531588185075,0.5841119684853731,0.33993838605180166,6,2,6,1.29907248532586,0.1623840606657325,0.07092413555078345,0.354271884,0.021895559210526317,0.5,0.5,0.6666666666666666,0.3333333333333333,0.0,0.443399037,0.16666666666666666,0.16666666666666666,0.16666666666666666,0.0,0.0,0.16666666666666666,0.16666666666666666,0.16666666666666666,0.121212121,0.1363636365,0.151515152,0.363636363,0.636363637,0.16666666666666666,
A183,A,Ours,proto_sw_2_3,expanded,rich,1,200000,1,,,7,4,4,7,21.31018309999854,2.0559360000006563,8.73335760000191,0.04044729999804986,0.0339968999978737,32.19004910000149,1512,238,446,2320,14813,300000,0,raw_cases/A183,1,0,0,0,0,0,0.03190930131790375,0.02,0,0,0.0,1.0000000000000002,0,0.09479255884338762,0.03452417613342123,0,0,0.03195671509220389,1.6272210030532992,0.32668215829913305,7,4,7,1.6367574189303105,0.1487961289936646,0.07786279488806944,0.38075842400000004,0.028857136330409358,0.42857142857142855,0.5714285714285714,0.5714285714285714,0.2857142857142857,0.14285714285714285,0.661940678,0.14285714285714285,0.14285714285714285,0.14285714285714285,0.0,0.0,0.2857142857142857,0.14285714285714285,0.14285714285714285,0.090909091,0.090909091,0.151515152,0.333333333,0.666666667,0.2857142857142857,
A184,A,Ours,proto_sw_2_3,compact,simple,1,200000,1,,,6,4,2,6,21.511057799998525,1.7995154999989609,1.4587537000006705,0.002626800000143703,0.031135299999732524,24.818270399999165,1476,204,217,650,663,300000,0,raw_cases/A184,1,0,0,0,0,0,0.0358641464093263,0.02,0,0,0.0,1.0000000000000002,0,0.02271712525045161,0.009711598922457258,0,0,0.03586498434868452,1.5899858649728362,0.36254749181370993,6,2,6,1.17677636890242,0.1470970461128025,0.04586497315493385,0.23693643400000008,0.019576937134502925,0.5,0.5,0.6666666666666666,0.3333333333333333,0.0,0.282461291,0.16666666666666666,0.16666666666666666,0.16666666666666666,0.0,0.0,0.16666666666666666,0.16666666666666666,0.16666666666666666,0.0984848485,0.121212121,0.14393939425000002,0.424242424,0.575757576,0.16666666666666666,
A185,A,Ours,proto_sw_2_3,compact,medium,1,200000,1,,,6,4,2,6,21.556835899998987,1.7752021000014793,3.3238329000014346,0.010304200000973651,0.02327069999955711,26.706610099998215,1476,204,159,1083,5052,300000,0,raw_cases/A185,1,0,0,0,0,0,0.03074142460381726,0.02,0,0,0.0,1.0000000000000002,0,0.009885340440472313,0.007985582816907854,0,0,0.041344340424694696,0.7700477297574415,0.21116751376864498,6,2,6,1.3075360229208657,0.1634420028651082,0.06754351736735667,0.363341037,0.023294727704678362,0.5,0.5,0.6666666666666666,0.3333333333333333,0.0,0.471673076,0.16666666666666666,0.16666666666666666,0.16666666666666666,0.0,0.0,0.16666666666666666,0.16666666666666666,0.16666666666666666,0.090909091,0.1363636365,0.18181818200000002,0.363636363,0.636363637,0.16666666666666666,
A186,A,Ours,proto_sw_2_3,compact,rich,1,200000,1,,,7,4,4,7,21.765447900001163,1.9861568999986048,9.298027200002252,0.027640699998300988,0.03165660000013304,33.12700019999829,1476,238,393,2107,19202,300000,0,raw_cases/A186,1,0,0,0,0,0,0.03219312411794128,0.02,0,0,0.0,1.0000000000000002,0,0.04787661946011472,0.01764180299268499,0,0,0.032245300940314144,1.7357993332726456,0.28385944298636323,7,4,7,1.631553725145087,0.14832306592228062,0.09347147621540382,0.5480846290000001,0.028737207602339183,0.5714285714285714,0.42857142857142855,0.5714285714285714,0.2857142857142857,0.14285714285714285,0.699591031,0.14285714285714285,0.14285714285714285,0.14285714285714285,0.0,0.0,0.2857142857142857,0.14285714285714285,0.14285714285714285,0.090909091,0.090909091,0.13636363699999998,0.363636363,0.636363637,0.2857142857142857,
A187,A,Ours,proto_sw_2_3,swept,simple,1,200000,1,,,6,4,2,6,20.4951688000001,1.7384031000001414,3.432911400002922,0.004226199998811353,0.02437379999901168,25.713979299998755,1476,204,583,1239,356,300000,0,raw_cases/A187,1,0,0,0,0,0,0.037628338342148446,0.02,0,0,0.0,1.0000000000000002,0,0.005500573773522015,0.002904830556078527,0,0,0.03771500561164502,1.3093941923379495,0.3490506331849695,6,2,6,1.2187791617514137,0.1523473952189267,0.0770879727748626,0.45139052300000004,0.02035361842105263,0.5,0.5,0.6666666666666666,0.3333333333333333,0.0,0.34342122,0.16666666666666666,0.16666666666666666,0.16666666666666666,0.0,0.0,0.16666666666666666,0.16666666666666666,0.16666666666666666,0.121212121,0.1363636365,0.151515152,0.363636363,0.636363637,0.16666666666666666,
A188,A,Ours,proto_sw_2_3,swept,medium,1,200000,1,,,6,4,2,6,20.670239900002343,1.72587890000068,3.8745875999993586,0.007291699999768753,0.023135400002502138,26.32146019999709,1476,204,402,977,988,300000,0,raw_cases/A188,1,0,0,0,0,0,0.03092886519394824,0.02,0,0,0.0,1.0000000000000002,0,0.018861269362277725,0.007181978472962752,0,0,0.04986315076344085,0.981092896533343,0.24354747034750188,6,2,6,1.3314339471017722,0.16642924338772153,0.049723295272164354,0.38757307100000005,0.02386010599415205,0.5,0.5,0.6666666666666666,0.3333333333333333,0.0,0.462134411,0.16666666666666666,0.16666666666666666,0.16666666666666666,0.0,0.0,0.16666666666666666,0.16666666666666666,0.16666666666666666,0.0984848485,0.121212121,0.16666666675,0.393939394,0.606060606,0.16666666666666666,
A189,A,Ours,proto_sw_2_3,swept,rich,1,200000,1,,,6,4,3,6,20.58774600000106,1.6978807000014058,5.122021099999984,0.011624499999015825,0.02625609999813605,27.462955499999225,1476,204,90,1405,4954,300000,0,raw_cases/A189,1,0,0,0,0,0,0.04504284068938102,0.02,0,0,0.0,1.0000000000000002,0,0.029394024721047907,0.01369588340519965,0,0,0.04497952478907532,0.8124683094655096,0.29684189706885195,6,3,6,1.5409156174441958,0.1712128463826884,0.08360456733335618,0.572441501,0.021347313596491228,0.5,0.5,0.6666666666666666,0.16666666666666666,0.16666666666666666,0.615445521,0.16666666666666666,0.3333333333333333,0.0,0.0,0.0,0.3333333333333333,0.0,0.16666666666666666,0.090909091,0.090909091,0.18181818175,0.424242424,0.575757576,0.3333333333333333,
A190,A,Ours,proto_sw_2_3,expanded,simple,2,200001,1,,,5,4,1,5,20.968309600000794,1.4808626000012737,1.5898305999980948,0.003357599998707883,0.02264899999863701,24.07928809999794,1404,170,5,419,273,300000,0,raw_cases/A190,1,0,0,0,0,0,0.05641386527153338,0.02,0,0,0.0,0.9999999999999998,0,0.012013929246712855,0.006357926810439414,0,0,0.056418409520138296,0.3483027439929593,0.18007418612410173,5,1,5,0.9632447605122002,0.16054079341870003,0.06602657644243408,0.347889219,0.01745248538011696,0.4,0.6,0.8,0.2,0.0,0.175670747,0.2,0.0,0.2,0.0,0.0,0.2,0.2,0.2,0.121212121,0.151515152,0.181818182,0.45454545400000007,0.545454546,0.2,
A191,A,Ours,proto_sw_2_3,expanded,medium,2,200001,1,,,6,5,1,6,21.034080800000083,1.6969113999984984,6.671295800002554,0.00350099999923259,0.027198299998417497,29.44874410000193,1404,204,559,2217,374,300000,0,raw_cases/A191,1,0,0,0,0,0,0.06169857007003464,0.02,0,0,0.0,0.9999999999999998,0,0.0004420105725462416,0.0001697693762488394,0,0,0.06164021591641931,1.2801182779589761,0.338892168886925,6,1,6,1.2390661316785594,0.17700944738265134,0.06926429662500902,0.3591760639999999,0.018280564692982455,0.5,0.5,0.8333333333333334,0.16666666666666666,0.0,0.481960383,0.16666666666666666,0.16666666666666666,0.16666666666666666,0.0,0.0,0.16666666666666666,0.16666666666666666,0.16666666666666666,0.0984848485,0.13636363599999995,0.15151515174999997,0.39393939400000005,0.606060606,0.16666666666666666,
A192,A,Ours,proto_sw_2_3,expanded,rich,2,200001,1,,,6,5,1,6,21.167128799999773,1.6697013000011793,3.729965700000321,0.003516900000249734,0.025364799999806564,26.6091817000015,1404,204,59,1292,605,300000,0,raw_cases/A192,1,0,0,0,0,0,0.05641386527153338,0.02,0,0,0.0,0.9999999999999998,0,0.022827307002493927,0.012919610117631273,0,0,0.056418409520138296,0.5731824915456136,0.2412977390540972,6,1,6,1.3855781094891744,0.1979397299270249,0.08974462485916947,0.43907371000000006,0.0209875274122807,0.5,0.5,0.8333333333333334,0.16666666666666666,0.0,0.619370573,0.16666666666666666,0.0,0.16666666666666666,0.0,0.0,0.16666666666666666,0.16666666666666666,0.3333333333333333,0.090909091,0.10606060599999995,0.14393939424999996,0.45454545400000007,0.545454546,0.3333333333333333,
A193,A,Ours,proto_sw_2_3,compact,simple,2,200001,1,,,5,4,1,5,20.883977600002254,1.5006549999998242,2.1057935999997426,0.0021815000000060536,0.0259756000014022,24.53304449999996,1440,170,0,273,168,300000,0,raw_cases/A193,1,0,0,0,0,0,0.10121527529061405,0.02,0,0,0.0,1.0,0,0.0017397618581346992,0.0010422313863590299,0,0,0.10122174306859828,0.6235239321072368,0.29298414099218023,5,1,5,0.9665341172375015,0.16108901953958357,0.07055021720335944,0.46599603,0.016510188230994153,0.6,0.4,0.8,0.2,0.0,0.193065724,0.0,0.2,0.2,0.0,0.0,0.2,0.2,0.2,0.151515151,0.181818182,0.181818182,0.36363636400000005,0.636363636,0.2,
A194,A,Ours,proto_sw_2_3,compact,medium,2,200001,1,,,6,5,1,6,20.925026099997922,1.7187106999990647,2.8445498999972187,0.0035752999974647537,0.022173999997903593,25.529065900002024,1440,204,0,462,195,300000,0,raw_cases/A194,1,0,0,0,0,0,0.08397781600556897,0.02,0,0,0.0,1.0,0,0.007049524802397208,0.005634510961517492,0,0,0.08397781600556897,0.8894553602407375,0.29298414099218023,6,1,6,1.1385640130901398,0.16265200187001996,0.07643605652514641,0.46599603,0.01971970942982456,0.5,0.5,0.8333333333333334,0.16666666666666666,0.0,0.38846082,0.0,0.16666666666666666,0.16666666666666666,0.0,0.0,0.16666666666666666,0.16666666666666666,0.3333333333333333,0.0984848485,0.136363636,0.17424242425,0.36363636400000005,0.636363636,0.3333333333333333,
A195,A,Ours,proto_sw_2_3,compact,rich,2,200001,1,,,6,5,1,6,20.89514970000164,1.7684086000008392,8.261204800000996,0.005627900001854869,0.023206099998787977,30.966059099999256,1440,204,616,2498,468,300000,0,raw_cases/A195,1,0,0,0,0,0,0.04465100168129822,0.02,0,1,0.0,1.0,0,0.004581089741234334,0.0019707565073751594,0,0,0.04465100168129822,1.3175598523989056,0.3375796970736256,6,1,6,1.552490242250729,0.2217843203215327,0.08225585620046197,0.4915831620000001,0.025105080409356724,0.5,0.5,0.8333333333333334,0.16666666666666666,0.0,0.691309837,0.0,0.3333333333333333,0.16666666666666666,0.0,0.0,0.16666666666666666,0.16666666666666666,0.16666666666666666,0.090909091,0.12121212149999999,0.17424242374999993,0.39393939400000005,0.606060606,0.3333333333333333,
A196,A,Ours,proto_sw_2_3,swept,simple,2,200001,1,,,5,4,1,5,22.272445499998867,1.4857698000014352,2.6285843000005116,0.0023413000017171726,0.026700899998104433,26.429372300000978,1476,170,202,643,257,300000,0,raw_cases/A196,1,0,0,0,0,0,0.08561386367303084,0.02,0,0,0.0,1.0000000000000002,0,0.002271686364221581,0.00129318383555493,0,0,0.0856439026177133,0.8749284003807111,0.3291363982096194,5,1,5,1.0178346564898788,0.1696391094149798,0.082150084208579,0.46039507799999996,0.01729829130116959,0.4,0.6,0.8,0.2,0.0,0.177037363,0.2,0.0,0.2,0.0,0.0,0.2,0.2,0.2,0.15151515100000001,0.181818182,0.181818182,0.39393939400000005,0.606060606,0.2,
A197,A,Ours,proto_sw_2_3,swept,medium,2,200001,1,,,6,5,1,6,22.07612280000103,1.6987535000007483,8.21118370000113,0.0037107000025571324,0.02850620000026538,32.032294299999194,1476,204,574,2450,261,300000,0,raw_cases/A197,1,0,0,0,0,0,0.03468156224972357,0.02,0,0,0.0,1.0000000000000002,0,0.012008469373188405,0.006922689870060598,0,0,0.03472727500268131,1.0646437101507469,0.3458352549126382,6,1,6,1.2800225886119212,0.18286036980170303,0.08509234777828567,0.38093511399999996,0.018434758771929825,0.5,0.5,0.8333333333333334,0.16666666666666666,0.0,0.450487996,0.0,0.16666666666666666,0.16666666666666666,0.0,0.0,0.3333333333333333,0.0,0.3333333333333333,0.09848484874999999,0.13636363649999994,0.15151515175000005,0.39393939400000005,0.606060606,0.3333333333333333,
A198,A,Ours,proto_sw_2_3,swept,rich,2,200001,1,,,7,6,1,7,21.9999871,1.9893445999987307,7.908951299999899,0.004715399998531211,0.029230599997390527,31.949651200000517,1476,238,134,2240,356,300000,0,raw_cases/A198,1,0,0,0,0,0,0.04137303737491508,0.02,0,0,0.0,1.0000000000000002,0,0.0013641535594945734,0.0012837116792141837,0,0,0.04140430433520939,0.99463742492117,0.3466255745637696,7,1,7,1.3291156175137686,0.1661394521892211,0.08476428213049286,0.5004803179999999,0.02085046600877193,0.5714285714285714,0.42857142857142855,0.8571428571428571,0.14285714285714285,0.0,0.647616292,0.14285714285714285,0.14285714285714285,0.14285714285714285,0.0,0.0,0.14285714285714285,0.14285714285714285,0.2857142857142857,0.090909091,0.09090909100000001,0.121212121,0.39393939400000005,0.606060606,0.2857142857142857,
A199,A,Ours,proto_sw_2_3,expanded,simple,3,200002,1,,,5,3,2,5,18.641261400000076,1.529884100000345,3.419258300000365,0.006038899999111891,0.02208990000144695,23.631332299999485,1476,170,184,1285,1329,300000,0,raw_cases/A199,1,0,0,0,0,0,0.052947710680557744,0.02,0,0,0.0,1.0000000000000002,0,0.027629320804641134,0.012949120300863459,0,0,0.053027347059471715,0.6525361377516659,0.34924037539892505,5,2,5,1.2086606781926847,0.17266581117038354,0.06441823249157215,0.39129445799999996,0.02114172149122807,0.4,0.6,0.6,0.4,0.0,0.285160862,0.2,0.2,0.2,0.0,0.0,0.2,0.2,0.0,0.090909091,0.15151515100000001,0.2424242430000001,0.42424242399999995,0.575757576,0.2,
A200,A,Ours,proto_sw_2_3,expanded,medium,3,200002,1,,,6,4,3,6,18.796903000002203,1.6965548000007402,6.848198399999092,0.009273200001189252,0.02881080000224756,27.397485499997856,1476,204,312,2312,3178,300000,0,raw_cases/A200,1,0,0,0,0,0,0.04188096460817195,0.02,0,0,0.0,1.0000000000000002,0,0.01748316474207384,0.008603550572317967,0,0,0.04212501208915656,1.0883460907019566,0.33281448702070543,6,3,6,1.3971449241846037,0.15523832490940037,0.07174262253144653,0.31406338600000006,0.024711028874269007,0.5,0.5,0.6666666666666666,0.16666666666666666,0.16666666666666666,0.464592951,0.16666666666666666,0.16666666666666666,0.16666666666666666,0.0,0.0,0.16666666666666666,0.16666666666666666,0.16666666666666666,0.121212121,0.1212121215,0.166666667,0.33333333299999995,0.6666666670000001,0.16666666666666666,
A201,A,Ours,proto_sw_2_3,expanded,rich,3,200002,1,,,7,4,5,7,18.666779999999562,1.9772286000006716,11.866724799998337,0.19352319999961765,0.0338990999989619,32.75790739999866,1476,238,390,3022,88429,300000,0,raw_cases/A201,1,0,0,0,0,0,0.03046706924393569,0.02,0,0,0.0,1.0000000000000002,0,0.04273275358063068,0.015008633590803115,0,0,0.06888241164178384,1.3502307371855735,0.35067345822752777,7,5,7,1.5798367608800077,0.1316530634066673,0.07267546967628637,0.415532188,0.027069627192982455,0.5714285714285714,0.42857142857142855,0.5714285714285714,0.14285714285714285,0.2857142857142857,0.715425356,0.14285714285714285,0.14285714285714285,0.14285714285714285,0.0,0.0,0.14285714285714285,0.2857142857142857,0.14285714285714285,0.106060606,0.121212121,0.1212121215,0.33333333299999995,0.6666666670000001,0.2857142857142857,
A202,A,Ours,proto_sw_2_3,compact,simple,3,200002,1,,,5,3,2,5,18.583124900000257,1.4371546000002127,3.320031999999628,0.0038454000023193657,0.03137580000111484,23.394932399998652,1440,170,3,685,130,300000,0,raw_cases/A202,1,0,0,0,0,0,0.07980164098464479,0.02,0,0,0.0,1.0,0,0.017246087559006112,0.008242605132291327,0,0,0.07990275471764881,0.5978834653196111,0.2723638848915007,5,2,5,1.1296639291159534,0.16138056130227904,0.09510648503266338,0.387269513,0.01835480628654971,0.6,0.4,0.6,0.4,0.0,0.20189423,0.0,0.2,0.2,0.0,0.0,0.2,0.2,0.2,0.121212121,0.212121212,0.2121212130000001,0.33333333299999995,0.6666666670000001,0.2,
A203,A,Ours,proto_sw_2_3,compact,medium,3,200002,1,,,6,4,3,6,18.648226599998452,1.8715370000027178,5.336972000000969,0.006011299999954645,0.036203600000590086,25.918703199997253,1440,204,234,1450,1124,300000,0,raw_cases/A203,1,0,0,0,0,0,0.03232812823243699,0.02,0,0,0.0,1.0,0,0.025815763506579874,0.013082458565603347,0,0,0.032430074635108205,0.8754483095378233,0.2348621391031074,6,3,6,1.3929248939435481,0.15476943266039422,0.06901412986631349,0.35059806300000007,0.021238806652046784,0.5,0.5,0.6666666666666666,0.16666666666666666,0.16666666666666666,0.415843726,0.16666666666666666,0.16666666666666666,0.16666666666666666,0.0,0.0,0.16666666666666666,0.16666666666666666,0.16666666666666666,0.12121212125,0.1363636365,0.15151515175,0.33333333299999995,0.6666666670000001,0.16666666666666666,
A204,A,Ours,proto_sw_2_3,compact,rich,3,200002,1,,,7,4,4,7,18.72117050000088,2.1185306000006676,7.465310600000521,0.046793500001513166,0.029050099998130463,28.399524300002668,1440,238,109,1632,24343,300000,0,raw_cases/A204,1,0,0,0,0,0,0.03139872881129521,0.02,0,0,0.0,1.0,0,0.05752370647329885,0.018173844920886726,0,0,0.03139872881129528,1.8896514775678852,0.3571505240560942,7,4,7,1.575129055086212,0.1431935504623829,0.09047960589435719,0.42894047700000004,0.026007401315789474,0.5714285714285714,0.42857142857142855,0.5714285714285714,0.2857142857142857,0.14285714285714285,0.674070362,0.14285714285714285,0.14285714285714285,0.14285714285714285,0.0,0.0,0.14285714285714285,0.2857142857142857,0.14285714285714285,0.106060606,0.121212121,0.12121212200000005,0.33333333299999995,0.6666666670000001,0.2857142857142857,
A205,A,Ours,proto_sw_2_3,swept,simple,3,200002,1,,,5,3,3,5,19.494073899997602,1.524662800002261,6.431240699999762,0.008072900000115624,0.028067199997167336,27.501667799999268,1476,170,463,2679,1124,300000,0,raw_cases/A205,1,0,0,0,0,0,0.05630556295247536,0.02,0,0,0.0,1.0000000000000002,0,0.041408586781154555,0.01749791324423567,0,0,0.05633750456516361,1.3591333795477583,0.34086459790230456,5,3,5,1.3747292283716845,0.17184115354646057,0.09440481607543907,0.49132587299999997,0.01856610928362573,0.6,0.4,0.6,0.2,0.2,0.278402999,0.2,0.0,0.2,0.0,0.0,0.2,0.2,0.2,0.12121212200000009,0.181818182,0.212121212,0.36363636299999996,0.6363636370000001,0.2,
A206,A,Ours,proto_sw_2_3,swept,medium,3,200002,1,,,6,4,3,6,19.27891929999896,1.732445199999347,8.190214600002946,0.004698299999290612,0.04378759999963222,29.268112400000973,1476,204,348,2564,801,300000,0,raw_cases/A206,1,0,0,0,0,0,0.05856415650429899,0.02,0,0,0.0,1.0000000000000002,0,0.047317800993047325,0.015559917705667994,0,0,0.05856416643020557,0.8277579452482643,0.16415337486610768,6,3,6,1.3942260294478104,0.1549140032719789,0.07248022949307385,0.45237019500000003,0.02440264071637427,0.5,0.5,0.6666666666666666,0.16666666666666666,0.16666666666666666,0.490736681,0.16666666666666666,0.16666666666666666,0.16666666666666666,0.0,0.0,0.16666666666666666,0.16666666666666666,0.16666666666666666,0.12121212125,0.1363636365,0.15151515175,0.33333333299999995,0.6666666670000001,0.16666666666666666,
A207,A,Ours,proto_sw_2_3,swept,rich,3,200002,1,,,6,4,2,6,19.647526200002176,1.769245299998147,8.816461500002333,0.021182199998293072,0.025736300001881318,30.294454000002588,1476,204,616,2834,8618,300000,0,raw_cases/A207,1,0,0,0,0,0,0.054946462920019694,0.02,0,0,0.0,1.0000000000000002,0,0.021720210983561705,0.00790403989518961,0,0,0.05589055988568435,1.6444916459620813,0.33086962061019054,6,2,6,1.6268666820449265,0.20335833525561586,0.10629287389586561,0.48349813900000005,0.02867438779239766,0.5,0.5,0.6666666666666666,0.3333333333333333,0.0,0.686096152,0.3333333333333333,0.0,0.16666666666666666,0.0,0.0,0.3333333333333333,0.16666666666666666,0.0,0.090909091,0.121212121,0.17424242425,0.39393939399999994,0.606060606,0.3333333333333333,
A208,A,Ours,proto_sw_2_3,expanded,simple,4,200003,1,,,5,3,2,5,20.84920979999879,1.483206600001722,0.39044949999879464,0.002664700001332676,0.023272000002179993,22.766469999998662,1440,170,36,224,282,300000,0,raw_cases/A208,1,0,0,0,0,0,0.03200138601445891,0.02,0,0,0.0,1.0000000000000002,0,0.051585054216257795,0.02463054606103929,0,0,0.03224488377679914,1.1845706144804378,0.3580944296304122,5,2,5,1.2647951159420447,0.18068501656314925,0.08242407856317235,0.45968261999999993,0.02203262061403509,0.6,0.4,0.6,0.4,0.0,0.272900794,0.2,0.2,0.2,0.0,0.0,0.2,0.0,0.2,0.090909091,0.15151515200000001,0.242424242,0.424242424,0.575757576,0.2,
A209,A,Ours,proto_sw_2_3,expanded,medium,4,200003,1,,,6,4,2,6,20.47694070000216,1.7407580999970378,4.417513499996858,0.022908099999767728,0.024742199999309378,26.70431660000031,1440,204,39,815,7514,300000,0,raw_cases/A209,1,0,0,0,0,0,0.06434601072682324,0.02,0,0,0.0,1.0000000000000002,0,0.023720051970265756,0.011093042451941822,0,0,0.06441608799732279,1.091445383372577,0.32596538366247935,6,2,6,1.203597129088954,0.15044964113611925,0.07539911945141436,0.42857480099999995,0.021564327485380116,0.5,0.5,0.6666666666666666,0.3333333333333333,0.0,0.433451209,0.3333333333333333,0.0,0.16666666666666666,0.0,0.0,0.16666666666666666,0.16666666666666666,0.16666666666666666,0.0984848485,0.136363636,0.15151515175,0.393939394,0.606060606,0.3333333333333333,
A210,A,Ours,proto_sw_2_3,expanded,rich,4,200003,1,,,6,4,2,6,20.530475800002023,1.7421802999997453,6.431468500002666,0.014603300001908792,0.031974500001524575,28.765051700000186,1440,204,923,3114,4657,300000,0,raw_cases/A210,1,0,0,0,0,0,0.04907050915961605,0.02,0,0,0.0,1.0000000000000002,0,0.04042692603032354,0.02321330138268941,0,0,0.049002542792677656,1.6128577464393508,0.35767284433360597,6,2,6,1.50794482761323,0.18849310345165374,0.08412809732077343,0.48002040599999996,0.024773848684210526,0.5,0.5,0.6666666666666666,0.3333333333333333,0.0,0.579865807,0.16666666666666666,0.0,0.16666666666666666,0.0,0.0,0.16666666666666666,0.16666666666666666,0.3333333333333333,0.0984848485,0.121212121,0.16666666675,0.393939394,0.606060606,0.3333333333333333,
A211,A,Ours,proto_sw_2_3,compact,simple,4,200003,1,,,6,4,2,6,19.978555300000153,1.7055125000006228,5.5595288000004075,0.008194599999114871,0.025515499997709412,27.29478509999899,1476,204,563,1827,3850,300000,0,raw_cases/A211,1,0,0,0,0,0,0.03279277049794341,0.02,0,0,0.0,1.0000000000000002,0,0.046099839362843655,0.02093346243280515,0,0,0.03279277049794341,1.408908200484349,0.2771904227492638,6,2,6,1.1822254789586406,0.14777818486983008,0.06454505931313023,0.32593246099999995,0.021067479897660817,0.5,0.5,0.6666666666666666,0.3333333333333333,0.0,0.276253094,0.16666666666666666,0.16666666666666666,0.16666666666666666,0.0,0.0,0.16666666666666666,0.16666666666666666,0.16666666666666666,0.0984848485,0.1363636365,0.1742424245,0.363636364,0.636363636,0.16666666666666666,
A212,A,Ours,proto_sw_2_3,compact,medium,4,200003,1,,,6,4,2,6,19.71229179999864,1.7709566999983508,2.46987220000301,0.005091899998660665,0.02609680000023218,23.99715659999856,1476,204,32,1109,617,300000,0,raw_cases/A212,1,0,0,0,0,0,0.0423799484510496,0.02,0,1,0.0,1.0000000000000002,0,0.0009451593105557627,0.0003695079111020342,0,0,0.04264123955941077,1.0975764379499608,0.25955261254003364,6,2,6,1.3664946674104672,0.1708118334263084,0.0743713727413133,0.44498253000000004,0.02292923062865497,0.5,0.5,0.6666666666666666,0.3333333333333333,0.0,0.42368346,0.16666666666666666,0.16666666666666666,0.16666666666666666,0.0,0.0,0.3333333333333333,0.16666666666666666,0.0,0.0984848485,0.1515151515,0.181818182,0.333333333,0.666666667,0.3333333333333333,
A213,A,Ours,proto_sw_2_3,compact,rich,4,200003,1,,,6,4,2,6,19.419756599996617,1.7705010999998194,6.355077699998219,0.008089799997833325,0.02541190000192728,27.59288899999956,1476,204,223,2249,1486,300000,0,raw_cases/A213,1,0,0,0,0,0,0.07431750478136107,0.02,0,0,0.0,1.0000000000000002,0,0.021420480487935538,0.009813949083952554,0,0,0.07457636444091491,1.2251619596388321,0.31511326375254783,6,2,6,1.5500085095414398,0.19375106369267994,0.09857715541533113,0.569138524,0.02609877558479532,0.5,0.5,0.6666666666666666,0.3333333333333333,0.0,0.627275598,0.16666666666666666,0.16666666666666666,0.16666666666666666,0.0,0.0,0.16666666666666666,0.16666666666666666,0.16666666666666666,0.121212121,0.121212121,0.14393939425000002,0.363636364,0.636363636,0.16666666666666666,
A214,A,Ours,proto_sw_2_3,swept,simple,4,200003,1,,,6,4,2,6,20.042021600002045,1.7777385000008508,3.5024283999991894,0.0031103000001166947,0.03041490000032354,25.36990439999863,1476,204,270,1263,360,300000,0,raw_cases/A214,1,0,0,0,0,0,0.049722780331718945,0.02,0,1,0.0,0.9999999999999998,0,0.009194719555390002,0.00836452725111267,0,0,0.04972630135068015,1.1224066623892945,0.33216283098231725,6,2,6,1.1428725987401758,0.14285907484252197,0.06716102742237984,0.36141245499999997,0.016875685307017545,0.5,0.5,0.6666666666666666,0.3333333333333333,0.0,0.334830975,0.16666666666666666,0.16666666666666666,0.16666666666666666,0.0,0.0,0.16666666666666666,0.16666666666666666,0.16666666666666666,0.10606060625,0.151515152,0.17424242375000001,0.333333333,0.666666667,0.16666666666666666,
A215,A,Ours,proto_sw_2_3,swept,medium,4,200003,1,,,6,4,2,6,20.036194899999828,1.7245684999979858,4.808387599998241,0.0050694999990810174,0.02746109999861801,26.614503900000273,1476,204,72,1523,1300,300000,0,raw_cases/A215,1,0,0,0,0,0,0.05848839352335048,0.02,0,1,0.0,0.9999999999999998,0,0.013296081763242176,0.006003803445577073,0,0,0.05848839352335048,1.0142083868004146,0.24379184137791363,6,2,6,1.331695132573655,0.16646189157170688,0.08907421672289763,0.40851573999999996,0.02383155153508772,0.5,0.5,0.6666666666666666,0.3333333333333333,0.0,0.485277617,0.16666666666666666,0.16666666666666666,0.16666666666666666,0.0,0.0,0.16666666666666666,0.16666666666666666,0.16666666666666666,0.106060606,0.1515151515,0.15151515200000001,0.363636363,0.636363637,0.16666666666666666,
A216,A,Ours,proto_sw_2_3,swept,rich,4,200003,1,,,6,4,2,6,19.929642999999487,1.738541200000327,8.488384699998278,0.03032840000014403,0.02423349999662605,30.227119800001674,1476,204,135,2979,9968,300000,0,raw_cases/A216,1,0,0,0,0,0,0.05848839352335048,0.02,0,0,0.0,0.9999999999999998,0,0.008272787702392596,0.004667058890939189,0,0,0.05848839352335048,0.8838874681573264,0.3357577133554505,6,2,6,1.5083323139276648,0.18854153924095812,0.09211232968525658,0.46991925199999995,0.02528782894736842,0.5,0.5,0.6666666666666666,0.3333333333333333,0.0,0.61864246,0.16666666666666666,0.16666666666666666,0.16666666666666666,0.0,0.0,0.16666666666666666,0.16666666666666666,0.16666666666666666,0.121212121,0.121212121,0.14393939425000002,0.393939394,0.606060606,0.16666666666666666,
A217,A,Ours,proto_sw_2_3,expanded,simple,5,200004,1,,,5,3,2,5,21.197394099999656,1.4460657000017818,2.9847346999995352,0.0066996999994444195,0.02144659999976284,25.673485100000107,1476,170,361,680,1240,300000,0,raw_cases/A217,1,0,0,0,0,0,0.037110257436963605,0.02,0,0,0.0,1.0000000000000002,0,0.02806239205049595,0.009659797582655883,0,0,0.0371755251042158,0.9624926684620844,0.311104837847146,5,2,5,1.166003798363872,0.16657197119483885,0.06767613515424513,0.40099652199999997,0.01710983187134503,0.6,0.4,0.6,0.4,0.0,0.201355677,0.0,0.2,0.2,0.0,0.0,0.2,0.2,0.2,0.15151515100000001,0.151515152,0.181818182,0.36363636399999993,0.636363636,0.2,
A218,A,Ours,proto_sw_2_3,expanded,medium,5,200004,1,,,6,4,2,6,21.290744699999777,1.7233606000008876,4.850181399997382,0.010957300000882242,0.023417500000505242,27.916559500001313,1476,204,365,1281,2641,300000,0,raw_cases/A218,1,0,0,0,0,0,0.037110257436963605,0.02,0,0,0.0,1.0000000000000002,0,0.034775410373197056,0.008891054776832621,0,0,0.0371755251042158,1.514910758353707,0.311104837847146,6,2,6,1.3792595116810684,0.17240743896013355,0.07045595980723517,0.40283749799999996,0.020998949195906433,0.5,0.5,0.6666666666666666,0.3333333333333333,0.0,0.470839787,0.0,0.16666666666666666,0.16666666666666666,0.0,0.0,0.16666666666666666,0.16666666666666666,0.3333333333333333,0.106060606,0.15151515100000001,0.15151515175,0.36363636399999993,0.636363636,0.3333333333333333,
A219,A,Ours,proto_sw_2_3,expanded,rich,5,200004,1,,,6,4,3,6,21.2075683999974,1.8393864999998186,7.120512999998027,0.02301689999876544,0.0252954999996291,30.2293385999983,1476,204,571,2153,15403,300000,0,raw_cases/A219,1,0,0,0,0,0,0.027882825628749938,0.02,0,0,0.0,1.0000000000000002,0,0.06887913049501734,0.03174028435713217,0,0,0.03475153002469013,1.1685409200584085,0.3591838729309464,6,3,6,1.7168197216666354,0.19075774685184832,0.10584298600386657,0.47048089200000004,0.02682405884502924,0.5,0.5,0.6666666666666666,0.16666666666666666,0.16666666666666666,0.622318668,0.16666666666666666,0.16666666666666666,0.16666666666666666,0.0,0.0,0.16666666666666666,0.16666666666666666,0.16666666666666666,0.09848484850000001,0.121212121,0.14393939425,0.42424242399999995,0.575757576,0.16666666666666666,
A220,A,Ours,proto_sw_2_3,compact,simple,5,200004,1,,,6,4,2,6,19.778903499998705,1.7970558999986679,1.6246400999989419,0.004565999999613268,0.03050950000033481,23.250965900002484,1440,204,126,500,445,300000,0,raw_cases/A220,1,0,0,0,0,0,0.0271271171082318,0.02,0,0,0.0,1.0,0,0.013205461500941634,0.010235433889503535,0,0,0.04916885813859265,1.2667489432063,0.3230220030315371,6,2,6,1.0941479072107636,0.13676848840134542,0.04688701210987705,0.34892984699999996,0.016795732821637425,0.5,0.5,0.6666666666666666,0.3333333333333333,0.0,0.270168254,0.16666666666666666,0.16666666666666666,0.16666666666666666,0.0,0.0,0.16666666666666666,0.16666666666666666,0.16666666666666666,0.090909091,0.106060606,0.121212121,0.48484848499999994,0.5151515150000001,0.16666666666666666,
A221,A,Ours,proto_sw_2_3,compact,medium,5,200004,1,,,6,4,2,6,19.8993346999996,1.7597177999996347,2.1602781000001414,0.004061899999214802,0.024744900001678616,23.862515800003166,1440,204,25,663,459,300000,0,raw_cases/A221,1,0,0,0,0,0,0.046651746831592365,0.02,0,1,0.0,1.0,0,0.03277421840366553,0.013859987107797409,0,0,0.04670866477136993,0.9981402297179787,0.23971168050894312,6,2,6,1.4242712587676987,0.17803390734596236,0.08295853682636918,0.5311731960000001,0.021661412646198832,0.5,0.5,0.6666666666666666,0.3333333333333333,0.0,0.474662955,0.0,0.16666666666666666,0.16666666666666666,0.0,0.0,0.16666666666666666,0.16666666666666666,0.3333333333333333,0.090909091,0.121212121,0.15151515175,0.42424242399999995,0.575757576,0.3333333333333333,
A222,A,Ours,proto_sw_2_3,compact,rich,5,200004,1,,,6,4,2,6,19.83589479999864,1.7357363000010082,2.4760569000027317,0.0027330999982950743,0.03062370000043302,24.096676399996795,1440,204,175,780,329,300000,0,raw_cases/A222,1,0,0,0,0,0,0.046651746831592365,0.02,0,1,0.0,1.0,0,0.08507032824000217,0.029436858032260108,0,0,0.04670866477136993,1.3478472921804971,0.30844115486564294,6,2,6,1.6174035128847783,0.20217543911059727,0.0887962340784309,0.46142837900000006,0.028503061038011698,0.5,0.5,0.6666666666666666,0.3333333333333333,0.0,0.646778487,0.16666666666666666,0.16666666666666666,0.16666666666666666,0.0,0.0,0.16666666666666666,0.16666666666666666,0.16666666666666666,0.090909091,0.121212121,0.15151515175,0.42424242399999995,0.575757576,0.16666666666666666,
A223,A,Ours,proto_sw_2_3,swept,simple,5,200004,1,,,6,4,2,6,20.47480859999996,1.739674099997501,5.771083299998281,0.003801700000622077,0.028877400000055786,28.031455399999686,1440,204,507,1943,494,300000,0,raw_cases/A223,1,0,0,0,0,0,0.047563325655131924,0.02,0,0,0.0,1.0,0,0.02561723359181251,0.015355154574893823,0,0,0.047598619670140924,1.0487789062742754,0.34066467840015724,6,2,6,1.1927542470048906,0.14909428087561133,0.06357677052423101,0.2915612209999999,0.018731725146198832,0.5,0.5,0.6666666666666666,0.3333333333333333,0.0,0.31253405,0.0,0.16666666666666666,0.16666666666666666,0.0,0.0,0.3333333333333333,0.16666666666666666,0.16666666666666666,0.0984848485,0.121212121,0.16666666675,0.39393939399999994,0.606060606,0.3333333333333333,
A224,A,Ours,proto_sw_2_3,swept,medium,5,200004,1,,,6,4,2,6,20.553983500001777,1.7681549999979325,2.4981647999993584,0.0076539000001503155,0.03243250000014086,24.880205400000705,1440,204,63,633,610,300000,0,raw_cases/A224,1,0,0,0,0,0,0.06381745821175558,0.02,0,0,0.0,1.0,0,0.018323608627488497,0.010907818177346868,0,0,0.06383179153176947,0.6771446247779567,0.3157389751888094,6,2,6,1.1759444871265554,0.14699306089081943,0.06653652670236954,0.39514687600000004,0.01923999451754386,0.5,0.5,0.6666666666666666,0.3333333333333333,0.0,0.399675335,0.16666666666666666,0.16666666666666666,0.16666666666666666,0.0,0.0,0.16666666666666666,0.16666666666666666,0.16666666666666666,0.121212121,0.12121212149999999,0.14393939375,0.39393939399999994,0.606060606,0.16666666666666666,
A225,A,Ours,proto_sw_2_3,swept,rich,5,200004,1,,,6,4,2,6,20.222381999999925,1.7764820999982476,3.3629438999996637,0.01259339999887743,0.02832470000066678,25.421021199999814,1440,204,98,847,7209,300000,0,raw_cases/A225,1,0,0,0,0,0,0.05482062189771214,0.02,0,0,0.0,1.0,0,0.010126060557770418,0.005293594678817251,0,0,0.05486980173489181,0.941582099260067,0.2938805101783433,6,2,6,1.5172782088935057,0.18965977611168822,0.0868554686210544,0.460137929,0.021998355263157895,0.5,0.5,0.6666666666666666,0.3333333333333333,0.0,0.666218542,0.16666666666666666,0.16666666666666666,0.16666666666666666,0.0,0.0,0.3333333333333333,0.16666666666666666,0.0,0.090909091,0.106060606,0.18939393925,0.39393939399999994,0.606060606,0.3333333333333333,
A226,A,Ours,proto_sw_2_3,expanded,simple,6,200005,1,,,6,4,4,6,19.815566899997066,1.8730705000016314,2.5800108999974327,0.01447800000096322,0.03305569999793079,24.33127009999953,1476,204,90,233,1493,300000,0,raw_cases/A226,1,0,0,0,0,0,0.03951123158911084,0.02,0,0,0.0,1.0000000000000002,0,0.024181879316937077,0.01295846256101759,0,0,0.03952387393893501,0.9006356911239723,0.32791162180451855,6,4,6,1.302826044864962,0.1302826044864962,0.07293582671712132,0.403737782,0.022986339546783627,0.5,0.5,0.6666666666666666,0.0,0.3333333333333333,0.263015166,0.16666666666666666,0.16666666666666666,0.16666666666666666,0.0,0.0,0.16666666666666666,0.16666666666666666,0.16666666666666666,0.09848484874999999,0.1363636365,0.15151515175,0.393939394,0.606060606,0.16666666666666666,
A227,A,Ours,proto_sw_2_3,expanded,medium,6,200005,1,,,6,4,2,6,19.93944779999947,1.795392299998639,5.503468300001259,0.007262899998750072,0.028473200000007637,27.288514899999427,1476,204,403,2454,1615,300000,0,raw_cases/A227,1,0,0,0,0,0,0.040774788178750944,0.02,0,0,0.0,1.0000000000000002,0,0.03715561053548851,0.015901312714199912,0,0,0.04094004831308987,1.4361364250371773,0.34537264314123495,6,2,6,1.3192702999266113,0.16490878749082644,0.0691154509534912,0.36286917799999996,0.02256373355263158,0.5,0.5,0.6666666666666666,0.3333333333333333,0.0,0.411056454,0.16666666666666666,0.16666666666666666,0.16666666666666666,0.0,0.0,0.16666666666666666,0.16666666666666666,0.16666666666666666,0.12121212099999999,0.136363636,0.15151515175000002,0.363636364,0.636363636,0.16666666666666666,
A228,A,Ours,proto_sw_2_3,expanded,rich,6,200005,1,,,6,4,2,6,19.954655400000775,1.7459800000033283,6.317113999997673,0.008640200001536869,0.03187239999897429,28.074551199999405,1476,204,179,1708,2127,300000,0,raw_cases/A228,1,0,0,0,0,0,0.0397840863031944,0.02,0,0,0.0,1.0000000000000002,0,0.03729988799354577,0.029532401524832042,0,0,0.03975868889204047,1.5157489149010208,0.34407419717426774,6,2,6,1.481793812838019,0.1852242266047524,0.08981386662583998,0.427548959,0.02550484283625731,0.5,0.5,0.6666666666666666,0.3333333333333333,0.0,0.605536781,0.0,0.16666666666666666,0.16666666666666666,0.0,0.0,0.16666666666666666,0.16666666666666666,0.3333333333333333,0.0984848485,0.121212121,0.16666666675,0.393939394,0.606060606,0.3333333333333333,
A229,A,Ours,proto_sw_2_3,compact,simple,6,200005,1,,,6,4,2,6,19.188458799999353,1.7372221000005084,3.1162662000024284,0.010087700000440236,0.02428449999933946,24.0900776999988,1440,204,152,738,2809,300000,0,raw_cases/A229,1,0,0,0,0,0,0.042374981708026296,0.02,0,0,0.0,1.0,0,0.030614943467647395,0.010517123998863412,0,0,0.04241410866089091,0.501488309850728,0.14809768474914786,6,2,6,1.1420184442899077,0.14275230553623847,0.05642800263359957,0.30203787700000007,0.01875456871345029,0.5,0.5,0.6666666666666666,0.3333333333333333,0.0,0.280495989,0.3333333333333333,0.0,0.16666666666666666,0.0,0.0,0.16666666666666666,0.16666666666666666,0.16666666666666666,0.0984848485,0.1363636365,0.1742424245,0.363636364,0.636363636,0.3333333333333333,
A230,A,Ours,proto_sw_2_3,compact,medium,6,200005,1,,,6,4,3,6,18.99856709999949,1.7565907999996853,3.630572800000664,0.009580599999026163,0.028574899999512127,24.43899270000111,1440,204,312,1294,2446,300000,0,raw_cases/A230,1,0,0,0,0,0,0.042218037426811204,0.02,0,0,0.0,1.0,0,0.03549728836359866,0.013620592808099139,0,0,0.04224839899473202,1.2260988006535447,0.33901972388615204,6,3,6,1.4483505066211193,0.16092783406901326,0.07498856237954912,0.341496194,0.025510553728070175,0.5,0.5,0.6666666666666666,0.16666666666666666,0.16666666666666666,0.456650355,0.16666666666666666,0.16666666666666666,0.16666666666666666,0.0,0.0,0.16666666666666666,0.16666666666666666,0.16666666666666666,0.0984848485,0.1363636365,0.1742424245,0.363636364,0.636363636,0.16666666666666666,
A231,A,Ours,proto_sw_2_3,compact,rich,6,200005,1,,,7,5,2,7,19.10559099999955,2.0524068999984593,4.766826999999466,0.010018799999670591,0.03172950000225683,25.980358599998,1440,238,134,1260,5134,300000,0,raw_cases/A231,1,0,0,0,0,0,0.04241410866089091,0.02,0,0,0.0,1.0,0,0.01548706301947201,0.010331776358769657,0,0,0.04241410866089091,0.9844732654483459,0.32950321919704,7,2,7,1.3895782054315564,0.15439757838128404,0.07753368271506489,0.473438759,0.022934941520467836,0.5714285714285714,0.42857142857142855,0.7142857142857143,0.2857142857142857,0.0,0.593249338,0.14285714285714285,0.14285714285714285,0.14285714285714285,0.0,0.0,0.14285714285714285,0.14285714285714285,0.2857142857142857,0.090909091,0.090909091,0.1363636365,0.363636364,0.636363636,0.2857142857142857,
A232,A,Ours,proto_sw_2_3,swept,simple,6,200005,1,,,6,4,2,6,19.41716219999944,1.7158529999978782,2.5536056000019016,0.007851899998058798,0.026060600001073908,23.736913499997172,1440,204,53,726,3194,300000,0,raw_cases/A232,1,0,0,0,0,0,0.05109253858672827,0.02,0,0,0.0,1.0,0,0.021116718717806487,0.010205854923325222,0,0,0.05096098485374073,1.2695865216722249,0.34195584723074185,6,2,6,1.197945526841619,0.14974319085520238,0.06561190840993088,0.34074890300000005,0.021575749269005847,0.5,0.5,0.6666666666666666,0.3333333333333333,0.0,0.338672182,0.16666666666666666,0.16666666666666666,0.16666666666666666,0.0,0.0,0.16666666666666666,0.16666666666666666,0.16666666666666666,0.0984848485,0.12121212149999999,0.1893939395,0.363636364,0.636363636,0.16666666666666666,
A233,A,Ours,proto_sw_2_3,swept,medium,6,200005,1,,,6,4,2,6,19.309910899999522,1.7896914999982982,7.826605599999311,0.004676199998357333,0.026073400000313995,28.97031629999765,1440,204,169,2022,581,300000,0,raw_cases/A233,1,0,0,0,0,0,0.05220042939101878,0.02,0,0,0.0,1.0,0,0.033814274061456664,0.012923382991673449,0,0,0.0522141831023287,0.6989367152308604,0.18008551670218934,6,2,6,1.3330897879846615,0.16663622349808266,0.09569833247234831,0.52995504,0.021124588815789474,0.5,0.5,0.6666666666666666,0.3333333333333333,0.0,0.481468696,0.16666666666666666,0.0,0.16666666666666666,0.0,0.0,0.16666666666666666,0.16666666666666666,0.3333333333333333,0.090909091,0.12121212149999999,0.1742424245,0.393939394,0.606060606,0.3333333333333333,
A234,A,Ours,proto_sw_2_3,swept,rich,6,200005,1,,,6,4,2,6,19.144200999999157,1.7398344000030193,6.041179399999237,0.009705799999210285,0.02826160000040545,26.980428300001222,1440,204,155,1416,3353,300000,0,raw_cases/A234,1,0,0,0,0,0,0.05428101802648605,0.02,0,0,0.0,1.0,0,0.02203961209439697,0.013127907417697477,0,0,0.054248178131170104,0.981514457731496,0.3313257729762683,6,2,6,1.468447938469175,0.1835559923086469,0.09354690348713625,0.544562153,0.02581323099415205,0.5,0.5,0.6666666666666666,0.3333333333333333,0.0,0.627971692,0.3333333333333333,0.0,0.16666666666666666,0.0,0.0,0.16666666666666666,0.16666666666666666,0.16666666666666666,0.121212121,0.121212121,0.14393939425,0.393939394,0.606060606,0.3333333333333333,
A235,A,Ours,proto_sw_2_3,expanded,simple,7,200006,1,,,5,4,1,5,18.515702100001363,1.5126454999990528,4.269418900003075,0.00399719999768422,0.02523289999953704,24.34447200000068,1476,170,232,1398,489,300000,0,raw_cases/A235,1,0,0,0,0,0,0.0338337422485952,0.02,0,0,0.0,1.0,0,0.008679755397638923,0.0056026696364012375,0,0,0.03388075557580831,0.675983475261621,0.284127088630108,5,1,5,1.1542561355886813,0.19237602259811357,0.07481834576837912,0.39234034300000004,0.02062203033625731,0.6,0.4,0.8,0.2,0.0,0.271910533,0.0,0.2,0.2,0.0,0.0,0.2,0.2,0.2,0.121212121,0.151515152,0.212121212,0.424242424,0.575757576,0.2,
A236,A,Ours,proto_sw_2_3,expanded,medium,7,200006,1,,,6,5,1,6,18.48720830000093,1.8013284000007843,3.328946599998744,0.008000999998330371,0.028863199997431366,23.671048500000325,1476,204,198,1024,74,300000,0,raw_cases/A236,1,0,0,0,0,0,0.03426978983963376,0.02,0,0,0.0,1.0,0,0.0060138740096750305,0.0034569837409661863,0,0,0.03433601181117148,0.7504379456137165,0.24641364922983247,6,1,6,1.2407352581306799,0.17724789401866856,0.08483334458935457,0.47995543900000004,0.022415250365497075,0.5,0.5,0.8333333333333334,0.16666666666666666,0.0,0.475430762,0.3333333333333333,0.0,0.16666666666666666,0.0,0.0,0.3333333333333333,0.16666666666666666,0.0,0.0984848485,0.136363636,0.17424242425,0.363636364,0.636363636,0.3333333333333333,
A237,A,Ours,proto_sw_2_3,expanded,rich,7,200006,1,,,7,6,1,7,18.675936799998453,2.0636419000002206,4.164786800000002,0.003073600000789156,0.03163710000080755,24.95568529999946,1476,238,505,1830,306,300000,0,raw_cases/A237,1,0,0,0,0,0,0.032637257896225756,0.02,0,0,0.0,1.0,0,0.01808458560012893,0.00771620641603143,0,0,0.032684607954474844,1.5315467945599168,0.3433449440339014,7,1,7,1.5595713277501415,0.1949464159687677,0.080698672146908,0.494050866,0.026350054824561403,0.5714285714285714,0.42857142857142855,0.8571428571428571,0.14285714285714285,0.0,0.722684475,0.14285714285714285,0.14285714285714285,0.14285714285714285,0.0,0.0,0.2857142857142857,0.14285714285714285,0.14285714285714285,0.090909091,0.090909091,0.136363636,0.363636364,0.636363636,0.2857142857142857,
A238,A,Ours,proto_sw_2_3,compact,simple,7,200006,1,,,6,5,1,6,19.494850600000063,1.7974477000025217,2.2555328000016743,0.002634199998283293,0.02482410000084201,23.588318900001468,1476,204,38,644,205,300000,0,raw_cases/A238,1,0,0,0,0,0,0.031883629307334994,0.02,0,0,0.0,1.0,0,0.016654739905951774,0.012553160781159386,0,0,0.031883629307334994,1.1818304454041895,0.35073848334765234,6,1,6,1.1016478124261098,0.15737825891801568,0.04721310359108229,0.33130227300000004,0.01695563779239766,0.5,0.5,0.8333333333333334,0.16666666666666666,0.0,0.29317942,0.0,0.16666666666666666,0.16666666666666666,0.0,0.0,0.16666666666666666,0.3333333333333333,0.16666666666666666,0.121212121,0.1363636365,0.17424242375,0.333333334,0.666666666,0.3333333333333333,
A239,A,Ours,proto_sw_2_3,compact,medium,7,200006,1,,,6,5,1,6,19.523983999999473,1.7137455999982194,5.750919199999771,0.003203100000973791,0.024228399997809902,27.02969099999973,1476,204,469,2217,315,300000,0,raw_cases/A239,1,0,0,0,0,0,0.033562317710869524,0.02,0,0,0.0,1.0,0,0.001626973079792092,0.0008833843802713539,0,0,0.03368886375551055,1.1841510152055936,0.3280680437904958,6,1,6,1.2435557614766946,0.17765082306809923,0.05767992871109936,0.41606094200000004,0.02234671966374269,0.5,0.5,0.8333333333333334,0.16666666666666666,0.0,0.459288423,0.16666666666666666,0.16666666666666666,0.16666666666666666,0.0,0.0,0.16666666666666666,0.16666666666666666,0.16666666666666666,0.0984848485,0.1363636365,0.17424242375000001,0.363636364,0.636363636,0.16666666666666666,
A240,A,Ours,proto_sw_2_3,compact,rich,7,200006,1,,,7,6,2,7,19.362256600001274,2.0770941999981005,6.580131300001085,0.00438150000263704,0.02772710000135703,28.065379100000428,1476,238,696,2226,359,300000,0,raw_cases/A240,1,0,0,0,0,0,0.036791310573386776,0.02,0,0,0.0,1.0,0,0.04389989384878722,0.015044387762739453,0,0,0.036791310573386776,1.422600026239692,0.2546097542234706,7,2,7,1.593882275462868,0.17709803060698534,0.076841764302414,0.38553319500000005,0.023471765350877194,0.42857142857142855,0.5714285714285714,0.8571428571428571,0.0,0.14285714285714285,0.665453224,0.2857142857142857,0.14285714285714285,0.14285714285714285,0.0,0.0,0.14285714285714285,0.2857142857142857,0.0,0.090909091,0.090909091,0.1363636365,0.363636364,0.636363636,0.2857142857142857,
A241,A,Ours,proto_sw_2_3,swept,simple,7,200006,1,,,5,4,2,5,18.621309699999983,1.4639351999976498,5.559244600000966,0.0061727000029350165,0.025853400002233684,25.69245790000059,1476,170,498,2187,1015,300000,0,raw_cases/A241,1,0,0,0,0,0,0.0229648410177355,0.02,0,0,0.0,1.0,0,0.04667680442065864,0.016210925572248555,0,0,0.03888797365640508,0.5546242107048032,0.19737918296920529,5,2,5,1.206348676423636,0.17233552520337656,0.07918035910022476,0.38046682,0.02069627192982456,0.4,0.6,0.8,0.0,0.2,0.197181725,0.2,0.0,0.2,0.0,0.0,0.2,0.2,0.2,0.15151515100000001,0.151515152,0.181818182,0.393939394,0.606060606,0.2,
A242,A,Ours,proto_sw_2_3,swept,medium,7,200006,1,,,6,5,1,6,18.506100600003265,1.7540530999976909,6.651363200002379,0.005542300001252443,0.026301599998987513,26.95631250000224,1476,204,167,1712,364,300000,0,raw_cases/A242,1,0,0,0,0,0,0.05164836904420253,0.02,0,0,0.0,1.0,0,0.019214139436385055,0.012733316903921122,0,0,0.06470303154219328,0.64629073279985,0.2470138779248474,6,1,6,1.2239640432115055,0.17485200617307223,0.0707488239676292,0.43664457200000006,0.02199264437134503,0.5,0.5,0.8333333333333334,0.16666666666666666,0.0,0.482918145,0.16666666666666666,0.16666666666666666,0.16666666666666666,0.0,0.0,0.16666666666666666,0.16666666666666666,0.16666666666666666,0.090909091,0.121212121,0.17424242425,0.393939394,0.606060606,0.16666666666666666,
A243,A,Ours,proto_sw_2_3,swept,rich,7,200006,1,,,6,5,1,6,18.176132199998392,1.823116100000334,6.040145700000721,0.003717800002050353,0.023436200001015095,26.07937419999871,1476,204,422,1586,352,300000,0,raw_cases/A243,1,0,0,0,0,0,0.0673802907430616,0.02,0,0,0.0,1.0,0,0.0011704818974705366,0.0009315179823895501,0,0,0.0674833467256247,1.3766341032939564,0.33968617624108455,6,1,6,1.466563545615504,0.20950907794507198,0.09661936369113196,0.482220617,0.02617872807017544,0.5,0.5,0.8333333333333334,0.16666666666666666,0.0,0.663189297,0.3333333333333333,0.16666666666666666,0.0,0.0,0.0,0.16666666666666666,0.16666666666666666,0.16666666666666666,0.0984848485,0.1212121215,0.14393939375,0.424242424,0.575757576,0.3333333333333333,
A244,A,Ours,proto_sw_2_3,expanded,simple,8,200007,1,,,5,4,1,5,23.692178799999965,1.4001040000002831,3.54187119999915,0.002577800001745345,0.026896600000327453,28.676098300002195,1476,170,120,924,420,300000,0,raw_cases/A244,1,0,0,0,0,0,0.08683900248639345,0.02,0,0,0.0,1.0,0,0.03855553902417902,0.01604576082264007,0,0,0.08683900248639345,0.9697003419558506,0.35328487181793156,5,1,5,1.063936765009326,0.17732279416822103,0.08698349443810484,0.38617401399999995,0.013728983918128655,0.6,0.4,0.8,0.2,0.0,0.218123525,0.0,0.2,0.2,0.0,0.0,0.2,0.2,0.2,0.15151515100000001,0.181818182,0.181818182,0.36363636400000005,0.636363636,0.2,
A245,A,Ours,proto_sw_2_3,expanded,medium,8,200007,1,,,6,5,2,6,23.680211200000485,1.7626501999984612,6.613968100002239,0.008694100000866456,0.03344670000296901,32.11610700000165,1476,204,385,1616,1050,300000,0,raw_cases/A245,1,0,0,0,0,0,0.03808417526924785,0.02,0,0,0.0,1.0,0,0.02228578830670724,0.012403536821799933,0,0,0.03817410567684817,1.0954934032656074,0.3112054078229269,6,2,6,1.3569268840439235,0.1696158605054904,0.08082573144401467,0.37494618200000007,0.023774442616959063,0.5,0.5,0.8333333333333334,0.0,0.16666666666666666,0.463043939,0.16666666666666666,0.16666666666666666,0.16666666666666666,0.0,0.0,0.16666666666666666,0.16666666666666666,0.16666666666666666,0.10606060599999997,0.15151515099999996,0.15151515175000008,0.36363636400000005,0.636363636,0.16666666666666666,
A246,A,Ours,proto_sw_2_3,expanded,rich,8,200007,1,,,6,5,1,6,23.813765099999728,1.7407830999982252,9.904737400000158,0.007942000000184635,0.03001350000340608,35.51594850000038,1476,204,665,3363,1840,300000,0,raw_cases/A246,1,0,0,0,0,0,0.05960585753306205,0.02,0,0,0.0,1.0,0,0.008675850717779866,0.008288560474485063,0,0,0.05963943179413957,1.3321733666399318,0.35745338048856995,6,1,6,1.370371101772615,0.19576730025323072,0.0816627090446705,0.41245345800000005,0.020005254020467836,0.5,0.5,0.8333333333333334,0.16666666666666666,0.0,0.552785481,0.16666666666666666,0.16666666666666666,0.16666666666666666,0.0,0.0,0.16666666666666666,0.16666666666666666,0.16666666666666666,0.09848484849999999,0.12121212099999994,0.14393939425000007,0.42424242400000006,0.575757576,0.16666666666666666,
A247,A,Ours,proto_sw_2_3,compact,simple,8,200007,1,,,6,5,1,6,21.869248099999822,1.7126418999978341,6.926248100000521,0.005761699998402037,0.022401400001399452,30.5763025999986,1440,204,304,2410,548,300000,0,raw_cases/A247,1,0,0,0,0,0,0.03637000388548153,0.02,0,0,0.0,1.0000000000000002,0,0.013742147581957858,0.009112642802551606,0,0,0.036387861300134106,0.7622240463053243,0.19400940453005147,6,1,6,1.0991132162075692,0.15701617374393845,0.06463970144178874,0.30634415100000006,0.017092699195906433,0.5,0.5,0.8333333333333334,0.16666666666666666,0.0,0.320642961,0.16666666666666666,0.16666666666666666,0.16666666666666666,0.0,0.0,0.0,0.3333333333333333,0.16666666666666666,0.090909091,0.106060606,0.1439393935,0.45454545500000004,0.5454545449999999,0.3333333333333333,
A248,A,Ours,proto_sw_2_3,compact,medium,8,200007,1,,,6,5,1,6,21.762704299999314,1.749541599998338,3.9766730000010284,0.004504000000451924,0.024664700002176687,27.531366900002467,1440,204,56,1402,532,300000,0,raw_cases/A248,1,0,0,0,0,0,0.05173426942357608,0.02,0,0,0.0,1.0000000000000002,0,0.0013139790744457792,0.0008647002042602275,0,0,0.05178151888384061,1.4471626025363435,0.35999047998217293,6,1,6,1.2692805436382608,0.18132579194832296,0.08702175196890931,0.43199660399999995,0.018371938961988302,0.5,0.5,0.8333333333333334,0.16666666666666666,0.0,0.473875364,0.0,0.16666666666666666,0.16666666666666666,0.0,0.0,0.16666666666666666,0.3333333333333333,0.16666666666666666,0.090909091,0.106060606,0.18939393925,0.39393939400000005,0.606060606,0.3333333333333333,
A249,A,Ours,proto_sw_2_3,compact,rich,8,200007,1,,,6,5,1,6,21.756865999999718,1.8038004000009096,4.6955057999985,0.009928699997544754,0.02320029999827966,28.30892180000228,1440,204,23,1018,403,300000,0,raw_cases/A249,1,0,0,0,0,0,0.061919768138627145,0.02,0,0,0.0,1.0000000000000002,0,0.01575027356589231,0.013643799385858198,0,0,0.06192023498354707,1.3452012916373215,0.2963802377249076,6,1,6,1.3064900894683178,0.18664144135261682,0.09241337513116689,0.617450831,0.017206917032163743,0.5,0.5,0.8333333333333334,0.16666666666666666,0.0,0.584642323,0.16666666666666666,0.16666666666666666,0.16666666666666666,0.0,0.0,0.16666666666666666,0.16666666666666666,0.16666666666666666,0.0984848485,0.121212121,0.14393939425000007,0.42424242399999995,0.575757576,0.16666666666666666,
A250,A,Ours,proto_sw_2_3,swept,simple,8,200007,1,,,5,4,2,5,23.821393599999283,1.4831633000030706,5.192162699997425,0.0029304000017873477,0.03508489999876474,30.54754369999864,1440,170,234,1763,230,300000,0,raw_cases/A250,1,0,0,0,0,0,0.03227644932322873,0.02,0,0,0.0,1.0000000000000002,0,0.00769390173010298,0.004771607212089471,0,0,0.032233662211577724,0.8943750930431267,0.33790924034517394,5,2,5,1.0445749549956758,0.14922499357081082,0.05337942231285219,0.38653641699999997,0.015499360380116959,0.4,0.6,0.8,0.0,0.2,0.139221512,0.2,0.0,0.2,0.0,0.0,0.2,0.2,0.2,0.090909091,0.212121212,0.212121212,0.39393939400000005,0.606060606,0.2,
A251,A,Ours,proto_sw_2_3,swept,medium,8,200007,1,,,6,5,1,6,23.80830109999806,1.7291222999992897,10.37034979999953,0.006782499996916158,0.023351199997705407,35.951832799997646,1440,204,255,3854,654,300000,0,raw_cases/A251,1,0,0,0,0,0,0.0517810670144824,0.02,0,0,0.0,1.0000000000000002,0,0.01191916080157926,0.009012115108103595,0,0,0.0517810670144824,1.2531132815478914,0.33152629092945607,6,1,6,1.2521682065893778,0.1788811723699111,0.0754567045979648,0.398619792,0.017949332967836257,0.5,0.5,0.8333333333333334,0.16666666666666666,0.0,0.431614702,0.16666666666666666,0.0,0.16666666666666666,0.0,0.0,0.16666666666666666,0.3333333333333333,0.16666666666666666,0.0984848485,0.121212121,0.16666666675,0.39393939400000005,0.606060606,0.3333333333333333,
A252,A,Ours,proto_sw_2_3,swept,rich,8,200007,1,,,6,5,1,6,23.893824299997505,1.6823402000009082,9.182532799997716,0.005138299999089213,0.02330960000108462,34.80259720000322,1440,204,291,3204,955,300000,0,raw_cases/A252,1,0,0,0,0,0,0.0599082688489485,0.02,0,0,0.0,1.0000000000000002,0,0.017163310017284678,0.010537642759166957,0,0,0.0599082688489485,1.1804365395062484,0.3197352607770681,6,1,6,1.4300557228171542,0.2042936746881649,0.09039158113499754,0.484888203,0.023129111842105265,0.5,0.5,0.8333333333333334,0.16666666666666666,0.0,0.585868433,0.16666666666666666,0.16666666666666666,0.16666666666666666,0.0,0.0,0.16666666666666666,0.3333333333333333,0.0,0.0984848485,0.12121212099999999,0.16666666675,0.39393939400000005,0.606060606,0.3333333333333333,
A253,A,Ours,proto_sw_2_3,expanded,simple,9,200008,1,,,6,5,1,6,20.43787389999852,1.7842839999975695,3.263771399997495,0.006015500002831686,0.024943100001109997,25.530364299997018,1476,204,124,932,537,300000,0,raw_cases/A253,1,0,0,0,0,0,0.03361212908813505,0.02,0,0,0.0,1.0000000000000002,0,0.004733127693161484,0.0042049459945145305,0,0,0.03353363477615242,1.122889742126719,0.34741326056471705,6,1,6,1.0352660020706494,0.1478951431529499,0.05899882351384324,0.33907265100000006,0.01705843384502924,0.5,0.5,0.8333333333333334,0.16666666666666666,0.0,0.23915709,0.16666666666666666,0.16666666666666666,0.16666666666666666,0.0,0.0,0.3333333333333333,0.16666666666666666,0.0,0.09848484850000001,0.121212121,0.16666666675,0.39393939399999994,0.606060606,0.3333333333333333,
A254,A,Ours,proto_sw_2_3,expanded,medium,9,200008,1,,,6,5,1,6,20.455973600001016,1.7687539999969886,5.690755200001149,0.004650700000638608,0.02273829999830923,27.959479799999826,1476,204,51,1832,212,300000,0,raw_cases/A254,1,0,0,0,0,0,0.048597120195163934,0.02,0,0,0.0,1.0000000000000002,0,0.0014843093165205507,0.000586520496476967,0,0,0.048597120195163934,0.6921853367323847,0.1937340177877371,6,1,6,1.2312668155767437,0.17589525936810624,0.06918586096702042,0.449984453,0.017292580409356724,0.5,0.5,0.8333333333333334,0.16666666666666666,0.0,0.478570225,0.16666666666666666,0.0,0.16666666666666666,0.0,0.0,0.3333333333333333,0.16666666666666666,0.16666666666666666,0.0984848485,0.121212121,0.16666666675000003,0.39393939399999994,0.606060606,0.3333333333333333,
A255,A,Ours,proto_sw_2_3,expanded,rich,9,200008,1,,,7,6,1,7,20.27529080000022,2.0088933000006364,7.949640800001362,0.004642399999283953,0.028205199996591546,30.285982199999125,1476,238,324,2363,528,300000,0,raw_cases/A255,1,0,0,0,0,0,0.03324629444239208,0.02,0,0,0.0,1.0000000000000002,0,0.0025642204470828866,0.002299203016243408,0,0,0.03328192603044265,1.4891404082111177,0.3340590758246535,7,1,7,1.3861765479259118,0.173272068490739,0.06746067776612893,0.41391121799999997,0.025087947733918127,0.5714285714285714,0.42857142857142855,0.8571428571428571,0.14285714285714285,0.0,0.657414968,0.14285714285714285,0.14285714285714285,0.14285714285714285,0.0,0.0,0.2857142857142857,0.14285714285714285,0.14285714285714285,0.090909091,0.09090909100000003,0.136363636,0.36363636399999993,0.636363636,0.2857142857142857,
A256,A,Ours,proto_sw_2_3,compact,simple,9,200008,1,,,6,5,1,6,19.710031500002515,1.7593133999980637,6.127150599997549,0.004284300001017982,0.03129070000068168,27.64569549999942,1440,204,448,2085,1041,300000,0,raw_cases/A256,1,0,0,0,0,0,0.0375549916162102,0.02,0,0,0.0,1.0,0,0.01658049164919578,0.01060869716989618,0,0,0.03757523907724353,1.063364355531648,0.31271583390146684,6,1,6,1.2040976570795223,0.17201395101136033,0.06959137770541352,0.362670327,0.02102750365497076,0.5,0.5,0.8333333333333334,0.16666666666666666,0.0,0.345820528,0.16666666666666666,0.16666666666666666,0.16666666666666666,0.0,0.0,0.16666666666666666,0.16666666666666666,0.16666666666666666,0.121212121,0.136363636,0.15151515175,0.36363636399999993,0.636363636,0.16666666666666666,
A257,A,Ours,proto_sw_2_3,compact,medium,9,200008,1,,,6,5,1,6,19.55461640000067,1.7100210000025982,6.687163299997337,0.006200300002092263,0.03221710000070743,28.00860179999654,1440,204,450,2430,304,300000,0,raw_cases/A257,1,0,0,0,0,0,0.03477003582081468,0.02,0,0,0.0,1.0,0,0.0033372203625102598,0.001801590333842155,0,0,0.034823906537848316,0.8288123929976261,0.31271583390146684,6,1,6,1.216026019149357,0.17371800273562243,0.0630163299857509,0.41928771200000003,0.021998355263157895,0.5,0.5,0.8333333333333334,0.16666666666666666,0.0,0.436742645,0.16666666666666666,0.16666666666666666,0.16666666666666666,0.0,0.0,0.16666666666666666,0.16666666666666666,0.16666666666666666,0.09848484850000003,0.121212121,0.16666666675,0.39393939399999994,0.606060606,0.16666666666666666,
A258,A,Ours,proto_sw_2_3,compact,rich,9,200008,1,,,7,6,1,7,19.476554299999407,2.0504881999986537,8.97458810000171,0.004674600000726059,0.02577249999740161,30.548077299998113,1440,238,479,3169,374,300000,0,raw_cases/A258,1,0,0,0,0,0,0.03477003582081468,0.02,0,0,0.0,1.0,0,0.003345209874669122,0.001801590333842155,0,0,0.034823906537848316,1.2423774548356008,0.31271583390146684,7,1,7,1.345989257300687,0.16824865716258586,0.06292782309046513,0.41928771200000003,0.022243923611111112,0.5714285714285714,0.42857142857142855,0.8571428571428571,0.14285714285714285,0.0,0.642573616,0.14285714285714285,0.14285714285714285,0.14285714285714285,0.0,0.0,0.14285714285714285,0.14285714285714285,0.2857142857142857,0.090909091,0.09090909100000003,0.121212121,0.39393939399999994,0.606060606,0.2857142857142857,
A259,A,Ours,proto_sw_2_3,swept,simple,9,200008,1,,,5,4,1,5,20.109256100000493,1.5165796000001137,3.9943196999993233,0.004319399999076268,0.023956100001669256,25.663669100002153,1440,170,626,1784,373,300000,0,raw_cases/A259,1,0,0,0,0,0,0.030962098696099945,0.02,0,0,0.0,1.0000000000000002,0,0.0051962186709007575,0.0028280741834859065,0,0,0.04661933801463937,0.9315312685715958,0.32621653870214157,5,1,5,1.1085367045224053,0.18475611742040088,0.06445175503953064,0.33725221099999997,0.019776818347953216,0.6,0.4,0.8,0.2,0.0,0.205882249,0.0,0.2,0.2,0.0,0.0,0.2,0.2,0.2,0.121212121,0.151515152,0.212121212,0.39393939399999994,0.606060606,0.2,
A260,A,Ours,proto_sw_2_3,swept,medium,9,200008,1,,,6,5,1,6,20.055092000002332,1.8041723999995156,3.46767170000021,0.0027006000018445775,0.03116030000091996,25.37684369999988,1440,204,282,1585,249,300000,0,raw_cases/A260,1,0,0,0,0,0,0.05447043442550274,0.02,0,0,0.0,1.0000000000000002,0,0.002441144956848503,0.0023784764467344364,0,0,0.05447043442550274,1.5064702763315934,0.3454286455302727,6,1,6,1.2764611091368832,0.18235158701955473,0.08278048677723368,0.47734135299999997,0.02058205409356725,0.5,0.5,0.8333333333333334,0.16666666666666666,0.0,0.428334059,0.16666666666666666,0.16666666666666666,0.0,0.0,0.0,0.3333333333333333,0.16666666666666666,0.16666666666666666,0.090909091,0.121212121,0.15151515175000002,0.42424242399999995,0.575757576,0.3333333333333333,
A261,A,Ours,proto_sw_2_3,swept,rich,9,200008,1,,,6,5,1,6,20.330180500001006,1.7797618999975384,4.842874899997696,0.006368300000758609,0.033118700001068646,27.01046100000167,1440,204,209,1531,726,300000,0,raw_cases/A261,1,0,0,0,0,0,0.06397552124445033,0.02,0,0,0.0,1.0000000000000002,0,0.013210451848019647,0.005982565167043342,0,0,0.06398537910034473,1.254599447233589,0.26608462496307744,6,1,6,1.4273675566345592,0.20390965094779417,0.09360179465962906,0.4519474170000001,0.024716739766081873,0.5,0.5,0.8333333333333334,0.16666666666666666,0.0,0.608223452,0.16666666666666666,0.16666666666666666,0.0,0.0,0.0,0.3333333333333333,0.16666666666666666,0.16666666666666666,0.090909091,0.106060606,0.1439393935,0.454545455,0.545454545,0.3333333333333333,
A262,A,Ours,proto_sw_2_3,expanded,simple,10,200009,1,,,6,4,3,6,19.587256399998296,1.8340337999979965,2.5249000000003434,0.005783500000688946,0.02929279999807477,23.999069299999974,1440,204,139,594,503,300000,0,raw_cases/A262,1,0,0,0,0,0,0.041958581757872995,0.02,0,0,0.0,1.0,0,0.026245280374006804,0.011206150092588461,0,0,0.041958581757872995,0.5014676599726186,0.1771817861821701,6,3,6,1.2879665521848307,0.1431073946872034,0.07124096825636973,0.339841751,0.022826434576023392,0.5,0.5,0.6666666666666666,0.16666666666666666,0.16666666666666666,0.32071769,0.16666666666666666,0.16666666666666666,0.16666666666666666,0.0,0.0,0.16666666666666666,0.0,0.3333333333333333,0.090909091,0.10606060600000002,0.18939393925,0.39393939399999994,0.606060606,0.3333333333333333,
A263,A,Ours,proto_sw_2_3,expanded,medium,10,200009,1,,,6,4,2,6,19.74754120000216,1.7509217000006174,2.1091097999997146,0.004018499999801861,0.031060099998285295,23.656595199998264,1440,204,216,735,583,300000,0,raw_cases/A263,1,0,0,0,0,0,0.03311409516819851,0.02,0,0,0.0,1.0,0,0.015715541708737298,0.0062750822320370115,0,0,0.03342875831255298,0.8150883817682686,0.2085726628543121,6,2,6,1.3031289673095823,0.16289112091369776,0.07084841395266281,0.337821072,0.023471765350877194,0.5,0.5,0.6666666666666666,0.3333333333333333,0.0,0.436921846,0.16666666666666666,0.16666666666666666,0.16666666666666666,0.0,0.0,0.16666666666666666,0.16666666666666666,0.16666666666666666,0.09848484850000003,0.136363636,0.15151515175,0.39393939399999994,0.606060606,0.16666666666666666,
A264,A,Ours,proto_sw_2_3,expanded,rich,10,200009,1,,,6,4,2,6,19.676220500001364,1.7388711999992665,9.109481600000436,0.007449799999449169,0.03210330000001704,30.583041300000332,1440,204,507,3446,1643,300000,0,raw_cases/A264,1,0,0,0,0,0,0.04422664076798889,0.02,0,0,0.0,1.0,0,0.00795152537178655,0.0038358970577093234,0,0,0.04407079354371496,1.5059147758019211,0.3391443418402187,6,2,6,1.4805410245314812,0.18506762806643517,0.08531916049467833,0.43112179200000006,0.023163377192982455,0.5,0.5,0.6666666666666666,0.3333333333333333,0.0,0.624296684,0.16666666666666666,0.3333333333333333,0.0,0.0,0.0,0.16666666666666666,0.16666666666666666,0.16666666666666666,0.0984848485,0.1212121215,0.14393939375,0.42424242399999995,0.575757576,0.3333333333333333,
A265,A,Ours,proto_sw_2_3,compact,simple,10,200009,1,,,6,4,2,6,19.58300330000202,1.8529383999994025,2.374994300000253,0.007610100001329556,0.025081499999942025,23.859916500001418,1476,204,112,651,546,300000,0,raw_cases/A265,1,0,0,0,0,0,0.040399998786665475,0.02,0,0,0.0,1.0,0,0.038421106544946876,0.01719043159753705,0,0,0.040399998786665475,1.2574247596964836,0.274763866039253,6,2,6,1.1619271985272732,0.14524089981590915,0.06762982433295336,0.32900353400000004,0.020616319444444444,0.5,0.5,0.6666666666666666,0.3333333333333333,0.0,0.309977597,0.16666666666666666,0.16666666666666666,0.16666666666666666,0.0,0.0,0.16666666666666666,0.16666666666666666,0.16666666666666666,0.09848484850000001,0.136363636,0.15151515175,0.39393939399999994,0.606060606,0.16666666666666666,
A266,A,Ours,proto_sw_2_3,compact,medium,10,200009,1,,,6,4,2,6,19.76801070000147,1.794438299999456,4.510268500001985,0.009133999999903608,0.024905199999921024,26.11960850000105,1476,204,80,1350,2979,300000,0,raw_cases/A266,1,0,0,0,0,0,0.03135038111708787,0.02,0,0,0.0,1.0,0,0.023202195215639716,0.01817440106649766,0,0,0.0313262350029377,1.1309537192263048,0.36190732699516964,6,2,6,1.436194099728155,0.1795242624660194,0.07680000412401432,0.407570483,0.02540204678362573,0.5,0.5,0.6666666666666666,0.3333333333333333,0.0,0.483185686,0.16666666666666666,0.16666666666666666,0.16666666666666666,0.0,0.0,0.16666666666666666,0.16666666666666666,0.16666666666666666,0.09848484850000001,0.121212121,0.16666666675,0.39393939399999994,0.606060606,0.16666666666666666,
A267,A,Ours,proto_sw_2_3,compact,rich,10,200009,1,,,6,4,2,6,19.77027100000123,1.889863600001263,7.353939399999945,0.005836500000441447,0.030547400001523783,29.071156800000608,1476,204,246,2417,749,300000,0,raw_cases/A267,1,0,0,0,0,0,0.04183866941842927,0.02,0,0,0.0,1.0,0,0.021442854391694133,0.008944747819829136,0,0,0.04187765117612884,1.5841570422967715,0.3307009970652766,6,2,6,1.5613976362010362,0.19517470452512953,0.10642262589820753,0.48821961700000005,0.02772637975146199,0.5,0.5,0.6666666666666666,0.3333333333333333,0.0,0.61749496,0.16666666666666666,0.16666666666666666,0.16666666666666666,0.0,0.0,0.16666666666666666,0.16666666666666666,0.16666666666666666,0.09848484850000001,0.136363636,0.15151515175,0.39393939399999994,0.606060606,0.16666666666666666,
A268,A,Ours,proto_sw_2_3,swept,simple,10,200009,1,,,6,4,2,6,19.209090799999103,1.8717157999999472,5.960051499998372,0.0065467999993416015,0.028580600002896972,27.092934799999057,1476,204,364,1566,1756,300000,0,raw_cases/A268,1,0,0,0,0,0,0.023803686546170533,0.02,0,0,0.0,0.9999999999999999,0,0.023393232515908368,0.01233066629382173,0,0,0.04266552787984599,0.9393040679423629,0.2930549867488962,6,2,6,1.1597958456974675,0.14497448071218344,0.0801259258052503,0.2786191859999999,0.0161218475877193,0.5,0.5,0.6666666666666666,0.3333333333333333,0.0,0.326245787,0.0,0.3333333333333333,0.0,0.0,0.0,0.16666666666666666,0.16666666666666666,0.3333333333333333,0.090909091,0.106060606,0.16666666675,0.42424242399999995,0.575757576,0.3333333333333333,
A269,A,Ours,proto_sw_2_3,swept,medium,10,200009,1,,,6,4,2,6,19.19124699999884,1.8489009000004444,7.066159300000436,0.0105321000010008,0.026997100001608487,28.159442899999704,1476,204,517,2453,4328,300000,0,raw_cases/A269,1,0,0,0,0,0,0.03695763535824392,0.02,0,0,0.0,0.9999999999999999,0,0.05524357838030709,0.019252870534616214,0,0,0.036967116963221185,1.159659767744845,0.3445727810403458,6,2,6,1.3208064185247281,0.165100802315591,0.07352994897063081,0.465080457,0.02254660087719298,0.5,0.5,0.6666666666666666,0.3333333333333333,0.0,0.484905898,0.16666666666666666,0.3333333333333333,0.0,0.0,0.0,0.16666666666666666,0.16666666666666666,0.16666666666666666,0.090909091,0.106060606,0.16666666675,0.42424242399999995,0.575757576,0.3333333333333333,
A270,A,Ours,proto_sw_2_3,swept,rich,10,200009,1,,,6,4,2,6,19.42865229999734,1.8195049000023573,1.968619299997954,0.005426100000477163,0.025086499997996725,23.261878699999215,1476,204,0,685,1419,300000,0,raw_cases/A270,1,0,0,0,0,0,0.04460552257745232,0.02,0,0,0.0,0.9999999999999999,0,0.02002119382342104,0.008092073786540978,0,0,0.04474204693520005,0.7209514869038222,0.22487012581269847,6,2,6,1.4722691057571693,0.18403363821964613,0.08664268144584873,0.44365325099999997,0.023654513888888888,0.5,0.5,0.6666666666666666,0.3333333333333333,0.0,0.646373536,0.16666666666666666,0.3333333333333333,0.0,0.0,0.0,0.16666666666666666,0.16666666666666666,0.16666666666666666,0.0984848485,0.121212121,0.12121212175000001,0.45454545399999996,0.545454546,0.3333333333333333,
A271,A,Ours,proto_sw_3_1,expanded,simple,1,200000,1,,,5,3,2,5,10.345763600002101,1.459812500001135,1.3753735999998753,0.005444499998702668,0.027382799999031704,13.231078500000876,1299,125,0,177,310,300000,0,raw_cases/A271,1,0,0,0,0,0,0.13618634572557434,0.020067678,0,0,0.0,0.9999999999999999,0,0.004281495978519564,0.002836661889481895,0,0,0.13618634572557434,0.2926153824715354,0.1458812067542556,5,2,5,1.3432519156214289,0.19189313080306128,0.09624768683280376,0.7701085380000001,0.021290204678362575,0.6,0.4,0.6,0.4,0.0,0.172437548,0.2,0.2,0.0,0.2,0.2,0.2,0.0,0.0,0.121212121,0.15151515099999996,0.272727273,0.363636364,0.636363636,0.2,
A272,A,Ours,proto_sw_3_1,expanded,medium,1,200000,1,,,5,3,2,5,10.402004800002032,1.3830511999985902,4.366637700000865,0.0031816999980947003,0.029504300000553485,16.19764739999664,1299,125,0,650,478,300000,0,raw_cases/A272,1,0,0,0,0,0,0.10216242050181239,0.020067678,0,0,0.0,0.9999999999999999,0,0.023126102690643014,0.016651105305466502,0,0,0.10221554331244424,0.4365095910238028,0.17419093244155556,5,2,5,1.5983011690558582,0.22832873843655116,0.10023535272759497,0.8523699320000001,0.027577896564327485,0.6,0.4,0.6,0.4,0.0,0.386653151,0.2,0.2,0.0,0.2,0.2,0.2,0.0,0.0,0.090909091,0.18181818199999994,0.272727272,0.363636364,0.636363636,0.2,
A273,A,Ours,proto_sw_3_1,expanded,rich,1,200000,1,,,6,4,3,6,10.528435100000934,1.6566029000023264,7.327320500000496,0.005936699999438133,0.027346000002580695,19.56091910000032,1299,150,0,1905,636,300000,0,raw_cases/A273,1,0,0,0,0,0,0.09886580401205222,0.020067678,0,0,0.0,0.9999999999999999,0,0.04045250893276338,0.014140810397371499,0,0,0.10221554331244424,1.0435822048142718,0.333312053534778,6,3,6,1.9737524065973076,0.21930582295525639,0.10963588292521993,0.900599091,0.033825612207602336,0.5,0.5,0.6666666666666666,0.16666666666666666,0.16666666666666666,0.645172054,0.16666666666666666,0.16666666666666666,0.16666666666666666,0.16666666666666666,0.16666666666666666,0.16666666666666666,0.0,0.0,0.090909091,0.136363636,0.18181818174999997,0.363636364,0.636363636,0.16666666666666666,
A274,A,Ours,proto_sw_3_1,compact,simple,1,200000,1,,,6,4,3,6,14.73834160000115,1.725035499999649,5.444669799999247,0.013187000000471016,0.031720999999379274,21.96798149999813,1218,150,663,1188,614,300000,0,raw_cases/A274,1,0,0,0,0,0,0.07531270389855585,0.020067678,0,0,0.0,1.0000000000000002,0,0.004257094499687733,0.0017481205531780467,0,0,0.07627411273921426,0.9395169383011177,0.4430427119689258,6,3,6,1.3576733363453326,0.15085259292725917,0.06444255502480528,0.564888916,0.0239172149122807,0.5,0.5,0.6666666666666666,0.16666666666666666,0.16666666666666666,0.29335325,0.16666666666666666,0.16666666666666666,0.16666666666666666,0.16666666666666666,0.0,0.3333333333333333,0.0,0.0,0.090909091,0.121212121,0.21969697000000005,0.333333334,0.666666666,0.3333333333333333,
A275,A,Ours,proto_sw_3_1,compact,medium,1,200000,1,,,6,4,3,6,14.712229000000661,1.7014467999979388,4.760818599999766,0.004810900001757545,0.03175849999752245,21.24007200000051,1218,150,525,1299,253,300000,0,raw_cases/A275,1,0,0,0,0,0,0.0830989595056982,0.020067678,0,0,0.0,1.0000000000000002,0,0.03867396690955592,0.008823832344128838,0,0,0.08313557803881312,0.879457948382628,0.33473133487843626,6,3,6,1.6455056161921664,0.18283395735468516,0.08820935062575458,0.633547148,0.02594458150584795,0.5,0.5,0.6666666666666666,0.16666666666666666,0.16666666666666666,0.414867279,0.16666666666666666,0.16666666666666666,0.16666666666666666,0.16666666666666666,0.0,0.16666666666666666,0.16666666666666666,0.0,0.0984848485,0.136363636,0.21969697000000005,0.3030303029999999,0.6969696970000001,0.16666666666666666,
A276,A,Ours,proto_sw_3_1,compact,rich,1,200000,1,,,6,4,2,6,14.612379099999089,1.7745747999979358,7.525026100000105,0.007843599996704143,0.03408999999737716,23.971438399999897,1218,150,341,2155,1140,300000,0,raw_cases/A276,1,0,0,0,0,0,0.03638736535871616,0.020067678,0,0,0.0,1.0000000000000002,0,0.033324597211983276,0.012604604394087985,0,0,0.036244552698617136,1.3364292702614906,0.33473133487843626,6,2,6,2.0064139259044484,0.25080174073805606,0.09625358269025905,0.64562584,0.03457373903508772,0.5,0.5,0.6666666666666666,0.3333333333333333,0.0,0.681694884,0.16666666666666666,0.16666666666666666,0.3333333333333333,0.16666666666666666,0.0,0.16666666666666666,0.0,0.0,0.090909091,0.090909091,0.22727272749999994,0.363636364,0.636363636,0.3333333333333333,
A277,A,Ours,proto_sw_3_1,swept,simple,1,200000,1,,,5,3,3,5,15.254700699999376,1.4509079999988899,4.203771600001346,0.014857400001346832,0.03198560000237194,20.974003899998934,1254,125,275,1050,6168,300000,0,raw_cases/A277,1,0,0,0,0,0,0.09229371880464383,0.020067678,0,0,0.0,1.0,0,0.012651393295766002,0.004818204787681015,0,0,0.09230519948593095,0.5169496187510482,0.19014718397284028,5,3,5,1.5174131205106094,0.18967664006382617,0.08788696011916843,0.7056747480000001,0.026475694444444444,0.6,0.4,0.6,0.2,0.2,0.222611011,0.2,0.2,0.2,0.2,0.0,0.2,0.0,0.0,0.090909091,0.15151515100000001,0.33333333299999995,0.333333334,0.666666666,0.2,
A278,A,Ours,proto_sw_3_1,swept,medium,1,200000,1,,,6,4,2,6,15.154258600003232,1.7020983999973396,3.6477646000021196,0.004203499996947357,0.032555500001762994,20.554402499998105,1254,150,15,620,1056,300000,0,raw_cases/A278,1,0,0,0,0,0,0.05121012331901609,0.020067678,0,0,0.0,1.0,0,0.011903320875114608,0.007667079477808249,0,0,0.05121029336690681,1.1875385834900298,0.5002350193400144,6,2,6,1.5488721922090534,0.19360902402613167,0.08823455240335633,0.5350507959999999,0.026972542032163743,0.5,0.5,0.6666666666666666,0.3333333333333333,0.0,0.410825093,0.16666666666666666,0.16666666666666666,0.3333333333333333,0.16666666666666666,0.0,0.16666666666666666,0.0,0.0,0.090909091,0.090909091,0.22727272749999994,0.363636364,0.636363636,0.3333333333333333,
A279,A,Ours,proto_sw_3_1,swept,rich,1,200000,1,,,6,4,2,6,15.089644599996973,1.6886492999983602,6.184419599998364,0.005532800001674332,0.034421099997416604,23.019869499999913,1254,150,343,1874,203,300000,0,raw_cases/A279,1,0,0,0,0,0,0.03718802484057394,0.020067678,0,0,0.0,1.0,0,0.025909136720058016,0.014293505231821218,0,0,0.03692795176410868,1.4623036905195945,0.3310177423471191,6,2,6,2.0013669098821176,0.25017086373526476,0.09967120205271904,0.5937028390000001,0.03485357273391813,0.5,0.5,0.6666666666666666,0.3333333333333333,0.0,0.625176593,0.16666666666666666,0.16666666666666666,0.3333333333333333,0.16666666666666666,0.0,0.16666666666666666,0.0,0.0,0.090909091,0.090909091,0.22727272749999994,0.363636364,0.636363636,0.3333333333333333,
A280,A,Ours,proto_sw_3_1,expanded,simple,2,200001,1,,,5,4,1,5,9.562588000000687,1.4168271999988065,1.0246344000006502,0.002496400000381982,0.02642339999874821,12.051872800002457,1366,125,24,326,132,300000,0,raw_cases/A280,1,0,0,0,0,0,0.06780937643544052,0.020067678,0,0,0.0,1.0000000000000002,0,0.022650150609574704,0.022313528622939505,0,0,0.06794882621948221,0.6877508805641942,0.2414077706998282,5,1,5,1.4113383791685277,0.2352230631947546,0.0948398641661552,0.677373185,0.023871527777777776,0.4,0.6,0.8,0.2,0.0,0.260095624,0.2,0.2,0.0,0.2,0.0,0.4,0.0,0.0,0.12121212199999999,0.18181818200000005,0.24242424199999998,0.363636363,0.636363637,0.4,
A281,A,Ours,proto_sw_3_1,expanded,medium,2,200001,1,,,6,5,1,6,9.666462899996986,1.670922299999802,4.5194453000003705,0.008655199999338947,0.028819699997256976,15.90758089999872,1366,150,218,1231,208,300000,0,raw_cases/A281,1,0,0,0,0,0,0.07735697006076393,0.020067678,0,0,0.0,1.0000000000000002,0,0.03801930959475011,0.018088571657630465,0,0,0.077349189105919,1.3479547941654104,0.4153706484420255,6,1,6,1.4452805256032566,0.20646864651475094,0.09790671440426497,0.633808427,0.022363852339181287,0.5,0.5,0.8333333333333334,0.16666666666666666,0.0,0.418840486,0.16666666666666666,0.3333333333333333,0.0,0.16666666666666666,0.0,0.3333333333333333,0.0,0.0,0.090909091,0.13636363650000002,0.227272727,0.303030303,0.696969697,0.3333333333333333,
A282,A,Ours,proto_sw_3_1,expanded,rich,2,200001,1,,,6,5,1,6,9.679056799999671,1.757184199999756,3.13913329999923,0.004928999998810468,0.02896840000175871,14.624381300000096,1366,150,34,533,235,300000,0,raw_cases/A282,1,0,0,0,0,0,0.11571678561710358,0.020067678,0,0,0.0,1.0000000000000002,0,0.013827389607145473,0.004058016957719207,0,0,0.1158955948375231,1.0011233415404055,0.2890431468282184,6,1,6,1.6083170821186874,0.22975958315981249,0.10684248449498836,0.7973394390000001,0.025196454678362575,0.5,0.5,0.8333333333333334,0.16666666666666666,0.0,0.53139995,0.16666666666666666,0.3333333333333333,0.0,0.16666666666666666,0.0,0.3333333333333333,0.0,0.0,0.090909091,0.13636363650000002,0.227272727,0.303030303,0.696969697,0.3333333333333333,
A283,A,Ours,proto_sw_3_1,compact,simple,2,200001,1,,,6,5,1,6,13.300030399997922,1.7148969000008947,6.381212100000994,0.003770399998757057,0.029466200001479592,21.446372499998688,1260,150,42,820,200,300000,0,raw_cases/A283,1,0,0,0,0,0,0.09211578038870463,0.020067678,0,0,0.0,1.0,0,0.0354414424849831,0.018766935276816055,0,0,0.09213024565688872,0.41902586257088154,0.15536347326430178,6,1,6,1.2730110338039156,0.18185871911484508,0.08044779614375856,0.742678116,0.02288925438596491,0.5,0.5,0.8333333333333334,0.16666666666666666,0.0,0.30509759,0.16666666666666666,0.3333333333333333,0.16666666666666666,0.16666666666666666,0.0,0.16666666666666666,0.0,0.0,0.090909091,0.10606060600000002,0.23484848425000002,0.333333334,0.666666666,0.3333333333333333,
A284,A,Ours,proto_sw_3_1,compact,medium,2,200001,1,,,6,5,2,6,13.18098060000193,1.737206599998899,5.088323500000115,0.002668200002517551,0.033174700001836754,20.061079099999915,1260,150,348,1029,219,300000,0,raw_cases/A284,1,0,0,0,0,0,0.050908455494398784,0.020067678,0,0,0.0,1.0,0,0.0381466811068807,0.020080288507890547,0,0,0.05090546181523241,1.24560123907595,0.35437723867738624,6,2,6,1.5630267859880633,0.19537834824850792,0.0891032239549118,0.615139089,0.025059393274853802,0.5,0.5,0.8333333333333334,0.0,0.16666666666666666,0.377375477,0.16666666666666666,0.3333333333333333,0.16666666666666666,0.16666666666666666,0.0,0.16666666666666666,0.0,0.0,0.090909091,0.10606060600000002,0.2575757575,0.303030303,0.696969697,0.3333333333333333,
A285,A,Ours,proto_sw_3_1,compact,rich,2,200001,1,,,6,5,1,6,13.118845099997998,1.6820392000008724,4.552511600002617,0.005108999997901265,0.027164499999344116,19.402401699997426,1260,150,288,1324,339,300000,0,raw_cases/A285,1,0,0,0,0,0,0.0345826240099508,0.020067678,0,0,0.0,1.0,0,0.0035944585197496873,0.002797079291569192,0,0,0.03459232903973125,1.9397395155316446,0.4098702638202612,6,1,6,1.965985413997233,0.28085505914246184,0.11927407617588341,0.7558614320000001,0.033557200292397664,0.5,0.5,0.8333333333333334,0.16666666666666666,0.0,0.707881092,0.16666666666666666,0.16666666666666666,0.3333333333333333,0.16666666666666666,0.0,0.16666666666666666,0.0,0.0,0.09090909100000001,0.10606060600000003,0.2575757575,0.303030303,0.696969697,0.3333333333333333,
A286,A,Ours,proto_sw_3_1,swept,simple,2,200001,1,,,6,5,1,6,14.457159499997942,1.6893438000006427,4.781491399997321,0.002545899998949608,0.024367400001210626,20.97118000000046,1319,150,183,1052,156,300000,0,raw_cases/A286,1,0,0,0,0,0,0.05165108808288487,0.020067678,0,0,0.0,1.0000000000000002,0,0.0015827942640946353,0.0012116498540807466,0,0,0.05165108808288487,1.7427614014151536,0.4652286488702037,6,1,6,1.44070899326502,0.20581557046643145,0.06578465843505242,0.65235963,0.02465391995614035,0.5,0.5,0.8333333333333334,0.16666666666666666,0.0,0.366967444,0.16666666666666666,0.16666666666666666,0.16666666666666666,0.16666666666666666,0.0,0.16666666666666666,0.16666666666666666,0.0,0.09848484874999999,0.121212122,0.212121212,0.333333333,0.666666667,0.16666666666666666,
A287,A,Ours,proto_sw_3_1,swept,medium,2,200001,1,,,6,5,1,6,14.515493200000492,1.7788680999983626,5.840575000001991,0.003188300001056632,0.025783000000956235,22.177112399996986,1319,150,305,1598,174,300000,0,raw_cases/A287,1,0,0,0,0,0,0.06992859787162801,0.020067678,0,0,0.0,1.0000000000000002,0,0.005562397220933294,0.0054868091650948705,0,0,0.07004266377595401,1.6047300253458479,0.5076626340949592,6,1,6,1.3864700419492824,0.19806714884989748,0.07419084849698884,0.591130206,0.023711622807017545,0.5,0.5,0.8333333333333334,0.16666666666666666,0.0,0.425044398,0.16666666666666666,0.16666666666666666,0.16666666666666666,0.16666666666666666,0.0,0.16666666666666666,0.16666666666666666,0.0,0.0984848485,0.12121212150000002,0.212121212,0.333333333,0.666666667,0.16666666666666666,
A288,A,Ours,proto_sw_3_1,swept,rich,2,200001,1,,,7,6,1,7,14.44682770000145,1.9958478000007744,6.5874938999986625,0.004669199999625562,0.025280499998189043,23.07391009999992,1319,175,411,1331,1465,300000,0,raw_cases/A288,1,0,0,0,0,0,0.031820132957653076,0.020067678,0,0,0.0,1.0000000000000002,0,0.03739454486315855,0.01809597576968716,0,0,0.031839850594915974,1.6143301561939747,0.4519086379348487,7,1,7,1.6882561755165333,0.2110320219395667,0.07850326887055425,0.7987147030000001,0.028143274853801168,0.5714285714285714,0.42857142857142855,0.8571428571428571,0.14285714285714285,0.0,0.654930238,0.14285714285714285,0.2857142857142857,0.14285714285714285,0.14285714285714285,0.0,0.14285714285714285,0.14285714285714285,0.0,0.090909091,0.090909091,0.18181818200000002,0.272727273,0.727272727,0.2857142857142857,
A289,A,Ours,proto_sw_3_1,expanded,simple,3,200002,1,,,5,3,2,5,8.730520299999625,1.4380739999978687,3.5533059000008507,0.00903929999913089,0.02642530000230181,13.773944099997607,1299,125,83,706,2043,300000,0,raw_cases/A289,1,0,0,0,0,0,0.09544390749297348,0.020067678,0,0,0.0,1.0,0,0.011627143758519216,0.0047785402239570625,0,0,0.09544390749297348,0.7299970455773568,0.34444646542004875,5,2,5,1.3702389230816105,0.19574841758308723,0.09984776876164002,0.738932366,0.02332328216374269,0.4,0.6,0.6,0.4,0.0,0.165438292,0.2,0.2,0.0,0.2,0.2,0.2,0.0,0.0,0.121212121,0.18181818199999994,0.18181818200000002,0.393939394,0.606060606,0.2,
A290,A,Ours,proto_sw_3_1,expanded,medium,3,200002,1,,,6,4,2,6,8.410312500000146,1.7157196000007389,2.386158900000737,0.004005800001323223,0.030249499999627005,12.561131499998737,1299,150,336,878,1534,300000,0,raw_cases/A290,1,0,0,0,0,0,0.056985229125215205,0.020067678,0,0,0.0,1.0,0,0.04782172854289265,0.013205039493092582,0,0,0.057413683242372525,1.2619839358891267,0.29050008930629395,6,2,6,1.771520639862333,0.22144007998279164,0.07405577448114509,0.6920585770000001,0.031090095029239765,0.5,0.5,0.6666666666666666,0.3333333333333333,0.0,0.533038987,0.16666666666666666,0.3333333333333333,0.0,0.16666666666666666,0.16666666666666666,0.16666666666666666,0.0,0.0,0.09848484849999999,0.12121212099999998,0.21212121250000002,0.333333333,0.666666667,0.3333333333333333,
A291,A,Ours,proto_sw_3_1,expanded,rich,3,200002,1,,,6,4,2,6,8.656387299997732,1.7114595999992162,2.3833214000005682,0.005224700002145255,0.0327930000021297,12.803165999997873,1299,150,336,878,1534,300000,0,raw_cases/A291,1,0,0,0,0,0,0.056985229125215205,0.020067678,0,0,0.0,1.0,0,0.04782172854289265,0.013205039493092582,0,0,0.057413683242372525,1.2619839358891267,0.29050008930629395,6,2,6,1.771520639862333,0.22144007998279164,0.07405577448114509,0.6920585770000001,0.031090095029239765,0.5,0.5,0.6666666666666666,0.3333333333333333,0.0,0.533038987,0.16666666666666666,0.3333333333333333,0.0,0.16666666666666666,0.16666666666666666,0.16666666666666666,0.0,0.0,0.09848484849999999,0.12121212099999998,0.21212121250000002,0.333333333,0.666666667,0.3333333333333333,
A292,A,Ours,proto_sw_3_1,compact,simple,3,200002,1,,,5,3,3,5,12.290229700000054,1.40009690000079,1.7827393999978085,0.0031669000018155202,0.025892099998600315,15.516763999999966,1256,125,178,644,391,300000,0,raw_cases/A292,1,0,0,0,0,0,0.07313305799380329,0.020067678,0,0,0.0,1.0,0,0.03092695021861077,0.01723927066355702,0,0,0.07331341698601493,0.9610950415097441,0.2101766446575979,5,3,5,1.5610855461717936,0.19513569327147423,0.09713406932079878,0.642641691,0.026487116228070175,0.6,0.4,0.6,0.2,0.2,0.255202049,0.2,0.2,0.2,0.2,0.0,0.0,0.2,0.0,0.09090909100000005,0.121212121,0.33333333299999995,0.363636364,0.636363636,0.2,
A293,A,Ours,proto_sw_3_1,compact,medium,3,200002,1,,,6,4,2,6,12.339458300000842,1.720991199999844,5.348729800000001,0.006433999998989748,0.02758209999956307,19.46105549999993,1256,150,55,979,1087,300000,0,raw_cases/A293,1,0,0,0,0,0,0.1042522643538422,0.020067678,0,0,0.0,1.0,0,0.013543651681333825,0.012893477313948397,0,0,0.1042522643538422,0.6423098589575178,0.2609246571770776,6,2,6,1.4664907974583998,0.18331134968229998,0.07942223894014022,0.8310080099999999,0.02500799524853801,0.5,0.5,0.6666666666666666,0.3333333333333333,0.0,0.433192442,0.16666666666666666,0.16666666666666666,0.16666666666666666,0.16666666666666666,0.0,0.16666666666666666,0.16666666666666666,0.0,0.09090909100000001,0.12121212100000002,0.24242424249999994,0.303030303,0.696969697,0.16666666666666666,
A294,A,Ours,proto_sw_3_1,compact,rich,3,200002,1,,,6,4,3,6,12.301088799998979,1.7171588000019256,5.5650191999993694,0.013920699999289354,0.03698150000127498,19.654327600001125,1256,150,414,1690,8574,300000,0,raw_cases/A294,1,0,0,0,0,0,0.056082650935103985,0.020067678,0,0,0.0,1.0,0,0.06465288701140112,0.029433139286675652,0,0,0.09165121666864454,1.6797918141564643,0.3407734657423754,6,3,6,2.042546409747969,0.22694960108310772,0.12009882003468556,0.8310080099999999,0.03290615862573099,0.5,0.5,0.6666666666666666,0.16666666666666666,0.16666666666666666,0.588443928,0.16666666666666666,0.16666666666666666,0.16666666666666666,0.16666666666666666,0.0,0.16666666666666666,0.16666666666666666,0.0,0.09848484850000003,0.12121212099999998,0.23484848499999994,0.303030303,0.696969697,0.16666666666666666,
A295,A,Ours,proto_sw_3_1,swept,simple,3,200002,1,,,6,4,2,6,12.603523300000234,1.6614082000014605,2.884292300001107,0.004332399999839254,0.028754499999195104,17.201498599999468,1284,150,290,662,2021,300000,0,raw_cases/A295,1,0,0,0,0,0,0.03821082266566844,0.020067678,0,0,0.0,0.9999999999999998,0,0.008613656076147612,0.004544439960601526,0,0,0.0383125460665633,0.948411991017093,0.49287657899322096,6,2,6,1.4455393431656616,0.18069241789570767,0.0598107221956306,0.631024113,0.02520216557017544,0.5,0.5,0.6666666666666666,0.3333333333333333,0.0,0.337420821,0.16666666666666666,0.16666666666666666,0.16666666666666666,0.16666666666666666,0.0,0.16666666666666666,0.16666666666666666,0.0,0.090909091,0.12121212100000003,0.21969696999999994,0.333333334,0.666666666,0.16666666666666666,
A296,A,Ours,proto_sw_3_1,swept,medium,3,200002,1,,,6,4,3,6,12.632973100000527,1.769251699999586,4.149804299999232,0.0076509999998961575,0.02851820000068983,18.60401980000097,1284,150,140,1077,3740,300000,0,raw_cases/A296,1,0,0,0,0,0,0.09619679128480871,0.020067678,0,0,0.0,0.9999999999999998,0,0.056826903181251436,0.021247019538893488,0,0,0.11176335259550939,1.4391296109319411,0.3436672124406113,6,3,6,1.5633129080111527,0.17370143422346138,0.07394270209603955,0.615724331,0.025830363669590642,0.5,0.5,0.6666666666666666,0.16666666666666666,0.16666666666666666,0.424117634,0.16666666666666666,0.16666666666666666,0.16666666666666666,0.16666666666666666,0.0,0.16666666666666666,0.16666666666666666,0.0,0.090909091,0.10606060600000003,0.21212121249999993,0.363636364,0.636363636,0.16666666666666666,
A297,A,Ours,proto_sw_3_1,swept,rich,3,200002,1,,,6,4,2,6,12.763766000000032,1.6897237000011955,4.278106300000218,0.0033634999999776483,0.0301833000012266,18.77841510000144,1284,150,294,1188,1530,300000,0,raw_cases/A297,1,0,0,0,0,0,0.04479734359649111,0.020067678,0,0,0.0,0.9999999999999998,0,0.026633895032673875,0.019057482925353447,0,0,0.04479734359649111,1.988759096418006,0.4830296595874754,6,2,6,1.8740309637699197,0.23425387047123994,0.0851600141339589,0.6882511920000001,0.027903417397660817,0.5,0.5,0.6666666666666666,0.3333333333333333,0.0,0.570638055,0.16666666666666666,0.3333333333333333,0.0,0.16666666666666666,0.0,0.16666666666666666,0.16666666666666666,0.0,0.090909091,0.1363636365,0.22727272774999996,0.303030303,0.696969697,0.3333333333333333,
A298,A,Ours,proto_sw_3_1,expanded,simple,4,200003,1,,,5,3,2,5,9.816549700000905,1.4946464000022388,3.3440900999994483,0.005394900003011571,0.028052199999365257,14.701981099999102,1360,125,20,758,1313,300000,0,raw_cases/A298,1,0,0,0,0,0,0.05918907801202816,0.020067678,0,0,0.0,1.0000000000000002,0,0.03483686936674993,0.012852795082013327,0,0,0.05918907801202816,0.948107861030546,0.498856417740327,5,2,5,1.408737285593611,0.20124818365623015,0.08820412450890473,0.7133016400000001,0.0248937774122807,0.6,0.4,0.6,0.4,0.0,0.232108534,0.2,0.2,0.0,0.2,0.2,0.2,0.0,0.0,0.12121212200000003,0.1818181809999999,0.242424242,0.363636364,0.636363636,0.2,
A299,A,Ours,proto_sw_3_1,expanded,medium,4,200003,1,,,6,4,2,6,10.007545899999968,1.6929384999966715,5.491760799999611,0.007797300000675023,0.029095300000335556,17.247902499999327,1360,150,286,1002,2467,300000,0,raw_cases/A299,1,0,0,0,0,0,0.05918907801202816,0.020067678,0,0,0.0,1.0000000000000002,0,0.004309970408971914,0.0015332376723420334,0,0,0.05918907801202816,1.0853046951858567,0.498856417740327,6,2,6,1.4811034439107529,0.18513793048884408,0.0753785474623767,0.756854165,0.02631578947368421,0.5,0.5,0.6666666666666666,0.3333333333333333,0.0,0.394342531,0.3333333333333333,0.16666666666666666,0.0,0.16666666666666666,0.16666666666666666,0.16666666666666666,0.0,0.0,0.09848484875000002,0.15151515149999997,0.20454545424999998,0.303030303,0.696969697,0.3333333333333333,
A300,A,Ours,proto_sw_3_1,expanded,rich,4,200003,1,,,6,4,2,6,10.06436389999726,1.7624567999991996,1.5700629999992088,0.0026921000026050024,0.0282839999999851,13.442113000000973,1360,150,413,723,277,300000,0,raw_cases/A300,1,0,0,0,0,0,0.04392813399748645,0.020067678,0,0,0.0,1.0000000000000002,0,0.04123616540180666,0.014946886262412992,0,0,0.04397540981362297,1.848373451113687,0.4299919819261507,6,2,6,2.1329132766982575,0.2666141595872822,0.10158188076363253,0.69285895,0.02938253837719298,0.5,0.5,0.6666666666666666,0.3333333333333333,0.0,0.706324648,0.16666666666666666,0.16666666666666666,0.0,0.16666666666666666,0.16666666666666666,0.16666666666666666,0.0,0.16666666666666666,0.12121212125000001,0.15151515149999997,0.20454545424999998,0.272727273,0.727272727,0.16666666666666666,
A301,A,Ours,proto_sw_3_1,compact,simple,4,200003,1,,,5,3,3,5,9.379182100001344,1.3937738999993599,4.845248100002209,0.004638700000214158,0.028630100001464598,15.669803500000853,1366,125,505,790,429,300000,0,raw_cases/A301,1,0,0,0,0,0,0.08135419792252624,0.020067678,0,0,0.0,1.0000000000000002,0,0.030695826339280446,0.015335183061639049,0,0,0.08146913509524577,0.8718046250973076,0.4215153817718582,5,3,5,1.624105732545534,0.2030132165681917,0.1174193945556592,0.8415889499999999,0.026841191520467836,0.4,0.6,0.6,0.2,0.2,0.261097273,0.2,0.2,0.0,0.2,0.0,0.4,0.0,0.0,0.09090909100000001,0.212121212,0.24242424300000004,0.3636363629999999,0.6363636370000001,0.4,
A302,A,Ours,proto_sw_3_1,compact,medium,4,200003,1,,,6,4,2,6,9.552179300000716,1.7155654999987746,9.70540770000298,0.008938599999964936,0.03427499999816064,21.03144170000087,1366,150,908,2055,2500,300000,0,raw_cases/A302,1,0,0,0,0,0,0.035381808550647896,0.020067678,0,0,0.0,1.0000000000000002,0,0.026797080296057398,0.0099265307382587,0,0,0.035412377568752346,1.4310062806368478,0.4609869494778649,6,2,6,1.624396521765543,0.20304956522069284,0.11135690631324441,0.8391120120000001,0.025510553728070175,0.5,0.5,0.6666666666666666,0.3333333333333333,0.0,0.409180904,0.3333333333333333,0.16666666666666666,0.0,0.16666666666666666,0.0,0.16666666666666666,0.16666666666666666,0.0,0.09848484850000001,0.1666666665,0.23484848449999993,0.24242424300000004,0.7575757569999999,0.3333333333333333,
A303,A,Ours,proto_sw_3_1,compact,rich,4,200003,1,,,6,4,2,6,9.32835850000265,1.7284032000025036,6.470168399999238,0.005448299998533912,0.03222019999884651,17.57892290000018,1366,150,675,1771,1424,300000,0,raw_cases/A303,1,0,0,0,0,0,0.06686469782966117,0.020067678,0,0,0.0,1.0000000000000002,0,0.008458384974029235,0.0064614449150342534,0,0,0.06687844491023807,1.6075366000104778,0.32277715978367744,6,2,6,1.774218910394305,0.22177736379928809,0.09166215089950122,0.7236396070000001,0.025676169590643276,0.5,0.5,0.6666666666666666,0.3333333333333333,0.0,0.594657802,0.16666666666666666,0.16666666666666666,0.0,0.16666666666666666,0.0,0.16666666666666666,0.16666666666666666,0.16666666666666666,0.121212121,0.16666666649999995,0.21212121199999998,0.24242424300000004,0.7575757569999999,0.16666666666666666,
A304,A,Ours,proto_sw_3_1,swept,simple,4,200003,1,,,5,3,2,5,9.435810199996922,1.4332182999969518,4.276385400000436,0.005357599999115337,0.02790590000222437,15.194448300000658,1334,125,258,820,226,300000,0,raw_cases/A304,1,0,0,0,0,0,0.09676292087446442,0.020067678,0,0,0.0,1.0000000000000002,0,0.014275717086039814,0.011927441235233918,0,0,0.10059778941436556,0.4858872807024149,0.29805271629283697,5,2,5,1.2439782139199607,0.17771117341713724,0.09569146700355081,0.8318770799999999,0.022044042397660817,0.4,0.6,0.6,0.4,0.0,0.209005977,0.4,0.2,0.0,0.2,0.0,0.2,0.0,0.0,0.09090909100000001,0.24242424299999998,0.27272727199999997,0.303030303,0.696969697,0.4,
A305,A,Ours,proto_sw_3_1,swept,medium,4,200003,1,,,6,4,3,6,9.257810600000084,1.6622238000018115,2.7819681000000855,0.0064272999989043456,0.037403300000733,13.771792200001073,1334,150,181,597,2245,300000,0,raw_cases/A305,1,0,0,0,0,0,0.028842152092015818,0.020067678,0,0,0.0,1.0000000000000002,0,0.03906147782172346,0.020040001068304104,0,0,0.07324474750844648,1.647999768287892,0.5365544529713447,6,3,6,1.5195318968990565,0.16883687743322853,0.0789926393940286,0.679652221,0.02509936951754386,0.5,0.5,0.6666666666666666,0.16666666666666666,0.16666666666666666,0.516346272,0.3333333333333333,0.16666666666666666,0.0,0.16666666666666666,0.0,0.16666666666666666,0.16666666666666666,0.0,0.09090909100000004,0.15151515150000006,0.23484848449999993,0.27272727299999994,0.7272727270000001,0.3333333333333333,
A306,A,Ours,proto_sw_3_1,swept,rich,4,200003,1,,,6,4,2,6,9.20984849999877,1.6905298999990919,3.6413217000008444,0.004514200001722202,0.025415899999643443,14.58580129999973,1334,150,159,600,242,300000,0,raw_cases/A306,1,0,0,0,0,0,0.07322251201561554,0.020067678,0,0,0.0,1.0000000000000002,0,0.02063012087931127,0.009966926673006533,0,0,0.07324474750844648,1.8248763644065455,0.5365544529713447,6,2,6,1.6184320421441332,0.20230400526801665,0.10494622683504873,0.7865450109999998,0.026926854897660817,0.5,0.5,0.6666666666666666,0.3333333333333333,0.0,0.540868056,0.3333333333333333,0.16666666666666666,0.0,0.16666666666666666,0.0,0.16666666666666666,0.16666666666666666,0.0,0.09090909100000004,0.15151515150000006,0.23484848449999993,0.27272727299999994,0.7272727270000001,0.3333333333333333,
A307,A,Ours,proto_sw_3_1,expanded,simple,5,200004,1,,,5,3,2,5,10.628010899999936,1.3515968000028806,4.624816200001078,0.0034793999984685797,0.025125000000116415,16.64595349999945,1354,125,138,1259,241,300000,0,raw_cases/A307,1,0,0,0,0,0,0.10829417520856946,0.020067678,0,0,0.0,1.0,0,0.04343514210287297,0.01725130552192383,0,0,0.10831398665468261,0.32608296817755733,0.19789073319500475,5,2,5,1.5557044681592767,0.22224349545132524,0.1176751130127962,0.815020041,0.026133040935672515,0.4,0.6,0.6,0.4,0.0,0.320512289,0.4,0.2,0.0,0.2,0.0,0.2,0.0,0.0,0.121212121,0.212121212,0.272727273,0.303030303,0.696969697,0.4,
A308,A,Ours,proto_sw_3_1,expanded,medium,5,200004,1,,,5,3,2,5,10.66945990000022,1.4171625999988464,6.273531599999842,0.006114600000728387,0.027506399997946573,18.412959199999023,1354,125,126,1029,799,300000,0,raw_cases/A308,1,0,0,0,0,0,0.07882852600733405,0.020067678,0,0,0.0,1.0,0,0.009039005340288222,0.003708949204407254,0,0,0.0789804373964833,0.6924850405413072,0.41974188679519236,5,2,5,1.7708260588015947,0.2529751512573707,0.14288834001172787,0.945329909,0.030496162280701754,0.4,0.6,0.6,0.4,0.0,0.486676304,0.4,0.2,0.0,0.2,0.0,0.2,0.0,0.0,0.121212121,0.242424242,0.272727273,0.272727273,0.727272727,0.4,
A309,A,Ours,proto_sw_3_1,expanded,rich,5,200004,1,,,5,3,2,5,10.689418100002513,1.4098149000019475,6.318672599998536,0.004404600000270875,0.028168299999379087,18.46466639999926,1354,125,126,1029,799,300000,0,raw_cases/A309,1,0,0,0,0,0,0.07882852600733405,0.020067678,0,0,0.0,1.0,0,0.009039005340288222,0.003708949204407254,0,0,0.0789804373964833,0.6924850405413072,0.41974188679519236,5,2,5,1.7708260588015947,0.2529751512573707,0.14288834001172787,0.945329909,0.030496162280701754,0.4,0.6,0.6,0.4,0.0,0.486676304,0.4,0.2,0.0,0.2,0.0,0.2,0.0,0.0,0.121212121,0.242424242,0.272727273,0.272727273,0.727272727,0.4,
A310,A,Ours,proto_sw_3_1,compact,simple,5,200004,1,,,5,3,2,5,10.283052699996915,1.4807852000012645,1.525398400000995,0.0034986999999091495,0.02582769999935408,13.33235870000135,1310,125,226,561,367,300000,0,raw_cases/A310,1,1,0,0,0,0,0.05048473116596134,0.020067678,0,0,0.0,1.0,0,0.027729635330847695,0.01851263485082268,0,0,0.05065555570629957,0.5520783815437905,0.26559673847631227,5,2,5,1.54197092130675,0.22028156018667858,0.08413595442192741,0.790492194,0.02639574195906433,0.4,0.6,0.6,0.4,0.0,0.271732274,0.4,0.2,0.0,0.0,0.2,0.2,0.0,0.0,0.121212121,0.212121212,0.272727273,0.303030303,0.696969697,0.4,
A311,A,Ours,proto_sw_3_1,compact,medium,5,200004,1,,,6,4,2,6,10.167083600001206,1.758544999996957,1.1382956000015838,0.002019700001255842,0.03603500000099302,13.117712100000062,1310,150,60,286,188,300000,0,raw_cases/A311,1,0,0,0,0,0,0.05646692394549109,0.020067678,0,0,0.0,1.0,0,0.06101470295759603,0.022157205528086293,0,0,0.05649460896890077,0.47014764350752325,0.1378389464767373,6,2,6,1.624568716546083,0.20307108956826037,0.09224793530029118,0.812828838,0.028731496710526317,0.5,0.5,0.6666666666666666,0.3333333333333333,0.0,0.426860827,0.3333333333333333,0.16666666666666666,0.0,0.16666666666666666,0.16666666666666666,0.16666666666666666,0.0,0.0,0.0984848485,0.1515151515,0.2045454545,0.303030303,0.696969697,0.3333333333333333,
A312,A,Ours,proto_sw_3_1,compact,rich,5,200004,1,,,6,4,2,6,10.339341799997783,1.7160737000012887,0.4598020999983419,0.0019462000018393155,0.032136800000444055,12.565669600000547,1310,150,48,98,217,300000,0,raw_cases/A312,1,1,0,0,0,0,0.044332904376096535,0.020067678,0,0,0.0,1.0,0,0.07075877496912379,0.0236462932659474,0,0,0.044281669997139846,1.3663169980784178,0.4419125746387193,6,2,6,1.9061700851206176,0.23827126064007725,0.09880557340201693,0.790492194,0.032957556652046784,0.5,0.5,0.6666666666666666,0.3333333333333333,0.0,0.573592155,0.3333333333333333,0.16666666666666666,0.0,0.16666666666666666,0.16666666666666666,0.16666666666666666,0.0,0.0,0.0984848485,0.1515151515,0.2045454545,0.303030303,0.696969697,0.3333333333333333,
A313,A,Ours,proto_sw_3_1,swept,simple,5,200004,1,,,6,4,3,6,15.548049199998786,1.6945352000002458,1.6910134999998263,0.003894500001479173,0.028106300000217743,18.979791099998693,1238,150,138,303,1045,300000,0,raw_cases/A313,1,0,0,0,0,0,0.06598730459460649,0.020067678,0,0,0.0,1.0000000000000002,0,0.02918109419087593,0.022111249222765656,0,0,0.06606616872531819,1.2113797257848131,0.33030989599162963,6,3,6,1.413583301444358,0.15706481127159527,0.062033602293695575,0.551203111,0.02445403874269006,0.5,0.5,0.6666666666666666,0.16666666666666666,0.16666666666666666,0.319218162,0.16666666666666666,0.3333333333333333,0.16666666666666666,0.0,0.0,0.16666666666666666,0.16666666666666666,0.0,0.090909091,0.106060606,0.2575757575,0.303030303,0.696969697,0.3333333333333333,
A314,A,Ours,proto_sw_3_1,swept,medium,5,200004,1,,,6,4,2,6,15.508352100001503,1.6727489000004425,3.2243808999992325,0.004976399999577552,0.025580400000762893,20.451560299999983,1238,150,288,816,1348,300000,0,raw_cases/A314,1,0,0,0,0,0,0.0553379549288557,0.020067678,0,0,0.0,1.0000000000000002,0,0.0068524702953006,0.002506095379926712,0,0,0.05541017838073279,1.6453357788315415,0.5181996249906442,6,2,6,1.4465867916399116,0.18082334895498894,0.06880897759543386,0.55644928,0.025127923976608187,0.5,0.5,0.6666666666666666,0.3333333333333333,0.0,0.388423702,0.16666666666666666,0.16666666666666666,0.16666666666666666,0.16666666666666666,0.0,0.16666666666666666,0.16666666666666666,0.0,0.0984848485,0.136363636,0.21969697,0.303030303,0.696969697,0.16666666666666666,
A315,A,Ours,proto_sw_3_1,swept,rich,5,200004,1,,,7,4,3,7,15.52942080000139,2.0265351999987615,6.966465299999982,0.006089399998018052,0.026642799999535782,24.570135100002517,1238,175,584,2305,1673,300000,0,raw_cases/A315,1,0,0,0,0,0,0.03264266591327483,0.020067678,0,0,0.0,1.0000000000000002,0,0.012334883923252583,0.0022645637418958436,0,0,0.03263696747754272,1.8026224811945657,0.4505769902473757,7,3,7,1.9473468021118678,0.19473468021118678,0.08767264889549661,0.7473508130000001,0.030941611842105265,0.42857142857142855,0.5714285714285714,0.5714285714285714,0.42857142857142855,0.0,0.686166302,0.2857142857142857,0.14285714285714285,0.14285714285714285,0.14285714285714285,0.0,0.14285714285714285,0.14285714285714285,0.0,0.090909091,0.121212121,0.1818181815,0.24242424299999998,0.757575757,0.2857142857142857,
A316,A,Ours,proto_sw_3_1,expanded,simple,6,200005,1,,,5,3,3,5,10.93944289999854,1.4761130999977468,2.6735674000010476,0.00397520000115037,0.02673499999946216,15.134941099997377,1434,125,157,836,571,300000,0,raw_cases/A316,1,0,0,0,0,0,0.07939943192818046,0.020067678,0,0,0.0,1.0,0,0.04649945539298013,0.016072438597920433,0,0,0.079394622946374,0.4864187776439979,0.2468594789807721,5,3,5,1.496282881994183,0.1870353602492729,0.09972125278443959,0.5215487660000001,0.02216968201754386,0.4,0.6,0.6,0.2,0.2,0.264141806,0.2,0.2,0.0,0.2,0.2,0.2,0.0,0.0,0.15151515100000001,0.15151515200000004,0.272727273,0.272727273,0.727272727,0.2,
A317,A,Ours,proto_sw_3_1,expanded,medium,6,200005,1,,,6,4,2,6,10.914351200000965,1.6995029999998224,3.477790400000231,0.010992599996825447,0.035831000001053326,16.158473100000265,1434,150,41,1131,575,300000,0,raw_cases/A317,1,0,0,0,0,0,0.10840807010990107,0.020067678,0,0,0.0,1.0,0,0.02478275100026775,0.012352777874728401,0,0,0.10857529887711402,1.3208520135432193,0.3315181288524964,6,2,6,1.5383519468840194,0.19229399336050246,0.10019374536477707,0.690601872,0.02563048245614035,0.5,0.5,0.6666666666666666,0.3333333333333333,0.0,0.449965986,0.16666666666666666,0.16666666666666666,0.0,0.16666666666666666,0.16666666666666666,0.16666666666666666,0.16666666666666666,0.0,0.0984848485,0.13636363650000002,0.24242424275000002,0.2727272730000001,0.7272727269999999,0.16666666666666666,
A318,A,Ours,proto_sw_3_1,expanded,rich,6,200005,1,,,6,4,2,6,10.783135200003017,1.6706297999990056,10.128135499999189,0.008276500000647502,0.032253199999104254,22.637972700002138,1434,150,314,2318,1431,300000,0,raw_cases/A318,1,0,0,0,0,0,0.044169727956358935,0.020067678,0,0,0.0,1.0,0,0.02536870248620593,0.008188719137211899,0,0,0.044169727956358935,0.5708176009514351,0.26623406831116087,6,2,6,1.727577425092267,0.21594717813653339,0.1159840015374623,0.8910667649999999,0.028457373903508772,0.5,0.5,0.6666666666666666,0.3333333333333333,0.0,0.605434652,0.3333333333333333,0.16666666666666666,0.0,0.16666666666666666,0.16666666666666666,0.16666666666666666,0.0,0.0,0.09848484850000001,0.13636363650000002,0.2196969695,0.303030303,0.696969697,0.3333333333333333,
A319,A,Ours,proto_sw_3_1,compact,simple,6,200005,1,,,6,4,2,6,10.724885899999208,1.7215956000000006,2.3564617000010912,0.003478999999060761,0.025835800002823817,14.846208700000716,1364,150,211,665,601,300000,0,raw_cases/A319,1,0,0,0,0,0,0.055635486990886204,0.020067678,0,0,0.0,1.0000000000000002,0,0.026147285015998327,0.022984790804837733,0,0,0.05562625450966532,0.5580924966595749,0.24962681105252094,6,2,6,1.3251724324629994,0.16564655405787496,0.07682625638849855,0.554846407,0.02054778874269006,0.5,0.5,0.6666666666666666,0.3333333333333333,0.0,0.33826715,0.16666666666666666,0.16666666666666666,0.0,0.16666666666666666,0.16666666666666666,0.16666666666666666,0.16666666666666666,0.0,0.12878787850000006,0.1515151515,0.21969697024999998,0.2424242430000001,0.7575757569999999,0.16666666666666666,
A320,A,Ours,proto_sw_3_1,compact,medium,6,200005,1,,,6,4,2,6,10.743702600000688,1.6656941000001098,2.377712600002269,0.0035949000011896715,0.03488710000237916,14.839971700002934,1364,150,261,743,397,300000,0,raw_cases/A320,1,0,0,0,0,0,0.03119398548891166,0.020067678,0,0,0.0,1.0000000000000002,0,0.0273025745755501,0.019250809423788543,0,0,0.04463301996895129,0.8338724030745092,0.20988123028866199,6,2,6,1.5172131399070747,0.18965164248838431,0.07900738237224955,0.6794992669999999,0.022723638523391813,0.5,0.5,0.6666666666666666,0.3333333333333333,0.0,0.420225754,0.16666666666666666,0.16666666666666666,0.0,0.16666666666666666,0.16666666666666666,0.16666666666666666,0.16666666666666666,0.0,0.106060606,0.16666666650000003,0.22727272775000001,0.2424242430000001,0.7575757569999999,0.16666666666666666,
A321,A,Ours,proto_sw_3_1,compact,rich,6,200005,1,,,6,4,2,6,10.844605300000694,1.669614599999477,4.149356500001886,0.011979999999311985,0.026199300002190284,16.7214501999988,1364,150,606,1185,4514,300000,0,raw_cases/A321,1,0,0,0,0,0,0.041965269616900905,0.020067678,0,0,0.0,1.0000000000000002,0,0.01351146522176221,0.007315579666216596,0,0,0.041965269616900905,1.2931367500516304,0.4241424927669512,6,2,6,1.8231259776957764,0.22789074721197206,0.10707413229410197,0.882039613,0.02740656980994152,0.5,0.5,0.6666666666666666,0.3333333333333333,0.0,0.659685611,0.3333333333333333,0.16666666666666666,0.0,0.16666666666666666,0.16666666666666666,0.0,0.16666666666666666,0.0,0.11363636349999999,0.18181818149999998,0.2045454545,0.2424242430000001,0.7575757569999999,0.3333333333333333,
A322,A,Ours,proto_sw_3_1,swept,simple,6,200005,1,,,6,4,2,6,10.735165699999925,1.7369173000006413,2.0901028999978735,0.004469899999094196,0.025853799998003524,14.60800670000026,1357,150,330,664,965,300000,0,raw_cases/A322,1,0,0,0,0,0,0.03877811752839238,0.020067678,0,0,0.0,1.0000000000000004,0,0.029951818589415778,0.012860559858994647,0,0,0.05440460301089396,0.6858360969067083,0.296226593026645,6,2,6,1.400644564692453,0.17508057058655663,0.09125247718431367,0.517416322,0.023020604897660817,0.5,0.5,0.6666666666666666,0.3333333333333333,0.0,0.317140613,0.16666666666666666,0.16666666666666666,0.0,0.16666666666666666,0.16666666666666666,0.16666666666666666,0.16666666666666666,0.0,0.12878787850000006,0.1515151515,0.21969697024999998,0.2424242430000001,0.7575757569999999,0.16666666666666666,
A323,A,Ours,proto_sw_3_1,swept,medium,6,200005,1,,,6,4,3,6,10.723665400000755,1.7161503999996057,7.19123540000146,0.004219300000841031,0.0277155000003404,19.685436600000685,1357,150,374,2137,524,300000,0,raw_cases/A323,1,0,0,0,0,0,0.029776080716721682,0.020067678,0,0,0.0,1.0000000000000004,0,0.014264022786272014,0.009043340431018948,0,0,0.06354392729488206,0.8547123059382309,0.2140798168879988,6,3,6,1.5218145183627203,0.16909050204030227,0.07442651016700097,0.5319100489999999,0.025699013157894735,0.5,0.5,0.6666666666666666,0.16666666666666666,0.16666666666666666,0.428434135,0.16666666666666666,0.16666666666666666,0.0,0.16666666666666666,0.16666666666666666,0.16666666666666666,0.16666666666666666,0.0,0.106060606,0.15151515150000003,0.21969697025000007,0.272727273,0.727272727,0.16666666666666666,
A324,A,Ours,proto_sw_3_1,swept,rich,6,200005,1,,,6,4,2,6,10.818629299999884,1.772343999997247,2.853104000001622,0.0030963999997766223,0.032797399999253685,15.497187299999496,1357,150,133,921,280,300000,0,raw_cases/A324,1,0,0,0,0,0,0.09099636160432796,0.020067678,0,0,0.0,1.0000000000000004,0,0.02935708683663698,0.014653922335957631,0,0,0.09712275822150813,0.9533317682009111,0.24890163170155954,6,2,6,1.8368535425394543,0.22960669281743182,0.08768621692343452,0.619418649,0.031215734649122806,0.5,0.5,0.6666666666666666,0.3333333333333333,0.0,0.633112132,0.16666666666666666,0.16666666666666666,0.0,0.16666666666666666,0.16666666666666666,0.16666666666666666,0.16666666666666666,0.0,0.10606060625,0.15151515200000001,0.196969697,0.3030303030000001,0.6969696969999999,0.16666666666666666,
A325,A,Ours,proto_sw_3_1,expanded,simple,7,200006,1,,,5,4,1,5,10.9118739000005,1.4600943000004918,2.4814673000000766,0.0019491000020934734,0.028166600000986364,14.899033400000917,1387,125,88,273,249,300000,0,raw_cases/A325,1,0,0,0,0,0,0.06633919051577077,0.020067678,0,0,0.0,1.0000000000000002,0,0.0009208203125633087,0.0005457046570918174,0,0,0.0665398679507644,0.5825986107953937,0.4929003455266736,5,1,5,1.1355494617503052,0.18925824362505086,0.06383088658205296,0.7569258670000001,0.018994426169590642,0.4,0.6,0.8,0.2,0.0,0.170074928,0.2,0.2,0.0,0.2,0.2,0.2,0.0,0.0,0.12121212099999999,0.18181818200000005,0.242424242,0.3333333340000001,0.6666666659999999,0.2,
A326,A,Ours,proto_sw_3_1,expanded,medium,7,200006,1,,,6,5,1,6,11.186640799998713,1.7749756000011985,2.6080710999995063,0.00240019999910146,0.027816000001621433,15.614990800000669,1387,150,88,256,318,300000,0,raw_cases/A326,1,0,0,0,0,0,0.05278603934460279,0.020067678,0,0,0.0,1.0000000000000002,0,0.015467403025177568,0.00902177537272611,0,0,0.05283772081231745,0.702469842730675,0.4929003455266736,6,1,6,1.3509153964056122,0.19298791377223032,0.08216620610136835,0.7569258670000001,0.02238669590643275,0.5,0.5,0.8333333333333334,0.16666666666666666,0.0,0.344363866,0.16666666666666666,0.16666666666666666,0.0,0.16666666666666666,0.3333333333333333,0.16666666666666666,0.0,0.0,0.09848484850000006,0.12121212099999995,0.21212121175,0.3333333340000001,0.6666666659999999,0.3333333333333333,
A327,A,Ours,proto_sw_3_1,expanded,rich,7,200006,1,,,6,5,1,6,11.03974449999805,1.762714500000584,5.448714800000744,0.0026751000004878733,0.024849099998391466,18.332636800001637,1387,150,281,945,169,300000,0,raw_cases/A327,1,0,0,0,0,0,0.0892558404661932,0.020067678,0,0,0.0,1.0000000000000002,0,0.009469510445613526,0.007147956845721466,0,0,0.089364328409812,0.8368935449136086,0.30701888300100616,6,1,6,1.5974692593216835,0.22820989418881193,0.11343718685175853,0.834293223,0.028457373903508772,0.5,0.5,0.8333333333333334,0.16666666666666666,0.0,0.539217974,0.16666666666666666,0.3333333333333333,0.0,0.16666666666666666,0.16666666666666666,0.16666666666666666,0.0,0.0,0.09090909100000001,0.10606060600000003,0.2121212125,0.3636363629999999,0.6363636370000001,0.3333333333333333,
A328,A,Ours,proto_sw_3_1,compact,simple,7,200006,1,,,5,4,1,5,17.740387800000462,1.4849787999992259,0.8443167000004905,0.0019522999973560218,0.027413799998612376,20.116785499998514,1312,125,0,6,77,300000,0,raw_cases/A328,1,0,0,0,0,0,0.04081349589791267,0.020067678,0,0,0.0,0.9999999999999999,0,0.0008935197093120257,0.0003914426210664905,0,0,0.04092968852012136,0.2906526869401223,0.07483928508164973,5,1,5,1.3595501048808887,0.22659168414681477,0.09465441369295778,0.8830190130000001,0.02386581688596491,0.6,0.4,0.8,0.2,0.0,0.263689306,0.2,0.2,0.2,0.0,0.2,0.0,0.2,0.0,0.15151515100000001,0.181818182,0.27272727300000005,0.3030303029999999,0.6969696970000001,0.2,
A329,A,Ours,proto_sw_3_1,compact,medium,7,200006,1,,,6,5,1,6,17.827728899999784,1.7210962999997719,4.061548699999548,0.0023725000028207432,0.032170599999517435,23.663548399999854,1312,150,508,890,129,300000,0,raw_cases/A329,1,0,0,0,0,0,0.0808584630409473,0.020067678,0,0,0.0,0.9999999999999999,0,0.03179031167325659,0.018664993819452535,0,0,0.0808584630409473,1.0595698602812087,0.42173028430994447,6,1,6,1.429138895194443,0.20416269931349187,0.07719155841933659,0.8278100970000001,0.02559050621345029,0.5,0.5,0.8333333333333334,0.16666666666666666,0.0,0.42964711,0.16666666666666666,0.16666666666666666,0.3333333333333333,0.0,0.16666666666666666,0.0,0.16666666666666666,0.0,0.09848484850000001,0.1363636365,0.21969696950000006,0.303030303,0.696969697,0.3333333333333333,
A330,A,Ours,proto_sw_3_1,compact,rich,7,200006,1,,,7,6,1,7,17.90019780000148,1.9839896000012232,6.418777499999123,0.00283560000025318,0.03485519999958342,26.363691800001106,1312,175,272,907,366,300000,0,raw_cases/A330,1,0,0,0,0,0,0.05180822094693689,0.020067678,0,0,0.0,0.9999999999999999,0,0.01285414959210279,0.012066748391016601,0,0,0.052014574823217447,1.9916127072571734,0.5083234555438857,7,1,7,1.6764869408679595,0.20956086760849496,0.08925741965900491,0.611224712,0.02802905701754386,0.5714285714285714,0.42857142857142855,0.8571428571428571,0.14285714285714285,0.0,0.70359021,0.14285714285714285,0.14285714285714285,0.14285714285714285,0.14285714285714285,0.14285714285714285,0.14285714285714285,0.14285714285714285,0.0,0.090909091,0.12121212099999999,0.16666666650000003,0.272727273,0.727272727,0.14285714285714285,
A331,A,Ours,proto_sw_3_1,swept,simple,7,200006,1,,,5,4,1,5,17.457293800001935,1.4593003999980283,4.064936900002067,0.004337700000178302,0.02764050000041607,23.032057399999758,1362,125,138,685,174,300000,0,raw_cases/A331,1,0,0,0,0,0,0.0426207465804732,0.020067678,0,0,0.0,0.9999999999999999,0,0.0014523818020689666,0.001274691512377953,0,0,0.04269000094540875,0.6242242681207185,0.3397038442599712,5,1,5,1.1494702726766075,0.1915783787794346,0.09930989672667812,0.647365843,0.02044499269005848,0.4,0.6,0.8,0.2,0.0,0.095304079,0.2,0.0,0.2,0.2,0.0,0.2,0.2,0.0,0.15151515100000001,0.151515152,0.27272727300000005,0.3333333329999999,0.6666666670000001,0.2,
A332,A,Ours,proto_sw_3_1,swept,medium,7,200006,1,,,6,5,1,6,17.508471599998302,1.9111126000025251,2.453459499996825,0.004555199997412274,0.02855730000010226,21.924925999999687,1362,150,64,580,591,300000,0,raw_cases/A332,1,0,0,0,0,0,0.0426207465804732,0.020067678,0,0,0.0,0.9999999999999999,0,0.03886027987736243,0.019157251081906548,0,0,0.04269000094540875,1.021600477623398,0.3397038442599712,6,1,6,1.4412019299315908,0.20588598999022725,0.08656744068555614,0.531309979,0.025539108187134504,0.5,0.5,0.8333333333333334,0.16666666666666666,0.0,0.399923538,0.16666666666666666,0.16666666666666666,0.16666666666666666,0.16666666666666666,0.0,0.16666666666666666,0.16666666666666666,0.0,0.12121212099999999,0.121212121,0.21212121250000004,0.303030303,0.696969697,0.16666666666666666,
A333,A,Ours,proto_sw_3_1,swept,rich,7,200006,1,,,6,5,1,6,17.562735899999097,1.8211005000011937,4.997907499997382,0.0038544000017282087,0.03125699999873177,24.43567140000232,1362,150,586,1831,843,300000,0,raw_cases/A333,1,0,0,0,0,0,0.04174874004207617,0.020067678,0,0,0.0,0.9999999999999999,0,0.018358034700063582,0.013461579486079686,0,0,0.04181378799762331,1.614349997625416,0.3774360691056668,6,1,6,1.78781854517266,0.25540264931038,0.09824105310660793,0.817367859,0.030250593932748537,0.5,0.5,0.8333333333333334,0.16666666666666666,0.0,0.610596577,0.16666666666666666,0.16666666666666666,0.16666666666666666,0.16666666666666666,0.0,0.16666666666666666,0.16666666666666666,0.0,0.09848484850000001,0.136363636,0.21969697000000002,0.303030303,0.696969697,0.16666666666666666,
A334,A,Ours,proto_sw_3_1,expanded,simple,8,200007,1,,,5,4,1,5,8.719898600000306,1.4333809000017936,4.01257540000006,0.003166300000884803,0.03127909999966505,14.215213499999663,1357,125,0,743,208,300000,0,raw_cases/A334,1,0,0,0,0,0,0.1249650719055749,0.020067678,0,0,0.0,1.0000000000000002,0,0.00525295707756028,0.002756782685940656,0,0,0.12498791310585715,0.9264470647402294,0.48137385394135396,5,1,5,1.2077609989337006,0.20129349982228342,0.09544362878249892,0.776853046,0.02051923428362573,0.4,0.6,0.8,0.2,0.0,0.211647161,0.2,0.2,0.0,0.2,0.2,0.2,0.0,0.0,0.09090909100000001,0.181818182,0.272727273,0.363636363,0.636363637,0.2,
A335,A,Ours,proto_sw_3_1,expanded,medium,8,200007,1,,,5,4,1,5,8.628332000000228,1.4671205999984522,3.2360363000007055,0.002061600000160979,0.024651200001244433,13.377774300002784,1357,125,67,200,220,300000,0,raw_cases/A335,1,0,0,0,0,0,0.024008728809864134,0.020067678,0,0,0.0,1.0000000000000002,0,0.02253572562658962,0.009998041176512025,0,0,0.05086330943922244,0.5283806943102749,0.312702419047542,5,1,5,1.4331782635751082,0.2388630439291847,0.10459775994151761,0.7902320900000002,0.02537920321637427,0.4,0.6,0.8,0.2,0.0,0.434356118,0.2,0.2,0.0,0.2,0.2,0.2,0.0,0.0,0.090909091,0.151515152,0.24242424199999998,0.424242424,0.575757576,0.2,
A336,A,Ours,proto_sw_3_1,expanded,rich,8,200007,1,,,6,5,1,6,9.04329080000025,1.70182080000086,3.4558673999999883,0.0035763999985647388,0.027356300000974443,14.255384500000218,1357,150,104,400,289,300000,0,raw_cases/A336,1,0,0,0,0,0,0.03148459138799571,0.020067678,0,0,0.0,1.0000000000000002,0,0.0032587807572239005,0.001388171401105669,0,0,0.031414303657007384,1.0721606906075065,0.3746969907432476,6,1,6,1.6227635374578884,0.23182336249398405,0.09662545960540495,0.8211936659999999,0.028657255116959063,0.3333333333333333,0.6666666666666666,0.8333333333333334,0.16666666666666666,0.0,0.635735439,0.16666666666666666,0.3333333333333333,0.0,0.16666666666666666,0.16666666666666666,0.16666666666666666,0.0,0.0,0.090909091,0.12121212149999999,0.19696969699999997,0.363636363,0.636363637,0.3333333333333333,
A337,A,Ours,proto_sw_3_1,compact,simple,8,200007,1,,,6,5,1,6,13.533311600000161,1.7141288000020722,3.744294500000251,0.003028800001629861,0.034987099999852944,19.046067100000073,1253,150,108,705,353,300000,0,raw_cases/A337,1,0,0,0,0,0,0.06323097143152766,0.020067678,0,0,0.0,1.0,0,0.024127711242277538,0.01720606951361092,0,0,0.06334917088704423,0.9973372512186168,0.5193684342607362,6,1,6,1.145247807163626,0.16360682959480372,0.07724957217793636,0.638025466,0.01910864400584795,0.5,0.5,0.8333333333333334,0.16666666666666666,0.0,0.26273762,0.16666666666666666,0.3333333333333333,0.16666666666666666,0.0,0.0,0.16666666666666666,0.16666666666666666,0.0,0.0984848485,0.12121212099999999,0.234848485,0.303030304,0.696969696,0.3333333333333333,
A338,A,Ours,proto_sw_3_1,compact,medium,8,200007,1,,,6,5,1,6,13.51227039999867,1.750646600001346,3.7636884999992617,0.003952799997932743,0.033170299997436814,19.079260200000135,1253,150,139,362,332,300000,0,raw_cases/A338,1,0,0,0,0,0,0.06340931217581952,0.020067678,0,0,0.0,1.0,0,0.002793230666970465,0.0019621646919577274,0,0,0.06347752122338762,0.5352142859386795,0.2543546959339857,6,1,6,1.3737002663265268,0.19624289518950383,0.08769306022198246,0.852773732,0.02354029605263158,0.5,0.5,0.8333333333333334,0.16666666666666666,0.0,0.414328598,0.16666666666666666,0.16666666666666666,0.16666666666666666,0.16666666666666666,0.0,0.16666666666666666,0.16666666666666666,0.0,0.090909091,0.1212121215,0.24242424274999996,0.303030303,0.696969697,0.16666666666666666,
A339,A,Ours,proto_sw_3_1,compact,rich,8,200007,1,,,6,5,1,6,13.346732699999848,1.7572387000000163,5.912974099999701,0.004017499999463325,0.032853299999260344,21.06826099999671,1253,150,155,1091,424,300000,0,raw_cases/A339,1,0,0,0,0,0,0.06340931217581952,0.020067678,0,0,0.0,1.0,0,0.0008168073162882644,0.0007633068661362206,0,0,0.06347752122338762,0.93186365952541,0.40048064617046,6,1,6,1.7044424641222424,0.2434917805888918,0.10379583219782039,0.795056708,0.02909699378654971,0.5,0.5,0.8333333333333334,0.16666666666666666,0.0,0.605011788,0.16666666666666666,0.3333333333333333,0.16666666666666666,0.0,0.0,0.16666666666666666,0.16666666666666666,0.0,0.090909091,0.106060606,0.2575757575,0.303030304,0.696969696,0.3333333333333333,
A340,A,Ours,proto_sw_3_1,swept,simple,8,200007,1,,,5,4,1,5,13.65094610000233,1.453113999999914,2.5239755999973568,0.0024574000017310027,0.026116599998204038,17.669872400001623,1252,125,92,541,238,300000,0,raw_cases/A340,1,0,0,0,0,0,0.043657711232346394,0.020067678,0,0,0.0,1.0000000000000002,0,0.008156660779312333,0.005210829316676601,0,0,0.04356395711343846,0.9598311613752933,0.5006908205205178,5,1,5,1.3849825841625614,0.23083043069376022,0.09415726715160139,0.7267594149999999,0.024608232821637425,0.6,0.4,0.8,0.2,0.0,0.210971257,0.2,0.2,0.2,0.2,0.0,0.2,0.0,0.0,0.09090909100000003,0.151515152,0.33333333299999995,0.333333333,0.666666667,0.2,
A341,A,Ours,proto_sw_3_1,swept,medium,8,200007,1,,,6,5,1,6,13.561002300000837,1.7545098000009602,6.61978050000107,0.0030498000014631543,0.028283200001169462,21.98097730000154,1252,150,614,1980,232,300000,0,raw_cases/A341,1,0,0,0,0,0,0.03676443455627226,0.020067678,0,0,0.0,1.0000000000000002,0,0.012182342033605088,0.0050631368907351655,0,0,0.03675408632007281,0.8627031570810734,0.28042385229509836,6,1,6,1.6053859027555015,0.22934084325078594,0.0945596307526771,0.6418977699999999,0.02646998355263158,0.5,0.5,0.8333333333333334,0.16666666666666666,0.0,0.457093877,0.16666666666666666,0.3333333333333333,0.16666666666666666,0.16666666666666666,0.0,0.16666666666666666,0.0,0.0,0.090909091,0.10606060599999999,0.2575757575,0.303030303,0.696969697,0.3333333333333333,
A342,A,Ours,proto_sw_3_1,swept,rich,8,200007,1,,,6,5,1,6,13.465212200000678,1.650757799998246,7.073086100001092,0.0030234000005293638,0.02404229999956442,22.2299251000004,1252,150,585,1545,335,300000,0,raw_cases/A342,1,0,0,0,0,0,0.04111410175253684,0.020067678,0,0,0.0,1.0000000000000002,0,0.0014617561007999737,0.0009420402619631027,0,0,0.041115073312037294,1.0933183225469993,0.3819665456288725,6,1,6,1.7333533862476052,0.24762191232108646,0.10516468296744898,0.7222803010000001,0.030353389985380116,0.5,0.5,0.8333333333333334,0.16666666666666666,0.0,0.620583211,0.16666666666666666,0.3333333333333333,0.16666666666666666,0.16666666666666666,0.0,0.16666666666666666,0.0,0.0,0.090909091,0.106060606,0.2121212125,0.363636363,0.636363637,0.3333333333333333,
A343,A,Ours,proto_sw_3_1,expanded,simple,9,200008,1,,,6,5,1,6,10.421502499997587,1.75340370000049,5.333840899998904,0.003956900000048336,0.025782900000194786,17.554465500001243,1411,150,175,687,233,300000,0,raw_cases/A343,1,0,0,0,0,0,0.043254126851985,0.020067678,0,0,0.0,1.0,0,0.01901759543787889,0.011664685461056756,0,0,0.04326346627643274,0.4073225405004426,0.20322467478940712,6,1,6,1.3848414608905657,0.19783449441293796,0.07361859215856827,0.689628865,0.024790981359649123,0.5,0.5,0.8333333333333334,0.16666666666666666,0.0,0.352752477,0.16666666666666666,0.16666666666666666,0.0,0.16666666666666666,0.16666666666666666,0.16666666666666666,0.16666666666666666,0.0,0.0984848485,0.121212121,0.234848485,0.303030303,0.696969697,0.16666666666666666,
A344,A,Ours,proto_sw_3_1,expanded,medium,9,200008,1,,,6,5,1,6,10.702356100002362,1.6780804000009084,4.559771500000352,0.004206100002193125,0.03452589999869815,16.996796799998265,1411,150,387,816,302,300000,0,raw_cases/A344,1,0,0,0,0,0,0.03398096992721485,0.020067678,0,0,0.0,1.0,0,0.011183898692850532,0.007407017766764608,0,0,0.03395622045651345,0.8854321476674578,0.3092837885523552,6,1,6,1.644204946455043,0.234886420922149,0.07295749697730383,0.8164213680000001,0.027046783625730993,0.5,0.5,0.8333333333333334,0.16666666666666666,0.0,0.537268671,0.16666666666666666,0.16666666666666666,0.0,0.16666666666666666,0.16666666666666666,0.16666666666666666,0.16666666666666666,0.0,0.0984848485,0.121212121,0.234848485,0.303030303,0.696969697,0.16666666666666666,
A345,A,Ours,proto_sw_3_1,expanded,rich,9,200008,1,,,6,5,1,6,10.316114600002038,1.7182830000019749,3.7877540000008594,0.0036054999982297886,0.028505499998573214,15.872288500002469,1411,150,174,792,677,300000,0,raw_cases/A345,1,0,0,0,0,0,0.043254126851985,0.020067678,0,0,0.0,1.0,0,0.0009066918046547383,0.0006805770851157671,0,0,0.04326346627643274,0.5302159663026097,0.22224311324106152,6,1,6,1.8154764692869938,0.2593537813267134,0.10339890199377624,0.887662258,0.030884502923976608,0.5,0.5,0.8333333333333334,0.16666666666666666,0.0,0.641069441,0.16666666666666666,0.16666666666666666,0.0,0.16666666666666666,0.16666666666666666,0.16666666666666666,0.16666666666666666,0.0,0.0984848485,0.121212121,0.234848485,0.303030303,0.696969697,0.16666666666666666,
A346,A,Ours,proto_sw_3_1,compact,simple,9,200008,1,,,5,4,1,5,10.52096739999979,1.4695631000031426,4.847024499998952,0.0045922999997856095,0.02891960000124527,16.89266570000109,1351,125,226,859,501,300000,0,raw_cases/A346,1,0,0,0,0,0,0.0781620427598644,0.020067678,0,0,0.0,1.0,0,0.004866417206090375,0.004342820551499061,0,0,0.07814941934016813,0.4306077664803955,0.2413269327337555,5,1,5,1.302374808737247,0.21706246812287452,0.07625884110800205,0.694732907,0.0219640899122807,0.6,0.4,0.8,0.2,0.0,0.247634559,0.2,0.2,0.0,0.2,0.2,0.0,0.2,0.0,0.151515152,0.181818182,0.242424242,0.303030303,0.696969697,0.2,
A347,A,Ours,proto_sw_3_1,compact,medium,9,200008,1,,,6,5,1,6,10.587938500000746,1.7146350000002712,3.9302832999965176,0.0030293999989225995,0.03367179999986547,16.284467100002075,1351,150,291,844,618,300000,0,raw_cases/A347,1,0,0,0,0,0,0.03228590400056727,0.020067678,0,0,0.0,1.0,0,0.02106341135194833,0.01858988488748004,0,0,0.03233036440836456,0.5408323230692386,0.2413269327337555,6,1,6,1.6754134052292005,0.23934477217560007,0.09005926638484477,0.8021362129999999,0.02737230445906433,0.5,0.5,0.8333333333333334,0.16666666666666666,0.0,0.499246392,0.16666666666666666,0.16666666666666666,0.0,0.16666666666666666,0.16666666666666666,0.16666666666666666,0.16666666666666666,0.0,0.12121212099999999,0.1363636365,0.2196969695,0.272727273,0.727272727,0.16666666666666666,
A348,A,Ours,proto_sw_3_1,compact,rich,9,200008,1,,,6,5,1,6,10.53062719999798,1.6931163000008382,0.8112084000022151,0.002682099999219645,0.026037600000563543,13.077779700000974,1351,150,58,210,152,300000,0,raw_cases/A348,1,0,0,0,0,0,0.03228590400056727,0.020067678,0,0,0.0,1.0,0,0.0028857290016740893,0.0017950942576374078,0,0,0.03233036440836456,1.1320727155398231,0.49073540073953237,6,1,6,1.7921133060840344,0.2560161865834335,0.09742575872406775,0.920697698,0.029456779970760235,0.5,0.5,0.8333333333333334,0.16666666666666666,0.0,0.559774025,0.16666666666666666,0.16666666666666666,0.0,0.16666666666666666,0.16666666666666666,0.16666666666666666,0.16666666666666666,0.0,0.12121212099999999,0.1363636365,0.2196969695,0.272727273,0.727272727,0.16666666666666666,
A349,A,Ours,proto_sw_3_1,swept,simple,9,200008,1,,,6,5,1,6,15.293473800000356,1.6798256000001857,3.603888300000108,0.004039799998281524,0.03029400000013993,20.627102300000843,1398,150,394,1207,493,300000,0,raw_cases/A349,1,0,0,0,0,0,0.08127044189015897,0.020067678,0,0,0.0,1.0,0,0.007374508689109392,0.007325003580733923,0,0,0.08136563780680485,1.8074869394067097,0.4094707837772664,6,1,6,1.2462396959878648,0.17803424228398068,0.07175095458530241,0.526865814,0.020924707602339183,0.5,0.5,0.8333333333333334,0.16666666666666666,0.0,0.336280261,0.16666666666666666,0.16666666666666666,0.16666666666666666,0.16666666666666666,0.0,0.16666666666666666,0.16666666666666666,0.0,0.090909091,0.090909091,0.25,0.333333333,0.666666667,0.16666666666666666,
A350,A,Ours,proto_sw_3_1,swept,medium,9,200008,1,,,6,5,1,6,15.12520570000197,1.692337899999984,3.4166311000008136,0.0024742999994487036,0.029755599996860838,20.280096099999355,1398,150,221,980,137,300000,0,raw_cases/A350,1,0,0,0,0,0,0.041652191047701695,0.020067678,0,0,0.0,1.0,0,0.007726274740181019,0.003688999713833811,0,0,0.041652191047701695,1.6806115060170637,0.47812549272282806,6,1,6,1.6952305435589314,0.2421757919369902,0.10379108382692838,0.8208507299999999,0.02774922331871345,0.5,0.5,0.8333333333333334,0.16666666666666666,0.0,0.564687785,0.16666666666666666,0.16666666666666666,0.16666666666666666,0.16666666666666666,0.0,0.16666666666666666,0.16666666666666666,0.0,0.12121212099999999,0.121212121,0.234848485,0.272727273,0.727272727,0.16666666666666666,
A351,A,Ours,proto_sw_3_1,swept,rich,9,200008,1,,,6,5,1,6,15.319906799999444,1.7515515999984927,3.464672199999768,0.002422000001388369,0.025187600000208477,20.583943099998578,1398,150,221,980,137,300000,0,raw_cases/A351,1,0,0,0,0,0,0.041652191047701695,0.020067678,0,0,0.0,1.0,0,0.007726274740181019,0.003688999713833811,0,0,0.041652191047701695,1.6806115060170637,0.47812549272282806,6,1,6,1.6952305435589314,0.2421757919369902,0.10379108382692838,0.8208507299999999,0.02774922331871345,0.5,0.5,0.8333333333333334,0.16666666666666666,0.0,0.564687785,0.16666666666666666,0.16666666666666666,0.16666666666666666,0.16666666666666666,0.0,0.16666666666666666,0.16666666666666666,0.0,0.12121212099999999,0.121212121,0.234848485,0.272727273,0.727272727,0.16666666666666666,
A352,A,Ours,proto_sw_3_1,expanded,simple,10,200009,1,,,5,3,2,5,10.689546899997367,1.5228659999993397,2.035221800000727,0.003908300001057796,0.03532170000107726,14.304869999999937,1420,125,0,316,238,300000,0,raw_cases/A352,1,0,0,0,0,0,0.06440734733461137,0.020067678,0,0,0.0,1.0000000000000002,0,0.011857028255691866,0.0076575192762575114,0,0,0.06446002715109778,0.5188318914338791,0.17525901598531002,5,2,5,1.5071458893373118,0.21530655561961595,0.08865676206083635,0.720268898,0.025716145833333332,0.4,0.6,0.6,0.4,0.0,0.243133766,0.2,0.2,0.0,0.2,0.2,0.2,0.0,0.0,0.15151515100000001,0.15151515200000004,0.242424242,0.333333334,0.666666666,0.2,
A353,A,Ours,proto_sw_3_1,expanded,medium,10,200009,1,,,6,4,2,6,10.927678300002299,1.7050118999977713,1.047362900000735,0.0030755000007047784,0.03501390000019455,13.735215000000608,1420,150,18,137,328,300000,0,raw_cases/A353,1,0,0,0,0,0,0.06991228108205702,0.020067678,0,0,0.0,1.0000000000000002,0,0.02746078658937464,0.01175641836922972,0,0,0.06991228108205702,0.7934820480651044,0.2689100708778703,6,2,6,1.5242860097790831,0.1905357512223854,0.07747238037944225,0.735161747,0.026818347953216373,0.5,0.5,0.6666666666666666,0.3333333333333333,0.0,0.380283816,0.16666666666666666,0.16666666666666666,0.0,0.16666666666666666,0.16666666666666666,0.16666666666666666,0.16666666666666666,0.0,0.10606060625,0.15151515200000001,0.2196969695,0.272727272,0.727272728,0.16666666666666666,
A354,A,Ours,proto_sw_3_1,expanded,rich,10,200009,1,,,6,4,2,6,10.717044500001066,1.6823703000009118,5.184390499998699,0.01669930000207387,0.033540000000357395,17.647859400000016,1420,150,326,1146,8878,300000,0,raw_cases/A354,1,0,0,0,0,0,0.06991228108205702,0.020067678,0,0,0.0,1.0000000000000002,0,0.027885510688006626,0.01711406758503541,0,0,0.06991228108205702,1.0668482963129278,0.3295050675845738,6,2,6,1.9481391337111642,0.24351739171389555,0.12666725046666252,0.7906674950000001,0.028897112573099414,0.5,0.5,0.6666666666666666,0.3333333333333333,0.0,0.568764353,0.16666666666666666,0.16666666666666666,0.0,0.16666666666666666,0.16666666666666666,0.16666666666666666,0.16666666666666666,0.0,0.0984848485,0.1363636365,0.2196969695,0.303030303,0.696969697,0.16666666666666666,
A355,A,Ours,proto_sw_3_1,compact,simple,10,200009,1,,,6,4,2,6,13.706066899998405,1.7312032000008912,6.206440000001749,0.012218600000778679,0.02464989999862155,21.694274499997846,1357,150,56,940,685,300000,0,raw_cases/A355,1,0,0,0,0,0,0.057888717391801556,0.020067678,0,0,0.0,1.0000000000000002,0,0.007373690908002779,0.002414529152703336,0,0,0.05789740666576163,0.6575494993939413,0.3569889039640997,6,2,6,1.3154725030167902,0.16443406287709875,0.07307787986565806,0.722699183,0.022341008771929825,0.5,0.5,0.6666666666666666,0.3333333333333333,0.0,0.337629364,0.16666666666666666,0.16666666666666666,0.0,0.16666666666666666,0.16666666666666666,0.16666666666666666,0.16666666666666666,0.0,0.12878787875,0.15151515200000001,0.2196969695,0.242424242,0.757575758,0.16666666666666666,
A356,A,Ours,proto_sw_3_1,compact,medium,10,200009,1,,,6,4,2,6,13.97589589999916,1.6336056999971333,7.203174400001444,0.009814300003199605,0.0333870999966166,22.869580900001893,1357,150,85,1389,1829,300000,0,raw_cases/A356,1,0,0,0,0,0,0.057888717391801556,0.020067678,0,0,0.0,1.0000000000000002,0,0.03386455043529829,0.016351447874408634,0,0,0.05789740666576163,0.9970921091019658,0.3569889039640997,6,2,6,1.4761828145585278,0.18452285181981598,0.08558774139024417,0.711747683,0.025105080409356724,0.5,0.5,0.6666666666666666,0.3333333333333333,0.0,0.458896697,0.16666666666666666,0.16666666666666666,0.0,0.16666666666666666,0.16666666666666666,0.16666666666666666,0.16666666666666666,0.0,0.12878787925000001,0.1515151515,0.2196969695,0.242424242,0.757575758,0.16666666666666666,
A357,A,Ours,proto_sw_3_1,compact,rich,10,200009,1,,,7,4,3,7,13.686886200001027,2.021989199998643,9.044793999997637,0.010242399999697227,0.029109799997968366,24.807576999999583,1357,175,712,1880,3588,300000,0,raw_cases/A357,1,0,0,0,0,0,0.03908228687182979,0.020067678,0,0,0.0,1.0000000000000002,0,0.04120699115396905,0.02162224737897092,0,0,0.0390499896415659,0.9909643768809117,0.4591819779467455,7,3,7,1.7628870829565138,0.17628870829565138,0.08970927193396715,0.824098231,0.029034173976608187,0.42857142857142855,0.5714285714285714,0.5714285714285714,0.42857142857142855,0.0,0.687280619,0.2857142857142857,0.14285714285714285,0.0,0.14285714285714285,0.14285714285714285,0.14285714285714285,0.14285714285714285,0.0,0.090909091,0.12121212200000003,0.1818181815,0.242424242,0.757575758,0.2857142857142857,
A358,A,Ours,proto_sw_3_1,swept,simple,10,200009,1,,,6,4,2,6,12.523902500000986,1.7507638999995834,3.8424421999989136,0.008665200002724305,0.025659499999164836,18.171221000000514,1389,150,0,416,1475,300000,0,raw_cases/A358,1,0,0,0,0,0,0.10652283653916787,0.020067678,0,0,0.0,1.0,0,0.008313947284551421,0.0024266589461099937,0,0,0.10658031601894155,0.35333301272484213,0.1247254788427427,6,2,6,1.3483237124895022,0.16854046406118778,0.07337094988817927,0.6563549820000001,0.024002878289473683,0.5,0.5,0.6666666666666666,0.3333333333333333,0.0,0.328667207,0.16666666666666666,0.16666666666666666,0.0,0.16666666666666666,0.16666666666666666,0.16666666666666666,0.16666666666666666,0.0,0.10606060625,0.16666666700000002,0.227272727,0.242424242,0.757575758,0.16666666666666666,
A359,A,Ours,proto_sw_3_1,swept,medium,10,200009,1,,,6,4,2,6,12.630823200001032,1.685493699998915,3.1705127999994147,0.007240799997816794,0.03111019999778364,17.542806200002815,1389,150,125,715,2803,300000,0,raw_cases/A359,1,0,0,0,0,0,0.035250353752259066,0.020067678,0,0,0.0,1.0,0,0.0639260856153195,0.028017977814082596,0,0,0.03525110942302967,1.001033979391836,0.4192367807357291,6,2,6,1.5715743586759183,0.1964467948344898,0.09553058157149413,0.690970321,0.02672126279239766,0.5,0.5,0.6666666666666666,0.3333333333333333,0.0,0.414351344,0.16666666666666666,0.16666666666666666,0.0,0.16666666666666666,0.16666666666666666,0.16666666666666666,0.16666666666666666,0.0,0.10606060625,0.16666666700000002,0.227272727,0.242424242,0.757575758,0.16666666666666666,
A360,A,Ours,proto_sw_3_1,swept,rich,10,200009,1,,,6,4,2,6,12.611689899997145,1.6908012999992934,5.107294200002798,0.007318799998756731,0.03341079999881913,19.470254299998487,1389,150,243,1476,821,300000,0,raw_cases/A360,1,0,0,0,0,0,0.0844341884632739,0.020067678,0,0,0.0,1.0,0,0.06288550451741105,0.021057860115075506,0,0,0.0844341884632739,1.3132184103643385,0.33705873055115104,6,2,6,1.9075515903249065,0.2384439487906133,0.11067251257394972,0.755891828,0.03216374269005848,0.5,0.5,0.6666666666666666,0.3333333333333333,0.0,0.606124609,0.16666666666666666,0.16666666666666666,0.0,0.16666666666666666,0.16666666666666666,0.16666666666666666,0.16666666666666666,0.0,0.0984848485,0.1515151515,0.227272727,0.272727273,0.727272727,0.16666666666666666,
A361,A,Ours,proto_sw_3_2,expanded,simple,1,200000,1,,,5,3,2,5,68.37623249999888,1.8081249999995634,0.7608538000022236,0.002062899999145884,0.0281144000000495,70.99070120000033,2232,125,85,186,448,300000,0,raw_cases/A361,1,0,0,0,0,0,0.04356949119098884,0.021319526,0,0,0.0,0.9999999999999999,0,0.030193869308196924,0.0178266488537574,0,0,0.04356949119098884,1.5110497764096442,0.37323249365195466,5,2,5,1.549767253841949,0.22139532197742126,0.07894369871148521,0.573024907,0.0244140625,0.6,0.4,0.6,0.4,0.0,0.236305377,0.2,0.2,0.2,0.0,0.0,0.2,0.2,0.0,0.121212121,0.151515151,0.333333333,0.333333334,0.666666666,0.2,
A362,A,Ours,proto_sw_3_2,expanded,medium,1,200000,1,,,6,4,2,6,68.42265670000052,2.2798881999988225,1.5913255000014033,0.002613600001495797,0.03417590000026394,72.34836060000089,2232,150,132,480,370,300000,0,raw_cases/A362,1,0,0,0,0,0,0.0403139349001031,0.021319526,0,0,0.0,0.9999999999999999,0,0.05828818039576171,0.025520470967679426,0,0,0.0403139349001031,1.690841906060434,0.4160391707295239,6,2,6,1.5087538680851227,0.18859423351064034,0.07019760012840015,0.490493268,0.026841191520467836,0.6666666666666666,0.3333333333333333,0.6666666666666666,0.3333333333333333,0.0,0.382561686,0.16666666666666666,0.16666666666666666,0.16666666666666666,0.16666666666666666,0.0,0.16666666666666666,0.16666666666666666,0.0,0.12121212125000001,0.1363636365,0.19696969674999995,0.303030303,0.696969697,0.16666666666666666,
A363,A,Ours,proto_sw_3_2,expanded,rich,1,200000,1,,,7,4,3,7,68.31104619999678,2.586448300000484,2.464891899999202,0.004867599996941863,0.03530529999989085,73.42220749999979,2232,175,94,509,596,300000,0,raw_cases/A363,1,0,0,0,0,0,0.0365403021190939,0.021319526,0,0,0.0,0.9999999999999999,0,0.08442100896648974,0.027082150433594538,0,0,0.0365403021190939,1.8199052271842335,0.3697421431205699,7,3,7,1.8794717128863851,0.18794717128863853,0.07624478537261568,0.507173325,0.03301466557017544,0.5714285714285714,0.42857142857142855,0.5714285714285714,0.42857142857142855,0.0,0.623414767,0.14285714285714285,0.14285714285714285,0.14285714285714285,0.14285714285714285,0.14285714285714285,0.14285714285714285,0.14285714285714285,0.0,0.106060606,0.121212121,0.1666666665,0.24242424299999998,0.757575757,0.14285714285714285,
A364,A,Ours,proto_sw_3_2,compact,simple,1,200000,1,,,5,3,2,5,67.57602709999992,1.8317616999993334,1.0116775000024063,0.003753500001039356,0.033150300001580035,70.47444140000152,2224,125,110,322,645,300000,0,raw_cases/A364,1,0,0,0,0,0,0.04240208744819117,0.021319526,0,0,0.0,1.0,0,0.10449770192303379,0.050548394250330274,0,0,0.04245039236124155,0.9181626067408235,0.2807327789759127,5,2,5,1.4693249182604005,0.20990355975148578,0.07066438627916155,0.5127879430000001,0.025761832967836257,0.6,0.4,0.6,0.4,0.0,0.22033849,0.2,0.2,0.0,0.2,0.0,0.2,0.2,0.0,0.15151515100000001,0.21212121199999995,0.272727273,0.272727273,0.727272727,0.2,
A365,A,Ours,proto_sw_3_2,compact,medium,1,200000,1,,,6,4,2,6,67.73463930000071,2.203991099999257,1.218467899998359,0.0036734000022988766,0.025495300000329735,71.20064929999717,2224,150,110,335,1101,300000,0,raw_cases/A365,1,0,0,0,0,0,0.04240208744819117,0.021319526,0,0,0.0,1.0,0,0.008335162727450215,0.006222834745746283,0,0,0.04245039236124155,1.2042935827819299,0.28239571516528406,6,2,6,1.4378424292138297,0.1797303036517287,0.0676338105176233,0.6254843579999999,0.025624771564327485,0.6666666666666666,0.3333333333333333,0.6666666666666666,0.3333333333333333,0.0,0.410880984,0.16666666666666666,0.16666666666666666,0.0,0.16666666666666666,0.16666666666666666,0.16666666666666666,0.16666666666666666,0.0,0.09848484850000001,0.13636363599999998,0.2424242425,0.272727273,0.727272727,0.16666666666666666,
A366,A,Ours,proto_sw_3_2,compact,rich,1,200000,1,,,7,4,3,7,67.72852670000066,2.5775390999988304,1.7791834999989078,0.015204399998765439,0.028864899999462068,72.1476724000022,2224,175,111,587,5864,300000,0,raw_cases/A366,1,0,0,0,0,0,0.041789231003656085,0.021319526,0,0,0.0,1.0,0,0.18804298553276386,0.06844872930882613,0,0,0.041813534478006564,1.6669052631999377,0.38053588894879337,7,3,7,1.8909789970348285,0.18909789970348284,0.08422331711140277,0.5025076159999999,0.03343156067251462,0.5714285714285714,0.42857142857142855,0.5714285714285714,0.42857142857142855,0.0,0.660355582,0.14285714285714285,0.14285714285714285,0.14285714285714285,0.14285714285714285,0.14285714285714285,0.14285714285714285,0.14285714285714285,0.0,0.090909091,0.12121212200000003,0.15151515149999997,0.303030303,0.696969697,0.14285714285714285,
A367,A,Ours,proto_sw_3_2,swept,simple,1,200000,1,,,5,3,2,5,67.48338529999819,1.8272429999997257,0.9289969999990717,0.005459500000142725,0.026608799998939503,70.28698240000085,2251,125,0,308,1041,300000,0,raw_cases/A367,1,0,0,0,0,0,0.047135776361914655,0.021319526,0,0,0.0,0.9999999999999999,0,0.009721415108079088,0.00536571000443669,0,0,0.04750344014404355,1.7823276615567483,0.39841306881049593,5,2,5,1.4198261429455155,0.20283230613507364,0.07880427869773278,0.486166502,0.025019417032163743,0.6,0.4,0.6,0.4,0.0,0.208094359,0.2,0.2,0.0,0.2,0.0,0.2,0.2,0.0,0.12121212199999999,0.151515151,0.272727273,0.333333333,0.666666667,0.2,
A368,A,Ours,proto_sw_3_2,swept,medium,1,200000,1,,,6,4,2,6,67.03507329999775,2.1946778999990784,0.9483920999991824,0.0029355999977269676,0.034101299999747425,70.23407059999954,2251,150,115,237,362,300000,0,raw_cases/A368,1,0,0,0,0,0,0.033507706385533305,0.021319526,0,0,0.0,0.9999999999999999,0,0.007922783648339125,0.004023879347627104,0,0,0.03354219166879057,1.1792832291399171,0.3497454515278897,6,2,6,1.4443119549813201,0.18053899437266502,0.06621906346172275,0.46783585399999994,0.025607638888888888,0.6666666666666666,0.3333333333333333,0.6666666666666666,0.3333333333333333,0.0,0.380932852,0.16666666666666666,0.16666666666666666,0.16666666666666666,0.16666666666666666,0.0,0.16666666666666666,0.16666666666666666,0.0,0.0984848485,0.1363636365,0.21969697024999998,0.303030303,0.696969697,0.16666666666666666,
A369,A,Ours,proto_sw_3_2,swept,rich,1,200000,1,,,7,4,3,7,67.05371060000107,2.5581371000007493,2.1301297999998496,0.0038820999980089255,0.03231409999716561,71.79430529999809,2251,175,186,477,890,300000,0,raw_cases/A369,1,0,0,0,0,0,0.038797656201936856,0.021319526,0,0,0.0,0.9999999999999999,0,0.09977279642275062,0.041482625326074385,0,0,0.038830867370316345,1.4419966875324386,0.31545887617392926,7,3,7,1.8747622025369381,0.18747622025369381,0.07468108287462134,0.5975088659999999,0.03308890716374269,0.5714285714285714,0.42857142857142855,0.5714285714285714,0.42857142857142855,0.0,0.628583477,0.14285714285714285,0.14285714285714285,0.14285714285714285,0.14285714285714285,0.14285714285714285,0.14285714285714285,0.14285714285714285,0.0,0.12121212099999999,0.12121212199999998,0.1515151515,0.242424242,0.757575758,0.14285714285714285,
A370,A,Ours,proto_sw_3_2,expanded,simple,2,200001,1,,,5,4,1,5,54.115236800000275,1.8409105999999156,1.0512538000002678,0.002205400000093505,0.030542399999831105,57.053811400000995,2248,125,21,267,279,300000,0,raw_cases/A370,1,0,0,0,0,0,0.07577099300053655,0.021319526,0,0,0.0,1.0000000000000002,0,0.0001011211634900941,7.406236760528292e-05,0,0,0.07599269542834407,0.8310999098671412,0.37502581795699297,5,1,5,1.3173591568599095,0.21955985947665158,0.08717593557402607,0.5735553679999998,0.023431789108187134,0.6,0.4,0.8,0.2,0.0,0.330810306,0.2,0.2,0.2,0.0,0.2,0.0,0.2,0.0,0.151515152,0.15151515200000001,0.272727273,0.333333333,0.666666667,0.2,
A371,A,Ours,proto_sw_3_2,expanded,medium,2,200001,1,,,6,5,1,6,54.07122090000121,2.183250699999917,0.7771974000024784,0.0015619000005244743,0.03145799999765586,57.08319070000289,2248,150,22,151,110,300000,0,raw_cases/A371,1,0,0,0,0,0,0.0432824752657978,0.021319526,0,0,0.0,1.0000000000000002,0,0.017904681099400514,0.01729584451335664,0,0,0.04337498627106388,1.1905849059987952,0.25455018919475325,6,1,6,1.4093276850451226,0.2013325264350175,0.06654389177880173,0.576566836,0.02520216557017544,0.6666666666666666,0.3333333333333333,0.8333333333333334,0.16666666666666666,0.0,0.415228435,0.16666666666666666,0.16666666666666666,0.16666666666666666,0.0,0.16666666666666666,0.0,0.3333333333333333,0.0,0.106060606,0.1515151515,0.24242424275,0.272727273,0.727272727,0.3333333333333333,
A372,A,Ours,proto_sw_3_2,expanded,rich,2,200001,1,,,7,6,1,7,53.65298839999741,2.6364185999991605,0.7514953999998397,0.0021078000027046073,0.03428709999934654,57.09501840000303,2248,175,36,237,305,300000,0,raw_cases/A372,1,0,0,0,0,0,0.039117460027115136,0.021319526,0,0,0.0,1.0000000000000002,0,0.027610061670359343,0.014189628292665221,0,0,0.039426795414005955,1.8628167466941496,0.3553314041519249,7,1,7,1.7103602603232437,0.2137950325404055,0.08824836327912475,0.589975318,0.030530427631578948,0.5714285714285714,0.42857142857142855,0.8571428571428571,0.14285714285714285,0.0,0.662688895,0.14285714285714285,0.14285714285714285,0.14285714285714285,0.0,0.14285714285714285,0.14285714285714285,0.2857142857142857,0.0,0.090909091,0.121212121,0.181818182,0.272727273,0.727272727,0.2857142857142857,
A373,A,Ours,proto_sw_3_2,compact,simple,2,200001,1,,,5,4,1,5,45.738305999999284,1.7939279000020179,0.9456191999997827,0.0018845000013243407,0.027851899998495355,48.52180799999769,2088,125,7,307,78,300000,0,raw_cases/A373,1,0,0,0,0,0,0.09973396176670174,0.021319526,0,0,0.0,1.0,0,0.010563679363631204,0.009730486568776722,0,0,0.09984999262718461,0.94205481414924,0.3012480669120891,5,1,5,1.4484497756773418,0.24140829594622362,0.10634748167844423,0.55204918,0.02554481907894737,0.6,0.4,0.8,0.2,0.0,0.241744959,0.2,0.2,0.0,0.2,0.0,0.2,0.2,0.0,0.15151515200000001,0.181818182,0.24242424199999998,0.272727273,0.727272727,0.2,
A374,A,Ours,proto_sw_3_2,compact,medium,2,200001,1,,,6,5,1,6,45.56660019999981,2.2204007000000274,2.2515316999997594,0.0019057999998040032,0.02867849999893224,50.08306559999983,2088,150,49,178,149,300000,0,raw_cases/A374,1,0,0,0,0,0,0.05854833542947589,0.021319526,0,0,0.0,1.0,0,0.01413922497593604,0.01176311156454063,0,0,0.05869552280002974,1.112549786248609,0.30134612286517237,6,1,6,1.4739916793796648,0.21057023991138069,0.09520979421501055,0.7241471589999999,0.02607593201754386,0.6666666666666666,0.3333333333333333,0.8333333333333334,0.16666666666666666,0.0,0.406795135,0.16666666666666666,0.16666666666666666,0.16666666666666666,0.16666666666666666,0.0,0.16666666666666666,0.16666666666666666,0.0,0.09848484874999999,0.1363636365,0.21969697,0.303030303,0.696969697,0.16666666666666666,
A375,A,Ours,proto_sw_3_2,compact,rich,2,200001,1,,,7,6,1,7,45.545691300001636,2.5910774000003585,3.3678780000009283,0.0032223000016529113,0.03242089999912423,51.55985589999909,2088,175,131,805,347,300000,0,raw_cases/A375,1,0,0,0,0,0,0.047362930271167794,0.021319526,0,0,0.0,1.0,0,0.0026205588592202273,0.0019594553198423923,0,0,0.04758239701591646,1.9518565102042293,0.4005873584776208,7,1,7,1.6648576275759166,0.20810720344698955,0.07816578393265333,0.6240867969999999,0.0297937225877193,0.5714285714285714,0.42857142857142855,0.8571428571428571,0.14285714285714285,0.0,0.641841238,0.14285714285714285,0.14285714285714285,0.14285714285714285,0.14285714285714285,0.14285714285714285,0.14285714285714285,0.14285714285714285,0.0,0.106060606,0.12121212199999998,0.1363636365,0.303030303,0.696969697,0.14285714285714285,
A376,A,Ours,proto_sw_3_2,swept,simple,2,200001,1,,,5,4,1,5,50.50434150000001,1.8355956000013975,1.0363299999989977,0.002347699999518227,0.026034700000309385,53.41968049999923,2156,125,42,149,134,300000,0,raw_cases/A376,1,0,0,0,0,0,0.07842055745328759,0.021319526,0,0,0.0,1.0000000000000002,0,0.014732110194351937,0.014617911258885915,0,0,0.0785915304121406,1.3061547591249436,0.38038560867576643,5,1,5,1.3820945263847986,0.23034908773079976,0.08417159219549185,0.654368737,0.02448830409356725,0.6,0.4,0.8,0.2,0.0,0.27834548,0.2,0.2,0.0,0.2,0.0,0.2,0.2,0.0,0.121212122,0.21212121199999998,0.212121212,0.333333333,0.666666667,0.2,
A377,A,Ours,proto_sw_3_2,swept,medium,2,200001,1,,,6,5,1,6,50.33282120000149,2.3266988999966998,1.034691799999564,0.0023338999999396037,0.0316419999981008,53.74775999999838,2156,150,30,195,271,300000,0,raw_cases/A377,1,0,0,0,0,0,0.058487491501934205,0.021319526,0,0,0.0,1.0000000000000002,0,0.007126461078272519,0.003823992388401949,0,0,0.05863501197875297,0.8157359675796562,0.33518702537339456,6,1,6,1.4361742274971256,0.20516774678530367,0.0862562201971716,0.647415879,0.025647615131578948,0.6666666666666666,0.3333333333333333,0.8333333333333334,0.16666666666666666,0.0,0.448712295,0.16666666666666666,0.16666666666666666,0.16666666666666666,0.16666666666666666,0.0,0.16666666666666666,0.16666666666666666,0.0,0.0984848485,0.1212121215,0.21212121274999998,0.333333333,0.666666667,0.16666666666666666,
A378,A,Ours,proto_sw_3_2,swept,rich,2,200001,1,,,7,6,1,7,50.191542800002935,2.6667034000020067,3.052246600000217,0.002735699999902863,0.02862210000239429,55.95948230000067,2156,175,134,708,330,300000,0,raw_cases/A378,1,0,0,0,0,0,0.03672066054278774,0.021319526,0,0,0.0,1.0000000000000002,0,0.002105511329145946,0.0013062857214697296,0,0,0.03672066054278774,2.253778506430973,0.3970709373273303,7,1,7,1.664857629061427,0.20810720363267837,0.07505488267940852,0.59724157,0.029736613669590642,0.5714285714285714,0.42857142857142855,0.8571428571428571,0.14285714285714285,0.0,0.67920342,0.14285714285714285,0.14285714285714285,0.14285714285714285,0.14285714285714285,0.14285714285714285,0.14285714285714285,0.14285714285714285,0.0,0.106060606,0.12121212199999998,0.1363636365,0.303030303,0.696969697,0.14285714285714285,
A379,A,Ours,proto_sw_3_2,expanded,simple,3,200002,1,,,5,3,3,5,55.15711530000044,1.8973865999978443,1.294714900002873,0.006738799998856848,0.028945400001248345,58.40007490000062,2238,125,85,227,501,300000,0,raw_cases/A379,1,0,0,0,0,0,0.05430936802214461,0.021319526,0,0,0.0,1.0000000000000002,0,0.07572845581210556,0.020300737810274205,0,0,0.05444561644385538,0.6975085065651497,0.3616806449621095,5,3,5,1.5789689383734544,0.1973711172966818,0.09339914527354971,0.6215866159999999,0.02746938961988304,0.6,0.4,0.6,0.2,0.2,0.205880912,0.2,0.2,0.0,0.2,0.0,0.4,0.0,0.0,0.12121212199999999,0.212121212,0.212121212,0.363636363,0.636363637,0.4,
A380,A,Ours,proto_sw_3_2,expanded,medium,3,200002,1,,,6,4,2,6,55.12844739999855,2.220480600000883,1.4647092999985034,0.003917600002750987,0.033300700000836514,58.86983419999888,2238,150,3,298,256,300000,0,raw_cases/A380,1,0,0,0,0,0,0.06500841075369532,0.021319526,0,0,0.0,1.0000000000000002,0,0.010595839790861017,0.0035163335732944505,0,0,0.06500841075369532,0.6913525177405715,0.2892997491662424,6,2,6,1.5676555780924821,0.19595694726156027,0.07946393775790352,0.573067593,0.0278234649122807,0.6666666666666666,0.3333333333333333,0.6666666666666666,0.3333333333333333,0.0,0.411348055,0.16666666666666666,0.16666666666666666,0.0,0.16666666666666666,0.16666666666666666,0.16666666666666666,0.16666666666666666,0.0,0.12878787875,0.1666666665,0.204545455,0.242424242,0.757575758,0.16666666666666666,
A381,A,Ours,proto_sw_3_2,expanded,rich,3,200002,1,,,7,4,3,7,55.31206519999978,2.5870340000001306,2.4187265999971714,0.012133000000176253,0.03801540000131354,60.39014289999977,2238,175,51,663,2832,300000,0,raw_cases/A381,1,0,0,0,0,0,0.043133940755024955,0.021319526,0,0,0.0,1.0000000000000002,0,0.09085987239311141,0.02764962631800069,0,0,0.04313460367498177,1.271979848578651,0.2892997491662424,7,3,7,1.9432578179925684,0.19432578179925683,0.07862272187993777,0.573067593,0.03433959247076023,0.5714285714285714,0.42857142857142855,0.5714285714285714,0.42857142857142855,0.0,0.658564865,0.14285714285714285,0.2857142857142857,0.0,0.14285714285714285,0.14285714285714285,0.14285714285714285,0.14285714285714285,0.0,0.090909091,0.121212121,0.196969697,0.242424242,0.757575758,0.2857142857142857,
A382,A,Ours,proto_sw_3_2,compact,simple,3,200002,1,,,5,3,2,5,56.1467072000014,1.882429700002831,1.342721299999539,0.0027689000016835053,0.034524899998359615,59.42761380000229,2222,125,27,357,105,300000,0,raw_cases/A382,1,0,0,0,0,0,0.09931188565254158,0.021319526,0,0,0.0,1.0000000000000002,0,0.05741003379516812,0.034202808087360335,0,0,0.09935907614581463,1.4173604748602895,0.4134679340256103,5,2,5,1.4946361886208528,0.21351945551726467,0.07682786257661721,0.595470087,0.025242141812865496,0.6,0.4,0.6,0.4,0.0,0.208295259,0.2,0.2,0.0,0.2,0.0,0.2,0.2,0.0,0.12121212199999999,0.18181818100000002,0.24242424299999998,0.333333333,0.666666667,0.2,
A383,A,Ours,proto_sw_3_2,compact,medium,3,200002,1,,,6,4,2,6,56.384435400002985,2.243283899999369,1.2644757999987633,0.00562309999804711,0.029714899999817135,59.94904519999909,2222,150,56,365,675,300000,0,raw_cases/A383,1,0,0,0,0,0,0.04971822812391415,0.021319526,0,0,0.0,1.0000000000000002,0,0.03401439699156595,0.01897990314338889,0,0,0.05000291460658063,1.6509382715603569,0.3438665296472299,6,2,6,1.7894723220186315,0.2236840402523289,0.0770297956001107,0.6956874899999999,0.030227750365497075,0.6666666666666666,0.3333333333333333,0.6666666666666666,0.3333333333333333,0.0,0.46631123,0.16666666666666666,0.16666666666666666,0.0,0.16666666666666666,0.16666666666666666,0.16666666666666666,0.16666666666666666,0.0,0.12121212125,0.1515151515,0.204545455,0.272727272,0.727272728,0.16666666666666666,
A384,A,Ours,proto_sw_3_2,compact,rich,3,200002,1,,,7,4,4,7,56.648152100002335,2.6855820000018866,1.8141376999992644,0.015078999997058418,0.030625100000179373,61.20918380000148,2222,175,84,507,7339,300000,0,raw_cases/A384,1,0,0,0,0,0,0.058886357141915376,0.021319526,0,0,0.0,1.0000000000000002,0,0.05729500997987678,0.028472714877598376,0,0,0.06987629918564675,1.361805306463468,0.32448706190983134,7,4,7,1.9050024852809488,0.17318204411644988,0.07080657631543721,0.592240455,0.032312225877192985,0.5714285714285714,0.42857142857142855,0.5714285714285714,0.2857142857142857,0.14285714285714285,0.693044437,0.14285714285714285,0.14285714285714285,0.14285714285714285,0.14285714285714285,0.14285714285714285,0.14285714285714285,0.14285714285714285,0.0,0.106060606,0.121212121,0.166666667,0.242424242,0.757575758,0.14285714285714285,
A385,A,Ours,proto_sw_3_2,swept,simple,3,200002,1,,,6,4,2,6,58.678425699999934,2.197224700001243,3.1904157000026316,0.0091361999984656,0.02929220000078203,64.12166460000299,2249,150,13,836,1583,300000,0,raw_cases/A385,1,0,0,0,0,0,0.08061465873549571,0.021319526,0,0,0.0,1.0000000000000002,0,0.04777695821251968,0.018998758846326135,0,0,0.08061465873549571,0.8031121231364738,0.36596535301946015,6,2,6,1.5520663783071944,0.1940082972883993,0.08123620453954969,0.48619952099999986,0.026475694444444444,0.6666666666666666,0.3333333333333333,0.6666666666666666,0.3333333333333333,0.0,0.359486117,0.16666666666666666,0.16666666666666666,0.0,0.16666666666666666,0.16666666666666666,0.16666666666666666,0.16666666666666666,0.0,0.12121212125,0.13636363699999998,0.2196969695,0.272727272,0.727272728,0.16666666666666666,
A386,A,Ours,proto_sw_3_2,swept,medium,3,200002,1,,,6,4,2,6,58.49665180000011,2.2093007000003126,1.3362066999980016,0.003605599998991238,0.03283279999959632,62.136630099998,2249,150,56,368,351,300000,0,raw_cases/A386,1,0,0,0,0,0,0.0421871055291989,0.021319526,0,0,0.0,1.0000000000000002,0,0.050050299585490884,0.03366174033547107,0,0,0.042228414796660646,1.7002723894284013,0.38126008371109577,6,2,6,1.8279027643800378,0.22848784554750473,0.07445819068673518,0.5076013529999999,0.03113578216374269,0.6666666666666666,0.3333333333333333,0.6666666666666666,0.3333333333333333,0.0,0.47426263,0.16666666666666666,0.16666666666666666,0.0,0.16666666666666666,0.16666666666666666,0.16666666666666666,0.16666666666666666,0.0,0.12121212125,0.13636363699999998,0.2196969695,0.272727272,0.727272728,0.16666666666666666,
A387,A,Ours,proto_sw_3_2,swept,rich,3,200002,1,,,7,4,3,7,58.47305369999958,2.5896669999965525,4.560873099999299,0.007496999998693354,0.03092300000207615,65.6773084000015,2249,175,32,603,1594,300000,0,raw_cases/A387,1,0,0,0,0,0,0.037675816722939,0.021319526,0,0,0.0,1.0000000000000002,0,0.07390994561557598,0.02847736278215358,0,0,0.037953581404572945,0.9348905739531371,0.2784699420337774,7,3,7,1.8285998702464612,0.18285998702464612,0.08316260177911736,0.701055102,0.0323579130116959,0.5714285714285714,0.42857142857142855,0.5714285714285714,0.42857142857142855,0.0,0.668271987,0.14285714285714285,0.14285714285714285,0.0,0.14285714285714285,0.2857142857142857,0.14285714285714285,0.14285714285714285,0.0,0.121212121,0.12121212199999998,0.1515151515,0.242424242,0.757575758,0.2857142857142857,
A388,A,Ours,proto_sw_3_2,expanded,simple,4,200003,1,,,6,4,2,6,51.205477900002734,2.2267427000006137,1.744869699999981,0.0033868999998958316,0.034624099997017765,55.23344830000133,2232,150,144,364,228,300000,0,raw_cases/A388,1,0,0,0,0,0,0.06812858317847784,0.021319526,0,0,0.0,1.0000000000000002,0,0.09657018468279621,0.033457763040583094,0,0,0.06812858317847784,0.9294640767290281,0.35219766324236407,6,2,6,1.4999799124499784,0.1874974890562473,0.0658435241428263,0.5608725689999999,0.025596217105263157,0.6666666666666666,0.3333333333333333,0.6666666666666666,0.3333333333333333,0.0,0.340670209,0.16666666666666666,0.3333333333333333,0.0,0.0,0.16666666666666666,0.16666666666666666,0.16666666666666666,0.0,0.06818181849999999,0.106060606,0.2575757575,0.363636363,0.636363637,0.3333333333333333,
A389,A,Ours,proto_sw_3_2,expanded,medium,4,200003,1,,,6,4,2,6,50.70288000000073,2.2298860999981116,1.8208441999995557,0.004986200001440011,0.026884200000495184,54.80183670000042,2232,150,144,364,228,300000,0,raw_cases/A389,1,0,0,0,0,0,0.06812858317847784,0.021319526,0,0,0.0,1.0000000000000002,0,0.09657018468279621,0.033457763040583094,0,0,0.06812858317847784,0.9294640767290281,0.35219766324236407,6,2,6,1.4999799124499784,0.1874974890562473,0.0658435241428263,0.5608725689999999,0.025596217105263157,0.6666666666666666,0.3333333333333333,0.6666666666666666,0.3333333333333333,0.0,0.340670209,0.16666666666666666,0.3333333333333333,0.0,0.0,0.16666666666666666,0.16666666666666666,0.16666666666666666,0.0,0.06818181849999999,0.106060606,0.2575757575,0.363636363,0.636363637,0.3333333333333333,
A390,A,Ours,proto_sw_3_2,expanded,rich,4,200003,1,,,7,5,2,7,50.646170599997276,2.6121941000019433,1.9177220000019588,0.004503500000282656,0.03920790000120178,55.23737759999858,2232,175,184,442,1058,300000,0,raw_cases/A390,1,0,0,0,0,0,0.0473339432378534,0.021319526,0,0,0.0,1.0000000000000002,0,0.07748213621784567,0.024311895187550836,0,0,0.047277291875716596,1.4070683670199373,0.35219766324236407,7,2,7,1.7614778000514835,0.19571975556127588,0.07545730214991318,0.5608725689999999,0.03026201571637427,0.5714285714285714,0.42857142857142855,0.7142857142857143,0.2857142857142857,0.0,0.610309069,0.14285714285714285,0.2857142857142857,0.14285714285714285,0.0,0.14285714285714285,0.14285714285714285,0.14285714285714285,0.0,0.075757576,0.121212121,0.1818181815,0.303030303,0.696969697,0.2857142857142857,
A391,A,Ours,proto_sw_3_2,compact,simple,4,200003,1,,,5,3,2,5,47.529939700001705,1.8392358000019158,2.049854699998832,0.0053406000006361865,0.029881099999329308,51.47062750000259,2132,125,261,480,1123,300000,0,raw_cases/A391,1,0,0,0,0,0,0.03672549154637008,0.021319526,0,0,0.0,1.0,0,0.026221454308198448,0.011655446030400493,0,0,0.0369353991740515,0.701951694438654,0.40969733558668525,5,2,5,1.3870053833432199,0.19814362619188855,0.06731397737707653,0.4817189569999999,0.024545413011695907,0.6,0.4,0.6,0.4,0.0,0.224538046,0.2,0.0,0.2,0.2,0.0,0.2,0.2,0.0,0.181818182,0.212121212,0.242424242,0.242424242,0.757575758,0.2,
A392,A,Ours,proto_sw_3_2,compact,medium,4,200003,1,,,6,4,2,6,47.60006179999982,2.225855100001354,1.857257399999071,0.006546900000103051,0.02875510000012582,51.73483699999997,2132,150,127,341,421,300000,0,raw_cases/A392,1,1,0,0,0,0,0.04872627077665189,0.021319526,0,0,0.0,1.0,0,0.007789341859691724,0.0017778397663025245,0,0,0.04872768668419546,1.0397035769580707,0.3143316190790432,6,2,6,1.5556659354164537,0.19445824192705669,0.0867971185165336,0.6816633579999999,0.027012518274853802,0.6666666666666666,0.3333333333333333,0.6666666666666666,0.3333333333333333,0.0,0.459222572,0.16666666666666666,0.16666666666666666,0.0,0.16666666666666666,0.0,0.3333333333333333,0.16666666666666666,0.0,0.12121212125,0.166666667,0.21212121274999998,0.242424242,0.757575758,0.3333333333333333,
A393,A,Ours,proto_sw_3_2,compact,rich,4,200003,1,,,7,5,2,7,47.16331259999788,2.6717147000017576,1.9627270999990287,0.016114199999719858,0.034645300002011936,51.865782600001694,2132,175,47,381,1509,300000,0,raw_cases/A393,1,0,0,0,0,0,0.045491348056463266,0.021319526,0,0,0.0,1.0,0,0.056257331454450214,0.03380375626055543,0,0,0.04554562390938872,1.5123193333995684,0.29068459612552466,7,2,7,1.7690915669514105,0.19656572966126784,0.06314495209517984,0.704396005,0.030804550438596492,0.5714285714285714,0.42857142857142855,0.7142857142857143,0.2857142857142857,0.0,0.66020664,0.14285714285714285,0.14285714285714285,0.14285714285714285,0.14285714285714285,0.14285714285714285,0.14285714285714285,0.14285714285714285,0.0,0.090909091,0.12121212199999998,0.1818181815,0.242424242,0.757575758,0.14285714285714285,
A394,A,Ours,proto_sw_3_2,swept,simple,4,200003,1,,,5,3,2,5,47.35689039999852,1.846726800002216,2.1907308000008925,0.004460699998162454,0.024264200001198333,51.43799129999752,2150,125,60,748,413,300000,0,raw_cases/A394,1,1,0,0,0,0,0.062165653890106,0.021319526,0,0,0.0,1.0,0,0.019540258515564554,0.013775954653481257,0,0,0.06216874686439897,0.8630300944787529,0.2639870947316843,5,2,5,1.4899936068552555,0.2128562295507508,0.0740097276313564,0.6623664020000001,0.025778965643274854,0.6,0.4,0.6,0.4,0.0,0.289185209,0.2,0.2,0.0,0.2,0.0,0.2,0.2,0.0,0.121212121,0.212121212,0.24242424299999998,0.333333333,0.666666667,0.2,
A395,A,Ours,proto_sw_3_2,swept,medium,4,200003,1,,,6,4,2,6,47.343494500000816,2.183655799999542,1.048376400001871,0.003966899999795714,0.03761809999923571,50.64021860000139,2150,150,20,206,1298,300000,0,raw_cases/A395,1,0,0,0,0,0,0.053081945299538164,0.021319526,0,0,0.0,1.0,0,0.03749858094706332,0.016839884027296928,0,0,0.05311598952190813,0.8670948767245483,0.3224282521169614,6,2,6,1.61658336952282,0.20207292119035247,0.10559333480890173,0.816182867,0.027035361842105265,0.6666666666666666,0.3333333333333333,0.6666666666666666,0.3333333333333333,0.0,0.455124229,0.16666666666666666,0.16666666666666666,0.0,0.16666666666666666,0.0,0.3333333333333333,0.16666666666666666,0.0,0.09848484874999999,0.1515151515,0.204545455,0.303030303,0.696969697,0.3333333333333333,
A396,A,Ours,proto_sw_3_2,swept,rich,4,200003,1,,,7,5,2,7,47.31086520000099,2.5767789999990782,2.0004212000021653,0.004334500001277775,0.03824000000167871,51.94655839999905,2150,175,176,554,1650,300000,0,raw_cases/A396,1,0,0,0,0,0,0.03384647121464681,0.021319526,0,0,0.0,1.0,0,0.028429841153364332,0.019315018533768862,0,0,0.0339284528780254,2.153383044948568,0.40905196234048247,7,2,7,1.7907613160955536,0.19897347956617265,0.07661666045686594,0.524194526,0.03171829312865497,0.5714285714285714,0.42857142857142855,0.7142857142857143,0.2857142857142857,0.0,0.701749334,0.14285714285714285,0.14285714285714285,0.14285714285714285,0.14285714285714285,0.14285714285714285,0.14285714285714285,0.14285714285714285,0.0,0.121212121,0.121212121,0.151515152,0.242424242,0.757575758,0.14285714285714285,
A397,A,Ours,proto_sw_3_2,expanded,simple,5,200004,1,,,5,3,3,5,74.24345069999981,1.9080600000015693,2.5148121999991417,0.008737200001633028,0.03226320000248961,78.72294260000126,2242,125,60,546,1918,300000,0,raw_cases/A397,1,0,0,0,0,0,0.031980469425047765,0.021319526,0,0,0.0,1.0000000000000002,0,0.02471762007507521,0.014191523214561694,0,0,0.03231940409538038,0.7164214139123646,0.2782723547010875,5,3,5,1.5854491236478259,0.19818114045597823,0.084782824867127,0.5700993779999999,0.0276578490497076,0.6,0.4,0.6,0.2,0.2,0.219133292,0.2,0.4,0.0,0.0,0.0,0.2,0.2,0.0,0.121212122,0.15151515100000001,0.272727273,0.393939394,0.606060606,0.4,
A398,A,Ours,proto_sw_3_2,expanded,medium,5,200004,1,,,6,4,2,6,74.45105829999738,2.283650999997917,2.212302700001601,0.00414440000167815,0.02884470000208239,78.99819489999936,2242,150,69,470,449,300000,0,raw_cases/A398,1,0,0,0,0,0,0.03166712337783702,0.021319526,0,0,0.0,1.0000000000000002,0,0.0689317147061005,0.028527858321557038,0,0,0.03167763414825591,0.7188506604019591,0.34875411835728487,6,2,6,1.5240881774069912,0.1905110221758739,0.0850512818823033,0.5257419640000001,0.027058205409356724,0.6666666666666666,0.3333333333333333,0.6666666666666666,0.3333333333333333,0.0,0.381166824,0.16666666666666666,0.16666666666666666,0.0,0.16666666666666666,0.16666666666666666,0.16666666666666666,0.16666666666666666,0.0,0.106060606,0.1515151515,0.2196969695,0.272727273,0.727272727,0.16666666666666666,
A399,A,Ours,proto_sw_3_2,expanded,rich,5,200004,1,,,7,4,4,7,74.52102100000047,2.6283799999982875,3.3011799000014435,0.0364131999995152,0.031084899997949833,80.5362337000006,2242,175,124,532,21307,300000,0,raw_cases/A399,1,0,0,0,0,0,0.050028766774920096,0.021319526,0,0,0.0,1.0000000000000002,0,0.10584800699887376,0.031333318783410245,0,0,0.05003752522744258,0.9175538090403896,0.21479272961719761,7,4,7,1.9298353586954102,0.1754395780632191,0.08919581121566424,0.6526153450000001,0.03356291118421053,0.5714285714285714,0.42857142857142855,0.5714285714285714,0.2857142857142857,0.14285714285714285,0.614844319,0.14285714285714285,0.2857142857142857,0.0,0.14285714285714285,0.14285714285714285,0.14285714285714285,0.14285714285714285,0.0,0.090909091,0.090909091,0.1818181815,0.272727273,0.727272727,0.2857142857142857,
A400,A,Ours,proto_sw_3_2,compact,simple,5,200004,1,,,5,3,2,5,70.21508730000278,1.8482430999974895,0.8903179000008095,0.0030764000002818648,0.030610400001023663,73.00666739999724,2225,125,0,100,216,300000,0,raw_cases/A400,1,0,0,0,0,0,0.0914146115481355,0.021319526,0,0,0.0,1.0,0,0.013512849674035354,0.007054964515757933,0,0,0.09150675710376709,0.3594674417925955,0.1950624253451768,5,2,5,1.3577919989362024,0.19397028556231463,0.07649542071458496,0.5786828829999999,0.023974323830409358,0.6,0.4,0.6,0.4,0.0,0.187972553,0.2,0.2,0.0,0.2,0.0,0.2,0.2,0.0,0.15151515100000001,0.151515152,0.303030303,0.303030303,0.696969697,0.2,
A401,A,Ours,proto_sw_3_2,compact,medium,5,200004,1,,,6,4,2,6,70.09142749999955,2.1998627000029956,1.8964182999989134,0.002430200001981575,0.028541100000438746,74.23758050000106,2225,150,136,463,254,300000,0,raw_cases/A401,1,0,0,0,0,0,0.07111092523538319,0.021319526,0,0,0.0,1.0,0,0.028671396193380414,0.011840743013613495,0,0,0.07111092523538319,0.899840064909349,0.37661367902842446,6,2,6,1.7100687531801084,0.21375859414751355,0.07541724903629184,0.625182752,0.03019919590643275,0.6666666666666666,0.3333333333333333,0.6666666666666666,0.3333333333333333,0.0,0.469554544,0.16666666666666666,0.16666666666666666,0.16666666666666666,0.16666666666666666,0.0,0.16666666666666666,0.16666666666666666,0.0,0.09848484850000001,0.1515151515,0.2045454545,0.303030303,0.696969697,0.16666666666666666,
A402,A,Ours,proto_sw_3_2,compact,rich,5,200004,1,,,7,4,3,7,70.16547230000288,2.6839634999996633,4.284209500001452,0.006931399999302812,0.028851400002167793,77.19199720000324,2225,175,460,770,2822,300000,0,raw_cases/A402,1,0,0,0,0,0,0.03700162639511375,0.021319526,0,0,0.0,1.0,0,0.1301249948676532,0.03748760734655373,0,0,0.0370018694189209,1.3732412587766065,0.3755381700195068,7,3,7,1.8642922060851292,0.1864292206085129,0.07608809972618545,0.5442651599999999,0.03299753289473684,0.5714285714285714,0.42857142857142855,0.5714285714285714,0.42857142857142855,0.0,0.637671449,0.14285714285714285,0.14285714285714285,0.14285714285714285,0.14285714285714285,0.14285714285714285,0.14285714285714285,0.14285714285714285,0.0,0.090909091,0.121212121,0.166666667,0.272727273,0.727272727,0.14285714285714285,
A403,A,Ours,proto_sw_3_2,swept,simple,5,200004,1,,,5,3,2,5,82.15855740000188,1.8288724000012735,1.8087731999985408,0.005753800000093179,0.030702100000780774,85.85169250000035,2253,125,84,388,1230,300000,0,raw_cases/A403,1,0,0,0,0,0,0.04211699574387301,0.021319526,0,0,0.0,1.0,0,0.014429710721929933,0.012993580974261953,0,0,0.04219006227980854,0.3085590424306269,0.15255171271059206,5,2,5,1.4430828891372847,0.20615469844818352,0.07290294197148513,0.5447347120000001,0.025459155701754384,0.6,0.4,0.6,0.4,0.0,0.213638171,0.0,0.4,0.0,0.0,0.2,0.2,0.2,0.0,0.151515152,0.181818182,0.272727272,0.303030303,0.696969697,0.4,
A404,A,Ours,proto_sw_3_2,swept,medium,5,200004,1,,,6,4,2,6,82.15816350000023,2.1674146999976074,2.617534400000295,0.0067955999984405935,0.03241089999937685,87.00389269999869,2253,150,245,525,401,300000,0,raw_cases/A404,1,0,0,0,0,0,0.03203403677940554,0.021319526,0,0,0.0,1.0,0,0.0069708506859334305,0.003075701937304449,0,0,0.03198689797669535,0.3947660831280887,0.15062266525696952,6,2,6,1.4665869501146227,0.18332336876432787,0.08094666759067728,0.731667952,0.025750411184210526,0.6666666666666666,0.3333333333333333,0.6666666666666666,0.3333333333333333,0.0,0.424450603,0.0,0.3333333333333333,0.0,0.16666666666666666,0.0,0.16666666666666666,0.16666666666666666,0.16666666666666666,0.09848484874999999,0.1515151515,0.22727272675000001,0.272727273,0.727272727,0.3333333333333333,
A405,A,Ours,proto_sw_3_2,swept,rich,5,200004,1,,,7,4,3,7,82.29574880000291,2.5424268999995547,3.7408321000002616,0.010965400000713998,0.030586299999413313,88.6399394,2253,175,253,960,3196,300000,0,raw_cases/A405,1,0,0,0,0,0,0.03203403677940554,0.021319526,0,0,0.0,1.0,0,0.05828952899059782,0.025161515602591736,0,0,0.03198689797669535,0.9513353314175992,0.32356923083447114,7,3,7,1.8380959016724014,0.18380959016724013,0.08162536869358926,0.731667952,0.03248355263157895,0.5714285714285714,0.42857142857142855,0.5714285714285714,0.42857142857142855,0.0,0.650065477,0.0,0.2857142857142857,0.0,0.14285714285714285,0.14285714285714285,0.14285714285714285,0.14285714285714285,0.14285714285714285,0.090909091,0.121212122,0.1818181815,0.242424242,0.757575758,0.2857142857142857,
A406,A,Ours,proto_sw_3_2,expanded,simple,6,200005,1,,,5,3,2,5,60.731804700000794,1.8071251000001212,0.694423299999471,0.006598500000109198,0.03353659999993397,63.2922436000008,2241,125,33,162,1168,300000,0,raw_cases/A406,1,0,0,0,0,0,0.06868607922437296,0.021319526,0,0,0.0,1.0000000000000002,0,0.059157181894075164,0.028851658293856525,0,0,0.06868607922437296,1.3166572541467267,0.4010753653584151,5,2,5,1.533847189275732,0.21912102703939026,0.0875765294326837,0.6471990559999999,0.026424296418128657,0.6,0.4,0.6,0.4,0.0,0.201243482,0.2,0.2,0.0,0.0,0.2,0.2,0.2,0.0,0.121212121,0.121212121,0.303030303,0.363636364,0.636363636,0.2,
A407,A,Ours,proto_sw_3_2,expanded,medium,6,200005,1,,,6,4,2,6,60.924469800000224,2.230411299999105,1.3305447999991884,0.002398299999185838,0.035964399998192675,64.54173499999888,2241,150,93,336,437,300000,0,raw_cases/A407,1,0,0,0,0,0,0.03677730111497963,0.021319526,0,0,0.0,1.0000000000000002,0,0.03963085367319925,0.013023954602630295,0,0,0.036852001173708196,0.7253012789502381,0.18774736957025104,6,2,6,1.5057523455672124,0.18821904319590155,0.06990990963418509,0.4950151409999999,0.026755528143274854,0.6666666666666666,0.3333333333333333,0.6666666666666666,0.3333333333333333,0.0,0.353415287,0.16666666666666666,0.16666666666666666,0.16666666666666666,0.0,0.16666666666666666,0.16666666666666666,0.16666666666666666,0.0,0.0984848485,0.136363636,0.2424242425,0.272727273,0.727272727,0.16666666666666666,
A408,A,Ours,proto_sw_3_2,expanded,rich,6,200005,1,,,7,5,2,7,61.32049310000002,2.575820099998964,1.7210565999994287,0.008026499999687076,0.027940700001636287,65.6700290000008,2241,175,92,397,1901,300000,0,raw_cases/A408,1,0,0,0,0,0,0.03677730111497963,0.021319526,0,0,0.0,1.0000000000000002,0,0.03825010477947395,0.014360505271405888,0,0,0.036852001173708196,0.9198127490294002,0.2206433258673545,7,2,7,1.7246553135949667,0.19162836817721854,0.06433589816409391,0.595976284,0.030884502923976608,0.5714285714285714,0.42857142857142855,0.7142857142857143,0.2857142857142857,0.0,0.572248826,0.14285714285714285,0.14285714285714285,0.14285714285714285,0.14285714285714285,0.14285714285714285,0.14285714285714285,0.14285714285714285,0.0,0.10606060599999999,0.121212121,0.1515151515,0.272727273,0.727272727,0.14285714285714285,
A409,A,Ours,proto_sw_3_2,compact,simple,6,200005,1,,,5,3,2,5,61.66060590000052,1.9520334000008006,1.5751942000024428,0.0031162999985099304,0.024515900000551483,65.23149080000076,2232,125,42,509,657,300000,0,raw_cases/A409,1,0,0,0,0,0,0.04402943892891265,0.021319526,0,0,0.0,0.9999999999999999,0,0.07774988231034796,0.03935577492241447,0,0,0.04407362413579792,0.7759447278392533,0.29393217097851515,5,2,5,1.4692929405857411,0.20989899151224872,0.07798453882322898,0.517728922,0.025864629020467836,0.6,0.4,0.6,0.4,0.0,0.219686207,0.2,0.2,0.0,0.0,0.2,0.2,0.2,0.0,0.15151515100000001,0.181818182,0.24242424299999998,0.333333333,0.666666667,0.2,
A410,A,Ours,proto_sw_3_2,compact,medium,6,200005,1,,,6,4,2,6,61.94249860000127,2.239795600002253,1.3908063999988372,0.0024009000007936265,0.03507030000037048,65.6252762999975,2232,150,135,424,379,300000,0,raw_cases/A410,1,0,0,0,0,0,0.04402943892891265,0.021319526,0,0,0.0,0.9999999999999999,0,0.031158840354400107,0.020657772867125366,0,0,0.04407362413579792,1.4233560455925258,0.4125042244390624,6,2,6,1.4465226383166419,0.1808153297895802,0.06473474649605392,0.660892094,0.025721856725146198,0.6666666666666666,0.3333333333333333,0.6666666666666666,0.3333333333333333,0.0,0.390560985,0.16666666666666666,0.16666666666666666,0.16666666666666666,0.16666666666666666,0.0,0.16666666666666666,0.16666666666666666,0.0,0.121212121,0.136363636,0.21969697,0.272727273,0.727272727,0.16666666666666666,
A411,A,Ours,proto_sw_3_2,compact,rich,6,200005,1,,,7,5,2,7,61.219071800001984,2.5995943999987503,2.8788750000021537,0.006806700002925936,0.032783099999505794,66.7611539999998,2232,175,329,991,1082,300000,0,raw_cases/A411,1,0,0,0,0,0,0.041625605934945596,0.021319526,0,0,0.0,0.9999999999999999,0,0.05628072662579948,0.030527618894078474,0,0,0.041482031121170326,2.2799931646219673,0.4132887842023096,7,2,7,1.7371080637243252,0.19301200708048058,0.06812169407682309,0.615631765,0.030873081140350877,0.5714285714285714,0.42857142857142855,0.7142857142857143,0.2857142857142857,0.0,0.595324437,0.14285714285714285,0.14285714285714285,0.14285714285714285,0.14285714285714285,0.14285714285714285,0.14285714285714285,0.14285714285714285,0.0,0.10606060599999999,0.121212121,0.1515151515,0.272727273,0.727272727,0.14285714285714285,
A412,A,Ours,proto_sw_3_2,swept,simple,6,200005,1,,,5,3,2,5,60.74823329999708,1.7801669000000402,0.6422940999982529,0.0019788000026892405,0.030048699998587836,63.216887799997494,2244,125,63,194,355,300000,0,raw_cases/A412,1,0,0,0,0,0,0.03167536851019143,0.021319526,0,0,0.0,1.0000000000000002,0,0.119875550550361,0.07909470762146444,0,0,0.03178033400146127,0.8944210765007204,0.29777973008449626,5,2,5,1.5215558376195986,0.21736511965994265,0.06440401300140938,0.5184944419999999,0.026801215277777776,0.6,0.4,0.6,0.4,0.0,0.183605334,0.2,0.2,0.0,0.2,0.0,0.2,0.2,0.0,0.121212121,0.24242424199999998,0.24242424299999998,0.303030303,0.696969697,0.2,
A413,A,Ours,proto_sw_3_2,swept,medium,6,200005,1,,,6,4,2,6,61.01506860000154,2.2021854000013263,1.2651489000018046,0.006689699999697041,0.027873499999259366,64.53748229999837,2244,150,74,236,1732,300000,0,raw_cases/A413,1,0,0,0,0,0,0.031867839724002776,0.021319526,0,0,0.0,1.0000000000000002,0,0.03428153703797177,0.019437025963203427,0,0,0.03180299625635713,1.2157691689021772,0.30808563622236745,6,2,6,1.563895663333528,0.19548695791669096,0.07864076637085192,0.6492740959999999,0.027709247076023392,0.6666666666666666,0.3333333333333333,0.6666666666666666,0.3333333333333333,0.0,0.412669913,0.16666666666666666,0.16666666666666666,0.0,0.16666666666666666,0.16666666666666666,0.16666666666666666,0.16666666666666666,0.0,0.12121212099999999,0.1363636365,0.196969697,0.303030303,0.696969697,0.16666666666666666,
A414,A,Ours,proto_sw_3_2,swept,rich,6,200005,1,,,7,5,2,7,60.8726865000026,2.6380978999986837,2.4547794999998587,0.00475449999794364,0.03374940000139759,66.02049529999931,2244,175,220,775,385,300000,0,raw_cases/A414,1,2,0,0,0,0,0.03771118503703401,0.021319526,0,0,0.0,1.0000000000000002,0,0.06782345863985781,0.03255670157211027,0,0,0.037712814772073694,1.739497469654679,0.35918389901758446,7,2,7,1.862354695095504,0.206928299455056,0.07975332080998848,0.705737813,0.03174113669590643,0.5714285714285714,0.42857142857142855,0.7142857142857143,0.2857142857142857,0.0,0.615701834,0.14285714285714285,0.14285714285714285,0.14285714285714285,0.14285714285714285,0.14285714285714285,0.14285714285714285,0.14285714285714285,0.0,0.10606060599999999,0.121212121,0.1515151515,0.272727273,0.727272727,0.14285714285714285,
A415,A,Ours,proto_sw_3_2,expanded,simple,7,200006,1,,,5,4,1,5,61.62287020000076,1.9812474999998813,3.562679400001798,0.0035113999983877875,0.025367799997184193,67.21385310000187,2240,125,153,620,652,300000,0,raw_cases/A415,1,0,0,0,0,0,0.052307746027494495,0.021319526,0,0,0.0,1.0000000000000002,0,0.0018334916147213082,0.0009302453842085708,0,0,0.05247977356045347,0.9288023006262194,0.3907047395717684,5,1,5,1.3490278698088074,0.2248379783014679,0.07012003135770986,0.57002887,0.023951480263157895,0.6,0.4,0.8,0.2,0.0,0.214906283,0.2,0.0,0.2,0.2,0.0,0.2,0.2,0.0,0.151515152,0.181818182,0.212121212,0.303030303,0.696969697,0.2,
A416,A,Ours,proto_sw_3_2,expanded,medium,7,200006,1,,,6,5,1,6,61.52174319999904,2.215881600001012,1.6129406999971252,0.0021422999998321757,0.025601800000004005,65.3948492999989,2240,150,0,552,108,300000,0,raw_cases/A416,1,0,0,0,0,0,0.0907605769332602,0.021319526,0,0,0.0,1.0000000000000002,0,0.0275524138863222,0.026789117051518152,0,0,0.09093322902743653,1.3257940782275355,0.374317615800198,6,1,6,1.3785924524959752,0.19694177892799644,0.08383281201134662,0.654610519,0.02475671600877193,0.6666666666666666,0.3333333333333333,0.8333333333333334,0.16666666666666666,0.0,0.415308279,0.16666666666666666,0.0,0.16666666666666666,0.16666666666666666,0.16666666666666666,0.16666666666666666,0.16666666666666666,0.0,0.1287878785,0.1515151515,0.1742424245,0.272727273,0.727272727,0.16666666666666666,
A417,A,Ours,proto_sw_3_2,expanded,rich,7,200006,1,,,7,6,1,7,61.67791269999725,2.605289700000867,1.8994615000010526,0.002859399999579182,0.03044450000015786,66.23078229999737,2240,175,11,479,158,300000,0,raw_cases/A417,1,0,0,0,0,0,0.08394548784781149,0.021319526,0,0,0.0,1.0000000000000002,0,0.07535812315066137,0.03437022900124876,0,0,0.08394548784781149,1.789032740732376,0.36211315342733613,7,1,7,1.6777700607506394,0.20972125759382992,0.08536290012082698,0.552801624,0.03004500182748538,0.5714285714285714,0.42857142857142855,0.8571428571428571,0.14285714285714285,0.0,0.665561354,0.14285714285714285,0.14285714285714285,0.14285714285714285,0.14285714285714285,0.14285714285714285,0.14285714285714285,0.14285714285714285,0.0,0.106060606,0.15151515100000001,0.1515151515,0.24242424299999998,0.757575757,0.14285714285714285,
A418,A,Ours,proto_sw_3_2,compact,simple,7,200006,1,,,5,4,2,5,57.804563300000154,1.8840711999982886,0.50995740000144,0.002109000000928063,0.028038799999194453,60.242688099999214,2120,125,12,42,99,300000,0,raw_cases/A418,1,0,0,0,0,0,0.1088295512912825,0.021319526,0,0,0.0,1.0000000000000002,0,0.02696917090178271,0.011387326091407747,0,0,0.10896872936322662,0.6474229113050911,0.3542018991390088,5,2,5,1.5118241208165504,0.21597487440236435,0.09741557813199853,0.600661236,0.02660704495614035,0.6,0.4,0.8,0.0,0.2,0.246430878,0.2,0.2,0.0,0.2,0.0,0.2,0.2,0.0,0.121212121,0.21212121200000003,0.272727273,0.272727273,0.727272727,0.2,
A419,A,Ours,proto_sw_3_2,compact,medium,7,200006,1,,,6,5,1,6,57.62277040000117,2.277364400000806,0.8709051000005275,0.0015538000006927177,0.029871700000512647,60.8169084000001,2120,150,42,155,154,300000,0,raw_cases/A419,1,0,0,0,0,0,0.07724576466445167,0.021319526,0,0,0.0,1.0000000000000002,0,0.053591935567145824,0.030139196379512668,0,0,0.07740122676890981,0.47489460315554743,0.3386809601737655,6,1,6,1.4192406044382877,0.20274865777689824,0.08628517397779693,0.585206113,0.02544202302631579,0.6666666666666666,0.3333333333333333,0.8333333333333334,0.16666666666666666,0.0,0.431341436,0.16666666666666666,0.16666666666666666,0.16666666666666666,0.16666666666666666,0.0,0.16666666666666666,0.16666666666666666,0.0,0.09848484850000001,0.136363636,0.21969697,0.303030303,0.696969697,0.16666666666666666,
A420,A,Ours,proto_sw_3_2,compact,rich,7,200006,1,,,6,5,1,6,57.73518519999925,2.234877499999129,2.4016241999997874,0.0033164000014949124,0.028734599996823817,62.429604500001005,2120,150,50,349,179,300000,0,raw_cases/A420,1,0,0,0,0,0,0.060192951451394854,0.021319526,0,0,0.0,1.0000000000000002,0,0.01677204651561265,0.012584492975847692,0,0,0.06020800586775572,0.5610396381904391,0.3810895451607242,6,1,6,1.713775523231283,0.24482507474732615,0.0927370015378175,0.712353029,0.030330546418128657,0.6666666666666666,0.3333333333333333,0.8333333333333334,0.16666666666666666,0.0,0.589990715,0.16666666666666666,0.16666666666666666,0.16666666666666666,0.16666666666666666,0.0,0.16666666666666666,0.16666666666666666,0.0,0.121212121,0.12121212100000002,0.2121212125,0.272727273,0.727272727,0.16666666666666666,
A421,A,Ours,proto_sw_3_2,swept,simple,7,200006,1,,,5,4,1,5,59.307863400001224,1.9781128999966313,1.0178592999982357,0.0031182000020635314,0.02611139999862644,62.34988290000183,2188,125,80,377,136,300000,0,raw_cases/A421,1,0,0,0,0,0,0.10449863214922386,0.021319526,0,0,0.0,0.9999999999999999,0,0.0034231662141695316,0.0014497739666921008,0,0,0.10449863214922386,0.8571953534739911,0.3179771494838825,5,1,5,1.3837366583030337,0.23062277638383896,0.07229736943433013,0.5933026109999999,0.024448327850877194,0.6,0.4,0.8,0.2,0.0,0.278221133,0.2,0.0,0.2,0.2,0.0,0.2,0.2,0.0,0.151515152,0.181818182,0.212121212,0.333333333,0.666666667,0.2,
A422,A,Ours,proto_sw_3_2,swept,medium,7,200006,1,,,6,5,1,6,59.33203280000089,2.275509699997201,1.1476822999975411,0.0025802999989537057,0.03418519999831915,62.81205939999927,2188,150,12,218,155,300000,0,raw_cases/A422,1,0,0,0,0,0,0.0347980918786042,0.021319526,0,0,0.0,0.9999999999999999,0,0.04219217473709195,0.024911842114344673,0,0,0.03486787694047766,1.182979574557704,0.400622359582336,6,1,6,1.4301870809499002,0.20431244013570002,0.07841899289544206,0.658655724,0.025601927997076022,0.6666666666666666,0.3333333333333333,0.8333333333333334,0.16666666666666666,0.0,0.417335218,0.16666666666666666,0.0,0.16666666666666666,0.16666666666666666,0.16666666666666666,0.16666666666666666,0.16666666666666666,0.0,0.106060606,0.1515151515,0.196969697,0.303030303,0.696969697,0.16666666666666666,
A423,A,Ours,proto_sw_3_2,swept,rich,7,200006,1,,,7,6,1,7,59.42154880000089,2.689012399998319,1.178428699997312,0.0020809999987250194,0.029364699999860022,63.33621399999902,2188,175,145,280,146,300000,0,raw_cases/A423,1,0,0,0,0,0,0.0347980918786042,0.021319526,0,0,0.0,0.9999999999999999,0,0.029327766199672763,0.021453421341130097,0,0,0.03486787694047766,1.7347152540428428,0.400622359582336,7,1,7,1.7794252801295314,0.22242816001619142,0.08414609645286675,0.702662306,0.03170687134502924,0.5714285714285714,0.42857142857142855,0.8571428571428571,0.14285714285714285,0.0,0.719444504,0.14285714285714285,0.14285714285714285,0.14285714285714285,0.14285714285714285,0.14285714285714285,0.14285714285714285,0.14285714285714285,0.0,0.090909091,0.090909091,0.1666666665,0.303030303,0.696969697,0.14285714285714285,
A424,A,Ours,proto_sw_3_2,expanded,simple,8,200007,1,,,5,4,2,5,45.87568679999822,1.7929504000021552,1.1211567999998806,0.001779900001565693,0.027854600000864593,48.83514279999872,2240,125,48,232,251,300000,0,raw_cases/A424,1,0,0,0,0,0,0.06256649974586227,0.021319526,0,0,0.0,1.0,0,0.036887906988367476,0.014854502475347203,0,0,0.0627542732165579,0.4346772037164307,0.16666336552300062,5,2,5,1.5910103157872904,0.22728718796961292,0.11038071143417137,0.6286184000000001,0.027886284722222224,0.6,0.4,0.8,0.0,0.2,0.22927701,0.2,0.2,0.2,0.0,0.0,0.2,0.2,0.0,0.151515151,0.151515152,0.303030303,0.303030303,0.696969697,0.2,
A425,A,Ours,proto_sw_3_2,expanded,medium,8,200007,1,,,6,5,1,6,45.72942880000119,2.2149768999988737,2.8527491000022565,0.0021660999991581775,0.0279960999978357,50.846579300003214,2240,150,228,476,232,300000,0,raw_cases/A425,1,0,0,0,0,0,0.05263890552540248,0.021319526,0,0,0.0,1.0,0,0.007972434885374828,0.007942455262421195,0,0,0.052383879167409914,1.3969794558161341,0.41162653916622255,6,1,6,1.3507491111646854,0.1929641587378122,0.08129433901358045,0.6254261139999999,0.02398574561403509,0.6666666666666666,0.3333333333333333,0.8333333333333334,0.16666666666666666,0.0,0.385233575,0.16666666666666666,0.16666666666666666,0.16666666666666666,0.0,0.16666666666666666,0.16666666666666666,0.16666666666666666,0.0,0.106060606,0.1515151515,0.196969697,0.303030303,0.696969697,0.16666666666666666,
A426,A,Ours,proto_sw_3_2,expanded,rich,8,200007,1,,,7,6,1,7,45.86548059999768,2.4959521000018867,0.9403956999994989,0.005318999999872176,0.031766899999638554,49.353863600001205,2240,175,61,212,86,300000,0,raw_cases/A426,1,0,0,0,0,0,0.04106107138289198,0.021319526,0,0,0.0,1.0,0,0.002045783904887488,0.001649440950799822,0,0,0.041102420458660666,1.121995596805162,0.2426004492879246,7,1,7,1.682093141364551,0.2102616426705689,0.07651337975933095,0.675163094,0.030039290935672515,0.5714285714285714,0.42857142857142855,0.8571428571428571,0.14285714285714285,0.0,0.654731214,0.14285714285714285,0.14285714285714285,0.2857142857142857,0.0,0.14285714285714285,0.14285714285714285,0.14285714285714285,0.0,0.090909091,0.090909091,0.18181818249999998,0.272727272,0.727272728,0.2857142857142857,
A427,A,Ours,proto_sw_3_2,compact,simple,8,200007,1,,,5,4,1,5,40.85058619999836,1.8736807999994198,0.7470692999995663,0.0026930999993055593,0.029799199997796677,43.523927000002004,2093,125,19,206,141,300000,0,raw_cases/A427,1,0,0,0,0,0,0.04646015260346123,0.021319526,0,0,0.0,1.0,0,0.04514317048954247,0.024565068882176095,0,0,0.04677946037332709,0.4805227041021343,0.18469110281662568,5,1,5,1.4220078595736818,0.23700130992894697,0.08261614803078315,0.5118565420000001,0.02515076754385965,0.6,0.4,0.8,0.2,0.0,0.226130175,0.2,0.2,0.0,0.2,0.0,0.2,0.2,0.0,0.121212121,0.24242424299999998,0.272727272,0.272727273,0.727272727,0.2,
A428,A,Ours,proto_sw_3_2,compact,medium,8,200007,1,,,6,5,1,6,41.137783000001946,2.265530900000158,1.068313899999339,0.00236889999723644,0.02780480000001262,44.51707859999806,2093,150,19,215,231,300000,0,raw_cases/A428,1,0,0,0,0,0,0.04646015260346123,0.021319526,0,0,0.0,1.0,0,0.020812508161934626,0.019137003082162634,0,0,0.04677946037332709,0.7928796730901706,0.1924582787899222,6,1,6,1.619649839369448,0.23137854848134973,0.06769787916153365,0.5380418650000001,0.028708653143274854,0.6666666666666666,0.3333333333333333,0.8333333333333334,0.16666666666666666,0.0,0.476239262,0.16666666666666666,0.16666666666666666,0.0,0.16666666666666666,0.16666666666666666,0.16666666666666666,0.16666666666666666,0.0,0.09848484850000001,0.1363636365,0.242424242,0.272727273,0.727272727,0.16666666666666666,
A429,A,Ours,proto_sw_3_2,compact,rich,8,200007,1,,,7,6,2,7,41.56665830000202,2.530274799999461,3.384920599997713,0.002889100000174949,0.030107399998087203,47.53034669999761,2093,175,302,1186,233,300000,0,raw_cases/A429,1,0,0,0,0,0,0.05313692050805031,0.021319526,0,0,0.0,1.0,0,0.04315943429704305,0.034961719350461655,0,0,0.05318676863644966,1.0383693684697932,0.29027736271496724,7,2,7,1.691454218096172,0.18793935756624133,0.07185503299291886,0.631136374,0.03007355628654971,0.5714285714285714,0.42857142857142855,0.8571428571428571,0.0,0.14285714285714285,0.661292564,0.14285714285714285,0.14285714285714285,0.2857142857142857,0.14285714285714285,0.0,0.14285714285714285,0.14285714285714285,0.0,0.090909091,0.121212121,0.166666667,0.272727273,0.727272727,0.2857142857142857,
A430,A,Ours,proto_sw_3_2,swept,simple,8,200007,1,,,5,4,1,5,44.62719570000263,1.8136879999983648,1.4241082000007736,0.001766400000633439,0.030339799999637762,47.917385699998704,2183,125,174,299,189,300000,0,raw_cases/A430,1,0,0,0,0,0,0.058924679529498335,0.021319526,0,0,0.0,1.0,0,0.00967153990688405,0.005808721778849213,0,0,0.058924679529498335,0.6757258093459005,0.3264522020371232,5,1,5,1.3919639670199289,0.23199399450332148,0.09507439313579931,0.7522995969999999,0.024631076388888888,0.6,0.4,0.8,0.2,0.0,0.230403219,0.2,0.2,0.2,0.0,0.0,0.2,0.2,0.0,0.181818181,0.181818182,0.272727273,0.272727273,0.727272727,0.2,
A431,A,Ours,proto_sw_3_2,swept,medium,8,200007,1,,,6,5,1,6,44.27626429999873,2.242468000000372,3.553450500003237,0.002353600000787992,0.02568539999992936,50.11682409999776,2183,150,367,1089,141,300000,0,raw_cases/A431,1,0,0,0,0,0,0.04164449509356653,0.021319526,0,0,0.0,1.0,0,0.007525199307380372,0.0034862247372521218,0,0,0.041826540369145945,0.9734815055893868,0.3095035906423905,6,1,6,1.4252144301209038,0.2036020614458434,0.07299420809448483,0.4258913670000001,0.025539108187134504,0.6666666666666666,0.3333333333333333,0.8333333333333334,0.16666666666666666,0.0,0.379033968,0.0,0.16666666666666666,0.16666666666666666,0.16666666666666666,0.16666666666666666,0.16666666666666666,0.16666666666666666,0.0,0.12121212125,0.13636363699999998,0.17424242375000001,0.333333333,0.666666667,0.16666666666666666,
A432,A,Ours,proto_sw_3_2,swept,rich,8,200007,1,,,7,6,1,7,44.819723699998576,2.523956299999554,2.1387963999986823,0.0035487999994074926,0.03555199999755132,49.54324579999957,2183,175,110,342,307,300000,0,raw_cases/A432,1,0,0,0,0,0,0.03591199192307175,0.021319526,0,0,0.0,1.0,0,0.00803306484391191,0.0042171223943361525,0,0,0.036095066362127795,1.582201397433416,0.3664265110353051,7,1,7,1.7308287567776266,0.21635359459720332,0.06791892252164129,0.7085982289999999,0.030947322733918127,0.5714285714285714,0.42857142857142855,0.8571428571428571,0.14285714285714285,0.0,0.651823432,0.14285714285714285,0.14285714285714285,0.14285714285714285,0.14285714285714285,0.14285714285714285,0.14285714285714285,0.14285714285714285,0.0,0.106060606,0.121212121,0.1363636365,0.303030303,0.696969697,0.14285714285714285,
A433,A,Ours,proto_sw_3_2,expanded,simple,9,200008,1,,,6,5,2,6,49.127537699998356,2.2073346999968635,1.2651522000014666,0.0025435000025026966,0.036314700002549216,52.66082689999894,2245,150,4,325,153,300000,0,raw_cases/A433,1,1,0,0,0,0,0.06764518800262297,0.021319526,0,0,0.0,1.0,0,0.0885325781568314,0.029537204622827207,0,0,0.06764518800262297,0.9477461878782637,0.23968933800002082,6,2,6,1.5402853406225647,0.19253566757782054,0.06951343435307274,0.478084418,0.026618466739766082,0.6666666666666666,0.3333333333333333,0.8333333333333334,0.0,0.16666666666666666,0.353316322,0.16666666666666666,0.16666666666666666,0.16666666666666666,0.0,0.16666666666666666,0.16666666666666666,0.16666666666666666,0.0,0.075757576,0.1363636365,0.242424242,0.333333333,0.666666667,0.16666666666666666,
A434,A,Ours,proto_sw_3_2,expanded,medium,9,200008,1,,,6,5,2,6,48.823577099999966,2.29366900000241,1.448695700000826,0.005191199998080265,0.034449499999027466,52.62163729999884,2245,150,33,325,229,300000,0,raw_cases/A434,1,0,0,0,0,0,0.03239066600903749,0.021319526,0,0,0.0,1.0,0,0.06636320924761258,0.02831685630953455,0,0,0.032406769047759035,1.2287679893455241,0.39902653470228366,6,2,6,1.5476068935568046,0.1934508616946006,0.07011395725464428,0.5913997839999999,0.02741799159356725,0.6666666666666666,0.3333333333333333,0.8333333333333334,0.0,0.16666666666666666,0.372507275,0.16666666666666666,0.3333333333333333,0.16666666666666666,0.0,0.0,0.16666666666666666,0.16666666666666666,0.0,0.06818181850000002,0.12121212149999999,0.242424242,0.363636363,0.636363637,0.3333333333333333,
A435,A,Ours,proto_sw_3_2,expanded,rich,9,200008,1,,,7,6,1,7,49.388071900000796,2.600213999998232,1.9726602999980969,0.007005300001765136,0.02730890000020736,54.01730909999969,2245,175,30,597,201,300000,0,raw_cases/A435,1,0,0,0,0,0,0.05466283640085451,0.021319526,0,0,0.0,1.0,0,0.042849287318355224,0.03528109109521899,0,0,0.05473138878378256,0.813485010855217,0.24356276144303454,7,1,7,1.7779573508884412,0.22224466886105518,0.09099602960529582,0.6235383,0.031661184210526314,0.5714285714285714,0.42857142857142855,0.8571428571428571,0.14285714285714285,0.0,0.696751764,0.14285714285714285,0.2857142857142857,0.0,0.14285714285714285,0.14285714285714285,0.14285714285714285,0.14285714285714285,0.0,0.09090909100000001,0.121212121,0.196969697,0.242424242,0.757575758,0.2857142857142857,
A436,A,Ours,proto_sw_3_2,compact,simple,9,200008,1,,,6,5,1,6,49.04803119999997,2.2215576999988116,2.349293499999476,0.0019815000014204998,0.033162499999889405,53.67552350000187,2126,150,210,316,222,300000,0,raw_cases/A436,1,0,0,0,0,0,0.06073021354078829,0.021319526,0,0,0.0,1.0000000000000002,0,0.041350691992500715,0.023580817111654533,0,0,0.06078598997496778,0.4806915225513285,0.1648803163976911,6,1,6,1.2841511425683558,0.18345016322405083,0.060556893494306985,0.6409236420000001,0.022637975146198832,0.6666666666666666,0.3333333333333333,0.8333333333333334,0.16666666666666666,0.0,0.289724259,0.16666666666666666,0.16666666666666666,0.16666666666666666,0.16666666666666666,0.0,0.16666666666666666,0.16666666666666666,0.0,0.12878787925000001,0.15151515100000001,0.19696969749999999,0.242424242,0.757575758,0.16666666666666666,
A437,A,Ours,proto_sw_3_2,compact,medium,9,200008,1,,,6,5,1,6,48.91443719999734,2.2530177000007825,2.094496199999412,0.00802290000137873,0.02776599999924656,53.31987510000181,2126,150,46,347,123,300000,0,raw_cases/A437,1,0,0,0,0,0,0.06314610168726248,0.021319526,0,0,0.0,1.0000000000000002,0,0.02198862275530502,0.021823598370882016,0,0,0.06315384570629562,0.9688689504699391,0.2676244993163967,6,1,6,1.3757512481658556,0.19653589259512222,0.07645102304044371,0.631672012,0.024745294225146198,0.6666666666666666,0.3333333333333333,0.8333333333333334,0.16666666666666666,0.0,0.426389987,0.16666666666666666,0.16666666666666666,0.16666666666666666,0.16666666666666666,0.0,0.16666666666666666,0.16666666666666666,0.0,0.1287878795,0.1666666665,0.18181818175,0.272727272,0.727272728,0.16666666666666666,
A438,A,Ours,proto_sw_3_2,compact,rich,9,200008,1,,,7,6,1,7,49.04825900000287,2.5990740999986883,2.262715000000753,0.0022019000025466084,0.03878029999759747,53.96866790000058,2126,175,30,234,277,300000,0,raw_cases/A438,1,0,0,0,0,0,0.04654443672630341,0.021319526,0,0,0.0,1.0000000000000002,0,0.04206190901917735,0.03672439470307844,0,0,0.04657193413867348,0.9857523752026273,0.31630444080188486,7,1,7,1.6621963922461178,0.20777454903076475,0.06566133643315003,0.6409236420000001,0.02934827302631579,0.5714285714285714,0.42857142857142855,0.8571428571428571,0.14285714285714285,0.0,0.608879727,0.14285714285714285,0.14285714285714285,0.14285714285714285,0.14285714285714285,0.14285714285714285,0.14285714285714285,0.14285714285714285,0.0,0.121212121,0.121212122,0.1515151515,0.242424242,0.757575758,0.14285714285714285,
A439,A,Ours,proto_sw_3_2,swept,simple,9,200008,1,,,6,5,1,6,50.13607310000225,2.3524328999992576,0.7288812999977381,0.001881899999716552,0.037174100001720944,53.27091409999775,2182,150,14,173,207,300000,0,raw_cases/A439,1,0,0,0,0,0,0.04709530154797003,0.021319526,0,0,0.0,1.0,0,0.03880216969849604,0.02490191392493023,0,0,0.04705359852617547,1.4226080496761182,0.38835278222583297,6,1,6,1.327180758109696,0.189597251158528,0.05419303608403233,0.6075961150000001,0.023631670321637425,0.6666666666666666,0.3333333333333333,0.8333333333333334,0.16666666666666666,0.0,0.353680681,0.0,0.16666666666666666,0.16666666666666666,0.0,0.3333333333333333,0.16666666666666666,0.16666666666666666,0.0,0.121212121,0.1363636365,0.196969697,0.303030303,0.696969697,0.3333333333333333,
A440,A,Ours,proto_sw_3_2,swept,medium,9,200008,1,,,6,5,1,6,49.92609299999822,2.329502100001264,1.0657748000012361,0.0019714000009116717,0.03136889999950654,53.37068119999822,2182,150,5,253,329,300000,0,raw_cases/A440,1,0,0,0,0,0,0.047504197772811285,0.021319526,0,0,0.0,1.0,0,0.013495171967469955,0.013011487888265746,0,0,0.047537424602560954,1.153803128570712,0.24428332257911967,6,1,6,1.39574517384324,0.19939216769189144,0.06485494880131916,0.6075961150000001,0.02372875548245614,0.6666666666666666,0.3333333333333333,0.8333333333333334,0.16666666666666666,0.0,0.365125038,0.0,0.16666666666666666,0.16666666666666666,0.0,0.3333333333333333,0.16666666666666666,0.16666666666666666,0.0,0.121212121,0.1363636365,0.196969697,0.303030303,0.696969697,0.3333333333333333,
A441,A,Ours,proto_sw_3_2,swept,rich,9,200008,1,,,7,6,2,7,49.66508600000088,2.57699760000105,1.3796298000015668,0.002354599997488549,0.03772430000026361,53.67961400000058,2182,175,50,304,286,300000,0,raw_cases/A441,1,0,0,0,0,0,0.04949591217180371,0.021319526,0,0,0.0,1.0,0,0.03129493062659492,0.01959941482080563,0,0,0.0496227185617245,1.8634022321264314,0.3513189161453783,7,2,7,1.8901177089160017,0.21001307876844458,0.09233588162551742,0.714772937,0.03319170321637427,0.5714285714285714,0.42857142857142855,0.8571428571428571,0.0,0.14285714285714285,0.729116711,0.14285714285714285,0.14285714285714285,0.14285714285714285,0.14285714285714285,0.14285714285714285,0.14285714285714285,0.14285714285714285,0.0,0.106060606,0.121212121,0.1515151515,0.272727273,0.727272727,0.14285714285714285,
A442,A,Ours,proto_sw_3_2,expanded,simple,10,200009,1,,,5,3,2,5,54.28743469999972,1.8065806999984488,0.8290043999986665,0.00198630000159028,0.026857999997446314,56.96590599999763,2238,125,57,312,212,300000,0,raw_cases/A442,1,0,0,1,0,0,0.03580363437404193,0.021319526,0,0,0.0,0.9999999999999999,0,0.04943180467824628,0.02598741499926538,0,0,0.0360677277484888,0.6973874503868835,0.22213174327148433,5,2,5,1.4774630535037585,0.21106615050053693,0.0916205006958761,0.35067657099999994,0.02602453399122807,0.6,0.4,0.6,0.4,0.0,0.23579688,0.2,0.2,0.0,0.0,0.2,0.2,0.2,0.0,0.1212121209999999,0.15151515100000001,0.2727272730000001,0.36363636400000005,0.636363636,0.2,
A443,A,Ours,proto_sw_3_2,expanded,medium,10,200009,1,,,6,4,2,6,54.633966400000645,2.2299608000030275,1.4490934999994352,0.003914900000381749,0.02867359999800101,58.36496629999965,2238,150,0,336,818,300000,0,raw_cases/A443,1,0,0,0,0,0,0.05233931086003347,0.021319526,0,0,0.0,0.9999999999999999,0,0.049373463143150734,0.022320111055762943,0,0,0.05258512242868136,1.452262834567593,0.3892891235393905,6,2,6,1.8240084047756375,0.2280010505969547,0.0921427213000864,0.6892601329999999,0.03118718019005848,0.6666666666666666,0.3333333333333333,0.6666666666666666,0.3333333333333333,0.0,0.483675667,0.16666666666666666,0.16666666666666666,0.3333333333333333,0.0,0.0,0.16666666666666666,0.16666666666666666,0.0,0.09090908999999994,0.106060606,0.25757575850000003,0.333333334,0.666666666,0.3333333333333333,
A444,A,Ours,proto_sw_3_2,expanded,rich,10,200009,1,,,7,4,3,7,54.631629800001974,2.5841684000006353,2.367191900000762,0.02344259999881615,0.03076599999985774,59.659259300002304,2238,175,78,262,9168,300000,0,raw_cases/A444,1,0,0,0,0,0,0.03457142479299743,0.021319526,0,0,0.0,0.9999999999999999,0,0.04646986277725275,0.013981409500766317,0,0,0.034696480838083,1.7694863719733755,0.38818426234173725,7,3,7,1.8684365546140147,0.18684365546140144,0.08792786851606253,0.6666571219999999,0.0330546418128655,0.5714285714285714,0.42857142857142855,0.5714285714285714,0.42857142857142855,0.0,0.674152815,0.14285714285714285,0.14285714285714285,0.14285714285714285,0.14285714285714285,0.14285714285714285,0.14285714285714285,0.14285714285714285,0.0,0.10606060600000003,0.12121212199999998,0.18181818149999995,0.2424242430000001,0.7575757569999999,0.14285714285714285,
A445,A,Ours,proto_sw_3_2,compact,simple,10,200009,1,,,5,3,2,5,49.33794090000083,1.8399055000008957,0.8517532000005303,0.002784500000416301,0.02779530000043451,52.078872399997636,2219,125,40,177,173,300000,0,raw_cases/A445,1,0,0,0,0,0,0.04985692282917534,0.021319526,0,0,0.0,1.0,0,0.015409045940989189,0.008009070856555724,0,0,0.04999274230944407,1.0771815350487743,0.39307716399163256,5,2,5,1.3203366231299754,0.18861951758999648,0.08554460559929976,0.522291754,0.02339752375730994,0.6,0.4,0.6,0.4,0.0,0.190657027,0.0,0.2,0.2,0.2,0.0,0.2,0.2,0.0,0.121212121,0.12121212199999998,0.27272727300000005,0.3636363629999999,0.6363636370000001,0.2,
A446,A,Ours,proto_sw_3_2,compact,medium,10,200009,1,,,6,4,2,6,49.130613500001346,2.1885237000024063,0.8319488999986788,0.0021206000019446947,0.035039999998843996,52.20564530000047,2219,150,45,131,595,300000,0,raw_cases/A446,1,0,0,0,0,0,0.043307302806488625,0.021319526,0,0,0.0,1.0,0,0.0497618814365429,0.02984482073409825,0,0,0.04335069234055401,1.0544648613599112,0.32243221587859566,6,2,6,1.4903794173437896,0.1862974271679737,0.07279030658276331,0.598158984,0.0265328033625731,0.6666666666666666,0.3333333333333333,0.6666666666666666,0.3333333333333333,0.0,0.392285027,0.0,0.16666666666666666,0.16666666666666666,0.16666666666666666,0.16666666666666666,0.16666666666666666,0.16666666666666666,0.0,0.12121212199999999,0.13636363649999997,0.1742424235,0.3030303030000001,0.6969696969999999,0.16666666666666666,
A447,A,Ours,proto_sw_3_2,compact,rich,10,200009,1,,,7,4,3,7,49.46740520000094,2.5577872000030766,1.1237771000014618,0.005228699999861419,0.03403170000092359,53.209822600001644,2219,175,56,160,938,300000,0,raw_cases/A447,1,0,0,0,0,0,0.05134090391142929,0.021319526,0,0,0.0,1.0,0,0.04232742194618511,0.014242617028928699,0,0,0.05136221322756343,1.507601683466669,0.41017379643170887,7,3,7,1.876980996031925,0.18769809960319253,0.08579303711380144,0.714510113,0.033168859649122806,0.5714285714285714,0.42857142857142855,0.5714285714285714,0.42857142857142855,0.0,0.686721242,0.14285714285714285,0.14285714285714285,0.14285714285714285,0.14285714285714285,0.0,0.2857142857142857,0.14285714285714285,0.0,0.090909091,0.12121212199999998,0.18181818149999998,0.2727272730000001,0.7272727269999999,0.2857142857142857,
A448,A,Ours,proto_sw_3_2,swept,simple,10,200009,1,,,5,3,2,5,50.98195779999878,1.8166404999974475,0.8776895000009972,0.003827700002148049,0.034468600002583116,53.7355841000026,2250,125,87,247,221,300000,0,raw_cases/A448,1,0,0,0,0,0,0.06219230796873504,0.021319526,0,0,0.0,0.9999999999999998,0,0.024134537177300037,0.012851924822274102,0,0,0.06219230796873504,0.8831211539881788,0.3391548629345977,5,2,5,1.3306227511342779,0.19008896444775397,0.07962061298370392,0.4872816470000001,0.023580272295321638,0.6,0.4,0.6,0.4,0.0,0.147760304,0.0,0.2,0.2,0.2,0.0,0.2,0.2,0.0,0.1515151509999999,0.18181818100000002,0.21212121300000003,0.3333333330000001,0.6666666669999999,0.2,
A449,A,Ours,proto_sw_3_2,swept,medium,10,200009,1,,,6,4,2,6,51.595863599999575,2.1585625000006985,0.8980056000000332,0.0027340000015101396,0.02931940000053146,54.70388239999738,2250,150,41,196,1036,300000,0,raw_cases/A449,1,0,0,0,0,0,0.024067980420796792,0.021319526,0,0,0.0,0.9999999999999998,0,0.04772493583751839,0.03622568494170709,0,0,0.04186572363012937,1.2892776062255016,0.3806938719070838,6,2,6,1.4903794149799041,0.18629742687248796,0.07608485253085921,0.5564845789999999,0.026475694444444444,0.6666666666666666,0.3333333333333333,0.6666666666666666,0.3333333333333333,0.0,0.378181551,0.0,0.16666666666666666,0.16666666666666666,0.16666666666666666,0.16666666666666666,0.16666666666666666,0.16666666666666666,0.0,0.12121212199999999,0.13636363649999997,0.1742424235,0.3030303030000001,0.6969696969999999,0.16666666666666666,
A450,A,Ours,proto_sw_3_2,swept,rich,10,200009,1,,,7,4,3,7,51.59072300000116,2.5990062999990187,1.0339621999992232,0.014661999997770181,0.029724599997280166,55.285087600001134,2250,175,17,271,2493,300000,0,raw_cases/A450,1,0,0,0,0,0,0.03254198241311078,0.021319526,0,0,0.0,0.9999999999999998,0,0.04492869059726837,0.022373183140876694,0,0,0.03253691614148337,1.4649185890152925,0.35208306868414097,7,3,7,1.8185757686508641,0.1818575768650864,0.06728255362184343,0.4770741730000001,0.03215803179824561,0.5714285714285714,0.42857142857142855,0.5714285714285714,0.42857142857142855,0.0,0.618729208,0.14285714285714285,0.14285714285714285,0.14285714285714285,0.14285714285714285,0.0,0.2857142857142857,0.14285714285714285,0.0,0.121212121,0.121212121,0.15151515149999997,0.2424242430000001,0.7575757569999999,0.2857142857142857,
