case_id,matrix_id,rq_use,prototype_id,backbone_variant,density_level,replicate,production_seed,backbone_seed,flower_seed,branch_seed,unit_seed,backbone_seed_source,flower_seed_source,branch_seed_source,unit_seed_source,allocation_rule
A001,A,RQ1;RQ3_BACKBONE;RQ3_DENSITY;RQ4_GENERATED,proto_sw_1_1,expanded,simple,1,200000,3637826449,690874662,3848763323,2731574336,200000,200000,200000,200000,production seeds 200000-200009; explicit variant and density overrides; four domain seeds paired within replicate
A002,A,RQ1;RQ3_BACKBONE;RQ3_DENSITY;RQ4_GENERATED,proto_sw_1_1,expanded,medium,1,200000,3637826449,690874662,3848763323,2731574336,200000,200000,200000,200000,production seeds 200000-200009; explicit variant and density overrides; four domain seeds paired within replicate
A003,A,RQ1;RQ3_BACKBONE;RQ3_DENSITY;RQ4_GENERATED,proto_sw_1_1,expanded,rich,1,200000,3637826449,690874662,3848763323,2731574336,200000,200000,200000,200000,production seeds 200000-200009; explicit variant and density overrides; four domain seeds paired within replicate
A004,A,RQ1;RQ3_BACKBONE;RQ3_DENSITY;RQ4_GENERATED,proto_sw_1_1,compact,simple,1,200000,3637826449,690874662,3848763323,2731574336,200000,200000,200000,200000,production seeds 200000-200009; explicit variant and density overrides; four domain seeds paired within replicate
A005,A,RQ1;RQ3_BACKBONE;RQ3_DENSITY;RQ4_GENERATED,proto_sw_1_1,compact,medium,1,200000,3637826449,690874662,3848763323,2731574336,200000,200000,200000,200000,production seeds 200000-200009; explicit variant and density overrides; four domain seeds paired within replicate
A006,A,RQ1;RQ3_BACKBONE;RQ3_DENSITY;RQ4_GENERATED,proto_sw_1_1,compact,rich,1,200000,3637826449,690874662,3848763323,2731574336,200000,200000,200000,200000,production seeds 200000-200009; explicit variant and density overrides; four domain seeds paired within replicate
A007,A,RQ1;RQ3_BACKBONE;RQ3_DENSITY;RQ4_GENERATED,proto_sw_1_1,swept,simple,1,200000,3637826449,690874662,3848763323,2731574336,200000,200000,200000,200000,production seeds 200000-200009; explicit variant and density overrides; four domain seeds paired within replicate
A008,A,RQ1;RQ3_BACKBONE;RQ3_DENSITY;RQ4_GENERATED,proto_sw_1_1,swept,medium,1,200000,3637826449,690874662,3848763323,2731574336,200000,200000,200000,200000,production seeds 200000-200009; explicit variant and density overrides; four domain seeds paired within replicate
A009,A,RQ1;RQ3_BACKBONE;RQ3_DENSITY;RQ4_GENERATED,proto_sw_1_1,swept,rich,1,200000,3637826449,690874662,3848763323,2731574336,200000,200000,200000,200000,production seeds 200000-200009; explicit variant and density overrides; four domain seeds paired within replicate
A010,A,RQ1;RQ3_BACKBONE;RQ3_DENSITY;RQ4_GENERATED,proto_sw_1_1,expanded,simple,2,200001,2099076444,668946205,157358250,1522627173,200001,200001,200001,200001,production seeds 200000-200009; explicit variant and density overrides; four domain seeds paired within replicate
A011,A,RQ1;RQ3_BACKBONE;RQ3_DENSITY;RQ4_GENERATED,proto_sw_1_1,expanded,medium,2,200001,2099076444,668946205,157358250,1522627173,200001,200001,200001,200001,production seeds 200000-200009; explicit variant and density overrides; four domain seeds paired within replicate
A012,A,RQ1;RQ3_BACKBONE;RQ3_DENSITY;RQ4_GENERATED,proto_sw_1_1,expanded,rich,2,200001,2099076444,668946205,157358250,1522627173,200001,200001,200001,200001,production seeds 200000-200009; explicit variant and density overrides; four domain seeds paired within replicate
A013,A,RQ1;RQ3_BACKBONE;RQ3_DENSITY;RQ4_GENERATED,proto_sw_1_1,compact,simple,2,200001,2099076444,668946205,157358250,1522627173,200001,200001,200001,200001,production seeds 200000-200009; explicit variant and density overrides; four domain seeds paired within replicate
A014,A,RQ1;RQ3_BACKBONE;RQ3_DENSITY;RQ4_GENERATED,proto_sw_1_1,compact,medium,2,200001,2099076444,668946205,157358250,1522627173,200001,200001,200001,200001,production seeds 200000-200009; explicit variant and density overrides; four domain seeds paired within replicate
A015,A,RQ1;RQ3_BACKBONE;RQ3_DENSITY;RQ4_GENERATED,proto_sw_1_1,compact,rich,2,200001,2099076444,668946205,157358250,1522627173,200001,200001,200001,200001,production seeds 200000-200009; explicit variant and density overrides; four domain seeds paired within replicate
A016,A,RQ1;RQ3_BACKBONE;RQ3_DENSITY;RQ4_GENERATED,proto_sw_1_1,swept,simple,2,200001,2099076444,668946205,157358250,1522627173,200001,200001,200001,200001,production seeds 200000-200009; explicit variant and density overrides; four domain seeds paired within replicate
A017,A,RQ1;RQ3_BACKBONE;RQ3_DENSITY;RQ4_GENERATED,proto_sw_1_1,swept,medium,2,200001,2099076444,668946205,157358250,1522627173,200001,200001,200001,200001,production seeds 200000-200009; explicit variant and density overrides; four domain seeds paired within replicate
A018,A,RQ1;RQ3_BACKBONE;RQ3_DENSITY;RQ4_GENERATED,proto_sw_1_1,swept,rich,2,200001,2099076444,668946205,157358250,1522627173,200001,200001,200001,200001,production seeds 200000-200009; explicit variant and density overrides; four domain seeds paired within replicate
A019,A,RQ1;RQ3_BACKBONE;RQ3_DENSITY;RQ4_GENERATED,proto_sw_1_1,expanded,simple,3,200002,1586078355,2795483619,3834742724,1346423801,200002,200002,200002,200002,production seeds 200000-200009; explicit variant and density overrides; four domain seeds paired within replicate
A020,A,RQ1;RQ3_BACKBONE;RQ3_DENSITY;RQ4_GENERATED,proto_sw_1_1,expanded,medium,3,200002,1586078355,2795483619,3834742724,1346423801,200002,200002,200002,200002,production seeds 200000-200009; explicit variant and density overrides; four domain seeds paired within replicate
A021,A,RQ1;RQ3_BACKBONE;RQ3_DENSITY;RQ4_GENERATED,proto_sw_1_1,expanded,rich,3,200002,1586078355,2795483619,3834742724,1346423801,200002,200002,200002,200002,production seeds 200000-200009; explicit variant and density overrides; four domain seeds paired within replicate
A022,A,RQ1;RQ3_BACKBONE;RQ3_DENSITY;RQ4_GENERATED,proto_sw_1_1,compact,simple,3,200002,1586078355,2795483619,3834742724,1346423801,200002,200002,200002,200002,production seeds 200000-200009; explicit variant and density overrides; four domain seeds paired within replicate
A023,A,RQ1;RQ3_BACKBONE;RQ3_DENSITY;RQ4_GENERATED,proto_sw_1_1,compact,medium,3,200002,1586078355,2795483619,3834742724,1346423801,200002,200002,200002,200002,production seeds 200000-200009; explicit variant and density overrides; four domain seeds paired within replicate
A024,A,RQ1;RQ3_BACKBONE;RQ3_DENSITY;RQ4_GENERATED,proto_sw_1_1,compact,rich,3,200002,1586078355,2795483619,3834742724,1346423801,200002,200002,200002,200002,production seeds 200000-200009; explicit variant and density overrides; four domain seeds paired within replicate
A025,A,RQ1;RQ3_BACKBONE;RQ3_DENSITY;RQ4_GENERATED,proto_sw_1_1,swept,simple,3,200002,1586078355,2795483619,3834742724,1346423801,200002,200002,200002,200002,production seeds 200000-200009; explicit variant and density overrides; four domain seeds paired within replicate
A026,A,RQ1;RQ3_BACKBONE;RQ3_DENSITY;RQ4_GENERATED,proto_sw_1_1,swept,medium,3,200002,1586078355,2795483619,3834742724,1346423801,200002,200002,200002,200002,production seeds 200000-200009; explicit variant and density overrides; four domain seeds paired within replicate
A027,A,RQ1;RQ3_BACKBONE;RQ3_DENSITY;RQ4_GENERATED,proto_sw_1_1,swept,rich,3,200002,1586078355,2795483619,3834742724,1346423801,200002,200002,200002,200002,production seeds 200000-200009; explicit variant and density overrides; four domain seeds paired within replicate
A028,A,RQ1;RQ3_BACKBONE;RQ3_DENSITY;RQ4_GENERATED,proto_sw_1_1,expanded,simple,4,200003,2755701457,200490488,587951499,654989446,200003,200003,200003,200003,production seeds 200000-200009; explicit variant and density overrides; four domain seeds paired within replicate
A029,A,RQ1;RQ3_BACKBONE;RQ3_DENSITY;RQ4_GENERATED,proto_sw_1_1,expanded,medium,4,200003,2755701457,200490488,587951499,654989446,200003,200003,200003,200003,production seeds 200000-200009; explicit variant and density overrides; four domain seeds paired within replicate
A030,A,RQ1;RQ3_BACKBONE;RQ3_DENSITY;RQ4_GENERATED,proto_sw_1_1,expanded,rich,4,200003,2755701457,200490488,587951499,654989446,200003,200003,200003,200003,production seeds 200000-200009; explicit variant and density overrides; four domain seeds paired within replicate
A031,A,RQ1;RQ3_BACKBONE;RQ3_DENSITY;RQ4_GENERATED,proto_sw_1_1,compact,simple,4,200003,2755701457,200490488,587951499,654989446,200003,200003,200003,200003,production seeds 200000-200009; explicit variant and density overrides; four domain seeds paired within replicate
A032,A,RQ1;RQ3_BACKBONE;RQ3_DENSITY;RQ4_GENERATED,proto_sw_1_1,compact,medium,4,200003,2755701457,200490488,587951499,654989446,200003,200003,200003,200003,production seeds 200000-200009; explicit variant and density overrides; four domain seeds paired within replicate
A033,A,RQ1;RQ3_BACKBONE;RQ3_DENSITY;RQ4_GENERATED,proto_sw_1_1,compact,rich,4,200003,2755701457,200490488,587951499,654989446,200003,200003,200003,200003,production seeds 200000-200009; explicit variant and density overrides; four domain seeds paired within replicate
A034,A,RQ1;RQ3_BACKBONE;RQ3_DENSITY;RQ4_GENERATED,proto_sw_1_1,swept,simple,4,200003,2755701457,200490488,587951499,654989446,200003,200003,200003,200003,production seeds 200000-200009; explicit variant and density overrides; four domain seeds paired within replicate
A035,A,RQ1;RQ3_BACKBONE;RQ3_DENSITY;RQ4_GENERATED,proto_sw_1_1,swept,medium,4,200003,2755701457,200490488,587951499,654989446,200003,200003,200003,200003,production seeds 200000-200009; explicit variant and density overrides; four domain seeds paired within replicate
A036,A,RQ1;RQ3_BACKBONE;RQ3_DENSITY;RQ4_GENERATED,proto_sw_1_1,swept,rich,4,200003,2755701457,200490488,587951499,654989446,200003,200003,200003,200003,production seeds 200000-200009; explicit variant and density overrides; four domain seeds paired within replicate
A037,A,RQ1;RQ3_BACKBONE;RQ3_DENSITY;RQ4_GENERATED,proto_sw_1_1,expanded,simple,5,200004,3661431921,3802206688,2403426353,861773372,200004,200004,200004,200004,production seeds 200000-200009; explicit variant and density overrides; four domain seeds paired within replicate
A038,A,RQ1;RQ3_BACKBONE;RQ3_DENSITY;RQ4_GENERATED,proto_sw_1_1,expanded,medium,5,200004,3661431921,3802206688,2403426353,861773372,200004,200004,200004,200004,production seeds 200000-200009; explicit variant and density overrides; four domain seeds paired within replicate
A039,A,RQ1;RQ3_BACKBONE;RQ3_DENSITY;RQ4_GENERATED,proto_sw_1_1,expanded,rich,5,200004,3661431921,3802206688,2403426353,861773372,200004,200004,200004,200004,production seeds 200000-200009; explicit variant and density overrides; four domain seeds paired within replicate
A040,A,RQ1;RQ3_BACKBONE;RQ3_DENSITY;RQ4_GENERATED,proto_sw_1_1,compact,simple,5,200004,3661431921,3802206688,2403426353,861773372,200004,200004,200004,200004,production seeds 200000-200009; explicit variant and density overrides; four domain seeds paired within replicate
A041,A,RQ1;RQ3_BACKBONE;RQ3_DENSITY;RQ4_GENERATED,proto_sw_1_1,compact,medium,5,200004,3661431921,3802206688,2403426353,861773372,200004,200004,200004,200004,production seeds 200000-200009; explicit variant and density overrides; four domain seeds paired within replicate
A042,A,RQ1;RQ3_BACKBONE;RQ3_DENSITY;RQ4_GENERATED,proto_sw_1_1,compact,rich,5,200004,3661431921,3802206688,2403426353,861773372,200004,200004,200004,200004,production seeds 200000-200009; explicit variant and density overrides; four domain seeds paired within replicate
A043,A,RQ1;RQ3_BACKBONE;RQ3_DENSITY;RQ4_GENERATED,proto_sw_1_1,swept,simple,5,200004,3661431921,3802206688,2403426353,861773372,200004,200004,200004,200004,production seeds 200000-200009; explicit variant and density overrides; four domain seeds paired within replicate
A044,A,RQ1;RQ3_BACKBONE;RQ3_DENSITY;RQ4_GENERATED,proto_sw_1_1,swept,medium,5,200004,3661431921,3802206688,2403426353,861773372,200004,200004,200004,200004,production seeds 200000-200009; explicit variant and density overrides; four domain seeds paired within replicate
A045,A,RQ1;RQ3_BACKBONE;RQ3_DENSITY;RQ4_GENERATED,proto_sw_1_1,swept,rich,5,200004,3661431921,3802206688,2403426353,861773372,200004,200004,200004,200004,production seeds 200000-200009; explicit variant and density overrides; four domain seeds paired within replicate
A046,A,RQ1;RQ3_BACKBONE;RQ3_DENSITY;RQ4_GENERATED,proto_sw_1_1,expanded,simple,6,200005,3616305472,4185442326,2083021513,2157334348,200005,200005,200005,200005,production seeds 200000-200009; explicit variant and density overrides; four domain seeds paired within replicate
A047,A,RQ1;RQ3_BACKBONE;RQ3_DENSITY;RQ4_GENERATED,proto_sw_1_1,expanded,medium,6,200005,3616305472,4185442326,2083021513,2157334348,200005,200005,200005,200005,production seeds 200000-200009; explicit variant and density overrides; four domain seeds paired within replicate
A048,A,RQ1;RQ3_BACKBONE;RQ3_DENSITY;RQ4_GENERATED,proto_sw_1_1,expanded,rich,6,200005,3616305472,4185442326,2083021513,2157334348,200005,200005,200005,200005,production seeds 200000-200009; explicit variant and density overrides; four domain seeds paired within replicate
A049,A,RQ1;RQ3_BACKBONE;RQ3_DENSITY;RQ4_GENERATED,proto_sw_1_1,compact,simple,6,200005,3616305472,4185442326,2083021513,2157334348,200005,200005,200005,200005,production seeds 200000-200009; explicit variant and density overrides; four domain seeds paired within replicate
A050,A,RQ1;RQ3_BACKBONE;RQ3_DENSITY;RQ4_GENERATED,proto_sw_1_1,compact,medium,6,200005,3616305472,4185442326,2083021513,2157334348,200005,200005,200005,200005,production seeds 200000-200009; explicit variant and density overrides; four domain seeds paired within replicate
A051,A,RQ1;RQ3_BACKBONE;RQ3_DENSITY;RQ4_GENERATED,proto_sw_1_1,compact,rich,6,200005,3616305472,4185442326,2083021513,2157334348,200005,200005,200005,200005,production seeds 200000-200009; explicit variant and density overrides; four domain seeds paired within replicate
A052,A,RQ1;RQ3_BACKBONE;RQ3_DENSITY;RQ4_GENERATED,proto_sw_1_1,swept,simple,6,200005,3616305472,4185442326,2083021513,2157334348,200005,200005,200005,200005,production seeds 200000-200009; explicit variant and density overrides; four domain seeds paired within replicate
A053,A,RQ1;RQ3_BACKBONE;RQ3_DENSITY;RQ4_GENERATED,proto_sw_1_1,swept,medium,6,200005,3616305472,4185442326,2083021513,2157334348,200005,200005,200005,200005,production seeds 200000-200009; explicit variant and density overrides; four domain seeds paired within replicate
A054,A,RQ1;RQ3_BACKBONE;RQ3_DENSITY;RQ4_GENERATED,proto_sw_1_1,swept,rich,6,200005,3616305472,4185442326,2083021513,2157334348,200005,200005,200005,200005,production seeds 200000-200009; explicit variant and density overrides; four domain seeds paired within replicate
A055,A,RQ1;RQ3_BACKBONE;RQ3_DENSITY;RQ4_GENERATED,proto_sw_1_1,expanded,simple,7,200006,1269774328,578667544,3840112982,671364729,200006,200006,200006,200006,production seeds 200000-200009; explicit variant and density overrides; four domain seeds paired within replicate
A056,A,RQ1;RQ3_BACKBONE;RQ3_DENSITY;RQ4_GENERATED,proto_sw_1_1,expanded,medium,7,200006,1269774328,578667544,3840112982,671364729,200006,200006,200006,200006,production seeds 200000-200009; explicit variant and density overrides; four domain seeds paired within replicate
A057,A,RQ1;RQ3_BACKBONE;RQ3_DENSITY;RQ4_GENERATED,proto_sw_1_1,expanded,rich,7,200006,1269774328,578667544,3840112982,671364729,200006,200006,200006,200006,production seeds 200000-200009; explicit variant and density overrides; four domain seeds paired within replicate
A058,A,RQ1;RQ3_BACKBONE;RQ3_DENSITY;RQ4_GENERATED,proto_sw_1_1,compact,simple,7,200006,1269774328,578667544,3840112982,671364729,200006,200006,200006,200006,production seeds 200000-200009; explicit variant and density overrides; four domain seeds paired within replicate
A059,A,RQ1;RQ3_BACKBONE;RQ3_DENSITY;RQ4_GENERATED,proto_sw_1_1,compact,medium,7,200006,1269774328,578667544,3840112982,671364729,200006,200006,200006,200006,production seeds 200000-200009; explicit variant and density overrides; four domain seeds paired within replicate
A060,A,RQ1;RQ3_BACKBONE;RQ3_DENSITY;RQ4_GENERATED,proto_sw_1_1,compact,rich,7,200006,1269774328,578667544,3840112982,671364729,200006,200006,200006,200006,production seeds 200000-200009; explicit variant and density overrides; four domain seeds paired within replicate
A061,A,RQ1;RQ3_BACKBONE;RQ3_DENSITY;RQ4_GENERATED,proto_sw_1_1,swept,simple,7,200006,1269774328,578667544,3840112982,671364729,200006,200006,200006,200006,production seeds 200000-200009; explicit variant and density overrides; four domain seeds paired within replicate
A062,A,RQ1;RQ3_BACKBONE;RQ3_DENSITY;RQ4_GENERATED,proto_sw_1_1,swept,medium,7,200006,1269774328,578667544,3840112982,671364729,200006,200006,200006,200006,production seeds 200000-200009; explicit variant and density overrides; four domain seeds paired within replicate
A063,A,RQ1;RQ3_BACKBONE;RQ3_DENSITY;RQ4_GENERATED,proto_sw_1_1,swept,rich,7,200006,1269774328,578667544,3840112982,671364729,200006,200006,200006,200006,production seeds 200000-200009; explicit variant and density overrides; four domain seeds paired within replicate
A064,A,RQ1;RQ3_BACKBONE;RQ3_DENSITY;RQ4_GENERATED,proto_sw_1_1,expanded,simple,8,200007,1923210920,721235226,3962232460,3148415715,200007,200007,200007,200007,production seeds 200000-200009; explicit variant and density overrides; four domain seeds paired within replicate
A065,A,RQ1;RQ3_BACKBONE;RQ3_DENSITY;RQ4_GENERATED,proto_sw_1_1,expanded,medium,8,200007,1923210920,721235226,3962232460,3148415715,200007,200007,200007,200007,production seeds 200000-200009; explicit variant and density overrides; four domain seeds paired within replicate
A066,A,RQ1;RQ3_BACKBONE;RQ3_DENSITY;RQ4_GENERATED,proto_sw_1_1,expanded,rich,8,200007,1923210920,721235226,3962232460,3148415715,200007,200007,200007,200007,production seeds 200000-200009; explicit variant and density overrides; four domain seeds paired within replicate
A067,A,RQ1;RQ3_BACKBONE;RQ3_DENSITY;RQ4_GENERATED,proto_sw_1_1,compact,simple,8,200007,1923210920,721235226,3962232460,3148415715,200007,200007,200007,200007,production seeds 200000-200009; explicit variant and density overrides; four domain seeds paired within replicate
A068,A,RQ1;RQ3_BACKBONE;RQ3_DENSITY;RQ4_GENERATED,proto_sw_1_1,compact,medium,8,200007,1923210920,721235226,3962232460,3148415715,200007,200007,200007,200007,production seeds 200000-200009; explicit variant and density overrides; four domain seeds paired within replicate
A069,A,RQ1;RQ3_BACKBONE;RQ3_DENSITY;RQ4_GENERATED,proto_sw_1_1,compact,rich,8,200007,1923210920,721235226,3962232460,3148415715,200007,200007,200007,200007,production seeds 200000-200009; explicit variant and density overrides; four domain seeds paired within replicate
A070,A,RQ1;RQ3_BACKBONE;RQ3_DENSITY;RQ4_GENERATED,proto_sw_1_1,swept,simple,8,200007,1923210920,721235226,3962232460,3148415715,200007,200007,200007,200007,production seeds 200000-200009; explicit variant and density overrides; four domain seeds paired within replicate
A071,A,RQ1;RQ3_BACKBONE;RQ3_DENSITY;RQ4_GENERATED,proto_sw_1_1,swept,medium,8,200007,1923210920,721235226,3962232460,3148415715,200007,200007,200007,200007,production seeds 200000-200009; explicit variant and density overrides; four domain seeds paired within replicate
A072,A,RQ1;RQ3_BACKBONE;RQ3_DENSITY;RQ4_GENERATED,proto_sw_1_1,swept,rich,8,200007,1923210920,721235226,3962232460,3148415715,200007,200007,200007,200007,production seeds 200000-200009; explicit variant and density overrides; four domain seeds paired within replicate
A073,A,RQ1;RQ3_BACKBONE;RQ3_DENSITY;RQ4_GENERATED,proto_sw_1_1,expanded,simple,9,200008,3158511072,3080658514,3482159800,1542305865,200008,200008,200008,200008,production seeds 200000-200009; explicit variant and density overrides; four domain seeds paired within replicate
A074,A,RQ1;RQ3_BACKBONE;RQ3_DENSITY;RQ4_GENERATED,proto_sw_1_1,expanded,medium,9,200008,3158511072,3080658514,3482159800,1542305865,200008,200008,200008,200008,production seeds 200000-200009; explicit variant and density overrides; four domain seeds paired within replicate
A075,A,RQ1;RQ3_BACKBONE;RQ3_DENSITY;RQ4_GENERATED,proto_sw_1_1,expanded,rich,9,200008,3158511072,3080658514,3482159800,1542305865,200008,200008,200008,200008,production seeds 200000-200009; explicit variant and density overrides; four domain seeds paired within replicate
A076,A,RQ1;RQ3_BACKBONE;RQ3_DENSITY;RQ4_GENERATED,proto_sw_1_1,compact,simple,9,200008,3158511072,3080658514,3482159800,1542305865,200008,200008,200008,200008,production seeds 200000-200009; explicit variant and density overrides; four domain seeds paired within replicate
A077,A,RQ1;RQ3_BACKBONE;RQ3_DENSITY;RQ4_GENERATED,proto_sw_1_1,compact,medium,9,200008,3158511072,3080658514,3482159800,1542305865,200008,200008,200008,200008,production seeds 200000-200009; explicit variant and density overrides; four domain seeds paired within replicate
A078,A,RQ1;RQ3_BACKBONE;RQ3_DENSITY;RQ4_GENERATED,proto_sw_1_1,compact,rich,9,200008,3158511072,3080658514,3482159800,1542305865,200008,200008,200008,200008,production seeds 200000-200009; explicit variant and density overrides; four domain seeds paired within replicate
A079,A,RQ1;RQ3_BACKBONE;RQ3_DENSITY;RQ4_GENERATED,proto_sw_1_1,swept,simple,9,200008,3158511072,3080658514,3482159800,1542305865,200008,200008,200008,200008,production seeds 200000-200009; explicit variant and density overrides; four domain seeds paired within replicate
A080,A,RQ1;RQ3_BACKBONE;RQ3_DENSITY;RQ4_GENERATED,proto_sw_1_1,swept,medium,9,200008,3158511072,3080658514,3482159800,1542305865,200008,200008,200008,200008,production seeds 200000-200009; explicit variant and density overrides; four domain seeds paired within replicate
A081,A,RQ1;RQ3_BACKBONE;RQ3_DENSITY;RQ4_GENERATED,proto_sw_1_1,swept,rich,9,200008,3158511072,3080658514,3482159800,1542305865,200008,200008,200008,200008,production seeds 200000-200009; explicit variant and density overrides; four domain seeds paired within replicate
A082,A,RQ1;RQ3_BACKBONE;RQ3_DENSITY;RQ4_GENERATED,proto_sw_1_1,expanded,simple,10,200009,101358191,2724857067,3911812596,1265668154,200009,200009,200009,200009,production seeds 200000-200009; explicit variant and density overrides; four domain seeds paired within replicate
A083,A,RQ1;RQ3_BACKBONE;RQ3_DENSITY;RQ4_GENERATED,proto_sw_1_1,expanded,medium,10,200009,101358191,2724857067,3911812596,1265668154,200009,200009,200009,200009,production seeds 200000-200009; explicit variant and density overrides; four domain seeds paired within replicate
A084,A,RQ1;RQ3_BACKBONE;RQ3_DENSITY;RQ4_GENERATED,proto_sw_1_1,expanded,rich,10,200009,101358191,2724857067,3911812596,1265668154,200009,200009,200009,200009,production seeds 200000-200009; explicit variant and density overrides; four domain seeds paired within replicate
A085,A,RQ1;RQ3_BACKBONE;RQ3_DENSITY;RQ4_GENERATED,proto_sw_1_1,compact,simple,10,200009,101358191,2724857067,3911812596,1265668154,200009,200009,200009,200009,production seeds 200000-200009; explicit variant and density overrides; four domain seeds paired within replicate
A086,A,RQ1;RQ3_BACKBONE;RQ3_DENSITY;RQ4_GENERATED,proto_sw_1_1,compact,medium,10,200009,101358191,2724857067,3911812596,1265668154,200009,200009,200009,200009,production seeds 200000-200009; explicit variant and density overrides; four domain seeds paired within replicate
A087,A,RQ1;RQ3_BACKBONE;RQ3_DENSITY;RQ4_GENERATED,proto_sw_1_1,compact,rich,10,200009,101358191,2724857067,3911812596,1265668154,200009,200009,200009,200009,production seeds 200000-200009; explicit variant and density overrides; four domain seeds paired within replicate
A088,A,RQ1;RQ3_BACKBONE;RQ3_DENSITY;RQ4_GENERATED,proto_sw_1_1,swept,simple,10,200009,101358191,2724857067,3911812596,1265668154,200009,200009,200009,200009,production seeds 200000-200009; explicit variant and density overrides; four domain seeds paired within replicate
A089,A,RQ1;RQ3_BACKBONE;RQ3_DENSITY;RQ4_GENERATED,proto_sw_1_1,swept,medium,10,200009,101358191,2724857067,3911812596,1265668154,200009,200009,200009,200009,production seeds 200000-200009; explicit variant and density overrides; four domain seeds paired within replicate
A090,A,RQ1;RQ3_BACKBONE;RQ3_DENSITY;RQ4_GENERATED,proto_sw_1_1,swept,rich,10,200009,101358191,2724857067,3911812596,1265668154,200009,200009,200009,200009,production seeds 200000-200009; explicit variant and density overrides; four domain seeds paired within replicate
A091,A,RQ1;RQ3_BACKBONE;RQ3_DENSITY;RQ4_GENERATED,proto_sw_1_3,expanded,simple,1,200000,3637826449,690874662,3848763323,2731574336,200000,200000,200000,200000,production seeds 200000-200009; explicit variant and density overrides; four domain seeds paired within replicate
A092,A,RQ1;RQ3_BACKBONE;RQ3_DENSITY;RQ4_GENERATED,proto_sw_1_3,expanded,medium,1,200000,3637826449,690874662,3848763323,2731574336,200000,200000,200000,200000,production seeds 200000-200009; explicit variant and density overrides; four domain seeds paired within replicate
A093,A,RQ1;RQ3_BACKBONE;RQ3_DENSITY;RQ4_GENERATED,proto_sw_1_3,expanded,rich,1,200000,3637826449,690874662,3848763323,2731574336,200000,200000,200000,200000,production seeds 200000-200009; explicit variant and density overrides; four domain seeds paired within replicate
A094,A,RQ1;RQ3_BACKBONE;RQ3_DENSITY;RQ4_GENERATED,proto_sw_1_3,compact,simple,1,200000,3637826449,690874662,3848763323,2731574336,200000,200000,200000,200000,production seeds 200000-200009; explicit variant and density overrides; four domain seeds paired within replicate
A095,A,RQ1;RQ3_BACKBONE;RQ3_DENSITY;RQ4_GENERATED,proto_sw_1_3,compact,medium,1,200000,3637826449,690874662,3848763323,2731574336,200000,200000,200000,200000,production seeds 200000-200009; explicit variant and density overrides; four domain seeds paired within replicate
A096,A,RQ1;RQ3_BACKBONE;RQ3_DENSITY;RQ4_GENERATED,proto_sw_1_3,compact,rich,1,200000,3637826449,690874662,3848763323,2731574336,200000,200000,200000,200000,production seeds 200000-200009; explicit variant and density overrides; four domain seeds paired within replicate
A097,A,RQ1;RQ3_BACKBONE;RQ3_DENSITY;RQ4_GENERATED,proto_sw_1_3,swept,simple,1,200000,3637826449,690874662,3848763323,2731574336,200000,200000,200000,200000,production seeds 200000-200009; explicit variant and density overrides; four domain seeds paired within replicate
A098,A,RQ1;RQ3_BACKBONE;RQ3_DENSITY;RQ4_GENERATED,proto_sw_1_3,swept,medium,1,200000,3637826449,690874662,3848763323,2731574336,200000,200000,200000,200000,production seeds 200000-200009; explicit variant and density overrides; four domain seeds paired within replicate
A099,A,RQ1;RQ3_BACKBONE;RQ3_DENSITY;RQ4_GENERATED,proto_sw_1_3,swept,rich,1,200000,3637826449,690874662,3848763323,2731574336,200000,200000,200000,200000,production seeds 200000-200009; explicit variant and density overrides; four domain seeds paired within replicate
A100,A,RQ1;RQ3_BACKBONE;RQ3_DENSITY;RQ4_GENERATED,proto_sw_1_3,expanded,simple,2,200001,2099076444,668946205,157358250,1522627173,200001,200001,200001,200001,production seeds 200000-200009; explicit variant and density overrides; four domain seeds paired within replicate
A101,A,RQ1;RQ3_BACKBONE;RQ3_DENSITY;RQ4_GENERATED,proto_sw_1_3,expanded,medium,2,200001,2099076444,668946205,157358250,1522627173,200001,200001,200001,200001,production seeds 200000-200009; explicit variant and density overrides; four domain seeds paired within replicate
A102,A,RQ1;RQ3_BACKBONE;RQ3_DENSITY;RQ4_GENERATED,proto_sw_1_3,expanded,rich,2,200001,2099076444,668946205,157358250,1522627173,200001,200001,200001,200001,production seeds 200000-200009; explicit variant and density overrides; four domain seeds paired within replicate
A103,A,RQ1;RQ3_BACKBONE;RQ3_DENSITY;RQ4_GENERATED,proto_sw_1_3,compact,simple,2,200001,2099076444,668946205,157358250,1522627173,200001,200001,200001,200001,production seeds 200000-200009; explicit variant and density overrides; four domain seeds paired within replicate
A104,A,RQ1;RQ3_BACKBONE;RQ3_DENSITY;RQ4_GENERATED,proto_sw_1_3,compact,medium,2,200001,2099076444,668946205,157358250,1522627173,200001,200001,200001,200001,production seeds 200000-200009; explicit variant and density overrides; four domain seeds paired within replicate
A105,A,RQ1;RQ3_BACKBONE;RQ3_DENSITY;RQ4_GENERATED,proto_sw_1_3,compact,rich,2,200001,2099076444,668946205,157358250,1522627173,200001,200001,200001,200001,production seeds 200000-200009; explicit variant and density overrides; four domain seeds paired within replicate
A106,A,RQ1;RQ3_BACKBONE;RQ3_DENSITY;RQ4_GENERATED,proto_sw_1_3,swept,simple,2,200001,2099076444,668946205,157358250,1522627173,200001,200001,200001,200001,production seeds 200000-200009; explicit variant and density overrides; four domain seeds paired within replicate
A107,A,RQ1;RQ3_BACKBONE;RQ3_DENSITY;RQ4_GENERATED,proto_sw_1_3,swept,medium,2,200001,2099076444,668946205,157358250,1522627173,200001,200001,200001,200001,production seeds 200000-200009; explicit variant and density overrides; four domain seeds paired within replicate
A108,A,RQ1;RQ3_BACKBONE;RQ3_DENSITY;RQ4_GENERATED,proto_sw_1_3,swept,rich,2,200001,2099076444,668946205,157358250,1522627173,200001,200001,200001,200001,production seeds 200000-200009; explicit variant and density overrides; four domain seeds paired within replicate
A109,A,RQ1;RQ3_BACKBONE;RQ3_DENSITY;RQ4_GENERATED,proto_sw_1_3,expanded,simple,3,200002,1586078355,2795483619,3834742724,1346423801,200002,200002,200002,200002,production seeds 200000-200009; explicit variant and density overrides; four domain seeds paired within replicate
A110,A,RQ1;RQ3_BACKBONE;RQ3_DENSITY;RQ4_GENERATED,proto_sw_1_3,expanded,medium,3,200002,1586078355,2795483619,3834742724,1346423801,200002,200002,200002,200002,production seeds 200000-200009; explicit variant and density overrides; four domain seeds paired within replicate
A111,A,RQ1;RQ3_BACKBONE;RQ3_DENSITY;RQ4_GENERATED,proto_sw_1_3,expanded,rich,3,200002,1586078355,2795483619,3834742724,1346423801,200002,200002,200002,200002,production seeds 200000-200009; explicit variant and density overrides; four domain seeds paired within replicate
A112,A,RQ1;RQ3_BACKBONE;RQ3_DENSITY;RQ4_GENERATED,proto_sw_1_3,compact,simple,3,200002,1586078355,2795483619,3834742724,1346423801,200002,200002,200002,200002,production seeds 200000-200009; explicit variant and density overrides; four domain seeds paired within replicate
A113,A,RQ1;RQ3_BACKBONE;RQ3_DENSITY;RQ4_GENERATED,proto_sw_1_3,compact,medium,3,200002,1586078355,2795483619,3834742724,1346423801,200002,200002,200002,200002,production seeds 200000-200009; explicit variant and density overrides; four domain seeds paired within replicate
A114,A,RQ1;RQ3_BACKBONE;RQ3_DENSITY;RQ4_GENERATED,proto_sw_1_3,compact,rich,3,200002,1586078355,2795483619,3834742724,1346423801,200002,200002,200002,200002,production seeds 200000-200009; explicit variant and density overrides; four domain seeds paired within replicate
A115,A,RQ1;RQ3_BACKBONE;RQ3_DENSITY;RQ4_GENERATED,proto_sw_1_3,swept,simple,3,200002,1586078355,2795483619,3834742724,1346423801,200002,200002,200002,200002,production seeds 200000-200009; explicit variant and density overrides; four domain seeds paired within replicate
A116,A,RQ1;RQ3_BACKBONE;RQ3_DENSITY;RQ4_GENERATED,proto_sw_1_3,swept,medium,3,200002,1586078355,2795483619,3834742724,1346423801,200002,200002,200002,200002,production seeds 200000-200009; explicit variant and density overrides; four domain seeds paired within replicate
A117,A,RQ1;RQ3_BACKBONE;RQ3_DENSITY;RQ4_GENERATED,proto_sw_1_3,swept,rich,3,200002,1586078355,2795483619,3834742724,1346423801,200002,200002,200002,200002,production seeds 200000-200009; explicit variant and density overrides; four domain seeds paired within replicate
A118,A,RQ1;RQ3_BACKBONE;RQ3_DENSITY;RQ4_GENERATED,proto_sw_1_3,expanded,simple,4,200003,2755701457,200490488,587951499,654989446,200003,200003,200003,200003,production seeds 200000-200009; explicit variant and density overrides; four domain seeds paired within replicate
A119,A,RQ1;RQ3_BACKBONE;RQ3_DENSITY;RQ4_GENERATED,proto_sw_1_3,expanded,medium,4,200003,2755701457,200490488,587951499,654989446,200003,200003,200003,200003,production seeds 200000-200009; explicit variant and density overrides; four domain seeds paired within replicate
A120,A,RQ1;RQ3_BACKBONE;RQ3_DENSITY;RQ4_GENERATED,proto_sw_1_3,expanded,rich,4,200003,2755701457,200490488,587951499,654989446,200003,200003,200003,200003,production seeds 200000-200009; explicit variant and density overrides; four domain seeds paired within replicate
A121,A,RQ1;RQ3_BACKBONE;RQ3_DENSITY;RQ4_GENERATED,proto_sw_1_3,compact,simple,4,200003,2755701457,200490488,587951499,654989446,200003,200003,200003,200003,production seeds 200000-200009; explicit variant and density overrides; four domain seeds paired within replicate
A122,A,RQ1;RQ3_BACKBONE;RQ3_DENSITY;RQ4_GENERATED,proto_sw_1_3,compact,medium,4,200003,2755701457,200490488,587951499,654989446,200003,200003,200003,200003,production seeds 200000-200009; explicit variant and density overrides; four domain seeds paired within replicate
A123,A,RQ1;RQ3_BACKBONE;RQ3_DENSITY;RQ4_GENERATED,proto_sw_1_3,compact,rich,4,200003,2755701457,200490488,587951499,654989446,200003,200003,200003,200003,production seeds 200000-200009; explicit variant and density overrides; four domain seeds paired within replicate
A124,A,RQ1;RQ3_BACKBONE;RQ3_DENSITY;RQ4_GENERATED,proto_sw_1_3,swept,simple,4,200003,2755701457,200490488,587951499,654989446,200003,200003,200003,200003,production seeds 200000-200009; explicit variant and density overrides; four domain seeds paired within replicate
A125,A,RQ1;RQ3_BACKBONE;RQ3_DENSITY;RQ4_GENERATED,proto_sw_1_3,swept,medium,4,200003,2755701457,200490488,587951499,654989446,200003,200003,200003,200003,production seeds 200000-200009; explicit variant and density overrides; four domain seeds paired within replicate
A126,A,RQ1;RQ3_BACKBONE;RQ3_DENSITY;RQ4_GENERATED,proto_sw_1_3,swept,rich,4,200003,2755701457,200490488,587951499,654989446,200003,200003,200003,200003,production seeds 200000-200009; explicit variant and density overrides; four domain seeds paired within replicate
A127,A,RQ1;RQ3_BACKBONE;RQ3_DENSITY;RQ4_GENERATED,proto_sw_1_3,expanded,simple,5,200004,3661431921,3802206688,2403426353,861773372,200004,200004,200004,200004,production seeds 200000-200009; explicit variant and density overrides; four domain seeds paired within replicate
A128,A,RQ1;RQ3_BACKBONE;RQ3_DENSITY;RQ4_GENERATED,proto_sw_1_3,expanded,medium,5,200004,3661431921,3802206688,2403426353,861773372,200004,200004,200004,200004,production seeds 200000-200009; explicit variant and density overrides; four domain seeds paired within replicate
A129,A,RQ1;RQ3_BACKBONE;RQ3_DENSITY;RQ4_GENERATED,proto_sw_1_3,expanded,rich,5,200004,3661431921,3802206688,2403426353,861773372,200004,200004,200004,200004,production seeds 200000-200009; explicit variant and density overrides; four domain seeds paired within replicate
A130,A,RQ1;RQ3_BACKBONE;RQ3_DENSITY;RQ4_GENERATED,proto_sw_1_3,compact,simple,5,200004,3661431921,3802206688,2403426353,861773372,200004,200004,200004,200004,production seeds 200000-200009; explicit variant and density overrides; four domain seeds paired within replicate
A131,A,RQ1;RQ3_BACKBONE;RQ3_DENSITY;RQ4_GENERATED,proto_sw_1_3,compact,medium,5,200004,3661431921,3802206688,2403426353,861773372,200004,200004,200004,200004,production seeds 200000-200009; explicit variant and density overrides; four domain seeds paired within replicate
A132,A,RQ1;RQ3_BACKBONE;RQ3_DENSITY;RQ4_GENERATED,proto_sw_1_3,compact,rich,5,200004,3661431921,3802206688,2403426353,861773372,200004,200004,200004,200004,production seeds 200000-200009; explicit variant and density overrides; four domain seeds paired within replicate
A133,A,RQ1;RQ3_BACKBONE;RQ3_DENSITY;RQ4_GENERATED,proto_sw_1_3,swept,simple,5,200004,3661431921,3802206688,2403426353,861773372,200004,200004,200004,200004,production seeds 200000-200009; explicit variant and density overrides; four domain seeds paired within replicate
A134,A,RQ1;RQ3_BACKBONE;RQ3_DENSITY;RQ4_GENERATED,proto_sw_1_3,swept,medium,5,200004,3661431921,3802206688,2403426353,861773372,200004,200004,200004,200004,production seeds 200000-200009; explicit variant and density overrides; four domain seeds paired within replicate
A135,A,RQ1;RQ3_BACKBONE;RQ3_DENSITY;RQ4_GENERATED,proto_sw_1_3,swept,rich,5,200004,3661431921,3802206688,2403426353,861773372,200004,200004,200004,200004,production seeds 200000-200009; explicit variant and density overrides; four domain seeds paired within replicate
A136,A,RQ1;RQ3_BACKBONE;RQ3_DENSITY;RQ4_GENERATED,proto_sw_1_3,expanded,simple,6,200005,3616305472,4185442326,2083021513,2157334348,200005,200005,200005,200005,production seeds 200000-200009; explicit variant and density overrides; four domain seeds paired within replicate
A137,A,RQ1;RQ3_BACKBONE;RQ3_DENSITY;RQ4_GENERATED,proto_sw_1_3,expanded,medium,6,200005,3616305472,4185442326,2083021513,2157334348,200005,200005,200005,200005,production seeds 200000-200009; explicit variant and density overrides; four domain seeds paired within replicate
A138,A,RQ1;RQ3_BACKBONE;RQ3_DENSITY;RQ4_GENERATED,proto_sw_1_3,expanded,rich,6,200005,3616305472,4185442326,2083021513,2157334348,200005,200005,200005,200005,production seeds 200000-200009; explicit variant and density overrides; four domain seeds paired within replicate
A139,A,RQ1;RQ3_BACKBONE;RQ3_DENSITY;RQ4_GENERATED,proto_sw_1_3,compact,simple,6,200005,3616305472,4185442326,2083021513,2157334348,200005,200005,200005,200005,production seeds 200000-200009; explicit variant and density overrides; four domain seeds paired within replicate
A140,A,RQ1;RQ3_BACKBONE;RQ3_DENSITY;RQ4_GENERATED,proto_sw_1_3,compact,medium,6,200005,3616305472,4185442326,2083021513,2157334348,200005,200005,200005,200005,production seeds 200000-200009; explicit variant and density overrides; four domain seeds paired within replicate
A141,A,RQ1;RQ3_BACKBONE;RQ3_DENSITY;RQ4_GENERATED,proto_sw_1_3,compact,rich,6,200005,3616305472,4185442326,2083021513,2157334348,200005,200005,200005,200005,production seeds 200000-200009; explicit variant and density overrides; four domain seeds paired within replicate
A142,A,RQ1;RQ3_BACKBONE;RQ3_DENSITY;RQ4_GENERATED,proto_sw_1_3,swept,simple,6,200005,3616305472,4185442326,2083021513,2157334348,200005,200005,200005,200005,production seeds 200000-200009; explicit variant and density overrides; four domain seeds paired within replicate
A143,A,RQ1;RQ3_BACKBONE;RQ3_DENSITY;RQ4_GENERATED,proto_sw_1_3,swept,medium,6,200005,3616305472,4185442326,2083021513,2157334348,200005,200005,200005,200005,production seeds 200000-200009; explicit variant and density overrides; four domain seeds paired within replicate
A144,A,RQ1;RQ3_BACKBONE;RQ3_DENSITY;RQ4_GENERATED,proto_sw_1_3,swept,rich,6,200005,3616305472,4185442326,2083021513,2157334348,200005,200005,200005,200005,production seeds 200000-200009; explicit variant and density overrides; four domain seeds paired within replicate
A145,A,RQ1;RQ3_BACKBONE;RQ3_DENSITY;RQ4_GENERATED,proto_sw_1_3,expanded,simple,7,200006,1269774328,578667544,3840112982,671364729,200006,200006,200006,200006,production seeds 200000-200009; explicit variant and density overrides; four domain seeds paired within replicate
A146,A,RQ1;RQ3_BACKBONE;RQ3_DENSITY;RQ4_GENERATED,proto_sw_1_3,expanded,medium,7,200006,1269774328,578667544,3840112982,671364729,200006,200006,200006,200006,production seeds 200000-200009; explicit variant and density overrides; four domain seeds paired within replicate
A147,A,RQ1;RQ3_BACKBONE;RQ3_DENSITY;RQ4_GENERATED,proto_sw_1_3,expanded,rich,7,200006,1269774328,578667544,3840112982,671364729,200006,200006,200006,200006,production seeds 200000-200009; explicit variant and density overrides; four domain seeds paired within replicate
A148,A,RQ1;RQ3_BACKBONE;RQ3_DENSITY;RQ4_GENERATED,proto_sw_1_3,compact,simple,7,200006,1269774328,578667544,3840112982,671364729,200006,200006,200006,200006,production seeds 200000-200009; explicit variant and density overrides; four domain seeds paired within replicate
A149,A,RQ1;RQ3_BACKBONE;RQ3_DENSITY;RQ4_GENERATED,proto_sw_1_3,compact,medium,7,200006,1269774328,578667544,3840112982,671364729,200006,200006,200006,200006,production seeds 200000-200009; explicit variant and density overrides; four domain seeds paired within replicate
A150,A,RQ1;RQ3_BACKBONE;RQ3_DENSITY;RQ4_GENERATED,proto_sw_1_3,compact,rich,7,200006,1269774328,578667544,3840112982,671364729,200006,200006,200006,200006,production seeds 200000-200009; explicit variant and density overrides; four domain seeds paired within replicate
A151,A,RQ1;RQ3_BACKBONE;RQ3_DENSITY;RQ4_GENERATED,proto_sw_1_3,swept,simple,7,200006,1269774328,578667544,3840112982,671364729,200006,200006,200006,200006,production seeds 200000-200009; explicit variant and density overrides; four domain seeds paired within replicate
A152,A,RQ1;RQ3_BACKBONE;RQ3_DENSITY;RQ4_GENERATED,proto_sw_1_3,swept,medium,7,200006,1269774328,578667544,3840112982,671364729,200006,200006,200006,200006,production seeds 200000-200009; explicit variant and density overrides; four domain seeds paired within replicate
A153,A,RQ1;RQ3_BACKBONE;RQ3_DENSITY;RQ4_GENERATED,proto_sw_1_3,swept,rich,7,200006,1269774328,578667544,3840112982,671364729,200006,200006,200006,200006,production seeds 200000-200009; explicit variant and density overrides; four domain seeds paired within replicate
A154,A,RQ1;RQ3_BACKBONE;RQ3_DENSITY;RQ4_GENERATED,proto_sw_1_3,expanded,simple,8,200007,1923210920,721235226,3962232460,3148415715,200007,200007,200007,200007,production seeds 200000-200009; explicit variant and density overrides; four domain seeds paired within replicate
A155,A,RQ1;RQ3_BACKBONE;RQ3_DENSITY;RQ4_GENERATED,proto_sw_1_3,expanded,medium,8,200007,1923210920,721235226,3962232460,3148415715,200007,200007,200007,200007,production seeds 200000-200009; explicit variant and density overrides; four domain seeds paired within replicate
A156,A,RQ1;RQ3_BACKBONE;RQ3_DENSITY;RQ4_GENERATED,proto_sw_1_3,expanded,rich,8,200007,1923210920,721235226,3962232460,3148415715,200007,200007,200007,200007,production seeds 200000-200009; explicit variant and density overrides; four domain seeds paired within replicate
A157,A,RQ1;RQ3_BACKBONE;RQ3_DENSITY;RQ4_GENERATED,proto_sw_1_3,compact,simple,8,200007,1923210920,721235226,3962232460,3148415715,200007,200007,200007,200007,production seeds 200000-200009; explicit variant and density overrides; four domain seeds paired within replicate
A158,A,RQ1;RQ3_BACKBONE;RQ3_DENSITY;RQ4_GENERATED,proto_sw_1_3,compact,medium,8,200007,1923210920,721235226,3962232460,3148415715,200007,200007,200007,200007,production seeds 200000-200009; explicit variant and density overrides; four domain seeds paired within replicate
A159,A,RQ1;RQ3_BACKBONE;RQ3_DENSITY;RQ4_GENERATED,proto_sw_1_3,compact,rich,8,200007,1923210920,721235226,3962232460,3148415715,200007,200007,200007,200007,production seeds 200000-200009; explicit variant and density overrides; four domain seeds paired within replicate
A160,A,RQ1;RQ3_BACKBONE;RQ3_DENSITY;RQ4_GENERATED,proto_sw_1_3,swept,simple,8,200007,1923210920,721235226,3962232460,3148415715,200007,200007,200007,200007,production seeds 200000-200009; explicit variant and density overrides; four domain seeds paired within replicate
A161,A,RQ1;RQ3_BACKBONE;RQ3_DENSITY;RQ4_GENERATED,proto_sw_1_3,swept,medium,8,200007,1923210920,721235226,3962232460,3148415715,200007,200007,200007,200007,production seeds 200000-200009; explicit variant and density overrides; four domain seeds paired within replicate
A162,A,RQ1;RQ3_BACKBONE;RQ3_DENSITY;RQ4_GENERATED,proto_sw_1_3,swept,rich,8,200007,1923210920,721235226,3962232460,3148415715,200007,200007,200007,200007,production seeds 200000-200009; explicit variant and density overrides; four domain seeds paired within replicate
A163,A,RQ1;RQ3_BACKBONE;RQ3_DENSITY;RQ4_GENERATED,proto_sw_1_3,expanded,simple,9,200008,3158511072,3080658514,3482159800,1542305865,200008,200008,200008,200008,production seeds 200000-200009; explicit variant and density overrides; four domain seeds paired within replicate
A164,A,RQ1;RQ3_BACKBONE;RQ3_DENSITY;RQ4_GENERATED,proto_sw_1_3,expanded,medium,9,200008,3158511072,3080658514,3482159800,1542305865,200008,200008,200008,200008,production seeds 200000-200009; explicit variant and density overrides; four domain seeds paired within replicate
A165,A,RQ1;RQ3_BACKBONE;RQ3_DENSITY;RQ4_GENERATED,proto_sw_1_3,expanded,rich,9,200008,3158511072,3080658514,3482159800,1542305865,200008,200008,200008,200008,production seeds 200000-200009; explicit variant and density overrides; four domain seeds paired within replicate
A166,A,RQ1;RQ3_BACKBONE;RQ3_DENSITY;RQ4_GENERATED,proto_sw_1_3,compact,simple,9,200008,3158511072,3080658514,3482159800,1542305865,200008,200008,200008,200008,production seeds 200000-200009; explicit variant and density overrides; four domain seeds paired within replicate
A167,A,RQ1;RQ3_BACKBONE;RQ3_DENSITY;RQ4_GENERATED,proto_sw_1_3,compact,medium,9,200008,3158511072,3080658514,3482159800,1542305865,200008,200008,200008,200008,production seeds 200000-200009; explicit variant and density overrides; four domain seeds paired within replicate
A168,A,RQ1;RQ3_BACKBONE;RQ3_DENSITY;RQ4_GENERATED,proto_sw_1_3,compact,rich,9,200008,3158511072,3080658514,3482159800,1542305865,200008,200008,200008,200008,production seeds 200000-200009; explicit variant and density overrides; four domain seeds paired within replicate
A169,A,RQ1;RQ3_BACKBONE;RQ3_DENSITY;RQ4_GENERATED,proto_sw_1_3,swept,simple,9,200008,3158511072,3080658514,3482159800,1542305865,200008,200008,200008,200008,production seeds 200000-200009; explicit variant and density overrides; four domain seeds paired within replicate
A170,A,RQ1;RQ3_BACKBONE;RQ3_DENSITY;RQ4_GENERATED,proto_sw_1_3,swept,medium,9,200008,3158511072,3080658514,3482159800,1542305865,200008,200008,200008,200008,production seeds 200000-200009; explicit variant and density overrides; four domain seeds paired within replicate
A171,A,RQ1;RQ3_BACKBONE;RQ3_DENSITY;RQ4_GENERATED,proto_sw_1_3,swept,rich,9,200008,3158511072,3080658514,3482159800,1542305865,200008,200008,200008,200008,production seeds 200000-200009; explicit variant and density overrides; four domain seeds paired within replicate
A172,A,RQ1;RQ3_BACKBONE;RQ3_DENSITY;RQ4_GENERATED,proto_sw_1_3,expanded,simple,10,200009,101358191,2724857067,3911812596,1265668154,200009,200009,200009,200009,production seeds 200000-200009; explicit variant and density overrides; four domain seeds paired within replicate
A173,A,RQ1;RQ3_BACKBONE;RQ3_DENSITY;RQ4_GENERATED,proto_sw_1_3,expanded,medium,10,200009,101358191,2724857067,3911812596,1265668154,200009,200009,200009,200009,production seeds 200000-200009; explicit variant and density overrides; four domain seeds paired within replicate
A174,A,RQ1;RQ3_BACKBONE;RQ3_DENSITY;RQ4_GENERATED,proto_sw_1_3,expanded,rich,10,200009,101358191,2724857067,3911812596,1265668154,200009,200009,200009,200009,production seeds 200000-200009; explicit variant and density overrides; four domain seeds paired within replicate
A175,A,RQ1;RQ3_BACKBONE;RQ3_DENSITY;RQ4_GENERATED,proto_sw_1_3,compact,simple,10,200009,101358191,2724857067,3911812596,1265668154,200009,200009,200009,200009,production seeds 200000-200009; explicit variant and density overrides; four domain seeds paired within replicate
A176,A,RQ1;RQ3_BACKBONE;RQ3_DENSITY;RQ4_GENERATED,proto_sw_1_3,compact,medium,10,200009,101358191,2724857067,3911812596,1265668154,200009,200009,200009,200009,production seeds 200000-200009; explicit variant and density overrides; four domain seeds paired within replicate
A177,A,RQ1;RQ3_BACKBONE;RQ3_DENSITY;RQ4_GENERATED,proto_sw_1_3,compact,rich,10,200009,101358191,2724857067,3911812596,1265668154,200009,200009,200009,200009,production seeds 200000-200009; explicit variant and density overrides; four domain seeds paired within replicate
A178,A,RQ1;RQ3_BACKBONE;RQ3_DENSITY;RQ4_GENERATED,proto_sw_1_3,swept,simple,10,200009,101358191,2724857067,3911812596,1265668154,200009,200009,200009,200009,production seeds 200000-200009; explicit variant and density overrides; four domain seeds paired within replicate
A179,A,RQ1;RQ3_BACKBONE;RQ3_DENSITY;RQ4_GENERATED,proto_sw_1_3,swept,medium,10,200009,101358191,2724857067,3911812596,1265668154,200009,200009,200009,200009,production seeds 200000-200009; explicit variant and density overrides; four domain seeds paired within replicate
A180,A,RQ1;RQ3_BACKBONE;RQ3_DENSITY;RQ4_GENERATED,proto_sw_1_3,swept,rich,10,200009,101358191,2724857067,3911812596,1265668154,200009,200009,200009,200009,production seeds 200000-200009; explicit variant and density overrides; four domain seeds paired within replicate
A181,A,RQ1;RQ3_BACKBONE;RQ3_DENSITY;RQ4_GENERATED,proto_sw_2_3,expanded,simple,1,200000,3637826449,690874662,3848763323,2731574336,200000,200000,200000,200000,production seeds 200000-200009; explicit variant and density overrides; four domain seeds paired within replicate
A182,A,RQ1;RQ3_BACKBONE;RQ3_DENSITY;RQ4_GENERATED,proto_sw_2_3,expanded,medium,1,200000,3637826449,690874662,3848763323,2731574336,200000,200000,200000,200000,production seeds 200000-200009; explicit variant and density overrides; four domain seeds paired within replicate
A183,A,RQ1;RQ3_BACKBONE;RQ3_DENSITY;RQ4_GENERATED,proto_sw_2_3,expanded,rich,1,200000,3637826449,690874662,3848763323,2731574336,200000,200000,200000,200000,production seeds 200000-200009; explicit variant and density overrides; four domain seeds paired within replicate
A184,A,RQ1;RQ3_BACKBONE;RQ3_DENSITY;RQ4_GENERATED,proto_sw_2_3,compact,simple,1,200000,3637826449,690874662,3848763323,2731574336,200000,200000,200000,200000,production seeds 200000-200009; explicit variant and density overrides; four domain seeds paired within replicate
A185,A,RQ1;RQ3_BACKBONE;RQ3_DENSITY;RQ4_GENERATED,proto_sw_2_3,compact,medium,1,200000,3637826449,690874662,3848763323,2731574336,200000,200000,200000,200000,production seeds 200000-200009; explicit variant and density overrides; four domain seeds paired within replicate
A186,A,RQ1;RQ3_BACKBONE;RQ3_DENSITY;RQ4_GENERATED,proto_sw_2_3,compact,rich,1,200000,3637826449,690874662,3848763323,2731574336,200000,200000,200000,200000,production seeds 200000-200009; explicit variant and density overrides; four domain seeds paired within replicate
A187,A,RQ1;RQ3_BACKBONE;RQ3_DENSITY;RQ4_GENERATED,proto_sw_2_3,swept,simple,1,200000,3637826449,690874662,3848763323,2731574336,200000,200000,200000,200000,production seeds 200000-200009; explicit variant and density overrides; four domain seeds paired within replicate
A188,A,RQ1;RQ3_BACKBONE;RQ3_DENSITY;RQ4_GENERATED,proto_sw_2_3,swept,medium,1,200000,3637826449,690874662,3848763323,2731574336,200000,200000,200000,200000,production seeds 200000-200009; explicit variant and density overrides; four domain seeds paired within replicate
A189,A,RQ1;RQ3_BACKBONE;RQ3_DENSITY;RQ4_GENERATED,proto_sw_2_3,swept,rich,1,200000,3637826449,690874662,3848763323,2731574336,200000,200000,200000,200000,production seeds 200000-200009; explicit variant and density overrides; four domain seeds paired within replicate
A190,A,RQ1;RQ3_BACKBONE;RQ3_DENSITY;RQ4_GENERATED,proto_sw_2_3,expanded,simple,2,200001,2099076444,668946205,157358250,1522627173,200001,200001,200001,200001,production seeds 200000-200009; explicit variant and density overrides; four domain seeds paired within replicate
A191,A,RQ1;RQ3_BACKBONE;RQ3_DENSITY;RQ4_GENERATED,proto_sw_2_3,expanded,medium,2,200001,2099076444,668946205,157358250,1522627173,200001,200001,200001,200001,production seeds 200000-200009; explicit variant and density overrides; four domain seeds paired within replicate
A192,A,RQ1;RQ3_BACKBONE;RQ3_DENSITY;RQ4_GENERATED,proto_sw_2_3,expanded,rich,2,200001,2099076444,668946205,157358250,1522627173,200001,200001,200001,200001,production seeds 200000-200009; explicit variant and density overrides; four domain seeds paired within replicate
A193,A,RQ1;RQ3_BACKBONE;RQ3_DENSITY;RQ4_GENERATED,proto_sw_2_3,compact,simple,2,200001,2099076444,668946205,157358250,1522627173,200001,200001,200001,200001,production seeds 200000-200009; explicit variant and density overrides; four domain seeds paired within replicate
A194,A,RQ1;RQ3_BACKBONE;RQ3_DENSITY;RQ4_GENERATED,proto_sw_2_3,compact,medium,2,200001,2099076444,668946205,157358250,1522627173,200001,200001,200001,200001,production seeds 200000-200009; explicit variant and density overrides; four domain seeds paired within replicate
A195,A,RQ1;RQ3_BACKBONE;RQ3_DENSITY;RQ4_GENERATED,proto_sw_2_3,compact,rich,2,200001,2099076444,668946205,157358250,1522627173,200001,200001,200001,200001,production seeds 200000-200009; explicit variant and density overrides; four domain seeds paired within replicate
A196,A,RQ1;RQ3_BACKBONE;RQ3_DENSITY;RQ4_GENERATED,proto_sw_2_3,swept,simple,2,200001,2099076444,668946205,157358250,1522627173,200001,200001,200001,200001,production seeds 200000-200009; explicit variant and density overrides; four domain seeds paired within replicate
A197,A,RQ1;RQ3_BACKBONE;RQ3_DENSITY;RQ4_GENERATED,proto_sw_2_3,swept,medium,2,200001,2099076444,668946205,157358250,1522627173,200001,200001,200001,200001,production seeds 200000-200009; explicit variant and density overrides; four domain seeds paired within replicate
A198,A,RQ1;RQ3_BACKBONE;RQ3_DENSITY;RQ4_GENERATED,proto_sw_2_3,swept,rich,2,200001,2099076444,668946205,157358250,1522627173,200001,200001,200001,200001,production seeds 200000-200009; explicit variant and density overrides; four domain seeds paired within replicate
A199,A,RQ1;RQ3_BACKBONE;RQ3_DENSITY;RQ4_GENERATED,proto_sw_2_3,expanded,simple,3,200002,1586078355,2795483619,3834742724,1346423801,200002,200002,200002,200002,production seeds 200000-200009; explicit variant and density overrides; four domain seeds paired within replicate
A200,A,RQ1;RQ3_BACKBONE;RQ3_DENSITY;RQ4_GENERATED,proto_sw_2_3,expanded,medium,3,200002,1586078355,2795483619,3834742724,1346423801,200002,200002,200002,200002,production seeds 200000-200009; explicit variant and density overrides; four domain seeds paired within replicate
A201,A,RQ1;RQ3_BACKBONE;RQ3_DENSITY;RQ4_GENERATED,proto_sw_2_3,expanded,rich,3,200002,1586078355,2795483619,3834742724,1346423801,200002,200002,200002,200002,production seeds 200000-200009; explicit variant and density overrides; four domain seeds paired within replicate
A202,A,RQ1;RQ3_BACKBONE;RQ3_DENSITY;RQ4_GENERATED,proto_sw_2_3,compact,simple,3,200002,1586078355,2795483619,3834742724,1346423801,200002,200002,200002,200002,production seeds 200000-200009; explicit variant and density overrides; four domain seeds paired within replicate
A203,A,RQ1;RQ3_BACKBONE;RQ3_DENSITY;RQ4_GENERATED,proto_sw_2_3,compact,medium,3,200002,1586078355,2795483619,3834742724,1346423801,200002,200002,200002,200002,production seeds 200000-200009; explicit variant and density overrides; four domain seeds paired within replicate
A204,A,RQ1;RQ3_BACKBONE;RQ3_DENSITY;RQ4_GENERATED,proto_sw_2_3,compact,rich,3,200002,1586078355,2795483619,3834742724,1346423801,200002,200002,200002,200002,production seeds 200000-200009; explicit variant and density overrides; four domain seeds paired within replicate
A205,A,RQ1;RQ3_BACKBONE;RQ3_DENSITY;RQ4_GENERATED,proto_sw_2_3,swept,simple,3,200002,1586078355,2795483619,3834742724,1346423801,200002,200002,200002,200002,production seeds 200000-200009; explicit variant and density overrides; four domain seeds paired within replicate
A206,A,RQ1;RQ3_BACKBONE;RQ3_DENSITY;RQ4_GENERATED,proto_sw_2_3,swept,medium,3,200002,1586078355,2795483619,3834742724,1346423801,200002,200002,200002,200002,production seeds 200000-200009; explicit variant and density overrides; four domain seeds paired within replicate
A207,A,RQ1;RQ3_BACKBONE;RQ3_DENSITY;RQ4_GENERATED,proto_sw_2_3,swept,rich,3,200002,1586078355,2795483619,3834742724,1346423801,200002,200002,200002,200002,production seeds 200000-200009; explicit variant and density overrides; four domain seeds paired within replicate
A208,A,RQ1;RQ3_BACKBONE;RQ3_DENSITY;RQ4_GENERATED,proto_sw_2_3,expanded,simple,4,200003,2755701457,200490488,587951499,654989446,200003,200003,200003,200003,production seeds 200000-200009; explicit variant and density overrides; four domain seeds paired within replicate
A209,A,RQ1;RQ3_BACKBONE;RQ3_DENSITY;RQ4_GENERATED,proto_sw_2_3,expanded,medium,4,200003,2755701457,200490488,587951499,654989446,200003,200003,200003,200003,production seeds 200000-200009; explicit variant and density overrides; four domain seeds paired within replicate
A210,A,RQ1;RQ3_BACKBONE;RQ3_DENSITY;RQ4_GENERATED,proto_sw_2_3,expanded,rich,4,200003,2755701457,200490488,587951499,654989446,200003,200003,200003,200003,production seeds 200000-200009; explicit variant and density overrides; four domain seeds paired within replicate
A211,A,RQ1;RQ3_BACKBONE;RQ3_DENSITY;RQ4_GENERATED,proto_sw_2_3,compact,simple,4,200003,2755701457,200490488,587951499,654989446,200003,200003,200003,200003,production seeds 200000-200009; explicit variant and density overrides; four domain seeds paired within replicate
A212,A,RQ1;RQ3_BACKBONE;RQ3_DENSITY;RQ4_GENERATED,proto_sw_2_3,compact,medium,4,200003,2755701457,200490488,587951499,654989446,200003,200003,200003,200003,production seeds 200000-200009; explicit variant and density overrides; four domain seeds paired within replicate
A213,A,RQ1;RQ3_BACKBONE;RQ3_DENSITY;RQ4_GENERATED,proto_sw_2_3,compact,rich,4,200003,2755701457,200490488,587951499,654989446,200003,200003,200003,200003,production seeds 200000-200009; explicit variant and density overrides; four domain seeds paired within replicate
A214,A,RQ1;RQ3_BACKBONE;RQ3_DENSITY;RQ4_GENERATED,proto_sw_2_3,swept,simple,4,200003,2755701457,200490488,587951499,654989446,200003,200003,200003,200003,production seeds 200000-200009; explicit variant and density overrides; four domain seeds paired within replicate
A215,A,RQ1;RQ3_BACKBONE;RQ3_DENSITY;RQ4_GENERATED,proto_sw_2_3,swept,medium,4,200003,2755701457,200490488,587951499,654989446,200003,200003,200003,200003,production seeds 200000-200009; explicit variant and density overrides; four domain seeds paired within replicate
A216,A,RQ1;RQ3_BACKBONE;RQ3_DENSITY;RQ4_GENERATED,proto_sw_2_3,swept,rich,4,200003,2755701457,200490488,587951499,654989446,200003,200003,200003,200003,production seeds 200000-200009; explicit variant and density overrides; four domain seeds paired within replicate
A217,A,RQ1;RQ3_BACKBONE;RQ3_DENSITY;RQ4_GENERATED,proto_sw_2_3,expanded,simple,5,200004,3661431921,3802206688,2403426353,861773372,200004,200004,200004,200004,production seeds 200000-200009; explicit variant and density overrides; four domain seeds paired within replicate
A218,A,RQ1;RQ3_BACKBONE;RQ3_DENSITY;RQ4_GENERATED,proto_sw_2_3,expanded,medium,5,200004,3661431921,3802206688,2403426353,861773372,200004,200004,200004,200004,production seeds 200000-200009; explicit variant and density overrides; four domain seeds paired within replicate
A219,A,RQ1;RQ3_BACKBONE;RQ3_DENSITY;RQ4_GENERATED,proto_sw_2_3,expanded,rich,5,200004,3661431921,3802206688,2403426353,861773372,200004,200004,200004,200004,production seeds 200000-200009; explicit variant and density overrides; four domain seeds paired within replicate
A220,A,RQ1;RQ3_BACKBONE;RQ3_DENSITY;RQ4_GENERATED,proto_sw_2_3,compact,simple,5,200004,3661431921,3802206688,2403426353,861773372,200004,200004,200004,200004,production seeds 200000-200009; explicit variant and density overrides; four domain seeds paired within replicate
A221,A,RQ1;RQ3_BACKBONE;RQ3_DENSITY;RQ4_GENERATED,proto_sw_2_3,compact,medium,5,200004,3661431921,3802206688,2403426353,861773372,200004,200004,200004,200004,production seeds 200000-200009; explicit variant and density overrides; four domain seeds paired within replicate
A222,A,RQ1;RQ3_BACKBONE;RQ3_DENSITY;RQ4_GENERATED,proto_sw_2_3,compact,rich,5,200004,3661431921,3802206688,2403426353,861773372,200004,200004,200004,200004,production seeds 200000-200009; explicit variant and density overrides; four domain seeds paired within replicate
A223,A,RQ1;RQ3_BACKBONE;RQ3_DENSITY;RQ4_GENERATED,proto_sw_2_3,swept,simple,5,200004,3661431921,3802206688,2403426353,861773372,200004,200004,200004,200004,production seeds 200000-200009; explicit variant and density overrides; four domain seeds paired within replicate
A224,A,RQ1;RQ3_BACKBONE;RQ3_DENSITY;RQ4_GENERATED,proto_sw_2_3,swept,medium,5,200004,3661431921,3802206688,2403426353,861773372,200004,200004,200004,200004,production seeds 200000-200009; explicit variant and density overrides; four domain seeds paired within replicate
A225,A,RQ1;RQ3_BACKBONE;RQ3_DENSITY;RQ4_GENERATED,proto_sw_2_3,swept,rich,5,200004,3661431921,3802206688,2403426353,861773372,200004,200004,200004,200004,production seeds 200000-200009; explicit variant and density overrides; four domain seeds paired within replicate
A226,A,RQ1;RQ3_BACKBONE;RQ3_DENSITY;RQ4_GENERATED,proto_sw_2_3,expanded,simple,6,200005,3616305472,4185442326,2083021513,2157334348,200005,200005,200005,200005,production seeds 200000-200009; explicit variant and density overrides; four domain seeds paired within replicate
A227,A,RQ1;RQ3_BACKBONE;RQ3_DENSITY;RQ4_GENERATED,proto_sw_2_3,expanded,medium,6,200005,3616305472,4185442326,2083021513,2157334348,200005,200005,200005,200005,production seeds 200000-200009; explicit variant and density overrides; four domain seeds paired within replicate
A228,A,RQ1;RQ3_BACKBONE;RQ3_DENSITY;RQ4_GENERATED,proto_sw_2_3,expanded,rich,6,200005,3616305472,4185442326,2083021513,2157334348,200005,200005,200005,200005,production seeds 200000-200009; explicit variant and density overrides; four domain seeds paired within replicate
A229,A,RQ1;RQ3_BACKBONE;RQ3_DENSITY;RQ4_GENERATED,proto_sw_2_3,compact,simple,6,200005,3616305472,4185442326,2083021513,2157334348,200005,200005,200005,200005,production seeds 200000-200009; explicit variant and density overrides; four domain seeds paired within replicate
A230,A,RQ1;RQ3_BACKBONE;RQ3_DENSITY;RQ4_GENERATED,proto_sw_2_3,compact,medium,6,200005,3616305472,4185442326,2083021513,2157334348,200005,200005,200005,200005,production seeds 200000-200009; explicit variant and density overrides; four domain seeds paired within replicate
A231,A,RQ1;RQ3_BACKBONE;RQ3_DENSITY;RQ4_GENERATED,proto_sw_2_3,compact,rich,6,200005,3616305472,4185442326,2083021513,2157334348,200005,200005,200005,200005,production seeds 200000-200009; explicit variant and density overrides; four domain seeds paired within replicate
A232,A,RQ1;RQ3_BACKBONE;RQ3_DENSITY;RQ4_GENERATED,proto_sw_2_3,swept,simple,6,200005,3616305472,4185442326,2083021513,2157334348,200005,200005,200005,200005,production seeds 200000-200009; explicit variant and density overrides; four domain seeds paired within replicate
A233,A,RQ1;RQ3_BACKBONE;RQ3_DENSITY;RQ4_GENERATED,proto_sw_2_3,swept,medium,6,200005,3616305472,4185442326,2083021513,2157334348,200005,200005,200005,200005,production seeds 200000-200009; explicit variant and density overrides; four domain seeds paired within replicate
A234,A,RQ1;RQ3_BACKBONE;RQ3_DENSITY;RQ4_GENERATED,proto_sw_2_3,swept,rich,6,200005,3616305472,4185442326,2083021513,2157334348,200005,200005,200005,200005,production seeds 200000-200009; explicit variant and density overrides; four domain seeds paired within replicate
A235,A,RQ1;RQ3_BACKBONE;RQ3_DENSITY;RQ4_GENERATED,proto_sw_2_3,expanded,simple,7,200006,1269774328,578667544,3840112982,671364729,200006,200006,200006,200006,production seeds 200000-200009; explicit variant and density overrides; four domain seeds paired within replicate
A236,A,RQ1;RQ3_BACKBONE;RQ3_DENSITY;RQ4_GENERATED,proto_sw_2_3,expanded,medium,7,200006,1269774328,578667544,3840112982,671364729,200006,200006,200006,200006,production seeds 200000-200009; explicit variant and density overrides; four domain seeds paired within replicate
A237,A,RQ1;RQ3_BACKBONE;RQ3_DENSITY;RQ4_GENERATED,proto_sw_2_3,expanded,rich,7,200006,1269774328,578667544,3840112982,671364729,200006,200006,200006,200006,production seeds 200000-200009; explicit variant and density overrides; four domain seeds paired within replicate
A238,A,RQ1;RQ3_BACKBONE;RQ3_DENSITY;RQ4_GENERATED,proto_sw_2_3,compact,simple,7,200006,1269774328,578667544,3840112982,671364729,200006,200006,200006,200006,production seeds 200000-200009; explicit variant and density overrides; four domain seeds paired within replicate
A239,A,RQ1;RQ3_BACKBONE;RQ3_DENSITY;RQ4_GENERATED,proto_sw_2_3,compact,medium,7,200006,1269774328,578667544,3840112982,671364729,200006,200006,200006,200006,production seeds 200000-200009; explicit variant and density overrides; four domain seeds paired within replicate
A240,A,RQ1;RQ3_BACKBONE;RQ3_DENSITY;RQ4_GENERATED,proto_sw_2_3,compact,rich,7,200006,1269774328,578667544,3840112982,671364729,200006,200006,200006,200006,production seeds 200000-200009; explicit variant and density overrides; four domain seeds paired within replicate
A241,A,RQ1;RQ3_BACKBONE;RQ3_DENSITY;RQ4_GENERATED,proto_sw_2_3,swept,simple,7,200006,1269774328,578667544,3840112982,671364729,200006,200006,200006,200006,production seeds 200000-200009; explicit variant and density overrides; four domain seeds paired within replicate
A242,A,RQ1;RQ3_BACKBONE;RQ3_DENSITY;RQ4_GENERATED,proto_sw_2_3,swept,medium,7,200006,1269774328,578667544,3840112982,671364729,200006,200006,200006,200006,production seeds 200000-200009; explicit variant and density overrides; four domain seeds paired within replicate
A243,A,RQ1;RQ3_BACKBONE;RQ3_DENSITY;RQ4_GENERATED,proto_sw_2_3,swept,rich,7,200006,1269774328,578667544,3840112982,671364729,200006,200006,200006,200006,production seeds 200000-200009; explicit variant and density overrides; four domain seeds paired within replicate
A244,A,RQ1;RQ3_BACKBONE;RQ3_DENSITY;RQ4_GENERATED,proto_sw_2_3,expanded,simple,8,200007,1923210920,721235226,3962232460,3148415715,200007,200007,200007,200007,production seeds 200000-200009; explicit variant and density overrides; four domain seeds paired within replicate
A245,A,RQ1;RQ3_BACKBONE;RQ3_DENSITY;RQ4_GENERATED,proto_sw_2_3,expanded,medium,8,200007,1923210920,721235226,3962232460,3148415715,200007,200007,200007,200007,production seeds 200000-200009; explicit variant and density overrides; four domain seeds paired within replicate
A246,A,RQ1;RQ3_BACKBONE;RQ3_DENSITY;RQ4_GENERATED,proto_sw_2_3,expanded,rich,8,200007,1923210920,721235226,3962232460,3148415715,200007,200007,200007,200007,production seeds 200000-200009; explicit variant and density overrides; four domain seeds paired within replicate
A247,A,RQ1;RQ3_BACKBONE;RQ3_DENSITY;RQ4_GENERATED,proto_sw_2_3,compact,simple,8,200007,1923210920,721235226,3962232460,3148415715,200007,200007,200007,200007,production seeds 200000-200009; explicit variant and density overrides; four domain seeds paired within replicate
A248,A,RQ1;RQ3_BACKBONE;RQ3_DENSITY;RQ4_GENERATED,proto_sw_2_3,compact,medium,8,200007,1923210920,721235226,3962232460,3148415715,200007,200007,200007,200007,production seeds 200000-200009; explicit variant and density overrides; four domain seeds paired within replicate
A249,A,RQ1;RQ3_BACKBONE;RQ3_DENSITY;RQ4_GENERATED,proto_sw_2_3,compact,rich,8,200007,1923210920,721235226,3962232460,3148415715,200007,200007,200007,200007,production seeds 200000-200009; explicit variant and density overrides; four domain seeds paired within replicate
A250,A,RQ1;RQ3_BACKBONE;RQ3_DENSITY;RQ4_GENERATED,proto_sw_2_3,swept,simple,8,200007,1923210920,721235226,3962232460,3148415715,200007,200007,200007,200007,production seeds 200000-200009; explicit variant and density overrides; four domain seeds paired within replicate
A251,A,RQ1;RQ3_BACKBONE;RQ3_DENSITY;RQ4_GENERATED,proto_sw_2_3,swept,medium,8,200007,1923210920,721235226,3962232460,3148415715,200007,200007,200007,200007,production seeds 200000-200009; explicit variant and density overrides; four domain seeds paired within replicate
A252,A,RQ1;RQ3_BACKBONE;RQ3_DENSITY;RQ4_GENERATED,proto_sw_2_3,swept,rich,8,200007,1923210920,721235226,3962232460,3148415715,200007,200007,200007,200007,production seeds 200000-200009; explicit variant and density overrides; four domain seeds paired within replicate
A253,A,RQ1;RQ3_BACKBONE;RQ3_DENSITY;RQ4_GENERATED,proto_sw_2_3,expanded,simple,9,200008,3158511072,3080658514,3482159800,1542305865,200008,200008,200008,200008,production seeds 200000-200009; explicit variant and density overrides; four domain seeds paired within replicate
A254,A,RQ1;RQ3_BACKBONE;RQ3_DENSITY;RQ4_GENERATED,proto_sw_2_3,expanded,medium,9,200008,3158511072,3080658514,3482159800,1542305865,200008,200008,200008,200008,production seeds 200000-200009; explicit variant and density overrides; four domain seeds paired within replicate
A255,A,RQ1;RQ3_BACKBONE;RQ3_DENSITY;RQ4_GENERATED,proto_sw_2_3,expanded,rich,9,200008,3158511072,3080658514,3482159800,1542305865,200008,200008,200008,200008,production seeds 200000-200009; explicit variant and density overrides; four domain seeds paired within replicate
A256,A,RQ1;RQ3_BACKBONE;RQ3_DENSITY;RQ4_GENERATED,proto_sw_2_3,compact,simple,9,200008,3158511072,3080658514,3482159800,1542305865,200008,200008,200008,200008,production seeds 200000-200009; explicit variant and density overrides; four domain seeds paired within replicate
A257,A,RQ1;RQ3_BACKBONE;RQ3_DENSITY;RQ4_GENERATED,proto_sw_2_3,compact,medium,9,200008,3158511072,3080658514,3482159800,1542305865,200008,200008,200008,200008,production seeds 200000-200009; explicit variant and density overrides; four domain seeds paired within replicate
A258,A,RQ1;RQ3_BACKBONE;RQ3_DENSITY;RQ4_GENERATED,proto_sw_2_3,compact,rich,9,200008,3158511072,3080658514,3482159800,1542305865,200008,200008,200008,200008,production seeds 200000-200009; explicit variant and density overrides; four domain seeds paired within replicate
A259,A,RQ1;RQ3_BACKBONE;RQ3_DENSITY;RQ4_GENERATED,proto_sw_2_3,swept,simple,9,200008,3158511072,3080658514,3482159800,1542305865,200008,200008,200008,200008,production seeds 200000-200009; explicit variant and density overrides; four domain seeds paired within replicate
A260,A,RQ1;RQ3_BACKBONE;RQ3_DENSITY;RQ4_GENERATED,proto_sw_2_3,swept,medium,9,200008,3158511072,3080658514,3482159800,1542305865,200008,200008,200008,200008,production seeds 200000-200009; explicit variant and density overrides; four domain seeds paired within replicate
A261,A,RQ1;RQ3_BACKBONE;RQ3_DENSITY;RQ4_GENERATED,proto_sw_2_3,swept,rich,9,200008,3158511072,3080658514,3482159800,1542305865,200008,200008,200008,200008,production seeds 200000-200009; explicit variant and density overrides; four domain seeds paired within replicate
A262,A,RQ1;RQ3_BACKBONE;RQ3_DENSITY;RQ4_GENERATED,proto_sw_2_3,expanded,simple,10,200009,101358191,2724857067,3911812596,1265668154,200009,200009,200009,200009,production seeds 200000-200009; explicit variant and density overrides; four domain seeds paired within replicate
A263,A,RQ1;RQ3_BACKBONE;RQ3_DENSITY;RQ4_GENERATED,proto_sw_2_3,expanded,medium,10,200009,101358191,2724857067,3911812596,1265668154,200009,200009,200009,200009,production seeds 200000-200009; explicit variant and density overrides; four domain seeds paired within replicate
A264,A,RQ1;RQ3_BACKBONE;RQ3_DENSITY;RQ4_GENERATED,proto_sw_2_3,expanded,rich,10,200009,101358191,2724857067,3911812596,1265668154,200009,200009,200009,200009,production seeds 200000-200009; explicit variant and density overrides; four domain seeds paired within replicate
A265,A,RQ1;RQ3_BACKBONE;RQ3_DENSITY;RQ4_GENERATED,proto_sw_2_3,compact,simple,10,200009,101358191,2724857067,3911812596,1265668154,200009,200009,200009,200009,production seeds 200000-200009; explicit variant and density overrides; four domain seeds paired within replicate
A266,A,RQ1;RQ3_BACKBONE;RQ3_DENSITY;RQ4_GENERATED,proto_sw_2_3,compact,medium,10,200009,101358191,2724857067,3911812596,1265668154,200009,200009,200009,200009,production seeds 200000-200009; explicit variant and density overrides; four domain seeds paired within replicate
A267,A,RQ1;RQ3_BACKBONE;RQ3_DENSITY;RQ4_GENERATED,proto_sw_2_3,compact,rich,10,200009,101358191,2724857067,3911812596,1265668154,200009,200009,200009,200009,production seeds 200000-200009; explicit variant and density overrides; four domain seeds paired within replicate
A268,A,RQ1;RQ3_BACKBONE;RQ3_DENSITY;RQ4_GENERATED,proto_sw_2_3,swept,simple,10,200009,101358191,2724857067,3911812596,1265668154,200009,200009,200009,200009,production seeds 200000-200009; explicit variant and density overrides; four domain seeds paired within replicate
A269,A,RQ1;RQ3_BACKBONE;RQ3_DENSITY;RQ4_GENERATED,proto_sw_2_3,swept,medium,10,200009,101358191,2724857067,3911812596,1265668154,200009,200009,200009,200009,production seeds 200000-200009; explicit variant and density overrides; four domain seeds paired within replicate
A270,A,RQ1;RQ3_BACKBONE;RQ3_DENSITY;RQ4_GENERATED,proto_sw_2_3,swept,rich,10,200009,101358191,2724857067,3911812596,1265668154,200009,200009,200009,200009,production seeds 200000-200009; explicit variant and density overrides; four domain seeds paired within replicate
A271,A,RQ1;RQ3_BACKBONE;RQ3_DENSITY;RQ4_GENERATED,proto_sw_3_1,expanded,simple,1,200000,3637826449,690874662,3848763323,2731574336,200000,200000,200000,200000,production seeds 200000-200009; explicit variant and density overrides; four domain seeds paired within replicate
A272,A,RQ1;RQ3_BACKBONE;RQ3_DENSITY;RQ4_GENERATED,proto_sw_3_1,expanded,medium,1,200000,3637826449,690874662,3848763323,2731574336,200000,200000,200000,200000,production seeds 200000-200009; explicit variant and density overrides; four domain seeds paired within replicate
A273,A,RQ1;RQ3_BACKBONE;RQ3_DENSITY;RQ4_GENERATED,proto_sw_3_1,expanded,rich,1,200000,3637826449,690874662,3848763323,2731574336,200000,200000,200000,200000,production seeds 200000-200009; explicit variant and density overrides; four domain seeds paired within replicate
A274,A,RQ1;RQ3_BACKBONE;RQ3_DENSITY;RQ4_GENERATED,proto_sw_3_1,compact,simple,1,200000,3637826449,690874662,3848763323,2731574336,200000,200000,200000,200000,production seeds 200000-200009; explicit variant and density overrides; four domain seeds paired within replicate
A275,A,RQ1;RQ3_BACKBONE;RQ3_DENSITY;RQ4_GENERATED,proto_sw_3_1,compact,medium,1,200000,3637826449,690874662,3848763323,2731574336,200000,200000,200000,200000,production seeds 200000-200009; explicit variant and density overrides; four domain seeds paired within replicate
A276,A,RQ1;RQ3_BACKBONE;RQ3_DENSITY;RQ4_GENERATED,proto_sw_3_1,compact,rich,1,200000,3637826449,690874662,3848763323,2731574336,200000,200000,200000,200000,production seeds 200000-200009; explicit variant and density overrides; four domain seeds paired within replicate
A277,A,RQ1;RQ3_BACKBONE;RQ3_DENSITY;RQ4_GENERATED,proto_sw_3_1,swept,simple,1,200000,3637826449,690874662,3848763323,2731574336,200000,200000,200000,200000,production seeds 200000-200009; explicit variant and density overrides; four domain seeds paired within replicate
A278,A,RQ1;RQ3_BACKBONE;RQ3_DENSITY;RQ4_GENERATED,proto_sw_3_1,swept,medium,1,200000,3637826449,690874662,3848763323,2731574336,200000,200000,200000,200000,production seeds 200000-200009; explicit variant and density overrides; four domain seeds paired within replicate
A279,A,RQ1;RQ3_BACKBONE;RQ3_DENSITY;RQ4_GENERATED,proto_sw_3_1,swept,rich,1,200000,3637826449,690874662,3848763323,2731574336,200000,200000,200000,200000,production seeds 200000-200009; explicit variant and density overrides; four domain seeds paired within replicate
A280,A,RQ1;RQ3_BACKBONE;RQ3_DENSITY;RQ4_GENERATED,proto_sw_3_1,expanded,simple,2,200001,2099076444,668946205,157358250,1522627173,200001,200001,200001,200001,production seeds 200000-200009; explicit variant and density overrides; four domain seeds paired within replicate
A281,A,RQ1;RQ3_BACKBONE;RQ3_DENSITY;RQ4_GENERATED,proto_sw_3_1,expanded,medium,2,200001,2099076444,668946205,157358250,1522627173,200001,200001,200001,200001,production seeds 200000-200009; explicit variant and density overrides; four domain seeds paired within replicate
A282,A,RQ1;RQ3_BACKBONE;RQ3_DENSITY;RQ4_GENERATED,proto_sw_3_1,expanded,rich,2,200001,2099076444,668946205,157358250,1522627173,200001,200001,200001,200001,production seeds 200000-200009; explicit variant and density overrides; four domain seeds paired within replicate
A283,A,RQ1;RQ3_BACKBONE;RQ3_DENSITY;RQ4_GENERATED,proto_sw_3_1,compact,simple,2,200001,2099076444,668946205,157358250,1522627173,200001,200001,200001,200001,production seeds 200000-200009; explicit variant and density overrides; four domain seeds paired within replicate
A284,A,RQ1;RQ3_BACKBONE;RQ3_DENSITY;RQ4_GENERATED,proto_sw_3_1,compact,medium,2,200001,2099076444,668946205,157358250,1522627173,200001,200001,200001,200001,production seeds 200000-200009; explicit variant and density overrides; four domain seeds paired within replicate
A285,A,RQ1;RQ3_BACKBONE;RQ3_DENSITY;RQ4_GENERATED,proto_sw_3_1,compact,rich,2,200001,2099076444,668946205,157358250,1522627173,200001,200001,200001,200001,production seeds 200000-200009; explicit variant and density overrides; four domain seeds paired within replicate
A286,A,RQ1;RQ3_BACKBONE;RQ3_DENSITY;RQ4_GENERATED,proto_sw_3_1,swept,simple,2,200001,2099076444,668946205,157358250,1522627173,200001,200001,200001,200001,production seeds 200000-200009; explicit variant and density overrides; four domain seeds paired within replicate
A287,A,RQ1;RQ3_BACKBONE;RQ3_DENSITY;RQ4_GENERATED,proto_sw_3_1,swept,medium,2,200001,2099076444,668946205,157358250,1522627173,200001,200001,200001,200001,production seeds 200000-200009; explicit variant and density overrides; four domain seeds paired within replicate
A288,A,RQ1;RQ3_BACKBONE;RQ3_DENSITY;RQ4_GENERATED,proto_sw_3_1,swept,rich,2,200001,2099076444,668946205,157358250,1522627173,200001,200001,200001,200001,production seeds 200000-200009; explicit variant and density overrides; four domain seeds paired within replicate
A289,A,RQ1;RQ3_BACKBONE;RQ3_DENSITY;RQ4_GENERATED,proto_sw_3_1,expanded,simple,3,200002,1586078355,2795483619,3834742724,1346423801,200002,200002,200002,200002,production seeds 200000-200009; explicit variant and density overrides; four domain seeds paired within replicate
A290,A,RQ1;RQ3_BACKBONE;RQ3_DENSITY;RQ4_GENERATED,proto_sw_3_1,expanded,medium,3,200002,1586078355,2795483619,3834742724,1346423801,200002,200002,200002,200002,production seeds 200000-200009; explicit variant and density overrides; four domain seeds paired within replicate
A291,A,RQ1;RQ3_BACKBONE;RQ3_DENSITY;RQ4_GENERATED,proto_sw_3_1,expanded,rich,3,200002,1586078355,2795483619,3834742724,1346423801,200002,200002,200002,200002,production seeds 200000-200009; explicit variant and density overrides; four domain seeds paired within replicate
A292,A,RQ1;RQ3_BACKBONE;RQ3_DENSITY;RQ4_GENERATED,proto_sw_3_1,compact,simple,3,200002,1586078355,2795483619,3834742724,1346423801,200002,200002,200002,200002,production seeds 200000-200009; explicit variant and density overrides; four domain seeds paired within replicate
A293,A,RQ1;RQ3_BACKBONE;RQ3_DENSITY;RQ4_GENERATED,proto_sw_3_1,compact,medium,3,200002,1586078355,2795483619,3834742724,1346423801,200002,200002,200002,200002,production seeds 200000-200009; explicit variant and density overrides; four domain seeds paired within replicate
A294,A,RQ1;RQ3_BACKBONE;RQ3_DENSITY;RQ4_GENERATED,proto_sw_3_1,compact,rich,3,200002,1586078355,2795483619,3834742724,1346423801,200002,200002,200002,200002,production seeds 200000-200009; explicit variant and density overrides; four domain seeds paired within replicate
A295,A,RQ1;RQ3_BACKBONE;RQ3_DENSITY;RQ4_GENERATED,proto_sw_3_1,swept,simple,3,200002,1586078355,2795483619,3834742724,1346423801,200002,200002,200002,200002,production seeds 200000-200009; explicit variant and density overrides; four domain seeds paired within replicate
A296,A,RQ1;RQ3_BACKBONE;RQ3_DENSITY;RQ4_GENERATED,proto_sw_3_1,swept,medium,3,200002,1586078355,2795483619,3834742724,1346423801,200002,200002,200002,200002,production seeds 200000-200009; explicit variant and density overrides; four domain seeds paired within replicate
A297,A,RQ1;RQ3_BACKBONE;RQ3_DENSITY;RQ4_GENERATED,proto_sw_3_1,swept,rich,3,200002,1586078355,2795483619,3834742724,1346423801,200002,200002,200002,200002,production seeds 200000-200009; explicit variant and density overrides; four domain seeds paired within replicate
A298,A,RQ1;RQ3_BACKBONE;RQ3_DENSITY;RQ4_GENERATED,proto_sw_3_1,expanded,simple,4,200003,2755701457,200490488,587951499,654989446,200003,200003,200003,200003,production seeds 200000-200009; explicit variant and density overrides; four domain seeds paired within replicate
A299,A,RQ1;RQ3_BACKBONE;RQ3_DENSITY;RQ4_GENERATED,proto_sw_3_1,expanded,medium,4,200003,2755701457,200490488,587951499,654989446,200003,200003,200003,200003,production seeds 200000-200009; explicit variant and density overrides; four domain seeds paired within replicate
A300,A,RQ1;RQ3_BACKBONE;RQ3_DENSITY;RQ4_GENERATED,proto_sw_3_1,expanded,rich,4,200003,2755701457,200490488,587951499,654989446,200003,200003,200003,200003,production seeds 200000-200009; explicit variant and density overrides; four domain seeds paired within replicate
A301,A,RQ1;RQ3_BACKBONE;RQ3_DENSITY;RQ4_GENERATED,proto_sw_3_1,compact,simple,4,200003,2755701457,200490488,587951499,654989446,200003,200003,200003,200003,production seeds 200000-200009; explicit variant and density overrides; four domain seeds paired within replicate
A302,A,RQ1;RQ3_BACKBONE;RQ3_DENSITY;RQ4_GENERATED,proto_sw_3_1,compact,medium,4,200003,2755701457,200490488,587951499,654989446,200003,200003,200003,200003,production seeds 200000-200009; explicit variant and density overrides; four domain seeds paired within replicate
A303,A,RQ1;RQ3_BACKBONE;RQ3_DENSITY;RQ4_GENERATED,proto_sw_3_1,compact,rich,4,200003,2755701457,200490488,587951499,654989446,200003,200003,200003,200003,production seeds 200000-200009; explicit variant and density overrides; four domain seeds paired within replicate
A304,A,RQ1;RQ3_BACKBONE;RQ3_DENSITY;RQ4_GENERATED,proto_sw_3_1,swept,simple,4,200003,2755701457,200490488,587951499,654989446,200003,200003,200003,200003,production seeds 200000-200009; explicit variant and density overrides; four domain seeds paired within replicate
A305,A,RQ1;RQ3_BACKBONE;RQ3_DENSITY;RQ4_GENERATED,proto_sw_3_1,swept,medium,4,200003,2755701457,200490488,587951499,654989446,200003,200003,200003,200003,production seeds 200000-200009; explicit variant and density overrides; four domain seeds paired within replicate
A306,A,RQ1;RQ3_BACKBONE;RQ3_DENSITY;RQ4_GENERATED,proto_sw_3_1,swept,rich,4,200003,2755701457,200490488,587951499,654989446,200003,200003,200003,200003,production seeds 200000-200009; explicit variant and density overrides; four domain seeds paired within replicate
A307,A,RQ1;RQ3_BACKBONE;RQ3_DENSITY;RQ4_GENERATED,proto_sw_3_1,expanded,simple,5,200004,3661431921,3802206688,2403426353,861773372,200004,200004,200004,200004,production seeds 200000-200009; explicit variant and density overrides; four domain seeds paired within replicate
A308,A,RQ1;RQ3_BACKBONE;RQ3_DENSITY;RQ4_GENERATED,proto_sw_3_1,expanded,medium,5,200004,3661431921,3802206688,2403426353,861773372,200004,200004,200004,200004,production seeds 200000-200009; explicit variant and density overrides; four domain seeds paired within replicate
A309,A,RQ1;RQ3_BACKBONE;RQ3_DENSITY;RQ4_GENERATED,proto_sw_3_1,expanded,rich,5,200004,3661431921,3802206688,2403426353,861773372,200004,200004,200004,200004,production seeds 200000-200009; explicit variant and density overrides; four domain seeds paired within replicate
A310,A,RQ1;RQ3_BACKBONE;RQ3_DENSITY;RQ4_GENERATED,proto_sw_3_1,compact,simple,5,200004,3661431921,3802206688,2403426353,861773372,200004,200004,200004,200004,production seeds 200000-200009; explicit variant and density overrides; four domain seeds paired within replicate
A311,A,RQ1;RQ3_BACKBONE;RQ3_DENSITY;RQ4_GENERATED,proto_sw_3_1,compact,medium,5,200004,3661431921,3802206688,2403426353,861773372,200004,200004,200004,200004,production seeds 200000-200009; explicit variant and density overrides; four domain seeds paired within replicate
A312,A,RQ1;RQ3_BACKBONE;RQ3_DENSITY;RQ4_GENERATED,proto_sw_3_1,compact,rich,5,200004,3661431921,3802206688,2403426353,861773372,200004,200004,200004,200004,production seeds 200000-200009; explicit variant and density overrides; four domain seeds paired within replicate
A313,A,RQ1;RQ3_BACKBONE;RQ3_DENSITY;RQ4_GENERATED,proto_sw_3_1,swept,simple,5,200004,3661431921,3802206688,2403426353,861773372,200004,200004,200004,200004,production seeds 200000-200009; explicit variant and density overrides; four domain seeds paired within replicate
A314,A,RQ1;RQ3_BACKBONE;RQ3_DENSITY;RQ4_GENERATED,proto_sw_3_1,swept,medium,5,200004,3661431921,3802206688,2403426353,861773372,200004,200004,200004,200004,production seeds 200000-200009; explicit variant and density overrides; four domain seeds paired within replicate
A315,A,RQ1;RQ3_BACKBONE;RQ3_DENSITY;RQ4_GENERATED,proto_sw_3_1,swept,rich,5,200004,3661431921,3802206688,2403426353,861773372,200004,200004,200004,200004,production seeds 200000-200009; explicit variant and density overrides; four domain seeds paired within replicate
A316,A,RQ1;RQ3_BACKBONE;RQ3_DENSITY;RQ4_GENERATED,proto_sw_3_1,expanded,simple,6,200005,3616305472,4185442326,2083021513,2157334348,200005,200005,200005,200005,production seeds 200000-200009; explicit variant and density overrides; four domain seeds paired within replicate
A317,A,RQ1;RQ3_BACKBONE;RQ3_DENSITY;RQ4_GENERATED,proto_sw_3_1,expanded,medium,6,200005,3616305472,4185442326,2083021513,2157334348,200005,200005,200005,200005,production seeds 200000-200009; explicit variant and density overrides; four domain seeds paired within replicate
A318,A,RQ1;RQ3_BACKBONE;RQ3_DENSITY;RQ4_GENERATED,proto_sw_3_1,expanded,rich,6,200005,3616305472,4185442326,2083021513,2157334348,200005,200005,200005,200005,production seeds 200000-200009; explicit variant and density overrides; four domain seeds paired within replicate
A319,A,RQ1;RQ3_BACKBONE;RQ3_DENSITY;RQ4_GENERATED,proto_sw_3_1,compact,simple,6,200005,3616305472,4185442326,2083021513,2157334348,200005,200005,200005,200005,production seeds 200000-200009; explicit variant and density overrides; four domain seeds paired within replicate
A320,A,RQ1;RQ3_BACKBONE;RQ3_DENSITY;RQ4_GENERATED,proto_sw_3_1,compact,medium,6,200005,3616305472,4185442326,2083021513,2157334348,200005,200005,200005,200005,production seeds 200000-200009; explicit variant and density overrides; four domain seeds paired within replicate
A321,A,RQ1;RQ3_BACKBONE;RQ3_DENSITY;RQ4_GENERATED,proto_sw_3_1,compact,rich,6,200005,3616305472,4185442326,2083021513,2157334348,200005,200005,200005,200005,production seeds 200000-200009; explicit variant and density overrides; four domain seeds paired within replicate
A322,A,RQ1;RQ3_BACKBONE;RQ3_DENSITY;RQ4_GENERATED,proto_sw_3_1,swept,simple,6,200005,3616305472,4185442326,2083021513,2157334348,200005,200005,200005,200005,production seeds 200000-200009; explicit variant and density overrides; four domain seeds paired within replicate
A323,A,RQ1;RQ3_BACKBONE;RQ3_DENSITY;RQ4_GENERATED,proto_sw_3_1,swept,medium,6,200005,3616305472,4185442326,2083021513,2157334348,200005,200005,200005,200005,production seeds 200000-200009; explicit variant and density overrides; four domain seeds paired within replicate
A324,A,RQ1;RQ3_BACKBONE;RQ3_DENSITY;RQ4_GENERATED,proto_sw_3_1,swept,rich,6,200005,3616305472,4185442326,2083021513,2157334348,200005,200005,200005,200005,production seeds 200000-200009; explicit variant and density overrides; four domain seeds paired within replicate
A325,A,RQ1;RQ3_BACKBONE;RQ3_DENSITY;RQ4_GENERATED,proto_sw_3_1,expanded,simple,7,200006,1269774328,578667544,3840112982,671364729,200006,200006,200006,200006,production seeds 200000-200009; explicit variant and density overrides; four domain seeds paired within replicate
A326,A,RQ1;RQ3_BACKBONE;RQ3_DENSITY;RQ4_GENERATED,proto_sw_3_1,expanded,medium,7,200006,1269774328,578667544,3840112982,671364729,200006,200006,200006,200006,production seeds 200000-200009; explicit variant and density overrides; four domain seeds paired within replicate
A327,A,RQ1;RQ3_BACKBONE;RQ3_DENSITY;RQ4_GENERATED,proto_sw_3_1,expanded,rich,7,200006,1269774328,578667544,3840112982,671364729,200006,200006,200006,200006,production seeds 200000-200009; explicit variant and density overrides; four domain seeds paired within replicate
A328,A,RQ1;RQ3_BACKBONE;RQ3_DENSITY;RQ4_GENERATED,proto_sw_3_1,compact,simple,7,200006,1269774328,578667544,3840112982,671364729,200006,200006,200006,200006,production seeds 200000-200009; explicit variant and density overrides; four domain seeds paired within replicate
A329,A,RQ1;RQ3_BACKBONE;RQ3_DENSITY;RQ4_GENERATED,proto_sw_3_1,compact,medium,7,200006,1269774328,578667544,3840112982,671364729,200006,200006,200006,200006,production seeds 200000-200009; explicit variant and density overrides; four domain seeds paired within replicate
A330,A,RQ1;RQ3_BACKBONE;RQ3_DENSITY;RQ4_GENERATED,proto_sw_3_1,compact,rich,7,200006,1269774328,578667544,3840112982,671364729,200006,200006,200006,200006,production seeds 200000-200009; explicit variant and density overrides; four domain seeds paired within replicate
A331,A,RQ1;RQ3_BACKBONE;RQ3_DENSITY;RQ4_GENERATED,proto_sw_3_1,swept,simple,7,200006,1269774328,578667544,3840112982,671364729,200006,200006,200006,200006,production seeds 200000-200009; explicit variant and density overrides; four domain seeds paired within replicate
A332,A,RQ1;RQ3_BACKBONE;RQ3_DENSITY;RQ4_GENERATED,proto_sw_3_1,swept,medium,7,200006,1269774328,578667544,3840112982,671364729,200006,200006,200006,200006,production seeds 200000-200009; explicit variant and density overrides; four domain seeds paired within replicate
A333,A,RQ1;RQ3_BACKBONE;RQ3_DENSITY;RQ4_GENERATED,proto_sw_3_1,swept,rich,7,200006,1269774328,578667544,3840112982,671364729,200006,200006,200006,200006,production seeds 200000-200009; explicit variant and density overrides; four domain seeds paired within replicate
A334,A,RQ1;RQ3_BACKBONE;RQ3_DENSITY;RQ4_GENERATED,proto_sw_3_1,expanded,simple,8,200007,1923210920,721235226,3962232460,3148415715,200007,200007,200007,200007,production seeds 200000-200009; explicit variant and density overrides; four domain seeds paired within replicate
A335,A,RQ1;RQ3_BACKBONE;RQ3_DENSITY;RQ4_GENERATED,proto_sw_3_1,expanded,medium,8,200007,1923210920,721235226,3962232460,3148415715,200007,200007,200007,200007,production seeds 200000-200009; explicit variant and density overrides; four domain seeds paired within replicate
A336,A,RQ1;RQ3_BACKBONE;RQ3_DENSITY;RQ4_GENERATED,proto_sw_3_1,expanded,rich,8,200007,1923210920,721235226,3962232460,3148415715,200007,200007,200007,200007,production seeds 200000-200009; explicit variant and density overrides; four domain seeds paired within replicate
A337,A,RQ1;RQ3_BACKBONE;RQ3_DENSITY;RQ4_GENERATED,proto_sw_3_1,compact,simple,8,200007,1923210920,721235226,3962232460,3148415715,200007,200007,200007,200007,production seeds 200000-200009; explicit variant and density overrides; four domain seeds paired within replicate
A338,A,RQ1;RQ3_BACKBONE;RQ3_DENSITY;RQ4_GENERATED,proto_sw_3_1,compact,medium,8,200007,1923210920,721235226,3962232460,3148415715,200007,200007,200007,200007,production seeds 200000-200009; explicit variant and density overrides; four domain seeds paired within replicate
A339,A,RQ1;RQ3_BACKBONE;RQ3_DENSITY;RQ4_GENERATED,proto_sw_3_1,compact,rich,8,200007,1923210920,721235226,3962232460,3148415715,200007,200007,200007,200007,production seeds 200000-200009; explicit variant and density overrides; four domain seeds paired within replicate
A340,A,RQ1;RQ3_BACKBONE;RQ3_DENSITY;RQ4_GENERATED,proto_sw_3_1,swept,simple,8,200007,1923210920,721235226,3962232460,3148415715,200007,200007,200007,200007,production seeds 200000-200009; explicit variant and density overrides; four domain seeds paired within replicate
A341,A,RQ1;RQ3_BACKBONE;RQ3_DENSITY;RQ4_GENERATED,proto_sw_3_1,swept,medium,8,200007,1923210920,721235226,3962232460,3148415715,200007,200007,200007,200007,production seeds 200000-200009; explicit variant and density overrides; four domain seeds paired within replicate
A342,A,RQ1;RQ3_BACKBONE;RQ3_DENSITY;RQ4_GENERATED,proto_sw_3_1,swept,rich,8,200007,1923210920,721235226,3962232460,3148415715,200007,200007,200007,200007,production seeds 200000-200009; explicit variant and density overrides; four domain seeds paired within replicate
A343,A,RQ1;RQ3_BACKBONE;RQ3_DENSITY;RQ4_GENERATED,proto_sw_3_1,expanded,simple,9,200008,3158511072,3080658514,3482159800,1542305865,200008,200008,200008,200008,production seeds 200000-200009; explicit variant and density overrides; four domain seeds paired within replicate
A344,A,RQ1;RQ3_BACKBONE;RQ3_DENSITY;RQ4_GENERATED,proto_sw_3_1,expanded,medium,9,200008,3158511072,3080658514,3482159800,1542305865,200008,200008,200008,200008,production seeds 200000-200009; explicit variant and density overrides; four domain seeds paired within replicate
A345,A,RQ1;RQ3_BACKBONE;RQ3_DENSITY;RQ4_GENERATED,proto_sw_3_1,expanded,rich,9,200008,3158511072,3080658514,3482159800,1542305865,200008,200008,200008,200008,production seeds 200000-200009; explicit variant and density overrides; four domain seeds paired within replicate
A346,A,RQ1;RQ3_BACKBONE;RQ3_DENSITY;RQ4_GENERATED,proto_sw_3_1,compact,simple,9,200008,3158511072,3080658514,3482159800,1542305865,200008,200008,200008,200008,production seeds 200000-200009; explicit variant and density overrides; four domain seeds paired within replicate
A347,A,RQ1;RQ3_BACKBONE;RQ3_DENSITY;RQ4_GENERATED,proto_sw_3_1,compact,medium,9,200008,3158511072,3080658514,3482159800,1542305865,200008,200008,200008,200008,production seeds 200000-200009; explicit variant and density overrides; four domain seeds paired within replicate
A348,A,RQ1;RQ3_BACKBONE;RQ3_DENSITY;RQ4_GENERATED,proto_sw_3_1,compact,rich,9,200008,3158511072,3080658514,3482159800,1542305865,200008,200008,200008,200008,production seeds 200000-200009; explicit variant and density overrides; four domain seeds paired within replicate
A349,A,RQ1;RQ3_BACKBONE;RQ3_DENSITY;RQ4_GENERATED,proto_sw_3_1,swept,simple,9,200008,3158511072,3080658514,3482159800,1542305865,200008,200008,200008,200008,production seeds 200000-200009; explicit variant and density overrides; four domain seeds paired within replicate
A350,A,RQ1;RQ3_BACKBONE;RQ3_DENSITY;RQ4_GENERATED,proto_sw_3_1,swept,medium,9,200008,3158511072,3080658514,3482159800,1542305865,200008,200008,200008,200008,production seeds 200000-200009; explicit variant and density overrides; four domain seeds paired within replicate
A351,A,RQ1;RQ3_BACKBONE;RQ3_DENSITY;RQ4_GENERATED,proto_sw_3_1,swept,rich,9,200008,3158511072,3080658514,3482159800,1542305865,200008,200008,200008,200008,production seeds 200000-200009; explicit variant and density overrides; four domain seeds paired within replicate
A352,A,RQ1;RQ3_BACKBONE;RQ3_DENSITY;RQ4_GENERATED,proto_sw_3_1,expanded,simple,10,200009,101358191,2724857067,3911812596,1265668154,200009,200009,200009,200009,production seeds 200000-200009; explicit variant and density overrides; four domain seeds paired within replicate
A353,A,RQ1;RQ3_BACKBONE;RQ3_DENSITY;RQ4_GENERATED,proto_sw_3_1,expanded,medium,10,200009,101358191,2724857067,3911812596,1265668154,200009,200009,200009,200009,production seeds 200000-200009; explicit variant and density overrides; four domain seeds paired within replicate
A354,A,RQ1;RQ3_BACKBONE;RQ3_DENSITY;RQ4_GENERATED,proto_sw_3_1,expanded,rich,10,200009,101358191,2724857067,3911812596,1265668154,200009,200009,200009,200009,production seeds 200000-200009; explicit variant and density overrides; four domain seeds paired within replicate
A355,A,RQ1;RQ3_BACKBONE;RQ3_DENSITY;RQ4_GENERATED,proto_sw_3_1,compact,simple,10,200009,101358191,2724857067,3911812596,1265668154,200009,200009,200009,200009,production seeds 200000-200009; explicit variant and density overrides; four domain seeds paired within replicate
A356,A,RQ1;RQ3_BACKBONE;RQ3_DENSITY;RQ4_GENERATED,proto_sw_3_1,compact,medium,10,200009,101358191,2724857067,3911812596,1265668154,200009,200009,200009,200009,production seeds 200000-200009; explicit variant and density overrides; four domain seeds paired within replicate
A357,A,RQ1;RQ3_BACKBONE;RQ3_DENSITY;RQ4_GENERATED,proto_sw_3_1,compact,rich,10,200009,101358191,2724857067,3911812596,1265668154,200009,200009,200009,200009,production seeds 200000-200009; explicit variant and density overrides; four domain seeds paired within replicate
A358,A,RQ1;RQ3_BACKBONE;RQ3_DENSITY;RQ4_GENERATED,proto_sw_3_1,swept,simple,10,200009,101358191,2724857067,3911812596,1265668154,200009,200009,200009,200009,production seeds 200000-200009; explicit variant and density overrides; four domain seeds paired within replicate
A359,A,RQ1;RQ3_BACKBONE;RQ3_DENSITY;RQ4_GENERATED,proto_sw_3_1,swept,medium,10,200009,101358191,2724857067,3911812596,1265668154,200009,200009,200009,200009,production seeds 200000-200009; explicit variant and density overrides; four domain seeds paired within replicate
A360,A,RQ1;RQ3_BACKBONE;RQ3_DENSITY;RQ4_GENERATED,proto_sw_3_1,swept,rich,10,200009,101358191,2724857067,3911812596,1265668154,200009,200009,200009,200009,production seeds 200000-200009; explicit variant and density overrides; four domain seeds paired within replicate
A361,A,RQ1;RQ3_BACKBONE;RQ3_DENSITY;RQ4_GENERATED,proto_sw_3_2,expanded,simple,1,200000,3637826449,690874662,3848763323,2731574336,200000,200000,200000,200000,production seeds 200000-200009; explicit variant and density overrides; four domain seeds paired within replicate
A362,A,RQ1;RQ3_BACKBONE;RQ3_DENSITY;RQ4_GENERATED,proto_sw_3_2,expanded,medium,1,200000,3637826449,690874662,3848763323,2731574336,200000,200000,200000,200000,production seeds 200000-200009; explicit variant and density overrides; four domain seeds paired within replicate
A363,A,RQ1;RQ3_BACKBONE;RQ3_DENSITY;RQ4_GENERATED,proto_sw_3_2,expanded,rich,1,200000,3637826449,690874662,3848763323,2731574336,200000,200000,200000,200000,production seeds 200000-200009; explicit variant and density overrides; four domain seeds paired within replicate
A364,A,RQ1;RQ3_BACKBONE;RQ3_DENSITY;RQ4_GENERATED,proto_sw_3_2,compact,simple,1,200000,3637826449,690874662,3848763323,2731574336,200000,200000,200000,200000,production seeds 200000-200009; explicit variant and density overrides; four domain seeds paired within replicate
A365,A,RQ1;RQ3_BACKBONE;RQ3_DENSITY;RQ4_GENERATED,proto_sw_3_2,compact,medium,1,200000,3637826449,690874662,3848763323,2731574336,200000,200000,200000,200000,production seeds 200000-200009; explicit variant and density overrides; four domain seeds paired within replicate
A366,A,RQ1;RQ3_BACKBONE;RQ3_DENSITY;RQ4_GENERATED,proto_sw_3_2,compact,rich,1,200000,3637826449,690874662,3848763323,2731574336,200000,200000,200000,200000,production seeds 200000-200009; explicit variant and density overrides; four domain seeds paired within replicate
A367,A,RQ1;RQ3_BACKBONE;RQ3_DENSITY;RQ4_GENERATED,proto_sw_3_2,swept,simple,1,200000,3637826449,690874662,3848763323,2731574336,200000,200000,200000,200000,production seeds 200000-200009; explicit variant and density overrides; four domain seeds paired within replicate
A368,A,RQ1;RQ3_BACKBONE;RQ3_DENSITY;RQ4_GENERATED,proto_sw_3_2,swept,medium,1,200000,3637826449,690874662,3848763323,2731574336,200000,200000,200000,200000,production seeds 200000-200009; explicit variant and density overrides; four domain seeds paired within replicate
A369,A,RQ1;RQ3_BACKBONE;RQ3_DENSITY;RQ4_GENERATED,proto_sw_3_2,swept,rich,1,200000,3637826449,690874662,3848763323,2731574336,200000,200000,200000,200000,production seeds 200000-200009; explicit variant and density overrides; four domain seeds paired within replicate
A370,A,RQ1;RQ3_BACKBONE;RQ3_DENSITY;RQ4_GENERATED,proto_sw_3_2,expanded,simple,2,200001,2099076444,668946205,157358250,1522627173,200001,200001,200001,200001,production seeds 200000-200009; explicit variant and density overrides; four domain seeds paired within replicate
A371,A,RQ1;RQ3_BACKBONE;RQ3_DENSITY;RQ4_GENERATED,proto_sw_3_2,expanded,medium,2,200001,2099076444,668946205,157358250,1522627173,200001,200001,200001,200001,production seeds 200000-200009; explicit variant and density overrides; four domain seeds paired within replicate
A372,A,RQ1;RQ3_BACKBONE;RQ3_DENSITY;RQ4_GENERATED,proto_sw_3_2,expanded,rich,2,200001,2099076444,668946205,157358250,1522627173,200001,200001,200001,200001,production seeds 200000-200009; explicit variant and density overrides; four domain seeds paired within replicate
A373,A,RQ1;RQ3_BACKBONE;RQ3_DENSITY;RQ4_GENERATED,proto_sw_3_2,compact,simple,2,200001,2099076444,668946205,157358250,1522627173,200001,200001,200001,200001,production seeds 200000-200009; explicit variant and density overrides; four domain seeds paired within replicate
A374,A,RQ1;RQ3_BACKBONE;RQ3_DENSITY;RQ4_GENERATED,proto_sw_3_2,compact,medium,2,200001,2099076444,668946205,157358250,1522627173,200001,200001,200001,200001,production seeds 200000-200009; explicit variant and density overrides; four domain seeds paired within replicate
A375,A,RQ1;RQ3_BACKBONE;RQ3_DENSITY;RQ4_GENERATED,proto_sw_3_2,compact,rich,2,200001,2099076444,668946205,157358250,1522627173,200001,200001,200001,200001,production seeds 200000-200009; explicit variant and density overrides; four domain seeds paired within replicate
A376,A,RQ1;RQ3_BACKBONE;RQ3_DENSITY;RQ4_GENERATED,proto_sw_3_2,swept,simple,2,200001,2099076444,668946205,157358250,1522627173,200001,200001,200001,200001,production seeds 200000-200009; explicit variant and density overrides; four domain seeds paired within replicate
A377,A,RQ1;RQ3_BACKBONE;RQ3_DENSITY;RQ4_GENERATED,proto_sw_3_2,swept,medium,2,200001,2099076444,668946205,157358250,1522627173,200001,200001,200001,200001,production seeds 200000-200009; explicit variant and density overrides; four domain seeds paired within replicate
A378,A,RQ1;RQ3_BACKBONE;RQ3_DENSITY;RQ4_GENERATED,proto_sw_3_2,swept,rich,2,200001,2099076444,668946205,157358250,1522627173,200001,200001,200001,200001,production seeds 200000-200009; explicit variant and density overrides; four domain seeds paired within replicate
A379,A,RQ1;RQ3_BACKBONE;RQ3_DENSITY;RQ4_GENERATED,proto_sw_3_2,expanded,simple,3,200002,1586078355,2795483619,3834742724,1346423801,200002,200002,200002,200002,production seeds 200000-200009; explicit variant and density overrides; four domain seeds paired within replicate
A380,A,RQ1;RQ3_BACKBONE;RQ3_DENSITY;RQ4_GENERATED,proto_sw_3_2,expanded,medium,3,200002,1586078355,2795483619,3834742724,1346423801,200002,200002,200002,200002,production seeds 200000-200009; explicit variant and density overrides; four domain seeds paired within replicate
A381,A,RQ1;RQ3_BACKBONE;RQ3_DENSITY;RQ4_GENERATED,proto_sw_3_2,expanded,rich,3,200002,1586078355,2795483619,3834742724,1346423801,200002,200002,200002,200002,production seeds 200000-200009; explicit variant and density overrides; four domain seeds paired within replicate
A382,A,RQ1;RQ3_BACKBONE;RQ3_DENSITY;RQ4_GENERATED,proto_sw_3_2,compact,simple,3,200002,1586078355,2795483619,3834742724,1346423801,200002,200002,200002,200002,production seeds 200000-200009; explicit variant and density overrides; four domain seeds paired within replicate
A383,A,RQ1;RQ3_BACKBONE;RQ3_DENSITY;RQ4_GENERATED,proto_sw_3_2,compact,medium,3,200002,1586078355,2795483619,3834742724,1346423801,200002,200002,200002,200002,production seeds 200000-200009; explicit variant and density overrides; four domain seeds paired within replicate
A384,A,RQ1;RQ3_BACKBONE;RQ3_DENSITY;RQ4_GENERATED,proto_sw_3_2,compact,rich,3,200002,1586078355,2795483619,3834742724,1346423801,200002,200002,200002,200002,production seeds 200000-200009; explicit variant and density overrides; four domain seeds paired within replicate
A385,A,RQ1;RQ3_BACKBONE;RQ3_DENSITY;RQ4_GENERATED,proto_sw_3_2,swept,simple,3,200002,1586078355,2795483619,3834742724,1346423801,200002,200002,200002,200002,production seeds 200000-200009; explicit variant and density overrides; four domain seeds paired within replicate
A386,A,RQ1;RQ3_BACKBONE;RQ3_DENSITY;RQ4_GENERATED,proto_sw_3_2,swept,medium,3,200002,1586078355,2795483619,3834742724,1346423801,200002,200002,200002,200002,production seeds 200000-200009; explicit variant and density overrides; four domain seeds paired within replicate
A387,A,RQ1;RQ3_BACKBONE;RQ3_DENSITY;RQ4_GENERATED,proto_sw_3_2,swept,rich,3,200002,1586078355,2795483619,3834742724,1346423801,200002,200002,200002,200002,production seeds 200000-200009; explicit variant and density overrides; four domain seeds paired within replicate
A388,A,RQ1;RQ3_BACKBONE;RQ3_DENSITY;RQ4_GENERATED,proto_sw_3_2,expanded,simple,4,200003,2755701457,200490488,587951499,654989446,200003,200003,200003,200003,production seeds 200000-200009; explicit variant and density overrides; four domain seeds paired within replicate
A389,A,RQ1;RQ3_BACKBONE;RQ3_DENSITY;RQ4_GENERATED,proto_sw_3_2,expanded,medium,4,200003,2755701457,200490488,587951499,654989446,200003,200003,200003,200003,production seeds 200000-200009; explicit variant and density overrides; four domain seeds paired within replicate
A390,A,RQ1;RQ3_BACKBONE;RQ3_DENSITY;RQ4_GENERATED,proto_sw_3_2,expanded,rich,4,200003,2755701457,200490488,587951499,654989446,200003,200003,200003,200003,production seeds 200000-200009; explicit variant and density overrides; four domain seeds paired within replicate
A391,A,RQ1;RQ3_BACKBONE;RQ3_DENSITY;RQ4_GENERATED,proto_sw_3_2,compact,simple,4,200003,2755701457,200490488,587951499,654989446,200003,200003,200003,200003,production seeds 200000-200009; explicit variant and density overrides; four domain seeds paired within replicate
A392,A,RQ1;RQ3_BACKBONE;RQ3_DENSITY;RQ4_GENERATED,proto_sw_3_2,compact,medium,4,200003,2755701457,200490488,587951499,654989446,200003,200003,200003,200003,production seeds 200000-200009; explicit variant and density overrides; four domain seeds paired within replicate
A393,A,RQ1;RQ3_BACKBONE;RQ3_DENSITY;RQ4_GENERATED,proto_sw_3_2,compact,rich,4,200003,2755701457,200490488,587951499,654989446,200003,200003,200003,200003,production seeds 200000-200009; explicit variant and density overrides; four domain seeds paired within replicate
A394,A,RQ1;RQ3_BACKBONE;RQ3_DENSITY;RQ4_GENERATED,proto_sw_3_2,swept,simple,4,200003,2755701457,200490488,587951499,654989446,200003,200003,200003,200003,production seeds 200000-200009; explicit variant and density overrides; four domain seeds paired within replicate
A395,A,RQ1;RQ3_BACKBONE;RQ3_DENSITY;RQ4_GENERATED,proto_sw_3_2,swept,medium,4,200003,2755701457,200490488,587951499,654989446,200003,200003,200003,200003,production seeds 200000-200009; explicit variant and density overrides; four domain seeds paired within replicate
A396,A,RQ1;RQ3_BACKBONE;RQ3_DENSITY;RQ4_GENERATED,proto_sw_3_2,swept,rich,4,200003,2755701457,200490488,587951499,654989446,200003,200003,200003,200003,production seeds 200000-200009; explicit variant and density overrides; four domain seeds paired within replicate
A397,A,RQ1;RQ3_BACKBONE;RQ3_DENSITY;RQ4_GENERATED,proto_sw_3_2,expanded,simple,5,200004,3661431921,3802206688,2403426353,861773372,200004,200004,200004,200004,production seeds 200000-200009; explicit variant and density overrides; four domain seeds paired within replicate
A398,A,RQ1;RQ3_BACKBONE;RQ3_DENSITY;RQ4_GENERATED,proto_sw_3_2,expanded,medium,5,200004,3661431921,3802206688,2403426353,861773372,200004,200004,200004,200004,production seeds 200000-200009; explicit variant and density overrides; four domain seeds paired within replicate
A399,A,RQ1;RQ3_BACKBONE;RQ3_DENSITY;RQ4_GENERATED,proto_sw_3_2,expanded,rich,5,200004,3661431921,3802206688,2403426353,861773372,200004,200004,200004,200004,production seeds 200000-200009; explicit variant and density overrides; four domain seeds paired within replicate
A400,A,RQ1;RQ3_BACKBONE;RQ3_DENSITY;RQ4_GENERATED,proto_sw_3_2,compact,simple,5,200004,3661431921,3802206688,2403426353,861773372,200004,200004,200004,200004,production seeds 200000-200009; explicit variant and density overrides; four domain seeds paired within replicate
A401,A,RQ1;RQ3_BACKBONE;RQ3_DENSITY;RQ4_GENERATED,proto_sw_3_2,compact,medium,5,200004,3661431921,3802206688,2403426353,861773372,200004,200004,200004,200004,production seeds 200000-200009; explicit variant and density overrides; four domain seeds paired within replicate
A402,A,RQ1;RQ3_BACKBONE;RQ3_DENSITY;RQ4_GENERATED,proto_sw_3_2,compact,rich,5,200004,3661431921,3802206688,2403426353,861773372,200004,200004,200004,200004,production seeds 200000-200009; explicit variant and density overrides; four domain seeds paired within replicate
A403,A,RQ1;RQ3_BACKBONE;RQ3_DENSITY;RQ4_GENERATED,proto_sw_3_2,swept,simple,5,200004,3661431921,3802206688,2403426353,861773372,200004,200004,200004,200004,production seeds 200000-200009; explicit variant and density overrides; four domain seeds paired within replicate
A404,A,RQ1;RQ3_BACKBONE;RQ3_DENSITY;RQ4_GENERATED,proto_sw_3_2,swept,medium,5,200004,3661431921,3802206688,2403426353,861773372,200004,200004,200004,200004,production seeds 200000-200009; explicit variant and density overrides; four domain seeds paired within replicate
A405,A,RQ1;RQ3_BACKBONE;RQ3_DENSITY;RQ4_GENERATED,proto_sw_3_2,swept,rich,5,200004,3661431921,3802206688,2403426353,861773372,200004,200004,200004,200004,production seeds 200000-200009; explicit variant and density overrides; four domain seeds paired within replicate
A406,A,RQ1;RQ3_BACKBONE;RQ3_DENSITY;RQ4_GENERATED,proto_sw_3_2,expanded,simple,6,200005,3616305472,4185442326,2083021513,2157334348,200005,200005,200005,200005,production seeds 200000-200009; explicit variant and density overrides; four domain seeds paired within replicate
A407,A,RQ1;RQ3_BACKBONE;RQ3_DENSITY;RQ4_GENERATED,proto_sw_3_2,expanded,medium,6,200005,3616305472,4185442326,2083021513,2157334348,200005,200005,200005,200005,production seeds 200000-200009; explicit variant and density overrides; four domain seeds paired within replicate
A408,A,RQ1;RQ3_BACKBONE;RQ3_DENSITY;RQ4_GENERATED,proto_sw_3_2,expanded,rich,6,200005,3616305472,4185442326,2083021513,2157334348,200005,200005,200005,200005,production seeds 200000-200009; explicit variant and density overrides; four domain seeds paired within replicate
A409,A,RQ1;RQ3_BACKBONE;RQ3_DENSITY;RQ4_GENERATED,proto_sw_3_2,compact,simple,6,200005,3616305472,4185442326,2083021513,2157334348,200005,200005,200005,200005,production seeds 200000-200009; explicit variant and density overrides; four domain seeds paired within replicate
A410,A,RQ1;RQ3_BACKBONE;RQ3_DENSITY;RQ4_GENERATED,proto_sw_3_2,compact,medium,6,200005,3616305472,4185442326,2083021513,2157334348,200005,200005,200005,200005,production seeds 200000-200009; explicit variant and density overrides; four domain seeds paired within replicate
A411,A,RQ1;RQ3_BACKBONE;RQ3_DENSITY;RQ4_GENERATED,proto_sw_3_2,compact,rich,6,200005,3616305472,4185442326,2083021513,2157334348,200005,200005,200005,200005,production seeds 200000-200009; explicit variant and density overrides; four domain seeds paired within replicate
A412,A,RQ1;RQ3_BACKBONE;RQ3_DENSITY;RQ4_GENERATED,proto_sw_3_2,swept,simple,6,200005,3616305472,4185442326,2083021513,2157334348,200005,200005,200005,200005,production seeds 200000-200009; explicit variant and density overrides; four domain seeds paired within replicate
A413,A,RQ1;RQ3_BACKBONE;RQ3_DENSITY;RQ4_GENERATED,proto_sw_3_2,swept,medium,6,200005,3616305472,4185442326,2083021513,2157334348,200005,200005,200005,200005,production seeds 200000-200009; explicit variant and density overrides; four domain seeds paired within replicate
A414,A,RQ1;RQ3_BACKBONE;RQ3_DENSITY;RQ4_GENERATED,proto_sw_3_2,swept,rich,6,200005,3616305472,4185442326,2083021513,2157334348,200005,200005,200005,200005,production seeds 200000-200009; explicit variant and density overrides; four domain seeds paired within replicate
A415,A,RQ1;RQ3_BACKBONE;RQ3_DENSITY;RQ4_GENERATED,proto_sw_3_2,expanded,simple,7,200006,1269774328,578667544,3840112982,671364729,200006,200006,200006,200006,production seeds 200000-200009; explicit variant and density overrides; four domain seeds paired within replicate
A416,A,RQ1;RQ3_BACKBONE;RQ3_DENSITY;RQ4_GENERATED,proto_sw_3_2,expanded,medium,7,200006,1269774328,578667544,3840112982,671364729,200006,200006,200006,200006,production seeds 200000-200009; explicit variant and density overrides; four domain seeds paired within replicate
A417,A,RQ1;RQ3_BACKBONE;RQ3_DENSITY;RQ4_GENERATED,proto_sw_3_2,expanded,rich,7,200006,1269774328,578667544,3840112982,671364729,200006,200006,200006,200006,production seeds 200000-200009; explicit variant and density overrides; four domain seeds paired within replicate
A418,A,RQ1;RQ3_BACKBONE;RQ3_DENSITY;RQ4_GENERATED,proto_sw_3_2,compact,simple,7,200006,1269774328,578667544,3840112982,671364729,200006,200006,200006,200006,production seeds 200000-200009; explicit variant and density overrides; four domain seeds paired within replicate
A419,A,RQ1;RQ3_BACKBONE;RQ3_DENSITY;RQ4_GENERATED,proto_sw_3_2,compact,medium,7,200006,1269774328,578667544,3840112982,671364729,200006,200006,200006,200006,production seeds 200000-200009; explicit variant and density overrides; four domain seeds paired within replicate
A420,A,RQ1;RQ3_BACKBONE;RQ3_DENSITY;RQ4_GENERATED,proto_sw_3_2,compact,rich,7,200006,1269774328,578667544,3840112982,671364729,200006,200006,200006,200006,production seeds 200000-200009; explicit variant and density overrides; four domain seeds paired within replicate
A421,A,RQ1;RQ3_BACKBONE;RQ3_DENSITY;RQ4_GENERATED,proto_sw_3_2,swept,simple,7,200006,1269774328,578667544,3840112982,671364729,200006,200006,200006,200006,production seeds 200000-200009; explicit variant and density overrides; four domain seeds paired within replicate
A422,A,RQ1;RQ3_BACKBONE;RQ3_DENSITY;RQ4_GENERATED,proto_sw_3_2,swept,medium,7,200006,1269774328,578667544,3840112982,671364729,200006,200006,200006,200006,production seeds 200000-200009; explicit variant and density overrides; four domain seeds paired within replicate
A423,A,RQ1;RQ3_BACKBONE;RQ3_DENSITY;RQ4_GENERATED,proto_sw_3_2,swept,rich,7,200006,1269774328,578667544,3840112982,671364729,200006,200006,200006,200006,production seeds 200000-200009; explicit variant and density overrides; four domain seeds paired within replicate
A424,A,RQ1;RQ3_BACKBONE;RQ3_DENSITY;RQ4_GENERATED,proto_sw_3_2,expanded,simple,8,200007,1923210920,721235226,3962232460,3148415715,200007,200007,200007,200007,production seeds 200000-200009; explicit variant and density overrides; four domain seeds paired within replicate
A425,A,RQ1;RQ3_BACKBONE;RQ3_DENSITY;RQ4_GENERATED,proto_sw_3_2,expanded,medium,8,200007,1923210920,721235226,3962232460,3148415715,200007,200007,200007,200007,production seeds 200000-200009; explicit variant and density overrides; four domain seeds paired within replicate
A426,A,RQ1;RQ3_BACKBONE;RQ3_DENSITY;RQ4_GENERATED,proto_sw_3_2,expanded,rich,8,200007,1923210920,721235226,3962232460,3148415715,200007,200007,200007,200007,production seeds 200000-200009; explicit variant and density overrides; four domain seeds paired within replicate
A427,A,RQ1;RQ3_BACKBONE;RQ3_DENSITY;RQ4_GENERATED,proto_sw_3_2,compact,simple,8,200007,1923210920,721235226,3962232460,3148415715,200007,200007,200007,200007,production seeds 200000-200009; explicit variant and density overrides; four domain seeds paired within replicate
A428,A,RQ1;RQ3_BACKBONE;RQ3_DENSITY;RQ4_GENERATED,proto_sw_3_2,compact,medium,8,200007,1923210920,721235226,3962232460,3148415715,200007,200007,200007,200007,production seeds 200000-200009; explicit variant and density overrides; four domain seeds paired within replicate
A429,A,RQ1;RQ3_BACKBONE;RQ3_DENSITY;RQ4_GENERATED,proto_sw_3_2,compact,rich,8,200007,1923210920,721235226,3962232460,3148415715,200007,200007,200007,200007,production seeds 200000-200009; explicit variant and density overrides; four domain seeds paired within replicate
A430,A,RQ1;RQ3_BACKBONE;RQ3_DENSITY;RQ4_GENERATED,proto_sw_3_2,swept,simple,8,200007,1923210920,721235226,3962232460,3148415715,200007,200007,200007,200007,production seeds 200000-200009; explicit variant and density overrides; four domain seeds paired within replicate
A431,A,RQ1;RQ3_BACKBONE;RQ3_DENSITY;RQ4_GENERATED,proto_sw_3_2,swept,medium,8,200007,1923210920,721235226,3962232460,3148415715,200007,200007,200007,200007,production seeds 200000-200009; explicit variant and density overrides; four domain seeds paired within replicate
A432,A,RQ1;RQ3_BACKBONE;RQ3_DENSITY;RQ4_GENERATED,proto_sw_3_2,swept,rich,8,200007,1923210920,721235226,3962232460,3148415715,200007,200007,200007,200007,production seeds 200000-200009; explicit variant and density overrides; four domain seeds paired within replicate
A433,A,RQ1;RQ3_BACKBONE;RQ3_DENSITY;RQ4_GENERATED,proto_sw_3_2,expanded,simple,9,200008,3158511072,3080658514,3482159800,1542305865,200008,200008,200008,200008,production seeds 200000-200009; explicit variant and density overrides; four domain seeds paired within replicate
A434,A,RQ1;RQ3_BACKBONE;RQ3_DENSITY;RQ4_GENERATED,proto_sw_3_2,expanded,medium,9,200008,3158511072,3080658514,3482159800,1542305865,200008,200008,200008,200008,production seeds 200000-200009; explicit variant and density overrides; four domain seeds paired within replicate
A435,A,RQ1;RQ3_BACKBONE;RQ3_DENSITY;RQ4_GENERATED,proto_sw_3_2,expanded,rich,9,200008,3158511072,3080658514,3482159800,1542305865,200008,200008,200008,200008,production seeds 200000-200009; explicit variant and density overrides; four domain seeds paired within replicate
A436,A,RQ1;RQ3_BACKBONE;RQ3_DENSITY;RQ4_GENERATED,proto_sw_3_2,compact,simple,9,200008,3158511072,3080658514,3482159800,1542305865,200008,200008,200008,200008,production seeds 200000-200009; explicit variant and density overrides; four domain seeds paired within replicate
A437,A,RQ1;RQ3_BACKBONE;RQ3_DENSITY;RQ4_GENERATED,proto_sw_3_2,compact,medium,9,200008,3158511072,3080658514,3482159800,1542305865,200008,200008,200008,200008,production seeds 200000-200009; explicit variant and density overrides; four domain seeds paired within replicate
A438,A,RQ1;RQ3_BACKBONE;RQ3_DENSITY;RQ4_GENERATED,proto_sw_3_2,compact,rich,9,200008,3158511072,3080658514,3482159800,1542305865,200008,200008,200008,200008,production seeds 200000-200009; explicit variant and density overrides; four domain seeds paired within replicate
A439,A,RQ1;RQ3_BACKBONE;RQ3_DENSITY;RQ4_GENERATED,proto_sw_3_2,swept,simple,9,200008,3158511072,3080658514,3482159800,1542305865,200008,200008,200008,200008,production seeds 200000-200009; explicit variant and density overrides; four domain seeds paired within replicate
A440,A,RQ1;RQ3_BACKBONE;RQ3_DENSITY;RQ4_GENERATED,proto_sw_3_2,swept,medium,9,200008,3158511072,3080658514,3482159800,1542305865,200008,200008,200008,200008,production seeds 200000-200009; explicit variant and density overrides; four domain seeds paired within replicate
A441,A,RQ1;RQ3_BACKBONE;RQ3_DENSITY;RQ4_GENERATED,proto_sw_3_2,swept,rich,9,200008,3158511072,3080658514,3482159800,1542305865,200008,200008,200008,200008,production seeds 200000-200009; explicit variant and density overrides; four domain seeds paired within replicate
A442,A,RQ1;RQ3_BACKBONE;RQ3_DENSITY;RQ4_GENERATED,proto_sw_3_2,expanded,simple,10,200009,101358191,2724857067,3911812596,1265668154,200009,200009,200009,200009,production seeds 200000-200009; explicit variant and density overrides; four domain seeds paired within replicate
A443,A,RQ1;RQ3_BACKBONE;RQ3_DENSITY;RQ4_GENERATED,proto_sw_3_2,expanded,medium,10,200009,101358191,2724857067,3911812596,1265668154,200009,200009,200009,200009,production seeds 200000-200009; explicit variant and density overrides; four domain seeds paired within replicate
A444,A,RQ1;RQ3_BACKBONE;RQ3_DENSITY;RQ4_GENERATED,proto_sw_3_2,expanded,rich,10,200009,101358191,2724857067,3911812596,1265668154,200009,200009,200009,200009,production seeds 200000-200009; explicit variant and density overrides; four domain seeds paired within replicate
A445,A,RQ1;RQ3_BACKBONE;RQ3_DENSITY;RQ4_GENERATED,proto_sw_3_2,compact,simple,10,200009,101358191,2724857067,3911812596,1265668154,200009,200009,200009,200009,production seeds 200000-200009; explicit variant and density overrides; four domain seeds paired within replicate
A446,A,RQ1;RQ3_BACKBONE;RQ3_DENSITY;RQ4_GENERATED,proto_sw_3_2,compact,medium,10,200009,101358191,2724857067,3911812596,1265668154,200009,200009,200009,200009,production seeds 200000-200009; explicit variant and density overrides; four domain seeds paired within replicate
A447,A,RQ1;RQ3_BACKBONE;RQ3_DENSITY;RQ4_GENERATED,proto_sw_3_2,compact,rich,10,200009,101358191,2724857067,3911812596,1265668154,200009,200009,200009,200009,production seeds 200000-200009; explicit variant and density overrides; four domain seeds paired within replicate
A448,A,RQ1;RQ3_BACKBONE;RQ3_DENSITY;RQ4_GENERATED,proto_sw_3_2,swept,simple,10,200009,101358191,2724857067,3911812596,1265668154,200009,200009,200009,200009,production seeds 200000-200009; explicit variant and density overrides; four domain seeds paired within replicate
A449,A,RQ1;RQ3_BACKBONE;RQ3_DENSITY;RQ4_GENERATED,proto_sw_3_2,swept,medium,10,200009,101358191,2724857067,3911812596,1265668154,200009,200009,200009,200009,production seeds 200000-200009; explicit variant and density overrides; four domain seeds paired within replicate
A450,A,RQ1;RQ3_BACKBONE;RQ3_DENSITY;RQ4_GENERATED,proto_sw_3_2,swept,rich,10,200009,101358191,2724857067,3911812596,1265668154,200009,200009,200009,200009,production seeds 200000-200009; explicit variant and density overrides; four domain seeds paired within replicate
B001,B,RQ3_SEED,proto_sw_1_1,expanded,medium,1,200000,3637826449,690874662,3848763323,2731574336,200000,200000,200000,200000,backbone and flower domains fixed from seed 200000; branch and unit domains paired from seeds 200000-200009
B002,B,RQ3_SEED,proto_sw_1_1,expanded,medium,2,200000,3637826449,690874662,157358250,1522627173,200000,200000,200001,200001,backbone and flower domains fixed from seed 200000; branch and unit domains paired from seeds 200000-200009
B003,B,RQ3_SEED,proto_sw_1_1,expanded,medium,3,200000,3637826449,690874662,3834742724,1346423801,200000,200000,200002,200002,backbone and flower domains fixed from seed 200000; branch and unit domains paired from seeds 200000-200009
B004,B,RQ3_SEED,proto_sw_1_1,expanded,medium,4,200000,3637826449,690874662,587951499,654989446,200000,200000,200003,200003,backbone and flower domains fixed from seed 200000; branch and unit domains paired from seeds 200000-200009
B005,B,RQ3_SEED,proto_sw_1_1,expanded,medium,5,200000,3637826449,690874662,2403426353,861773372,200000,200000,200004,200004,backbone and flower domains fixed from seed 200000; branch and unit domains paired from seeds 200000-200009
B006,B,RQ3_SEED,proto_sw_1_1,expanded,medium,6,200000,3637826449,690874662,2083021513,2157334348,200000,200000,200005,200005,backbone and flower domains fixed from seed 200000; branch and unit domains paired from seeds 200000-200009
B007,B,RQ3_SEED,proto_sw_1_1,expanded,medium,7,200000,3637826449,690874662,3840112982,671364729,200000,200000,200006,200006,backbone and flower domains fixed from seed 200000; branch and unit domains paired from seeds 200000-200009
B008,B,RQ3_SEED,proto_sw_1_1,expanded,medium,8,200000,3637826449,690874662,3962232460,3148415715,200000,200000,200007,200007,backbone and flower domains fixed from seed 200000; branch and unit domains paired from seeds 200000-200009
B009,B,RQ3_SEED,proto_sw_1_1,expanded,medium,9,200000,3637826449,690874662,3482159800,1542305865,200000,200000,200008,200008,backbone and flower domains fixed from seed 200000; branch and unit domains paired from seeds 200000-200009
B010,B,RQ3_SEED,proto_sw_1_1,expanded,medium,10,200000,3637826449,690874662,3911812596,1265668154,200000,200000,200009,200009,backbone and flower domains fixed from seed 200000; branch and unit domains paired from seeds 200000-200009
B011,B,RQ3_SEED,proto_sw_1_3,expanded,medium,1,200000,3637826449,690874662,3848763323,2731574336,200000,200000,200000,200000,backbone and flower domains fixed from seed 200000; branch and unit domains paired from seeds 200000-200009
B012,B,RQ3_SEED,proto_sw_1_3,expanded,medium,2,200000,3637826449,690874662,157358250,1522627173,200000,200000,200001,200001,backbone and flower domains fixed from seed 200000; branch and unit domains paired from seeds 200000-200009
B013,B,RQ3_SEED,proto_sw_1_3,expanded,medium,3,200000,3637826449,690874662,3834742724,1346423801,200000,200000,200002,200002,backbone and flower domains fixed from seed 200000; branch and unit domains paired from seeds 200000-200009
B014,B,RQ3_SEED,proto_sw_1_3,expanded,medium,4,200000,3637826449,690874662,587951499,654989446,200000,200000,200003,200003,backbone and flower domains fixed from seed 200000; branch and unit domains paired from seeds 200000-200009
B015,B,RQ3_SEED,proto_sw_1_3,expanded,medium,5,200000,3637826449,690874662,2403426353,861773372,200000,200000,200004,200004,backbone and flower domains fixed from seed 200000; branch and unit domains paired from seeds 200000-200009
B016,B,RQ3_SEED,proto_sw_1_3,expanded,medium,6,200000,3637826449,690874662,2083021513,2157334348,200000,200000,200005,200005,backbone and flower domains fixed from seed 200000; branch and unit domains paired from seeds 200000-200009
B017,B,RQ3_SEED,proto_sw_1_3,expanded,medium,7,200000,3637826449,690874662,3840112982,671364729,200000,200000,200006,200006,backbone and flower domains fixed from seed 200000; branch and unit domains paired from seeds 200000-200009
B018,B,RQ3_SEED,proto_sw_1_3,expanded,medium,8,200000,3637826449,690874662,3962232460,3148415715,200000,200000,200007,200007,backbone and flower domains fixed from seed 200000; branch and unit domains paired from seeds 200000-200009
B019,B,RQ3_SEED,proto_sw_1_3,expanded,medium,9,200000,3637826449,690874662,3482159800,1542305865,200000,200000,200008,200008,backbone and flower domains fixed from seed 200000; branch and unit domains paired from seeds 200000-200009
B020,B,RQ3_SEED,proto_sw_1_3,expanded,medium,10,200000,3637826449,690874662,3911812596,1265668154,200000,200000,200009,200009,backbone and flower domains fixed from seed 200000; branch and unit domains paired from seeds 200000-200009
B021,B,RQ3_SEED,proto_sw_2_3,expanded,medium,1,200000,3637826449,690874662,3848763323,2731574336,200000,200000,200000,200000,backbone and flower domains fixed from seed 200000; branch and unit domains paired from seeds 200000-200009
B022,B,RQ3_SEED,proto_sw_2_3,expanded,medium,2,200000,3637826449,690874662,157358250,1522627173,200000,200000,200001,200001,backbone and flower domains fixed from seed 200000; branch and unit domains paired from seeds 200000-200009
B023,B,RQ3_SEED,proto_sw_2_3,expanded,medium,3,200000,3637826449,690874662,3834742724,1346423801,200000,200000,200002,200002,backbone and flower domains fixed from seed 200000; branch and unit domains paired from seeds 200000-200009
B024,B,RQ3_SEED,proto_sw_2_3,expanded,medium,4,200000,3637826449,690874662,587951499,654989446,200000,200000,200003,200003,backbone and flower domains fixed from seed 200000; branch and unit domains paired from seeds 200000-200009
B025,B,RQ3_SEED,proto_sw_2_3,expanded,medium,5,200000,3637826449,690874662,2403426353,861773372,200000,200000,200004,200004,backbone and flower domains fixed from seed 200000; branch and unit domains paired from seeds 200000-200009
B026,B,RQ3_SEED,proto_sw_2_3,expanded,medium,6,200000,3637826449,690874662,2083021513,2157334348,200000,200000,200005,200005,backbone and flower domains fixed from seed 200000; branch and unit domains paired from seeds 200000-200009
B027,B,RQ3_SEED,proto_sw_2_3,expanded,medium,7,200000,3637826449,690874662,3840112982,671364729,200000,200000,200006,200006,backbone and flower domains fixed from seed 200000; branch and unit domains paired from seeds 200000-200009
B028,B,RQ3_SEED,proto_sw_2_3,expanded,medium,8,200000,3637826449,690874662,3962232460,3148415715,200000,200000,200007,200007,backbone and flower domains fixed from seed 200000; branch and unit domains paired from seeds 200000-200009
B029,B,RQ3_SEED,proto_sw_2_3,expanded,medium,9,200000,3637826449,690874662,3482159800,1542305865,200000,200000,200008,200008,backbone and flower domains fixed from seed 200000; branch and unit domains paired from seeds 200000-200009
B030,B,RQ3_SEED,proto_sw_2_3,expanded,medium,10,200000,3637826449,690874662,3911812596,1265668154,200000,200000,200009,200009,backbone and flower domains fixed from seed 200000; branch and unit domains paired from seeds 200000-200009
B031,B,RQ3_SEED,proto_sw_3_1,expanded,medium,1,200000,3637826449,690874662,3848763323,2731574336,200000,200000,200000,200000,backbone and flower domains fixed from seed 200000; branch and unit domains paired from seeds 200000-200009
B032,B,RQ3_SEED,proto_sw_3_1,expanded,medium,2,200000,3637826449,690874662,157358250,1522627173,200000,200000,200001,200001,backbone and flower domains fixed from seed 200000; branch and unit domains paired from seeds 200000-200009
B033,B,RQ3_SEED,proto_sw_3_1,expanded,medium,3,200000,3637826449,690874662,3834742724,1346423801,200000,200000,200002,200002,backbone and flower domains fixed from seed 200000; branch and unit domains paired from seeds 200000-200009
B034,B,RQ3_SEED,proto_sw_3_1,expanded,medium,4,200000,3637826449,690874662,587951499,654989446,200000,200000,200003,200003,backbone and flower domains fixed from seed 200000; branch and unit domains paired from seeds 200000-200009
B035,B,RQ3_SEED,proto_sw_3_1,expanded,medium,5,200000,3637826449,690874662,2403426353,861773372,200000,200000,200004,200004,backbone and flower domains fixed from seed 200000; branch and unit domains paired from seeds 200000-200009
B036,B,RQ3_SEED,proto_sw_3_1,expanded,medium,6,200000,3637826449,690874662,2083021513,2157334348,200000,200000,200005,200005,backbone and flower domains fixed from seed 200000; branch and unit domains paired from seeds 200000-200009
B037,B,RQ3_SEED,proto_sw_3_1,expanded,medium,7,200000,3637826449,690874662,3840112982,671364729,200000,200000,200006,200006,backbone and flower domains fixed from seed 200000; branch and unit domains paired from seeds 200000-200009
B038,B,RQ3_SEED,proto_sw_3_1,expanded,medium,8,200000,3637826449,690874662,3962232460,3148415715,200000,200000,200007,200007,backbone and flower domains fixed from seed 200000; branch and unit domains paired from seeds 200000-200009
B039,B,RQ3_SEED,proto_sw_3_1,expanded,medium,9,200000,3637826449,690874662,3482159800,1542305865,200000,200000,200008,200008,backbone and flower domains fixed from seed 200000; branch and unit domains paired from seeds 200000-200009
B040,B,RQ3_SEED,proto_sw_3_1,expanded,medium,10,200000,3637826449,690874662,3911812596,1265668154,200000,200000,200009,200009,backbone and flower domains fixed from seed 200000; branch and unit domains paired from seeds 200000-200009
B041,B,RQ3_SEED,proto_sw_3_2,expanded,medium,1,200000,3637826449,690874662,3848763323,2731574336,200000,200000,200000,200000,backbone and flower domains fixed from seed 200000; branch and unit domains paired from seeds 200000-200009
B042,B,RQ3_SEED,proto_sw_3_2,expanded,medium,2,200000,3637826449,690874662,157358250,1522627173,200000,200000,200001,200001,backbone and flower domains fixed from seed 200000; branch and unit domains paired from seeds 200000-200009
B043,B,RQ3_SEED,proto_sw_3_2,expanded,medium,3,200000,3637826449,690874662,3834742724,1346423801,200000,200000,200002,200002,backbone and flower domains fixed from seed 200000; branch and unit domains paired from seeds 200000-200009
B044,B,RQ3_SEED,proto_sw_3_2,expanded,medium,4,200000,3637826449,690874662,587951499,654989446,200000,200000,200003,200003,backbone and flower domains fixed from seed 200000; branch and unit domains paired from seeds 200000-200009
B045,B,RQ3_SEED,proto_sw_3_2,expanded,medium,5,200000,3637826449,690874662,2403426353,861773372,200000,200000,200004,200004,backbone and flower domains fixed from seed 200000; branch and unit domains paired from seeds 200000-200009
B046,B,RQ3_SEED,proto_sw_3_2,expanded,medium,6,200000,3637826449,690874662,2083021513,2157334348,200000,200000,200005,200005,backbone and flower domains fixed from seed 200000; branch and unit domains paired from seeds 200000-200009
B047,B,RQ3_SEED,proto_sw_3_2,expanded,medium,7,200000,3637826449,690874662,3840112982,671364729,200000,200000,200006,200006,backbone and flower domains fixed from seed 200000; branch and unit domains paired from seeds 200000-200009
B048,B,RQ3_SEED,proto_sw_3_2,expanded,medium,8,200000,3637826449,690874662,3962232460,3148415715,200000,200000,200007,200007,backbone and flower domains fixed from seed 200000; branch and unit domains paired from seeds 200000-200009
B049,B,RQ3_SEED,proto_sw_3_2,expanded,medium,9,200000,3637826449,690874662,3482159800,1542305865,200000,200000,200008,200008,backbone and flower domains fixed from seed 200000; branch and unit domains paired from seeds 200000-200009
B050,B,RQ3_SEED,proto_sw_3_2,expanded,medium,10,200000,3637826449,690874662,3911812596,1265668154,200000,200000,200009,200009,backbone and flower domains fixed from seed 200000; branch and unit domains paired from seeds 200000-200009
C001,C,RQ2;RQ4_HUMAN_POOL,proto_sw_1_1,expanded,simple,1,100013,219390906,2870022712,1575422959,4293595923,100013,100013,100013,100013,first two production seeds at or after 100000 naturally assigned to each prototype x variant x density cell
C002,C,RQ2;RQ4_HUMAN_POOL,proto_sw_1_1,expanded,simple,2,100016,558462723,1960094281,1160898339,3061177565,100016,100016,100016,100016,first two production seeds at or after 100000 naturally assigned to each prototype x variant x density cell
C003,C,RQ2;RQ4_HUMAN_POOL,proto_sw_1_1,expanded,medium,1,100006,4136082249,2786223796,4182263884,3924115413,100006,100006,100006,100006,first two production seeds at or after 100000 naturally assigned to each prototype x variant x density cell
C004,C,RQ2;RQ4_HUMAN_POOL,proto_sw_1_1,expanded,medium,2,100010,1350424949,4141860,1989963110,3418144302,100010,100010,100010,100010,first two production seeds at or after 100000 naturally assigned to each prototype x variant x density cell
C005,C,RQ2;RQ4_HUMAN_POOL,proto_sw_1_1,expanded,rich,1,100018,2785964167,3712280702,2661861881,1729308045,100018,100018,100018,100018,first two production seeds at or after 100000 naturally assigned to each prototype x variant x density cell
C006,C,RQ2;RQ4_HUMAN_POOL,proto_sw_1_1,expanded,rich,2,100019,1635135101,649554184,898415462,4093121298,100019,100019,100019,100019,first two production seeds at or after 100000 naturally assigned to each prototype x variant x density cell
C007,C,RQ2;RQ4_HUMAN_POOL,proto_sw_1_1,compact,simple,1,100000,146086172,4157341395,2781254137,4054807205,100000,100000,100000,100000,first two production seeds at or after 100000 naturally assigned to each prototype x variant x density cell
C008,C,RQ2;RQ4_HUMAN_POOL,proto_sw_1_1,compact,simple,2,100008,3149591401,3235655706,399132903,61913350,100008,100008,100008,100008,first two production seeds at or after 100000 naturally assigned to each prototype x variant x density cell
C009,C,RQ2;RQ4_HUMAN_POOL,proto_sw_1_1,compact,medium,1,100007,2306796258,3206084945,3756345937,923066240,100007,100007,100007,100007,first two production seeds at or after 100000 naturally assigned to each prototype x variant x density cell
C010,C,RQ2;RQ4_HUMAN_POOL,proto_sw_1_1,compact,medium,2,100025,1338579702,3476052536,3401931970,385995953,100025,100025,100025,100025,first two production seeds at or after 100000 naturally assigned to each prototype x variant x density cell
C011,C,RQ2;RQ4_HUMAN_POOL,proto_sw_1_1,compact,rich,1,100005,3912030780,3903492495,1160715944,77923809,100005,100005,100005,100005,first two production seeds at or after 100000 naturally assigned to each prototype x variant x density cell
C012,C,RQ2;RQ4_HUMAN_POOL,proto_sw_1_1,compact,rich,2,100014,1658505281,976084624,3322687601,1072703297,100014,100014,100014,100014,first two production seeds at or after 100000 naturally assigned to each prototype x variant x density cell
C013,C,RQ2;RQ4_HUMAN_POOL,proto_sw_1_1,swept,simple,1,100003,1160543302,2849337252,1964058663,3521747513,100003,100003,100003,100003,first two production seeds at or after 100000 naturally assigned to each prototype x variant x density cell
C014,C,RQ2;RQ4_HUMAN_POOL,proto_sw_1_1,swept,simple,2,100012,2076233016,480248902,608345505,2845802192,100012,100012,100012,100012,first two production seeds at or after 100000 naturally assigned to each prototype x variant x density cell
C015,C,RQ2;RQ4_HUMAN_POOL,proto_sw_1_1,swept,medium,1,100004,1033296627,2761789635,3906224916,1967235406,100004,100004,100004,100004,first two production seeds at or after 100000 naturally assigned to each prototype x variant x density cell
C016,C,RQ2;RQ4_HUMAN_POOL,proto_sw_1_1,swept,medium,2,100015,2048362248,574973821,1105195513,1548159200,100015,100015,100015,100015,first two production seeds at or after 100000 naturally assigned to each prototype x variant x density cell
C017,C,RQ2;RQ4_HUMAN_POOL,proto_sw_1_1,swept,rich,1,100001,1352492862,115976003,302128940,1466878623,100001,100001,100001,100001,first two production seeds at or after 100000 naturally assigned to each prototype x variant x density cell
C018,C,RQ2;RQ4_HUMAN_POOL,proto_sw_1_1,swept,rich,2,100002,597182601,2971350444,1978891010,1570248508,100002,100002,100002,100002,first two production seeds at or after 100000 naturally assigned to each prototype x variant x density cell
C019,C,RQ2;RQ4_HUMAN_POOL,proto_sw_1_3,expanded,simple,1,100001,1352492862,115976003,302128940,1466878623,100001,100001,100001,100001,first two production seeds at or after 100000 naturally assigned to each prototype x variant x density cell
C020,C,RQ2;RQ4_HUMAN_POOL,proto_sw_1_3,expanded,simple,2,100003,1160543302,2849337252,1964058663,3521747513,100003,100003,100003,100003,first two production seeds at or after 100000 naturally assigned to each prototype x variant x density cell
C021,C,RQ2;RQ4_HUMAN_POOL,proto_sw_1_3,expanded,medium,1,100018,2785964167,3712280702,2661861881,1729308045,100018,100018,100018,100018,first two production seeds at or after 100000 naturally assigned to each prototype x variant x density cell
C022,C,RQ2;RQ4_HUMAN_POOL,proto_sw_1_3,expanded,medium,2,100024,3247544049,1998881815,1291941794,2151895081,100024,100024,100024,100024,first two production seeds at or after 100000 naturally assigned to each prototype x variant x density cell
C023,C,RQ2;RQ4_HUMAN_POOL,proto_sw_1_3,expanded,rich,1,100030,3709324570,3811749951,2443990248,4080660707,100030,100030,100030,100030,first two production seeds at or after 100000 naturally assigned to each prototype x variant x density cell
C024,C,RQ2;RQ4_HUMAN_POOL,proto_sw_1_3,expanded,rich,2,100035,1895071935,94872819,2041979072,3452177813,100035,100035,100035,100035,first two production seeds at or after 100000 naturally assigned to each prototype x variant x density cell
C025,C,RQ2;RQ4_HUMAN_POOL,proto_sw_1_3,compact,simple,1,100007,2306796258,3206084945,3756345937,923066240,100007,100007,100007,100007,first two production seeds at or after 100000 naturally assigned to each prototype x variant x density cell
C026,C,RQ2;RQ4_HUMAN_POOL,proto_sw_1_3,compact,simple,2,100010,1350424949,4141860,1989963110,3418144302,100010,100010,100010,100010,first two production seeds at or after 100000 naturally assigned to each prototype x variant x density cell
C027,C,RQ2;RQ4_HUMAN_POOL,proto_sw_1_3,compact,medium,1,100000,146086172,4157341395,2781254137,4054807205,100000,100000,100000,100000,first two production seeds at or after 100000 naturally assigned to each prototype x variant x density cell
C028,C,RQ2;RQ4_HUMAN_POOL,proto_sw_1_3,compact,medium,2,100006,4136082249,2786223796,4182263884,3924115413,100006,100006,100006,100006,first two production seeds at or after 100000 naturally assigned to each prototype x variant x density cell
C029,C,RQ2;RQ4_HUMAN_POOL,proto_sw_1_3,compact,rich,1,100008,3149591401,3235655706,399132903,61913350,100008,100008,100008,100008,first two production seeds at or after 100000 naturally assigned to each prototype x variant x density cell
C030,C,RQ2;RQ4_HUMAN_POOL,proto_sw_1_3,compact,rich,2,100017,3547333835,3957453176,2772902747,539717625,100017,100017,100017,100017,first two production seeds at or after 100000 naturally assigned to each prototype x variant x density cell
C031,C,RQ2;RQ4_HUMAN_POOL,proto_sw_1_3,swept,simple,1,100004,1033296627,2761789635,3906224916,1967235406,100004,100004,100004,100004,first two production seeds at or after 100000 naturally assigned to each prototype x variant x density cell
C032,C,RQ2;RQ4_HUMAN_POOL,proto_sw_1_3,swept,simple,2,100009,1558937292,2679540085,548579369,3257954990,100009,100009,100009,100009,first two production seeds at or after 100000 naturally assigned to each prototype x variant x density cell
C033,C,RQ2;RQ4_HUMAN_POOL,proto_sw_1_3,swept,medium,1,100005,3912030780,3903492495,1160715944,77923809,100005,100005,100005,100005,first two production seeds at or after 100000 naturally assigned to each prototype x variant x density cell
C034,C,RQ2;RQ4_HUMAN_POOL,proto_sw_1_3,swept,medium,2,100023,2106203238,2894732563,3230428333,229793637,100023,100023,100023,100023,first two production seeds at or after 100000 naturally assigned to each prototype x variant x density cell
C035,C,RQ2;RQ4_HUMAN_POOL,proto_sw_1_3,swept,rich,1,100002,597182601,2971350444,1978891010,1570248508,100002,100002,100002,100002,first two production seeds at or after 100000 naturally assigned to each prototype x variant x density cell
C036,C,RQ2;RQ4_HUMAN_POOL,proto_sw_1_3,swept,rich,2,100011,1672379588,1378745640,1548718105,549134673,100011,100011,100011,100011,first two production seeds at or after 100000 naturally assigned to each prototype x variant x density cell
C037,C,RQ2;RQ4_HUMAN_POOL,proto_sw_2_3,expanded,simple,1,100000,146086172,4157341395,2781254137,4054807205,100000,100000,100000,100000,first two production seeds at or after 100000 naturally assigned to each prototype x variant x density cell
C038,C,RQ2;RQ4_HUMAN_POOL,proto_sw_2_3,expanded,simple,2,100002,597182601,2971350444,1978891010,1570248508,100002,100002,100002,100002,first two production seeds at or after 100000 naturally assigned to each prototype x variant x density cell
C039,C,RQ2;RQ4_HUMAN_POOL,proto_sw_2_3,expanded,medium,1,100006,4136082249,2786223796,4182263884,3924115413,100006,100006,100006,100006,first two production seeds at or after 100000 naturally assigned to each prototype x variant x density cell
C040,C,RQ2;RQ4_HUMAN_POOL,proto_sw_2_3,expanded,medium,2,100023,2106203238,2894732563,3230428333,229793637,100023,100023,100023,100023,first two production seeds at or after 100000 naturally assigned to each prototype x variant x density cell
C041,C,RQ2;RQ4_HUMAN_POOL,proto_sw_2_3,expanded,rich,1,100003,1160543302,2849337252,1964058663,3521747513,100003,100003,100003,100003,first two production seeds at or after 100000 naturally assigned to each prototype x variant x density cell
C042,C,RQ2;RQ4_HUMAN_POOL,proto_sw_2_3,expanded,rich,2,100012,2076233016,480248902,608345505,2845802192,100012,100012,100012,100012,first two production seeds at or after 100000 naturally assigned to each prototype x variant x density cell
C043,C,RQ2;RQ4_HUMAN_POOL,proto_sw_2_3,compact,simple,1,100005,3912030780,3903492495,1160715944,77923809,100005,100005,100005,100005,first two production seeds at or after 100000 naturally assigned to each prototype x variant x density cell
C044,C,RQ2;RQ4_HUMAN_POOL,proto_sw_2_3,compact,simple,2,100016,558462723,1960094281,1160898339,3061177565,100016,100016,100016,100016,first two production seeds at or after 100000 naturally assigned to each prototype x variant x density cell
C045,C,RQ2;RQ4_HUMAN_POOL,proto_sw_2_3,compact,medium,1,100004,1033296627,2761789635,3906224916,1967235406,100004,100004,100004,100004,first two production seeds at or after 100000 naturally assigned to each prototype x variant x density cell
C046,C,RQ2;RQ4_HUMAN_POOL,proto_sw_2_3,compact,medium,2,100013,219390906,2870022712,1575422959,4293595923,100013,100013,100013,100013,first two production seeds at or after 100000 naturally assigned to each prototype x variant x density cell
C047,C,RQ2;RQ4_HUMAN_POOL,proto_sw_2_3,compact,rich,1,100014,1658505281,976084624,3322687601,1072703297,100014,100014,100014,100014,first two production seeds at or after 100000 naturally assigned to each prototype x variant x density cell
C048,C,RQ2;RQ4_HUMAN_POOL,proto_sw_2_3,compact,rich,2,100032,1785124945,1652068826,279600048,1296159265,100032,100032,100032,100032,first two production seeds at or after 100000 naturally assigned to each prototype x variant x density cell
C049,C,RQ2;RQ4_HUMAN_POOL,proto_sw_2_3,swept,simple,1,100015,2048362248,574973821,1105195513,1548159200,100015,100015,100015,100015,first two production seeds at or after 100000 naturally assigned to each prototype x variant x density cell
C050,C,RQ2;RQ4_HUMAN_POOL,proto_sw_2_3,swept,simple,2,100022,1857327753,136491726,1900972879,1802837411,100022,100022,100022,100022,first two production seeds at or after 100000 naturally assigned to each prototype x variant x density cell
C051,C,RQ2;RQ4_HUMAN_POOL,proto_sw_2_3,swept,medium,1,100001,1352492862,115976003,302128940,1466878623,100001,100001,100001,100001,first two production seeds at or after 100000 naturally assigned to each prototype x variant x density cell
C052,C,RQ2;RQ4_HUMAN_POOL,proto_sw_2_3,swept,medium,2,100009,1558937292,2679540085,548579369,3257954990,100009,100009,100009,100009,first two production seeds at or after 100000 naturally assigned to each prototype x variant x density cell
C053,C,RQ2;RQ4_HUMAN_POOL,proto_sw_2_3,swept,rich,1,100007,2306796258,3206084945,3756345937,923066240,100007,100007,100007,100007,first two production seeds at or after 100000 naturally assigned to each prototype x variant x density cell
C054,C,RQ2;RQ4_HUMAN_POOL,proto_sw_2_3,swept,rich,2,100008,3149591401,3235655706,399132903,61913350,100008,100008,100008,100008,first two production seeds at or after 100000 naturally assigned to each prototype x variant x density cell
C055,C,RQ2;RQ4_HUMAN_POOL,proto_sw_3_1,expanded,simple,1,100011,1672379588,1378745640,1548718105,549134673,100011,100011,100011,100011,first two production seeds at or after 100000 naturally assigned to each prototype x variant x density cell
C056,C,RQ2;RQ4_HUMAN_POOL,proto_sw_3_1,expanded,simple,2,100013,219390906,2870022712,1575422959,4293595923,100013,100013,100013,100013,first two production seeds at or after 100000 naturally assigned to each prototype x variant x density cell
C057,C,RQ2;RQ4_HUMAN_POOL,proto_sw_3_1,expanded,medium,1,100005,3912030780,3903492495,1160715944,77923809,100005,100005,100005,100005,first two production seeds at or after 100000 naturally assigned to each prototype x variant x density cell
C058,C,RQ2;RQ4_HUMAN_POOL,proto_sw_3_1,expanded,medium,2,100006,4136082249,2786223796,4182263884,3924115413,100006,100006,100006,100006,first two production seeds at or after 100000 naturally assigned to each prototype x variant x density cell
C059,C,RQ2;RQ4_HUMAN_POOL,proto_sw_3_1,expanded,rich,1,100003,1160543302,2849337252,1964058663,3521747513,100003,100003,100003,100003,first two production seeds at or after 100000 naturally assigned to each prototype x variant x density cell
C060,C,RQ2;RQ4_HUMAN_POOL,proto_sw_3_1,expanded,rich,2,100019,1635135101,649554184,898415462,4093121298,100019,100019,100019,100019,first two production seeds at or after 100000 naturally assigned to each prototype x variant x density cell
C061,C,RQ2;RQ4_HUMAN_POOL,proto_sw_3_1,compact,simple,1,100001,1352492862,115976003,302128940,1466878623,100001,100001,100001,100001,first two production seeds at or after 100000 naturally assigned to each prototype x variant x density cell
C062,C,RQ2;RQ4_HUMAN_POOL,proto_sw_3_1,compact,simple,2,100066,1124812803,2886435877,3724261499,129620215,100066,100066,100066,100066,first two production seeds at or after 100000 naturally assigned to each prototype x variant x density cell
C063,C,RQ2;RQ4_HUMAN_POOL,proto_sw_3_1,compact,medium,1,100010,1350424949,4141860,1989963110,3418144302,100010,100010,100010,100010,first two production seeds at or after 100000 naturally assigned to each prototype x variant x density cell
C064,C,RQ2;RQ4_HUMAN_POOL,proto_sw_3_1,compact,medium,2,100012,2076233016,480248902,608345505,2845802192,100012,100012,100012,100012,first two production seeds at or after 100000 naturally assigned to each prototype x variant x density cell
C065,C,RQ2;RQ4_HUMAN_POOL,proto_sw_3_1,compact,rich,1,100004,1033296627,2761789635,3906224916,1967235406,100004,100004,100004,100004,first two production seeds at or after 100000 naturally assigned to each prototype x variant x density cell
C066,C,RQ2;RQ4_HUMAN_POOL,proto_sw_3_1,compact,rich,2,100015,2048362248,574973821,1105195513,1548159200,100015,100015,100015,100015,first two production seeds at or after 100000 naturally assigned to each prototype x variant x density cell
C067,C,RQ2;RQ4_HUMAN_POOL,proto_sw_3_1,swept,simple,1,100021,580339000,2736171216,686836685,2004731164,100021,100021,100021,100021,first two production seeds at or after 100000 naturally assigned to each prototype x variant x density cell
C068,C,RQ2;RQ4_HUMAN_POOL,proto_sw_3_1,swept,simple,2,100032,1785124945,1652068826,279600048,1296159265,100032,100032,100032,100032,first two production seeds at or after 100000 naturally assigned to each prototype x variant x density cell
C069,C,RQ2;RQ4_HUMAN_POOL,proto_sw_3_1,swept,medium,1,100008,3149591401,3235655706,399132903,61913350,100008,100008,100008,100008,first two production seeds at or after 100000 naturally assigned to each prototype x variant x density cell
C070,C,RQ2;RQ4_HUMAN_POOL,proto_sw_3_1,swept,medium,2,100014,1658505281,976084624,3322687601,1072703297,100014,100014,100014,100014,first two production seeds at or after 100000 naturally assigned to each prototype x variant x density cell
C071,C,RQ2;RQ4_HUMAN_POOL,proto_sw_3_1,swept,rich,1,100000,146086172,4157341395,2781254137,4054807205,100000,100000,100000,100000,first two production seeds at or after 100000 naturally assigned to each prototype x variant x density cell
C072,C,RQ2;RQ4_HUMAN_POOL,proto_sw_3_1,swept,rich,2,100002,597182601,2971350444,1978891010,1570248508,100002,100002,100002,100002,first two production seeds at or after 100000 naturally assigned to each prototype x variant x density cell
C073,C,RQ2;RQ4_HUMAN_POOL,proto_sw_3_2,expanded,simple,1,100004,1033296627,2761789635,3906224916,1967235406,100004,100004,100004,100004,first two production seeds at or after 100000 naturally assigned to each prototype x variant x density cell
C074,C,RQ2;RQ4_HUMAN_POOL,proto_sw_3_2,expanded,simple,2,100036,3410755881,229428625,1462814306,2029204645,100036,100036,100036,100036,first two production seeds at or after 100000 naturally assigned to each prototype x variant x density cell
C075,C,RQ2;RQ4_HUMAN_POOL,proto_sw_3_2,expanded,medium,1,100008,3149591401,3235655706,399132903,61913350,100008,100008,100008,100008,first two production seeds at or after 100000 naturally assigned to each prototype x variant x density cell
C076,C,RQ2;RQ4_HUMAN_POOL,proto_sw_3_2,expanded,medium,2,100014,1658505281,976084624,3322687601,1072703297,100014,100014,100014,100014,first two production seeds at or after 100000 naturally assigned to each prototype x variant x density cell
C077,C,RQ2;RQ4_HUMAN_POOL,proto_sw_3_2,expanded,rich,1,100001,1352492862,115976003,302128940,1466878623,100001,100001,100001,100001,first two production seeds at or after 100000 naturally assigned to each prototype x variant x density cell
C078,C,RQ2;RQ4_HUMAN_POOL,proto_sw_3_2,expanded,rich,2,100013,219390906,2870022712,1575422959,4293595923,100013,100013,100013,100013,first two production seeds at or after 100000 naturally assigned to each prototype x variant x density cell
C079,C,RQ2;RQ4_HUMAN_POOL,proto_sw_3_2,compact,simple,1,100003,1160543302,2849337252,1964058663,3521747513,100003,100003,100003,100003,first two production seeds at or after 100000 naturally assigned to each prototype x variant x density cell
C080,C,RQ2;RQ4_HUMAN_POOL,proto_sw_3_2,compact,simple,2,100011,1672379588,1378745640,1548718105,549134673,100011,100011,100011,100011,first two production seeds at or after 100000 naturally assigned to each prototype x variant x density cell
C081,C,RQ2;RQ4_HUMAN_POOL,proto_sw_3_2,compact,medium,1,100006,4136082249,2786223796,4182263884,3924115413,100006,100006,100006,100006,first two production seeds at or after 100000 naturally assigned to each prototype x variant x density cell
C082,C,RQ2;RQ4_HUMAN_POOL,proto_sw_3_2,compact,medium,2,100018,2785964167,3712280702,2661861881,1729308045,100018,100018,100018,100018,first two production seeds at or after 100000 naturally assigned to each prototype x variant x density cell
C083,C,RQ2;RQ4_HUMAN_POOL,proto_sw_3_2,compact,rich,1,100002,597182601,2971350444,1978891010,1570248508,100002,100002,100002,100002,first two production seeds at or after 100000 naturally assigned to each prototype x variant x density cell
C084,C,RQ2;RQ4_HUMAN_POOL,proto_sw_3_2,compact,rich,2,100005,3912030780,3903492495,1160715944,77923809,100005,100005,100005,100005,first two production seeds at or after 100000 naturally assigned to each prototype x variant x density cell
C085,C,RQ2;RQ4_HUMAN_POOL,proto_sw_3_2,swept,simple,1,100000,146086172,4157341395,2781254137,4054807205,100000,100000,100000,100000,first two production seeds at or after 100000 naturally assigned to each prototype x variant x density cell
C086,C,RQ2;RQ4_HUMAN_POOL,proto_sw_3_2,swept,simple,2,100012,2076233016,480248902,608345505,2845802192,100012,100012,100012,100012,first two production seeds at or after 100000 naturally assigned to each prototype x variant x density cell
C087,C,RQ2;RQ4_HUMAN_POOL,proto_sw_3_2,swept,medium,1,100007,2306796258,3206084945,3756345937,923066240,100007,100007,100007,100007,first two production seeds at or after 100000 naturally assigned to each prototype x variant x density cell
C088,C,RQ2;RQ4_HUMAN_POOL,proto_sw_3_2,swept,medium,2,100010,1350424949,4141860,1989963110,3418144302,100010,100010,100010,100010,first two production seeds at or after 100000 naturally assigned to each prototype x variant x density cell
C089,C,RQ2;RQ4_HUMAN_POOL,proto_sw_3_2,swept,rich,1,100009,1558937292,2679540085,548579369,3257954990,100009,100009,100009,100009,first two production seeds at or after 100000 naturally assigned to each prototype x variant x density cell
C090,C,RQ2;RQ4_HUMAN_POOL,proto_sw_3_2,swept,rich,2,100015,2048362248,574973821,1105195513,1548159200,100015,100015,100015,100015,first two production seeds at or after 100000 naturally assigned to each prototype x variant x density cell
